timestamp,frame,track_id,class,priority,x1,y1,x2,y2,conf,target_cx,target_cy,err_x,err_y,rc_yaw,rc_throttle,conf_threshold,thermal_throttle,sahi_mode,ram_pct,gpu_temp,cpu_temp,power_mw,latency_ms,fps,target_lost
1783525281.3453314,0,,,,,,,,,,,,,1500,1500,0.35,0,0,31.0,46.25,46.0,4840,795.48,1.3,1
1783525281.4305227,1,,,,,,,,,,,,,1500,1500,0.35,0,0,33.4,46.343,46.218,5853,63.01,15.9,1
1783525281.5017366,2,1,person,0,677,52,834,439,0.864,755,245,115,-115,1700,1650,0.35,0,0,33.4,46.343,46.218,5853,20.11,49.7,0
1783525281.5545301,3,1,person,0,674,55,826,430,0.859,750,242,110,-118,1558,1550,0.35,0,0,33.4,46.343,46.218,5853,19.47,51.4,0
1783525281.6037564,4,1,person,0,664,53,815,426,0.876,739,239,99,-121,1541,1551,0.35,0,0,33.4,46.343,46.218,5853,18.9,52.9,0
1783525281.6532955,5,1,person,0,658,49,809,423,0.855,733,236,93,-124,1546,1553,0.35,0,0,33.4,46.343,46.218,5853,18.91,52.9,0
1783525281.7013113,6,1,person,0,646,48,792,410,0.868,719,229,79,-131,1524,1560,0.35,0,0,33.4,46.343,46.218,5853,19.33,51.7,0
1783525281.7526288,7,1,person,0,639,51,780,402,0.874,709,226,69,-134,1526,1557,0.35,0,0,36.5,46.25,46.281,6091,20.0,50.0,0
1783525281.80149,8,1,person,0,633,61,767,393,0.893,700,227,60,-133,1522,1553,0.35,0,0,36.5,46.25,46.281,6091,18.95,52.8,0
1783525281.8499494,9,1,person,0,629,69,759,390,0.904,694,229,54,-131,1523,1551,0.35,0,0,36.5,46.25,46.281,6091,18.77,53.3,0
1783525281.8974972,10,1,person,0,628,74,754,386,0.882,691,230,51,-130,1526,1552,0.35,0,0,36.5,46.25,46.281,6091,19.02,52.6,0
1783525281.9451911,11,1,person,0,626,75,751,386,0.879,688,230,48,-130,1524,1553,0.35,0,0,36.5,46.25,46.281,6091,19.06,52.5,0
1783525281.9911876,12,1,person,0,624,77,745,379,0.842,684,228,44,-132,1520,1556,0.35,0,0,36.5,46.25,46.281,6091,18.86,53.0,0
1783525282.0323381,13,1,person,0,623,80,740,373,0.847,681,226,41,-134,1519,1557,0.35,0,0,36.5,46.25,46.281,6091,18.85,53.0,0
1783525282.079793,14,1,person,0,623,84,736,366,0.857,679,225,39,-135,1432,1556,0.35,0,0,36.5,46.25,46.281,6091,19.02,52.6,0
1783525282.1260247,15,1,person,0,620,94,728,364,0.887,674,229,34,-131,1501,1549,0.35,0,0,36.5,46.25,46.281,6091,18.68,53.5,0
1783525282.1727886,16,1,person,0,619,100,724,362,0.861,671,231,31,-129,1501,1551,0.35,0,0,36.5,46.25,46.281,6091,19.06,52.5,0
1783525282.2188585,17,1,person,0,620,105,721,359,0.849,670,232,30,-128,1501,1552,0.35,0,0,36.5,46.437,46.125,6288,18.96,52.7,0
1783525282.2653599,18,1,person,0,620,108,719,358,0.856,669,233,29,-127,1501,1551,0.35,0,0,36.5,46.437,46.125,6288,19.18,52.1,0
1783525282.3109229,19,1,person,0,621,111,720,356,0.85,670,233,30,-127,1501,1552,0.35,0,0,36.5,46.437,46.125,6288,19.19,52.1,0
1783525282.3570724,20,1,person,0,621,112,720,358,0.861,670,235,30,-125,1501,1549,0.35,0,0,36.5,46.437,46.125,6288,20.07,49.8,0
1783525282.4023721,21,1,person,0,621,113,720,358,0.856,670,235,30,-125,1501,1552,0.35,0,0,36.5,46.437,46.125,6288,19.13,52.3,0
1783525282.4470704,22,1,person,0,623,112,720,355,0.869,671,233,31,-127,1501,1555,0.35,0,0,36.5,46.437,46.125,6288,18.89,52.9,0
1783525282.4922376,23,1,person,0,624,111,722,357,0.828,673,234,33,-126,1501,1551,0.35,0,0,36.5,46.437,46.125,6288,18.91,52.9,0
1783525282.5372932,24,1,person,0,625,110,723,356,0.836,674,233,34,-127,1501,1553,0.35,0,0,36.5,46.437,46.125,6288,19.03,52.5,0
1783525282.5788817,25,1,person,0,627,109,723,353,0.795,675,231,35,-129,1501,1556,0.35,0,0,36.5,46.437,46.125,6288,18.96,52.8,0
1783525282.6259098,26,1,person,0,630,113,723,349,0.756,676,231,36,-129,1501,1553,0.35,0,0,36.5,46.437,46.125,6288,18.7,53.5,0
1783525282.6722863,27,1,person,0,631,114,724,348,0.744,677,231,37,-129,1501,1553,0.35,0,0,36.5,46.437,46.125,6288,19.12,52.3,0
1783525282.717421,28,1,person,0,632,120,723,348,0.729,677,234,37,-126,1501,1549,0.35,0,0,36.5,46.25,46.156,6367,18.74,53.4,0
1783525282.7629304,29,1,person,0,637,128,724,349,0.541,680,238,40,-122,1501,1546,0.35,0,0,36.5,46.25,46.156,6367,18.97,52.7,0
1783525282.8141,30,1,person,0,639,133,724,348,0.561,681,240,41,-120,1589,1548,0.35,0,0,36.5,46.25,46.156,6367,24.43,40.9,0
1783525282.8592257,31,1,person,0,645,137,728,347,0.726,686,242,46,-118,1537,1546,0.35,0,0,36.5,46.25,46.156,6367,18.84,53.1,0
1783525282.9044843,32,1,person,0,648,138,731,347,0.723,689,242,49,-118,1536,1549,0.35,0,0,36.5,46.25,46.156,6367,19.06,52.5,0
1783525282.9503648,33,1,person,0,650,137,734,348,0.719,692,242,52,-118,1537,1549,0.35,0,0,36.5,46.25,46.156,6367,19.53,51.2,0
1783525282.994631,34,1,person,0,655,137,740,348,0.749,697,242,57,-118,1544,1549,0.35,0,0,36.5,46.25,46.156,6367,18.84,53.1,0
1783525283.040055,35,1,person,0,658,137,744,348,0.753,701,242,61,-118,1545,1549,0.35,0,0,36.5,46.25,46.156,6367,19.38,51.6,0
1783525283.0838692,36,1,person,0,660,136,746,348,0.752,703,242,63,-118,1543,1549,0.35,0,0,36.5,46.25,46.156,6367,18.66,53.6,0
1783525283.1252842,37,1,person,0,660,136,747,348,0.74,703,242,63,-118,1539,1549,0.35,0,0,36.5,46.25,46.156,6367,18.96,52.7,0
1783525283.171881,38,1,person,0,663,136,750,348,0.768,706,242,66,-118,1546,1549,0.35,0,0,36.5,46.25,46.156,6367,19.02,52.6,0
1783525283.2181377,39,1,person,0,664,136,751,348,0.77,707,242,67,-118,1543,1549,0.35,0,0,36.5,46.25,46.156,6367,18.74,53.4,0
1783525283.2629945,40,1,person,0,663,136,750,347,0.777,706,241,66,-119,1539,1550,0.35,0,0,36.5,46.218,46.406,6446,18.92,52.9,0
1783525283.3082523,41,1,person,0,663,136,749,347,0.773,706,241,66,-119,1541,1549,0.35,0,0,36.5,46.218,46.406,6446,19.12,52.3,0
1783525283.352475,42,1,person,0,662,136,748,347,0.756,705,241,65,-119,1539,1549,0.35,0,0,36.5,46.218,46.406,6446,18.61,53.7,0
1783525283.3974075,43,1,person,0,651,135,739,347,0.699,695,241,55,-119,1517,1549,0.35,0,0,36.5,46.218,46.406,6446,19.34,51.7,0
1783525283.4423985,44,1,person,0,650,135,737,347,0.706,693,241,53,-119,1530,1549,0.35,0,0,36.5,46.218,46.406,6446,19.22,52.0,0
1783525283.4862506,45,1,person,0,644,136,733,347,0.662,688,241,48,-119,1522,1549,0.35,0,0,36.5,46.218,46.406,6446,18.65,53.6,0
1783525283.531196,46,1,person,0,640,136,729,347,0.715,684,241,44,-119,1521,1549,0.35,0,0,36.5,46.218,46.406,6446,18.96,52.7,0
1783525283.5759182,47,1,person,0,637,136,727,347,0.585,682,241,42,-119,1524,1549,0.35,0,0,36.5,46.218,46.406,6446,19.09,52.4,0
1783525283.6204295,48,1,person,0,635,135,726,347,0.696,680,241,40,-119,1426,1549,0.35,0,0,36.5,46.218,46.406,6446,18.74,53.4,0
1783525283.662089,49,1,person,0,634,131,728,346,0.818,681,238,41,-122,1605,1554,0.35,0,0,36.5,46.218,46.406,6446,18.96,52.8,0
1783525283.7094202,50,1,person,0,633,126,730,347,0.836,681,236,41,-124,1527,1553,0.35,0,0,36.5,46.218,46.406,6446,19.17,52.2,0
1783525283.755652,51,1,person,0,631,121,733,350,0.826,682,235,42,-125,1529,1553,0.35,0,0,36.5,46.312,46.375,6486,18.86,53.0,0
1783525283.8011923,52,1,person,0,630,117,734,351,0.82,682,234,42,-126,1527,1553,0.35,0,0,36.5,46.312,46.375,6486,18.95,52.8,0
1783525283.84637,53,1,person,0,629,116,734,352,0.817,681,234,41,-126,1525,1552,0.35,0,0,36.5,46.312,46.375,6486,19.05,52.5,0
1783525283.8909962,54,1,person,0,628,119,732,353,0.789,680,236,40,-124,1429,1549,0.35,0,0,36.5,46.312,46.375,6486,18.86,53.0,0
1783525283.936859,55,1,person,0,629,123,730,351,0.761,679,237,39,-123,1502,1550,0.35,0,0,36.5,46.312,46.375,6486,19.13,52.3,0
1783525283.9826002,56,1,person,0,630,129,730,353,0.776,680,241,40,-119,1502,1545,0.35,0,0,36.5,46.312,46.375,6486,18.8,53.2,0
1783525284.0281682,57,1,person,0,632,134,734,358,0.658,683,246,43,-114,1604,1542,0.35,0,0,36.5,46.312,46.375,6486,19.03,52.6,0
1783525284.073562,58,1,person,0,636,135,740,362,0.805,688,248,48,-112,1540,1544,0.35,0,0,36.5,46.312,46.375,6486,19.17,52.2,0
1783525284.118264,59,1,person,0,640,135,746,362,0.806,693,248,53,-112,1543,1546,0.35,0,0,36.5,46.312,46.375,6486,18.83,53.1,0
1783525284.1701536,60,1,person,0,644,129,753,363,0.799,698,246,58,-114,1545,1549,0.35,0,0,36.5,46.312,46.375,6486,24.93,40.1,0
1783525284.2145255,61,1,person,0,648,119,763,365,0.769,705,242,65,-118,1554,1553,0.35,0,0,36.5,46.312,46.375,6486,19.73,50.7,0
1783525284.2628024,62,1,person,0,649,107,768,363,0.741,708,235,68,-125,1548,1559,0.35,0,0,36.5,46.343,46.281,6526,19.08,52.4,0
1783525284.310034,63,1,person,0,651,99,774,366,0.778,712,232,72,-128,1552,1556,0.35,0,0,36.5,46.343,46.281,6526,19.19,52.1,0
1783525284.3560348,64,1,person,0,656,92,782,368,0.751,719,230,79,-130,1562,1556,0.35,0,0,36.5,46.343,46.281,6526,18.64,53.7,0
1783525284.402297,65,1,person,0,661,89,787,370,0.75,724,229,84,-131,1562,1555,0.35,0,0,36.5,46.343,46.281,6526,18.99,52.7,0
1783525284.4476004,66,1,person,0,664,89,791,376,0.784,727,232,87,-128,1560,1549,0.35,0,0,36.5,46.343,46.281,6526,18.78,53.2,0
1783525284.4929433,67,1,person,0,674,94,801,382,0.82,737,238,97,-122,1578,1544,0.35,0,0,36.5,46.343,46.281,6526,18.78,53.3,0
1783525284.5395598,68,1,person,0,678,97,805,385,0.843,741,241,101,-119,1570,1546,0.35,0,0,36.5,46.343,46.281,6526,19.27,51.9,0
1783525284.585415,69,1,person,0,680,99,808,388,0.857,744,243,104,-117,1570,1546,0.35,0,0,36.5,46.343,46.281,6526,18.72,53.4,0
1783525284.632069,70,1,person,0,680,97,810,393,0.881,745,245,105,-115,1567,1545,0.35,0,0,36.5,46.343,46.281,6526,19.39,51.6,0
1783525284.6786263,71,1,person,0,681,95,814,397,0.867,747,246,107,-114,1570,1546,0.35,0,0,36.5,46.343,46.281,6526,19.35,51.7,0
1783525284.7249963,72,1,person,0,684,90,817,396,0.859,750,243,110,-117,1574,1552,0.35,0,0,36.5,46.343,46.281,6526,18.9,52.9,0
1783525284.7684467,73,1,person,0,684,81,819,395,0.873,751,238,111,-122,1571,1556,0.35,0,0,36.5,46.25,46.343,6407,19.75,50.6,0
1783525284.8165364,74,1,person,0,681,69,819,395,0.867,750,232,110,-128,1567,1559,0.35,0,0,36.5,46.25,46.343,6407,18.94,52.8,0
1783525284.864377,75,1,person,0,671,44,818,395,0.896,744,219,104,-141,1555,1571,0.35,0,0,36.5,46.25,46.343,6407,19.04,52.5,0
1783525284.913309,76,1,person,0,665,36,815,395,0.891,740,215,100,-145,1556,1564,0.35,0,0,36.5,46.25,46.343,6407,18.88,53.0,0
1783525284.961333,77,1,person,0,654,24,812,406,0.879,733,215,93,-145,1547,1560,0.35,0,0,36.5,46.25,46.343,6407,18.91,52.9,0
1783525285.0108552,78,1,person,0,645,17,809,415,0.885,727,216,87,-144,1545,1558,0.35,0,0,36.5,46.25,46.343,6407,19.05,52.5,0
1783525285.058388,79,1,person,0,636,12,805,421,0.901,720,216,80,-144,1539,1559,0.35,0,0,36.5,46.25,46.343,6407,18.75,53.3,0
1783525285.1073618,80,1,person,0,631,7,801,423,0.897,716,215,76,-145,1542,1561,0.35,0,0,36.5,46.25,46.343,6407,19.11,52.3,0
1783525285.155022,81,1,person,0,618,1,794,430,0.904,706,215,66,-145,1525,1560,0.35,0,0,36.5,46.25,46.343,6407,18.71,53.4,0
1783525285.2046244,82,1,person,0,609,0,787,433,0.904,698,216,58,-144,1524,1558,0.35,0,0,36.5,46.25,46.343,6407,19.32,51.8,0
1783525285.2536623,83,1,person,0,599,1,781,440,0.905,690,220,50,-140,1519,1553,0.35,0,0,36.5,46.531,46.312,6367,19.07,52.4,0
1783525285.302019,84,1,person,0,581,1,771,459,0.899,676,230,36,-130,1420,1543,0.35,0,0,36.5,46.531,46.312,6367,19.32,51.8,0
1783525285.3478804,85,1,person,0,566,1,763,472,0.905,664,236,24,-124,1503,1545,0.35,0,0,36.5,46.531,46.312,6367,22.89,43.7,0
1783525285.398456,86,1,person,0,536,1,740,478,0.781,638,239,-2,-121,1503,1547,0.35,0,0,36.5,46.531,46.312,6367,19.52,51.2,0
1783525285.4504247,87,1,person,0,504,2,716,479,0.917,610,240,-30,-120,1503,1549,0.35,0,0,36.5,46.531,46.312,6367,19.32,51.8,0
1783525285.50083,88,1,person,0,449,2,677,482,0.905,563,242,-77,-118,1334,1547,0.35,0,0,36.5,46.531,46.312,6367,19.46,51.4,0
1783525285.5522304,89,1,person,0,410,1,657,490,0.921,533,245,-107,-115,1391,1545,0.35,0,0,36.5,46.531,46.312,6367,18.93,52.8,0
1783525285.609191,90,1,person,0,378,2,645,511,0.904,511,256,-129,-104,1394,1533,0.35,0,0,36.5,46.531,46.312,6367,25.36,39.4,0
1783525285.6626325,91,1,person,0,355,1,630,513,0.894,492,257,-148,-103,1385,1542,0.35,0,0,36.5,46.531,46.312,6367,19.25,51.9,0
1783525285.7144651,92,1,person,0,338,1,635,548,0.858,486,274,-154,-86,1400,1520,0.35,0,0,36.5,46.531,46.312,6367,19.27,51.9,0
1783525285.7649574,93,1,person,0,320,1,641,587,0.882,480,294,-160,-66,1396,1508,0.35,0,0,36.5,46.25,46.312,6407,19.36,51.7,0
1783525285.815499,94,1,person,0,304,0,642,608,0.911,473,304,-167,-56,1390,1514,0.35,0,0,36.5,46.25,46.312,6407,18.92,52.9,0
1783525285.8648498,95,1,person,0,278,0,631,615,0.859,454,307,-186,-53,1358,1520,0.35,0,0,36.5,46.25,46.312,6407,19.19,52.1,0
1783525285.9152973,96,1,person,0,256,1,622,618,0.75,439,309,-201,-51,1356,1520,0.35,0,0,36.5,46.25,46.312,6407,18.83,53.1,0
1783525285.9587398,97,1,person,0,181,1,559,617,0.899,370,309,-270,-51,1300,1522,0.35,0,0,36.5,46.25,46.312,6407,20.84,48.0,0
1783525286.0113134,98,1,person,0,157,1,544,617,0.895,350,309,-290,-51,1300,1522,0.35,0,0,36.5,46.25,46.312,6407,19.04,52.5,0
1783525286.0610878,99,1,person,0,180,1,583,611,0.866,381,306,-259,-54,1394,1526,0.35,0,0,36.5,46.25,46.312,6407,18.82,53.1,0
1783525286.1127117,100,1,person,0,185,2,603,608,0.896,394,305,-246,-55,1371,1524,0.35,0,0,36.5,46.25,46.312,6407,19.06,52.5,0
1783525286.1622927,101,1,person,0,196,4,636,611,0.861,416,307,-224,-53,1400,1521,0.35,0,0,36.5,46.25,46.312,6407,18.88,53.0,0
1783525286.2135828,102,1,person,0,200,1,667,617,0.843,433,309,-207,-51,1401,1520,0.35,0,0,36.5,46.25,46.312,6407,18.73,53.4,0
1783525286.2635622,103,1,person,0,210,1,709,627,0.901,459,314,-181,-46,1431,1515,0.35,0,0,36.5,46.562,46.531,6328,19.08,52.4,0
1783525286.3167155,104,1,person,0,230,2,759,647,0.903,494,324,-146,-36,1463,1507,0.35,0,0,36.5,46.562,46.531,6328,18.82,53.1,0
1783525286.3678565,105,1,person,0,287,1,826,655,0.918,556,328,-84,-32,1544,1510,0.35,0,0,36.5,46.562,46.531,6328,18.96,52.7,0
1783525286.431228,106,1,person,0,346,1,884,660,0.872,615,330,-25,-30,1604,1476,0.35,0,0,36.5,46.562,46.531,6328,19.18,52.1,0
1783525286.4916887,107,1,person,0,398,1,935,665,0.9,666,333,26,-27,1498,1502,0.35,0,0,36.5,46.562,46.531,6328,18.89,52.9,0
1783525286.5509217,108,1,person,0,435,1,962,656,0.889,698,328,58,-32,1611,1541,0.35,0,0,36.5,46.562,46.531,6328,21.31,46.9,0
1783525286.5926855,109,1,person,0,476,2,1008,664,0.85,742,333,102,-27,1643,1463,0.35,0,0,36.5,46.562,46.531,6328,18.86,53.0,0
1783525286.6470485,110,1,person,0,488,3,1027,674,0.831,757,338,117,-22,1590,1502,0.35,0,0,36.5,46.562,46.531,6328,18.82,53.1,0
1783525286.6990561,111,1,person,0,489,2,1034,681,0.894,761,341,121,-19,1577,1502,0.35,0,0,36.5,46.562,46.531,6328,19.11,52.3,0
1783525286.7506292,112,1,person,0,491,2,1034,677,0.875,762,339,122,-21,1573,1502,0.35,0,0,36.5,46.562,46.531,6328,18.85,53.0,0
1783525286.8004093,113,1,person,0,491,2,1022,669,0.886,756,335,116,-25,1559,1502,0.35,0,0,36.5,46.406,46.562,6288,18.89,52.9,0
1783525286.8515317,114,1,person,0,527,2,1037,665,0.861,782,333,142,-27,1625,1502,0.35,0,0,36.5,46.406,46.562,6288,18.69,53.5,0
1783525286.9030015,115,1,person,0,526,4,1013,664,0.919,769,334,129,-26,1556,1502,0.35,0,0,36.5,46.406,46.562,6288,18.93,52.8,0
1783525286.9545093,116,1,person,0,516,2,971,648,0.895,743,325,103,-35,1521,1549,0.35,0,0,36.5,46.406,46.562,6288,18.78,53.2,0
1783525287.0066,117,1,person,0,512,2,941,638,0.889,726,320,86,-40,1525,1522,0.35,0,0,36.5,46.406,46.562,6288,19.28,51.9,0
1783525287.056429,118,1,person,0,503,2,912,631,0.89,707,316,67,-44,1509,1523,0.35,0,0,36.5,46.406,46.562,6288,18.86,53.0,0
1783525287.107821,119,1,person,0,497,2,891,628,0.907,694,315,54,-45,1512,1520,0.35,0,0,36.5,46.406,46.562,6288,19.04,52.5,0
1783525287.1579614,120,1,person,0,509,1,896,622,0.928,702,311,62,-49,1550,1525,0.35,0,0,36.5,46.406,46.562,6288,18.79,53.2,0
1783525287.1997557,121,1,person,0,511,0,897,625,0.932,704,312,64,-48,1542,1520,0.35,0,0,36.5,46.406,46.562,6288,18.95,52.8,0
1783525287.2490268,122,1,person,0,509,0,890,625,0.921,699,312,59,-48,1527,1521,0.35,0,0,36.5,46.406,46.562,6288,18.88,53.0,0
1783525287.2982912,123,1,person,0,516,1,868,583,0.924,692,292,52,-68,1520,1549,0.35,0,0,36.5,46.625,46.375,6407,19.07,52.4,0
1783525287.3593104,124,1,person,0,520,2,847,548,0.914,683,275,43,-85,1514,1549,0.35,0,0,36.5,46.625,46.375,6407,19.02,52.6,0
1783525287.413765,125,1,person,0,527,2,833,519,0.9,680,260,40,-100,1437,1555,0.35,0,0,36.5,46.625,46.375,6407,18.82,53.1,0
1783525287.465217,126,1,person,0,533,1,820,492,0.89,676,246,36,-114,1500,1561,0.35,0,0,36.5,46.625,46.375,6407,19.14,52.2,0
1783525287.5182314,127,1,person,0,536,2,813,480,0.892,674,241,34,-119,1500,1554,0.35,0,0,36.5,46.625,46.375,6407,18.68,53.5,0
1783525287.5673847,128,1,person,0,537,3,810,477,0.9,673,240,33,-120,1500,1551,0.35,0,0,36.5,46.625,46.375,6407,18.76,53.3,0
1783525287.6163394,129,1,person,0,538,3,808,475,0.897,673,239,33,-121,1500,1551,0.35,0,0,36.5,46.625,46.375,6407,18.71,53.4,0
1783525287.6649208,130,1,person,0,545,4,811,473,0.906,678,238,38,-122,1500,1551,0.35,0,0,36.5,46.625,46.375,6407,18.86,53.0,0
1783525287.71358,131,1,person,0,558,3,815,460,0.907,686,231,46,-129,1603,1560,0.35,0,0,36.5,46.625,46.375,6407,18.9,52.9,0
1783525287.7630324,132,1,person,0,569,2,819,453,0.918,694,227,54,-133,1545,1559,0.35,0,0,36.5,46.625,46.375,6407,20.53,48.7,0
1783525287.8048227,133,1,person,0,580,2,824,450,0.912,702,226,62,-134,1553,1556,0.35,0,0,36.5,46.406,46.375,6328,19.4,51.5,0
1783525287.8536818,134,1,person,0,588,2,826,448,0.906,707,225,67,-135,1549,1557,0.35,0,0,36.5,46.406,46.375,6328,18.71,53.4,0
1783525287.902542,135,1,person,0,596,3,828,448,0.912,712,225,72,-135,1552,1556,0.35,0,0,36.5,46.406,46.375,6328,19.09,52.4,0
1783525287.9514685,136,1,person,0,602,3,830,449,0.925,716,226,76,-134,1553,1554,0.35,0,0,36.5,46.406,46.375,6328,18.88,53.0,0
1783525287.9997633,137,1,person,0,608,2,830,450,0.91,719,226,79,-134,1553,1555,0.35,0,0,36.5,46.406,46.375,6328,19.2,52.1,0
1783525288.0478916,138,1,person,0,612,4,827,448,0.911,719,226,79,-134,1548,1555,0.35,0,0,36.5,46.406,46.375,6328,18.96,52.7,0
1783525288.0952342,139,1,person,0,614,6,819,438,0.9,716,222,76,-138,1541,1561,0.35,0,0,36.5,46.406,46.375,6328,18.97,52.7,0
1783525288.1435742,140,1,person,0,615,7,811,428,0.897,713,217,73,-143,1540,1564,0.35,0,0,36.5,46.406,46.375,6328,19.09,52.4,0
1783525288.1909359,141,1,person,0,615,8,802,419,0.889,708,213,68,-147,1533,1565,0.35,0,0,36.5,46.406,46.375,6328,18.77,53.3,0
1783525288.2396183,142,1,person,0,615,11,794,414,0.876,704,212,64,-148,1533,1562,0.35,0,0,36.5,46.406,46.375,6328,19.32,51.8,0
1783525288.287057,143,1,person,0,619,21,788,410,0.882,703,215,63,-145,1537,1556,0.35,0,0,36.5,46.312,46.562,6367,18.68,53.5,0
1783525288.335955,144,1,person,0,624,27,787,409,0.862,705,218,65,-142,1543,1555,0.35,0,0,36.5,46.312,46.562,6367,19.31,51.8,0
1783525288.3774803,145,1,person,0,631,37,786,409,0.862,708,223,68,-137,1548,1550,0.35,0,0,36.5,46.312,46.562,6367,19.14,52.3,0
1783525288.4262056,146,1,person,0,636,48,784,408,0.885,710,228,70,-132,1547,1549,0.35,0,0,36.5,46.312,46.562,6367,18.94,52.8,0
1783525288.47509,147,1,person,0,640,54,782,406,0.84,711,230,71,-130,1546,1551,0.35,0,0,36.5,46.312,46.562,6367,19.26,51.9,0
1783525288.523341,148,1,person,0,643,56,778,395,0.856,710,225,70,-135,1542,1561,0.35,0,0,36.5,46.312,46.562,6367,18.98,52.7,0
1783525288.5714371,149,1,person,0,644,56,775,389,0.842,709,222,69,-138,1541,1560,0.35,0,0,36.5,46.312,46.562,6367,19.14,52.2,0
1783525288.6237764,150,1,person,0,644,53,773,387,0.832,708,220,68,-140,1541,1559,0.35,0,0,36.5,46.312,46.562,6367,24.66,40.5,0
1783525288.670689,151,1,person,0,642,55,768,385,0.822,705,220,65,-140,1536,1558,0.35,0,0,36.5,46.312,46.562,6367,19.15,52.2,0
1783525288.7171564,152,1,person,0,642,57,766,383,0.837,704,220,64,-140,1539,1558,0.35,0,0,36.5,46.312,46.562,6367,18.7,53.5,0
1783525288.7635455,153,1,person,0,644,70,762,381,0.845,703,225,63,-135,1538,1550,0.35,0,0,36.5,46.312,46.562,6367,19.26,51.9,0
1783525288.8100507,154,1,person,0,646,80,760,380,0.852,703,230,63,-130,1540,1548,0.35,0,0,36.5,46.562,46.718,6446,19.23,52.0,0
1783525288.8559506,155,1,person,0,641,91,753,383,0.804,697,237,57,-123,1526,1543,0.35,0,0,36.5,46.562,46.718,6446,18.91,52.9,0
1783525288.9033666,156,1,person,0,636,97,747,384,0.812,691,240,51,-120,1523,1546,0.35,0,0,36.5,46.562,46.718,6446,19.28,51.9,0
1783525288.9446325,157,1,person,0,634,101,744,384,0.823,689,242,49,-118,1528,1546,0.35,0,0,36.5,46.562,46.718,6446,18.96,52.7,0
1783525288.9916878,158,1,person,0,634,102,742,379,0.824,688,240,48,-120,1530,1552,0.35,0,0,36.5,46.562,46.718,6446,18.97,52.7,0
1783525289.038426,159,1,person,0,634,101,740,373,0.807,687,237,47,-123,1529,1554,0.35,0,0,36.5,46.562,46.718,6446,19.18,52.1,0
1783525289.0839777,160,1,person,0,634,99,741,371,0.8,687,235,47,-125,1531,1554,0.35,0,0,36.5,46.562,46.718,6446,18.53,54.0,0
1783525289.129591,161,1,person,0,635,98,741,366,0.804,688,232,48,-128,1533,1556,0.35,0,0,36.5,46.562,46.718,6446,18.94,52.8,0
1783525289.175459,162,1,person,0,635,98,741,362,0.817,688,230,48,-130,1531,1556,0.35,0,0,36.5,46.562,46.718,6446,19.07,52.4,0
1783525289.2204514,163,1,person,0,636,102,740,360,0.819,688,231,48,-129,1531,1552,0.35,0,0,36.5,46.562,46.718,6446,18.8,53.2,0
1783525289.2662468,164,1,person,0,636,107,739,359,0.827,687,233,47,-127,1529,1550,0.35,0,0,36.5,46.562,46.718,6446,18.95,52.8,0
1783525289.3115182,165,1,person,0,636,111,739,359,0.829,687,235,47,-125,1531,1549,0.35,0,0,36.5,46.468,46.531,6446,18.92,52.9,0
1783525289.3561347,166,1,person,0,634,117,735,358,0.848,684,237,44,-123,1524,1548,0.35,0,0,36.5,46.468,46.531,6446,18.83,53.1,0
1783525289.4019477,167,1,person,0,633,122,732,359,0.813,682,240,42,-120,1524,1546,0.35,0,0,36.5,46.468,46.531,6446,18.99,52.7,0
1783525289.4466214,168,1,person,0,632,124,730,358,0.811,681,241,41,-119,1525,1548,0.35,0,0,36.5,46.468,46.531,6446,18.85,53.1,0
1783525289.4879725,169,1,person,0,630,122,729,357,0.838,679,239,39,-121,1423,1552,0.35,0,0,36.5,46.468,46.531,6446,18.57,53.8,0
1783525289.5355244,170,1,person,0,630,120,729,354,0.822,679,237,39,-123,1503,1553,0.35,0,0,36.5,46.468,46.531,6446,19.07,52.4,0
1783525289.581229,171,1,person,0,630,118,729,352,0.833,679,235,39,-125,1503,1554,0.35,0,0,36.5,46.468,46.531,6446,18.68,53.5,0
1783525289.6266115,172,1,person,0,631,118,729,350,0.829,680,234,40,-126,1503,1553,0.35,0,0,36.5,46.468,46.531,6446,18.93,52.8,0
1783525289.6721206,173,1,person,0,631,119,728,348,0.822,679,233,39,-127,1503,1553,0.35,0,0,36.5,46.468,46.531,6446,19.09,52.4,0
1783525289.7168143,174,1,person,0,632,122,728,348,0.808,680,235,40,-125,1503,1549,0.35,0,0,36.5,46.468,46.531,6446,18.57,53.9,0
1783525289.7623873,175,1,person,0,632,129,725,347,0.63,678,238,38,-122,1503,1547,0.35,0,0,36.5,46.468,46.531,6446,19.11,52.3,0
1783525289.8017771,176,,,,,,,,,,,,,1500,1500,0.35,0,0,36.5,46.375,46.562,6446,15.15,66.0,1
1783525289.8419302,177,,,,,,,,,,,,,1500,1500,0.35,0,0,36.5,46.375,46.562,6446,14.88,67.2,1
1783525289.8858867,178,1,person,0,630,130,723,347,0.682,676,238,36,-122,1500,1650,0.35,0,0,36.5,46.375,46.562,6446,18.61,53.7,0
1783525289.9328325,179,1,person,0,629,123,724,348,0.809,676,235,36,-125,1500,1553,0.35,0,0,36.5,46.375,46.562,6446,18.79,53.2,0
1783525289.9841282,180,1,person,0,628,121,724,347,0.813,676,234,36,-126,1500,1551,0.35,0,0,36.5,46.375,46.562,6446,25.05,39.9,0
1783525290.0255272,181,1,person,0,628,121,723,347,0.817,675,234,35,-126,1500,1550,0.35,0,0,36.5,46.375,46.562,6446,18.92,52.9,0
1783525290.0722497,182,1,person,0,628,122,723,348,0.819,675,235,35,-125,1500,1549,0.35,0,0,36.5,46.375,46.562,6446,19.09,52.4,0
1783525290.1180205,183,1,person,0,628,126,722,349,0.833,675,237,35,-123,1500,1547,0.35,0,0,36.5,46.375,46.562,6446,18.57,53.8,0
1783525290.1669703,184,1,person,0,628,130,720,350,0.809,674,240,34,-120,1500,1545,0.35,0,0,36.5,46.375,46.562,6446,22.45,44.5,0
1783525290.212713,185,1,person,0,628,131,721,352,0.829,674,241,34,-119,1500,1547,0.35,0,0,36.5,46.375,46.562,6446,18.78,53.2,0
1783525290.2571518,186,1,person,0,625,128,719,351,0.764,672,239,32,-121,1500,1551,0.35,0,0,36.5,46.375,46.562,6446,18.68,53.5,0
1783525290.302251,187,1,person,0,624,125,718,349,0.728,671,237,31,-123,1500,1552,0.35,0,0,36.5,46.406,46.437,6446,18.95,52.8,0
1783525290.3465173,188,1,person,0,621,123,717,347,0.717,669,235,29,-125,1500,1553,0.35,0,0,36.5,46.406,46.437,6446,18.72,53.4,0
1783525290.3905888,189,1,person,0,611,124,705,347,0.785,658,235,18,-125,1500,1551,0.35,0,0,36.5,46.406,46.437,6446,18.56,53.9,0
1783525290.4356155,190,1,person,0,608,125,701,348,0.819,654,236,14,-124,1500,1549,0.35,0,0,36.5,46.406,46.437,6446,19.03,52.5,0
1783525290.4805377,191,1,person,0,605,125,697,348,0.841,651,236,11,-124,1500,1551,0.35,0,0,36.5,46.406,46.437,6446,18.59,53.8,0
1783525290.5256863,192,1,person,0,601,124,693,346,0.847,647,235,7,-125,1500,1552,0.35,0,0,36.5,46.406,46.437,6446,18.63,53.7,0
1783525290.5677516,193,1,person,0,598,120,690,346,0.845,644,233,4,-127,1500,1554,0.35,0,0,36.5,46.406,46.437,6446,19.25,51.9,0
1783525290.6142385,194,1,person,0,593,113,688,346,0.824,640,229,0,-131,1500,1558,0.35,0,0,36.5,46.406,46.437,6446,18.79,53.2,0
1783525290.6602767,195,1,person,0,584,110,681,348,0.808,632,229,-8,-131,1500,1554,0.35,0,0,36.5,46.406,46.437,6446,18.57,53.9,0
1783525290.706103,196,1,person,0,577,108,674,347,0.791,625,227,-15,-133,1500,1557,0.35,0,0,36.5,46.406,46.437,6446,19.0,52.6,0
1783525290.7520542,197,1,person,0,571,108,669,347,0.821,620,227,-20,-133,1500,1555,0.35,0,0,36.5,46.406,46.437,6446,18.82,53.1,0
1783525290.7969973,198,1,person,0,561,108,659,342,0.791,610,225,-30,-135,1500,1558,0.35,0,0,36.5,46.406,46.437,6446,19.01,52.6,0
1783525290.8425329,199,1,person,0,553,109,652,340,0.809,602,224,-38,-136,1500,1557,0.35,0,0,36.5,46.343,46.843,6407,19.15,52.2,0
1783525290.8877203,200,1,person,0,540,115,642,345,0.745,591,230,-49,-130,1383,1547,0.35,0,0,36.5,46.343,46.843,6407,18.98,52.7,0
1783525290.933722,201,1,person,0,534,118,639,348,0.768,586,233,-54,-127,1458,1549,0.35,0,0,36.5,46.343,46.843,6407,19.0,52.6,0
1783525290.978976,202,1,person,0,532,119,640,349,0.795,586,234,-54,-126,1467,1551,0.35,0,0,36.5,46.343,46.843,6407,18.97,52.7,0
1783525291.023577,203,1,person,0,536,121,646,352,0.813,591,236,-49,-124,1479,1549,0.35,0,0,36.5,46.343,46.843,6407,18.71,53.5,0
1783525291.0689816,204,1,person,0,536,121,647,350,0.824,591,235,-49,-125,1470,1553,0.35,0,0,36.5,46.343,46.843,6407,19.19,52.1,0
1783525291.1102319,205,1,person,0,533,120,646,348,0.84,589,234,-51,-126,1465,1553,0.35,0,0,36.5,46.343,46.843,6407,19.0,52.6,0
1783525291.1581078,206,1,person,0,530,119,645,344,0.813,587,231,-53,-129,1464,1556,0.35,0,0,36.5,46.343,46.843,6407,18.85,53.1,0
1783525291.2045116,207,1,person,0,531,118,649,342,0.727,590,230,-50,-130,1474,1555,0.35,0,0,36.5,46.343,46.843,6407,19.11,52.3,0
1783525291.250082,208,1,person,0,531,115,653,340,0.743,592,227,-48,-133,1474,1558,0.35,0,0,36.5,46.343,46.843,6407,18.74,53.4,0
1783525291.2957911,209,1,person,0,526,109,645,321,0.801,585,215,-55,-145,1454,1573,0.35,0,0,36.5,46.343,46.843,6407,19.23,52.0,0
1783525291.347003,210,1,person,0,521,104,646,325,0.794,583,214,-57,-146,1461,1561,0.35,0,0,36.5,46.812,46.656,6446,24.75,40.4,0
1783525291.3968647,211,1,person,0,514,102,630,304,0.756,572,203,-68,-157,1440,1575,0.35,0,0,36.5,46.812,46.656,6446,23.4,42.7,0
1783525291.4423444,212,1,person,0,510,103,623,295,0.811,566,199,-74,-161,1444,1570,0.35,0,0,36.5,46.812,46.656,6446,19.07,52.5,0
1783525291.4879448,213,1,person,0,505,106,615,292,0.761,560,199,-80,-161,1440,1566,0.35,0,0,36.5,46.812,46.656,6446,18.91,52.9,0
1783525291.5330327,214,1,person,0,503,110,610,291,0.742,556,200,-84,-160,1441,1564,0.35,0,0,36.5,46.812,46.656,6446,19.21,52.0,0
1783525291.5780928,215,1,person,0,501,114,605,290,0.742,553,202,-87,-158,1441,1562,0.35,0,0,36.5,46.812,46.656,6446,18.78,53.2,0
1783525291.622269,216,1,person,0,502,116,604,288,0.759,553,202,-87,-158,1446,1565,0.35,0,0,36.5,46.812,46.656,6446,18.76,53.3,0
1783525291.6636276,217,1,person,0,503,117,603,287,0.785,553,202,-87,-158,1446,1565,0.35,0,0,36.5,46.812,46.656,6446,19.02,52.6,0
1783525291.7102067,218,1,person,0,504,116,604,287,0.798,554,201,-86,-159,1448,1566,0.35,0,0,36.5,46.812,46.656,6446,19.03,52.6,0
1783525291.756352,219,1,person,0,506,110,607,289,0.814,556,199,-84,-161,1451,1568,0.35,0,0,36.5,46.812,46.656,6446,18.97,52.7,0
1783525291.8022032,220,1,person,0,509,106,611,288,0.783,560,197,-80,-163,1457,1569,0.35,0,0,36.5,46.812,46.656,6446,19.11,52.3,0
1783525291.8474686,221,1,person,0,513,105,614,287,0.703,563,196,-77,-164,1457,1568,0.35,0,0,36.5,46.718,46.718,6486,18.91,52.9,0
1783525291.8927,222,1,person,0,522,106,627,294,0.756,574,200,-66,-160,1477,1561,0.35,0,0,36.5,46.718,46.718,6486,18.67,53.6,0
1783525291.9381316,223,1,person,0,530,106,642,308,0.727,586,207,-54,-153,1486,1555,0.35,0,0,36.5,46.718,46.718,6486,19.14,52.2,0
1783525291.983252,224,1,person,0,534,108,647,311,0.598,590,209,-50,-151,1474,1560,0.35,0,0,36.5,46.718,46.718,6486,18.65,53.6,0
1783525292.0285928,225,1,person,0,538,111,661,331,0.819,599,221,-41,-139,1488,1544,0.35,0,0,36.5,46.718,46.718,6486,18.97,52.7,0
1783525292.0741374,226,1,person,0,540,112,669,340,0.816,604,226,-36,-134,1569,1550,0.35,0,0,36.5,46.718,46.718,6486,19.07,52.4,0
1783525292.1192563,227,1,person,0,540,110,674,351,0.799,607,230,-33,-130,1497,1549,0.35,0,0,36.5,46.718,46.718,6486,18.59,53.8,0
1783525292.1648073,228,1,person,0,543,113,677,356,0.797,610,234,-30,-126,1497,1548,0.35,0,0,36.5,46.718,46.718,6486,19.15,52.2,0
1783525292.2066238,229,1,person,0,545,117,679,359,0.842,612,238,-28,-122,1497,1546,0.35,0,0,36.5,46.718,46.718,6486,19.06,52.5,0
1783525292.2533162,230,1,person,0,544,120,684,361,0.847,614,240,-26,-120,1497,1547,0.35,0,0,36.5,46.718,46.718,6486,18.67,53.6,0
1783525292.2999904,231,1,person,0,541,120,686,362,0.82,613,241,-27,-119,1497,1548,0.35,0,0,36.5,46.718,46.718,6486,18.98,52.7,0
1783525292.3454566,232,1,person,0,539,119,686,361,0.759,612,240,-28,-120,1497,1551,0.35,0,0,36.5,46.812,46.531,6446,18.81,53.2,0
1783525292.3911662,233,1,person,0,549,112,702,360,0.795,625,236,-15,-124,1497,1555,0.35,0,0,36.5,46.812,46.531,6446,18.92,52.8,0
1783525292.4369254,234,1,person,0,556,105,713,356,0.832,634,230,-6,-130,1497,1560,0.35,0,0,36.5,46.812,46.531,6446,19.23,52.0,0
1783525292.4821796,235,1,person,0,562,100,721,355,0.865,641,227,1,-133,1497,1558,0.35,0,0,36.5,46.812,46.531,6446,18.72,53.4,0
1783525292.5282378,236,1,person,0,564,90,729,357,0.85,646,223,6,-137,1497,1561,0.35,0,0,36.5,46.812,46.531,6446,18.82,53.1,0
1783525292.5747685,237,1,person,0,567,84,734,359,0.87,650,221,10,-139,1497,1559,0.35,0,0,36.5,46.812,46.531,6446,20.0,50.0,0
1783525292.6198237,238,1,person,0,577,81,739,352,0.855,658,216,18,-144,1497,1565,0.35,0,0,36.5,46.812,46.531,6446,18.92,52.9,0
1783525292.6657927,239,1,person,0,585,80,743,349,0.851,664,214,24,-146,1497,1562,0.35,0,0,36.5,46.812,46.531,6446,19.07,52.4,0
1783525292.7201715,240,1,person,0,590,80,750,359,0.861,670,219,30,-141,1497,1553,0.35,0,0,36.5,46.812,46.531,6446,26.1,38.3,0
1783525292.76393,241,1,person,0,602,88,755,362,0.827,678,225,38,-135,1497,1549,0.35,0,0,36.5,46.812,46.531,6446,19.51,51.2,0
1783525292.8132308,242,1,person,0,610,95,757,363,0.835,683,229,43,-131,1593,1550,0.35,0,0,36.5,46.812,46.531,6446,19.68,50.8,0
1783525292.8611927,243,1,person,0,615,99,757,364,0.861,686,231,46,-129,1530,1551,0.35,0,0,36.5,46.656,46.656,6486,19.41,51.5,0
1783525292.9079661,244,1,person,0,617,100,757,367,0.85,687,233,47,-127,1527,1550,0.35,0,0,36.5,46.656,46.656,6486,19.47,51.4,0
1783525292.9541926,245,1,person,0,621,98,760,367,0.835,690,232,50,-128,1533,1554,0.35,0,0,36.5,46.656,46.656,6486,18.89,52.9,0
1783525292.9998884,246,1,person,0,622,97,761,369,0.843,691,233,51,-127,1530,1551,0.35,0,0,36.5,46.656,46.656,6486,19.26,51.9,0
1783525293.0452979,247,1,person,0,623,95,761,371,0.852,692,233,52,-127,1531,1552,0.35,0,0,36.5,46.656,46.656,6486,18.78,53.3,0
1783525293.0903366,248,1,person,0,622,91,761,374,0.876,691,232,51,-128,1527,1554,0.35,0,0,36.5,46.656,46.656,6486,18.99,52.7,0
1783525293.1360288,249,1,person,0,621,88,759,376,0.883,690,232,50,-128,1526,1553,0.35,0,0,36.5,46.656,46.656,6486,19.25,52.0,0
1783525293.1809547,250,1,person,0,621,88,758,379,0.879,689,233,49,-127,1525,1551,0.35,0,0,36.5,46.656,46.656,6486,18.49,54.1,0
1783525293.226028,251,1,person,0,627,92,759,380,0.85,693,236,53,-124,1537,1548,0.35,0,0,36.5,46.656,46.656,6486,18.7,53.5,0
1783525293.2713528,252,1,person,0,631,95,760,379,0.85,695,237,55,-123,1534,1550,0.35,0,0,36.5,46.656,46.656,6486,19.11,52.3,0
1783525293.3125281,253,1,person,0,632,98,758,381,0.808,695,239,55,-121,1531,1547,0.35,0,0,36.5,46.656,46.656,6486,18.88,53.0,0
1783525293.3599262,254,1,person,0,630,80,763,381,0.828,696,230,56,-130,1533,1563,0.35,0,0,36.5,46.562,46.437,6446,19.08,52.4,0
1783525293.4075727,255,1,person,0,634,57,773,381,0.812,703,219,63,-141,1548,1569,0.35,0,0,36.5,46.562,46.437,6446,19.12,52.3,0
1783525293.4546645,256,1,person,0,635,32,777,370,0.823,706,201,66,-159,1543,1584,0.35,0,0,36.5,46.562,46.437,6446,18.81,53.2,0
1783525293.5015266,257,1,person,0,637,19,775,353,0.769,706,186,66,-174,1538,1587,0.35,0,0,36.5,46.562,46.437,6446,19.03,52.5,0
1783525293.5472744,258,1,person,0,640,14,774,343,0.794,707,178,67,-182,1540,1583,0.35,0,0,36.5,46.562,46.437,6446,18.79,53.2,0
1783525293.593191,259,1,person,0,652,19,765,295,0.773,708,157,68,-203,1541,1606,0.35,0,0,36.5,46.562,46.437,6446,19.04,52.5,0
1783525293.640036,260,1,person,0,658,23,761,268,0.791,709,145,69,-215,1542,1600,0.35,0,0,36.5,46.562,46.437,6446,19.19,52.1,0
1783525293.685546,261,1,person,0,656,25,754,251,0.676,705,138,65,-222,1531,1598,0.35,0,0,36.5,46.562,46.437,6446,18.59,53.8,0
1783525293.732137,262,1,person,0,657,26,759,255,0.788,708,140,68,-220,1545,1587,0.35,0,0,36.5,46.562,46.437,6446,19.14,52.3,0
1783525293.7799535,263,1,person,0,653,27,762,266,0.777,707,146,67,-214,1537,1581,0.35,0,0,36.5,46.562,46.437,6446,20.29,49.3,0
1783525293.8265657,264,1,person,0,641,26,773,315,0.855,707,170,67,-190,1539,1552,0.35,0,0,36.5,46.562,46.437,6446,20.21,49.5,0
1783525293.8688614,265,1,person,0,637,30,777,337,0.852,707,183,67,-177,1539,1557,0.35,0,0,36.5,46.687,46.968,6446,19.68,50.8,0
1783525293.9161084,266,1,person,0,632,39,780,365,0.857,706,202,66,-158,1537,1545,0.35,0,0,36.5,46.687,46.968,6446,18.79,53.2,0
1783525293.9636853,267,1,person,0,628,61,772,380,0.846,700,220,60,-140,1525,1539,0.35,0,0,36.5,46.687,46.968,6446,18.99,52.7,0
1783525294.0112329,268,1,person,0,628,74,767,387,0.849,697,230,57,-130,1529,1543,0.35,0,0,36.5,46.687,46.968,6446,18.84,53.1,0
1783525294.0568438,269,1,person,0,630,81,764,389,0.819,697,235,57,-125,1534,1546,0.35,0,0,36.5,46.687,46.968,6446,18.94,52.8,0
1783525294.1082683,270,1,person,0,631,81,763,389,0.83,697,235,57,-125,1534,1552,0.35,0,0,36.5,46.687,46.968,6446,24.16,41.4,0
1783525294.1535847,271,1,person,0,629,67,764,389,0.832,696,228,56,-132,1531,1562,0.35,0,0,36.5,46.687,46.968,6446,18.78,53.3,0
1783525294.1995907,272,1,person,0,628,60,765,387,0.833,696,223,56,-137,1533,1562,0.35,0,0,36.5,46.687,46.968,6446,19.17,52.2,0
1783525294.2447257,273,1,person,0,628,55,765,382,0.852,696,218,56,-142,1533,1564,0.35,0,0,36.5,46.687,46.968,6446,18.92,52.9,0
1783525294.290028,274,1,person,0,629,50,764,374,0.842,696,212,56,-148,1533,1567,0.35,0,0,36.5,46.687,46.968,6446,18.87,53.0,0
1783525294.3358815,275,1,person,0,629,48,764,372,0.848,696,210,56,-150,1534,1564,0.35,0,0,36.5,46.687,46.968,6446,19.31,51.8,0
1783525294.3816416,276,1,person,0,629,50,764,374,0.851,696,212,56,-148,1534,1559,0.35,0,0,36.5,46.625,46.531,6407,20.01,50.0,0
1783525294.4240615,277,1,person,0,631,55,763,377,0.833,697,216,57,-144,1536,1554,0.35,0,0,36.5,46.625,46.531,6407,19.22,52.0,0
1783525294.4722097,278,1,person,0,634,65,761,378,0.85,697,221,57,-139,1534,1552,0.35,0,0,36.5,46.625,46.531,6407,19.48,51.3,0
1783525294.5195544,279,1,person,0,639,76,760,378,0.827,699,227,59,-133,1539,1548,0.35,0,0,36.5,46.625,46.531,6407,18.88,53.0,0
1783525294.5663738,280,1,person,0,641,80,759,378,0.836,700,229,60,-131,1538,1552,0.35,0,0,36.5,46.625,46.531,6407,19.1,52.3,0
1783525294.6126802,281,1,person,0,642,77,760,378,0.854,701,227,61,-133,1539,1557,0.35,0,0,36.5,46.625,46.531,6407,19.2,52.1,0
1783525294.6592646,282,1,person,0,641,66,762,378,0.831,701,222,61,-138,1537,1562,0.35,0,0,36.5,46.625,46.531,6407,19.39,51.6,0
1783525294.7058403,283,1,person,0,640,60,762,373,0.851,701,216,61,-144,1537,1566,0.35,0,0,36.5,46.625,46.531,6407,19.35,51.7,0
1783525294.7511747,284,1,person,0,641,57,763,367,0.841,702,212,62,-148,1540,1565,0.35,0,0,36.5,46.625,46.531,6407,18.65,53.6,0
1783525294.7965264,285,1,person,0,642,57,763,367,0.835,702,212,62,-148,1538,1561,0.35,0,0,36.5,46.625,46.531,6407,18.75,53.3,0
1783525294.8413355,286,1,person,0,642,59,763,369,0.842,702,214,62,-146,1538,1558,0.35,0,0,36.5,46.625,46.531,6407,19.04,52.5,0
1783525294.8858156,287,1,person,0,643,69,761,371,0.854,702,220,62,-140,1538,1551,0.35,0,0,36.5,46.968,46.531,6407,18.6,53.8,0
1783525294.9312031,288,1,person,0,644,77,759,372,0.863,701,224,61,-136,1536,1551,0.35,0,0,36.5,46.968,46.531,6407,18.99,52.7,0
1783525294.978125,289,1,person,0,647,86,758,371,0.897,702,228,62,-132,1540,1550,0.35,0,0,36.5,46.968,46.531,6407,24.79,40.3,0
1783525295.0259151,290,1,person,0,648,89,758,372,0.886,703,230,63,-130,1541,1551,0.35,0,0,36.5,46.968,46.531,6407,18.54,54.0,0
1783525295.0728478,291,1,person,0,649,88,759,372,0.866,704,230,64,-130,1541,1554,0.35,0,0,36.5,46.968,46.531,6407,19.35,51.7,0
1783525295.1181033,292,1,person,0,649,83,761,371,0.861,705,227,65,-133,1542,1558,0.35,0,0,36.5,46.968,46.531,6407,18.65,53.6,0
1783525295.1636631,293,1,person,0,652,78,766,371,0.864,709,224,69,-136,1550,1559,0.35,0,0,36.5,46.968,46.531,6407,18.75,53.3,0
1783525295.2092667,294,1,person,0,657,74,773,370,0.854,715,222,75,-138,1557,1559,0.35,0,0,36.5,46.968,46.531,6407,18.92,52.8,0
1783525295.2538562,295,1,person,0,664,74,780,372,0.831,722,223,82,-137,1563,1555,0.35,0,0,36.5,46.968,46.531,6407,18.54,53.9,0
1783525295.299735,296,1,person,0,666,79,781,373,0.854,723,226,83,-134,1553,1552,0.35,0,0,36.5,46.968,46.531,6407,19.1,52.4,0
1783525295.3446832,297,1,person,0,669,84,782,374,0.816,725,229,85,-131,1556,1551,0.35,0,0,36.5,46.968,46.531,6407,18.93,52.8,0
1783525295.3897607,298,1,person,0,672,93,781,373,0.753,726,233,86,-127,1555,1548,0.35,0,0,36.5,46.625,46.531,6407,18.9,52.9,0
1783525295.435853,299,1,person,0,676,96,783,373,0.764,729,234,89,-126,1561,1551,0.35,0,0,36.5,46.625,46.531,6407,18.96,52.7,0
1783525295.486819,300,1,person,0,677,97,784,372,0.796,730,234,90,-126,1558,1552,0.35,0,0,36.5,46.625,46.531,6407,24.83,40.3,0
1783525295.529352,301,1,person,0,684,90,795,372,0.811,739,231,99,-129,1579,1557,0.35,0,0,36.5,46.625,46.531,6407,19.97,50.1,0
1783525295.5787466,302,1,person,0,687,84,801,372,0.87,744,228,104,-132,1573,1557,0.35,0,0,36.5,46.625,46.531,6407,20.92,47.8,0
1783525295.6254184,303,1,person,0,688,81,804,374,0.86,746,227,106,-133,1570,1556,0.35,0,0,36.5,46.625,46.531,6407,18.65,53.6,0
1783525295.6721058,304,1,person,0,690,80,807,378,0.834,748,229,108,-131,1571,1552,0.35,0,0,36.5,46.625,46.531,6407,19.15,52.2,0
1783525295.718282,305,1,person,0,697,86,812,380,0.824,754,233,114,-127,1581,1548,0.35,0,0,36.5,46.625,46.531,6407,18.56,53.9,0
1783525295.7645874,306,1,person,0,701,91,815,381,0.809,758,236,118,-124,1580,1548,0.35,0,0,36.5,46.625,46.531,6407,18.9,52.9,0
1783525295.8102767,307,1,person,0,704,98,816,384,0.837,760,241,120,-119,1578,1544,0.35,0,0,36.5,46.625,46.531,6407,18.98,52.7,0
1783525295.8560052,308,1,person,0,706,103,817,386,0.822,761,244,121,-116,1577,1545,0.35,0,0,36.5,46.625,46.531,6407,18.68,53.5,0
1783525295.9021697,309,1,person,0,707,105,817,388,0.849,762,246,122,-114,1577,1545,0.35,0,0,36.5,46.906,46.718,6407,19.01,52.6,0
1783525295.947371,310,1,person,0,705,104,816,389,0.873,760,246,120,-114,1571,1547,0.35,0,0,36.5,46.906,46.718,6407,19.09,52.4,0
1783525295.9923022,311,1,person,0,694,95,810,388,0.861,752,241,112,-119,1555,1555,0.35,0,0,36.5,46.906,46.718,6407,18.64,53.6,0
1783525296.0384984,312,1,person,0,682,87,804,386,0.861,743,236,103,-124,1549,1557,0.35,0,0,36.5,46.906,46.718,6407,19.18,52.1,0
1783525296.080179,313,1,person,0,669,80,796,385,0.893,732,232,92,-128,1537,1558,0.35,0,0,36.5,46.906,46.718,6407,18.97,52.7,0
1783525296.1281037,314,1,person,0,656,78,788,384,0.906,722,231,82,-129,1535,1554,0.35,0,0,36.5,46.906,46.718,6407,18.88,53.0,0
1783525296.1803038,315,1,person,0,650,80,786,383,0.911,718,231,78,-129,1543,1553,0.35,0,0,36.5,46.906,46.718,6407,23.7,42.2,0
1783525296.2263894,316,1,person,0,644,80,782,382,0.888,713,231,73,-129,1538,1553,0.35,0,0,36.5,46.906,46.718,6407,18.72,53.4,0
1783525296.2731175,317,1,person,0,638,80,779,384,0.894,708,232,68,-128,1535,1552,0.35,0,0,36.5,46.906,46.718,6407,19.24,52.0,0
1783525296.3185248,318,1,person,0,636,70,786,390,0.894,711,230,71,-130,1550,1556,0.35,0,0,36.5,46.906,46.718,6407,18.52,54.0,0
1783525296.366509,319,1,person,0,636,63,795,400,0.886,715,231,75,-129,1554,1552,0.35,0,0,36.5,46.906,46.718,6407,19.17,52.2,0
1783525296.4129171,320,1,person,0,634,47,803,407,0.887,718,227,78,-133,1554,1559,0.35,0,0,36.5,46.781,46.75,6407,18.87,53.0,0
1783525296.4598064,321,1,person,0,640,49,810,411,0.884,725,230,85,-130,1565,1550,0.35,0,0,36.5,46.781,46.75,6407,18.58,53.8,0
1783525296.507922,322,1,person,0,646,51,815,412,0.866,730,231,90,-129,1565,1552,0.35,0,0,36.5,46.781,46.75,6407,19.04,52.5,0
1783525296.5547104,323,1,person,0,657,51,824,412,0.9,740,231,100,-129,1580,1553,0.35,0,0,36.5,46.781,46.75,6407,18.53,54.0,0
1783525296.6024575,324,1,person,0,660,46,827,411,0.887,743,228,103,-132,1569,1557,0.35,0,0,36.5,46.781,46.75,6407,18.88,53.0,0
1783525296.6441262,325,1,person,0,658,36,827,410,0.896,742,223,102,-137,1562,1562,0.35,0,0,36.5,46.781,46.75,6407,18.94,52.8,0
1783525296.6915584,326,1,person,0,640,21,818,416,0.902,729,218,89,-142,1534,1564,0.35,0,0,36.5,46.781,46.75,6407,18.73,53.4,0
1783525296.7407699,327,1,person,0,626,10,811,418,0.902,718,214,78,-146,1531,1564,0.35,0,0,36.5,46.781,46.75,6407,18.93,52.8,0
1783525296.788393,328,1,person,0,612,3,805,425,0.921,708,214,68,-146,1526,1560,0.35,0,0,36.5,46.781,46.75,6407,18.48,54.1,0
1783525296.8370633,329,1,person,0,606,1,803,428,0.925,704,214,64,-146,1534,1560,0.35,0,0,36.5,46.781,46.75,6407,18.96,52.7,0
1783525296.8892086,330,1,person,0,601,0,801,430,0.926,701,215,61,-145,1534,1559,0.35,0,0,36.5,46.656,46.593,6407,23.89,41.9,0
1783525296.937339,331,1,person,0,597,0,800,432,0.921,698,216,58,-144,1532,1558,0.35,0,0,36.5,46.656,46.593,6407,19.04,52.5,0
1783525296.985439,332,1,person,0,595,1,800,436,0.921,697,218,57,-142,1535,1556,0.35,0,0,36.5,46.656,46.593,6407,18.56,53.9,0
1783525297.0340736,333,1,person,0,593,1,803,447,0.92,698,224,58,-136,1539,1550,0.35,0,0,36.5,46.656,46.593,6407,19.04,52.5,0
1783525297.0814123,334,1,person,0,591,2,807,459,0.926,699,230,59,-130,1540,1547,0.35,0,0,36.5,46.656,46.593,6407,18.76,53.3,0
1783525297.129094,335,1,person,0,593,2,817,476,0.93,705,239,65,-121,1552,1540,0.35,0,0,36.5,46.656,46.593,6407,18.64,53.7,0
1783525297.1778347,336,1,person,0,593,1,826,498,0.931,709,249,69,-111,1550,1536,0.35,0,0,36.5,46.656,46.593,6407,18.94,52.8,0
1783525297.2192047,337,1,person,0,594,1,833,511,0.933,713,256,73,-104,1554,1535,0.35,0,0,36.5,46.656,46.593,6407,18.56,53.9,0
1783525297.2695463,338,1,person,0,596,1,836,516,0.931,716,258,76,-102,1553,1540,0.35,0,0,36.5,46.656,46.593,6407,18.93,52.8,0
1783525297.3177843,339,1,person,0,593,1,835,518,0.91,714,259,74,-101,1544,1541,0.35,0,0,36.5,46.656,46.593,6407,18.55,53.9,0
1783525297.3702233,340,1,person,0,589,1,836,523,0.904,712,262,72,-98,1543,1538,0.35,0,0,36.5,46.656,46.593,6407,21.68,46.1,0
1783525297.4181437,341,1,person,0,570,1,837,547,0.929,703,274,63,-86,1525,1523,0.35,0,0,36.5,46.843,46.531,6367,18.66,53.6,0
1783525297.4680998,342,1,person,0,561,1,847,570,0.913,704,285,64,-75,1543,1520,0.35,0,0,36.5,46.843,46.531,6367,19.07,52.4,0
1783525297.516839,343,1,person,0,560,1,857,582,0.922,708,291,68,-69,1550,1523,0.35,0,0,36.5,46.843,46.531,6367,18.6,53.8,0
1783525297.5656235,344,1,person,0,550,0,878,635,0.885,714,317,74,-43,1557,1492,0.35,0,0,36.5,46.843,46.531,6367,18.94,52.8,0
1783525297.616083,345,1,person,0,549,1,893,660,0.895,721,330,81,-30,1562,1459,0.35,0,0,36.5,46.843,46.531,6367,18.55,53.9,0
1783525297.6646733,346,1,person,0,541,1,892,668,0.892,716,334,76,-26,1540,1502,0.35,0,0,36.5,46.843,46.531,6367,18.86,53.0,0
1783525297.7140927,347,1,person,0,537,1,893,668,0.897,715,334,75,-26,1546,1502,0.35,0,0,36.5,46.843,46.531,6367,18.9,52.9,0
1783525297.7619617,348,1,person,0,544,0,905,667,0.904,724,333,84,-27,1568,1502,0.35,0,0,36.5,46.843,46.531,6367,18.76,53.3,0
1783525297.8036304,349,1,person,0,549,0,917,670,0.914,733,335,93,-25,1576,1502,0.35,0,0,36.5,46.843,46.531,6367,18.86,53.0,0
1783525297.8525126,350,1,person,0,553,0,928,670,0.887,740,335,100,-25,1574,1502,0.35,0,0,36.5,46.843,46.531,6367,18.56,53.9,0
1783525297.902519,351,1,person,0,555,1,936,671,0.894,745,336,105,-24,1573,1502,0.35,0,0,36.5,46.718,46.656,6367,18.83,53.1,0
1783525297.9504166,352,1,person,0,556,0,940,672,0.891,748,336,108,-24,1572,1502,0.35,0,0,36.5,46.718,46.656,6367,18.63,53.7,0
1783525297.9987357,353,1,person,0,553,0,936,671,0.907,744,335,104,-25,1558,1502,0.35,0,0,36.5,46.718,46.656,6367,18.75,53.3,0
1783525298.0475664,354,1,person,0,552,0,932,671,0.9,742,335,102,-25,1560,1502,0.35,0,0,36.5,46.718,46.656,6367,18.73,53.4,0
1783525298.094917,355,1,person,0,550,1,923,667,0.912,736,334,96,-26,1550,1502,0.35,0,0,36.5,46.718,46.656,6367,18.78,53.2,0
1783525298.1442223,356,1,person,0,551,0,918,660,0.92,734,330,94,-30,1556,1502,0.35,0,0,36.5,46.718,46.656,6367,18.72,53.4,0
1783525298.1909776,357,1,person,0,561,0,907,625,0.923,734,312,94,-48,1559,1572,0.35,0,0,36.5,46.718,46.656,6367,18.66,53.6,0
1783525298.239537,358,1,person,0,570,1,901,601,0.931,735,301,95,-59,1561,1536,0.35,0,0,36.5,46.718,46.656,6367,18.74,53.4,0
1783525298.2871952,359,1,person,0,574,0,896,586,0.911,735,293,95,-67,1560,1537,0.35,0,0,36.5,46.718,46.656,6367,18.59,53.8,0
1783525298.3406966,360,1,person,0,574,1,892,579,0.918,733,290,93,-70,1555,1532,0.35,0,0,36.5,46.718,46.656,6367,24.01,41.7,0
1783525298.3820565,361,1,person,0,576,2,892,575,0.915,734,288,94,-72,1561,1533,0.35,0,0,36.5,46.718,46.656,6367,18.62,53.7,0
1783525298.429901,362,1,person,0,577,2,892,571,0.92,734,286,94,-74,1559,1533,0.35,0,0,36.5,46.656,47.0,6407,18.74,53.4,0
1783525298.4777775,363,1,person,0,579,2,893,571,0.915,736,286,96,-74,1563,1531,0.35,0,0,36.5,46.656,47.0,6407,18.62,53.7,0
1783525298.5248632,364,1,person,0,584,2,894,572,0.917,739,287,99,-73,1567,1530,0.35,0,0,36.5,46.656,47.0,6407,18.81,53.2,0
1783525298.5763144,365,1,person,0,588,3,891,569,0.914,739,286,99,-74,1562,1532,0.35,0,0,36.5,46.656,47.0,6407,21.66,46.2,0
1783525298.6235669,366,1,person,0,591,3,879,548,0.911,735,275,95,-85,1553,1547,0.35,0,0,36.5,46.656,47.0,6407,18.71,53.4,0
1783525298.6723578,367,1,person,0,594,2,868,527,0.913,731,264,91,-96,1551,1551,0.35,0,0,36.5,46.656,47.0,6407,18.74,53.4,0
1783525298.720813,368,1,person,0,598,3,859,507,0.912,728,255,88,-105,1550,1553,0.35,0,0,36.5,46.656,47.0,6407,18.58,53.8,0
1783525298.7692702,369,1,person,0,601,3,853,499,0.902,727,251,87,-109,1553,1549,0.35,0,0,36.5,46.656,47.0,6407,18.78,53.2,0
1783525298.8157299,370,1,person,0,603,2,850,496,0.901,726,249,86,-111,1552,1548,0.35,0,0,36.5,46.656,47.0,6407,18.54,53.9,0
1783525298.862475,371,1,person,0,607,3,845,483,0.902,726,243,86,-117,1554,1555,0.35,0,0,36.5,46.656,47.0,6407,18.68,53.5,0
1783525298.910136,372,1,person,0,609,3,842,475,0.918,725,239,85,-121,1552,1554,0.35,0,0,36.5,46.75,46.687,6407,18.66,53.6,0
1783525298.950936,373,1,person,0,613,3,839,464,0.912,726,233,86,-127,1556,1560,0.35,0,0,36.5,46.75,46.687,6407,18.55,53.9,0
1783525299.0002444,374,1,person,0,614,3,836,460,0.909,725,231,85,-129,1552,1555,0.35,0,0,36.5,46.75,46.687,6407,18.85,53.1,0
1783525299.0475361,375,1,person,0,615,3,833,459,0.914,724,231,84,-129,1551,1553,0.35,0,0,36.5,46.75,46.687,6407,18.83,53.1,0
1783525299.0945065,376,1,person,0,615,2,830,459,0.916,722,230,82,-130,1548,1555,0.35,0,0,36.5,46.75,46.687,6407,18.72,53.4,0
1783525299.1422822,377,1,person,0,615,3,825,458,0.924,720,230,80,-130,1547,1554,0.35,0,0,36.5,46.75,46.687,6407,18.61,53.7,0
1783525299.1890962,378,1,person,0,614,2,820,454,0.915,717,228,77,-132,1544,1556,0.35,0,0,36.5,46.75,46.687,6407,18.82,53.1,0
1783525299.2369337,379,1,person,0,615,2,815,449,0.915,715,225,75,-135,1544,1559,0.35,0,0,36.5,46.75,46.687,6407,18.81,53.2,0
1783525299.2836215,380,1,person,0,619,3,812,438,0.92,715,220,75,-140,1548,1563,0.35,0,0,36.5,46.75,46.687,6407,18.58,53.8,0
1783525299.330852,381,1,person,0,624,4,811,430,0.912,717,217,77,-143,1552,1562,0.35,0,0,36.5,46.75,46.687,6407,18.68,53.5,0
1783525299.3778906,382,1,person,0,629,4,812,425,0.91,720,214,80,-146,1556,1563,0.35,0,0,36.5,46.75,46.687,6407,18.72,53.4,0
1783525299.42442,383,1,person,0,634,4,814,421,0.897,724,212,84,-148,1560,1563,0.35,0,0,36.5,46.781,46.781,6407,18.59,53.8,0
1783525299.4717991,384,1,person,0,638,3,815,418,0.89,726,210,86,-150,1557,1564,0.35,0,0,36.5,46.781,46.781,6407,18.77,53.3,0
1783525299.5127642,385,1,person,0,643,6,817,414,0.887,730,210,90,-150,1564,1562,0.35,0,0,36.5,46.781,46.781,6407,18.63,53.7,0
1783525299.5602384,386,1,person,0,653,17,820,410,0.875,736,213,96,-147,1570,1557,0.35,0,0,36.5,46.781,46.781,6407,18.63,53.7,0
1783525299.6086154,387,1,person,0,658,25,820,408,0.873,739,216,99,-144,1567,1556,0.35,0,0,36.5,46.781,46.781,6407,18.6,53.8,0
1783525299.655784,388,1,person,0,662,29,822,408,0.894,742,218,102,-142,1569,1556,0.35,0,0,36.5,46.781,46.781,6407,18.69,53.5,0
1783525299.703147,389,1,person,0,664,32,822,408,0.894,743,220,103,-140,1566,1555,0.35,0,0,36.5,46.781,46.781,6407,18.77,53.3,0
1783525299.75514,390,1,person,0,666,38,820,409,0.897,743,223,103,-137,1564,1553,0.35,0,0,36.5,46.781,46.781,6407,24.13,41.4,0
1783525299.8074458,391,1,person,0,668,42,818,408,0.886,743,225,103,-135,1564,1554,0.35,0,0,36.5,46.781,46.781,6407,24.62,40.6,0
1783525299.8544345,392,1,person,0,672,52,816,407,0.882,744,229,104,-131,1567,1550,0.35,0,0,36.5,46.781,46.781,6407,18.59,53.8,0
1783525299.901887,393,1,person,0,675,58,814,405,0.885,744,231,104,-129,1565,1551,0.35,0,0,36.5,46.781,46.781,6407,18.79,53.2,0
1783525299.9483528,394,1,person,0,677,60,814,403,0.876,745,231,105,-129,1567,1553,0.35,0,0,36.5,47.0,46.656,6407,18.53,54.0,0
1783525299.9949493,395,1,person,0,678,59,811,397,0.858,744,228,104,-132,1563,1558,0.35,0,0,36.5,47.0,46.656,6407,18.58,53.8,0
1783525300.041797,396,1,person,0,677,56,808,392,0.833,742,224,102,-136,1560,1560,0.35,0,0,36.5,47.0,46.656,6407,18.64,53.7,0
1783525300.082508,397,1,person,0,674,55,802,388,0.84,738,221,98,-139,1553,1561,0.35,0,0,36.5,47.0,46.656,6407,18.44,54.2,0
1783525300.1301007,398,1,person,0,666,50,791,385,0.797,728,217,88,-143,1538,1563,0.35,0,0,36.5,47.0,46.656,6407,18.72,53.4,0
1783525300.177495,399,1,person,0,662,52,783,384,0.796,722,218,82,-142,1542,1557,0.35,0,0,36.5,47.0,46.656,6407,18.54,53.9,0
1783525300.2242482,400,1,person,0,669,68,781,385,0.78,725,226,85,-134,1559,1547,0.35,0,0,36.5,47.0,46.656,6407,18.52,54.0,0
1783525300.2709396,401,1,person,0,672,78,778,386,0.791,725,232,85,-128,1554,1546,0.35,0,0,36.5,47.0,46.656,6407,18.69,53.5,0
1783525300.3165066,402,1,person,0,672,84,774,386,0.787,723,235,83,-125,1549,1548,0.35,0,0,36.5,47.0,46.656,6407,18.5,54.1,0
1783525300.362291,403,1,person,0,676,91,773,387,0.756,724,239,84,-121,1555,1546,0.35,0,0,36.5,47.0,46.656,6407,18.69,53.5,0
1783525300.408297,404,1,person,0,678,96,772,387,0.764,725,241,85,-119,1555,1547,0.35,0,0,36.5,47.0,46.656,6407,18.59,53.8,0
1783525300.453638,405,1,person,0,679,102,768,386,0.687,723,244,83,-116,1549,1545,0.35,0,0,36.5,46.687,46.593,6407,18.56,53.9,0
1783525300.4991684,406,1,person,0,679,105,764,379,0.642,721,242,81,-118,1548,1551,0.35,0,0,36.5,46.687,46.593,6407,18.71,53.4,0
1783525300.5442994,407,1,person,0,677,107,760,375,0.611,718,241,78,-119,1544,1550,0.35,0,0,36.5,46.687,46.593,6407,18.52,54.0,0
1783525300.589339,408,1,person,0,676,106,758,373,0.718,717,239,77,-121,1547,1552,0.35,0,0,36.5,46.687,46.593,6407,18.63,53.7,0
1783525300.6307344,409,1,person,0,675,104,755,369,0.705,715,236,75,-124,1544,1555,0.35,0,0,36.5,46.687,46.593,6407,18.76,53.3,0
1783525300.6772604,410,1,person,0,674,104,753,366,0.728,713,235,73,-125,1543,1553,0.35,0,0,36.5,46.687,46.593,6407,18.53,54.0,0
1783525300.7228293,411,1,person,0,666,104,746,363,0.784,706,233,66,-127,1530,1554,0.35,0,0,36.5,46.687,46.593,6407,18.46,54.2,0
1783525300.76861,412,1,person,0,663,106,743,362,0.779,703,234,63,-126,1535,1551,0.35,0,0,36.5,46.687,46.593,6407,18.66,53.6,0
1783525300.8138156,413,1,person,0,658,110,739,362,0.814,698,236,58,-124,1528,1549,0.35,0,0,36.5,46.687,46.593,6407,18.69,53.5,0
1783525300.858609,414,1,person,0,658,116,738,363,0.837,698,239,58,-121,1537,1547,0.35,0,0,36.5,46.687,46.593,6407,18.55,53.9,0
1783525300.9044409,415,1,person,0,656,121,735,362,0.781,695,241,55,-119,1530,1547,0.35,0,0,36.5,46.687,46.593,6407,18.91,52.9,0
1783525300.949078,416,1,person,0,655,125,732,361,0.664,693,243,53,-117,1531,1546,0.35,0,0,36.5,47.218,46.843,6446,18.39,54.4,0
1783525300.9953434,417,1,person,0,648,126,725,359,0.674,686,242,46,-118,1518,1550,0.35,0,0,36.5,47.218,46.843,6446,19.91,50.2,0
1783525301.0400538,418,1,person,0,644,125,722,358,0.699,683,241,43,-119,1523,1550,0.35,0,0,36.5,47.218,46.843,6446,18.65,53.6,0
1783525301.0845883,419,1,person,0,639,123,718,356,0.705,678,239,38,-121,1425,1552,0.35,0,0,36.5,47.218,46.843,6446,18.5,54.1,0
1783525301.1347263,420,1,person,0,639,123,718,352,0.693,678,237,38,-123,1503,1553,0.35,0,0,36.5,47.218,46.843,6446,24.23,41.3,0
1783525301.1777544,421,1,person,0,637,123,717,351,0.693,677,237,37,-123,1503,1551,0.35,0,0,36.5,47.218,46.843,6446,19.97,50.1,0
1783525301.2240603,422,1,person,0,636,125,716,350,0.761,676,237,36,-123,1503,1551,0.35,0,0,36.5,47.218,46.843,6446,18.54,53.9,0
1783525301.2697058,423,1,person,0,636,128,716,350,0.709,676,239,36,-121,1503,1548,0.35,0,0,36.5,47.218,46.843,6446,18.73,53.4,0
1783525301.3144877,424,1,person,0,638,132,718,349,0.583,678,240,38,-120,1503,1548,0.35,0,0,36.5,47.218,46.843,6446,18.47,54.1,0
1783525301.3536763,425,,,,,,,,,,,,,1500,1500,0.35,0,0,36.5,47.218,46.843,6446,14.8,67.5,1
1783525301.3992224,426,1,person,0,636,134,716,348,0.446,676,241,36,-119,1500,1650,0.35,0,0,36.5,47.218,46.843,6446,18.74,53.4,0
1783525301.4449573,427,1,person,0,635,134,716,347,0.521,675,240,35,-120,1500,1549,0.35,0,0,36.5,47.0,46.875,6486,18.62,53.7,0
1783525301.489678,428,1,person,0,641,130,723,346,0.685,682,238,42,-122,1600,1551,0.35,0,0,36.5,47.0,46.875,6486,18.56,53.9,0
1783525301.5346465,429,1,person,0,644,127,727,347,0.677,685,237,45,-123,1532,1550,0.35,0,0,36.5,47.0,46.875,6486,18.78,53.3,0
1783525301.583617,430,1,person,0,647,125,730,346,0.675,688,235,48,-125,1533,1552,0.35,0,0,36.5,47.0,46.875,6486,22.64,44.2,0
1783525301.6278753,431,1,person,0,651,126,735,347,0.713,693,236,53,-124,1541,1549,0.35,0,0,36.5,47.0,46.875,6486,18.63,53.7,0
1783525301.672439,432,1,person,0,645,127,731,347,0.731,688,237,48,-123,1520,1548,0.35,0,0,36.5,47.0,46.875,6486,18.64,53.6,0
1783525301.713148,433,1,person,0,643,129,730,345,0.767,686,237,46,-123,1524,1550,0.35,0,0,36.5,47.0,46.875,6486,18.48,54.1,0
1783525301.7596095,434,1,person,0,642,131,729,343,0.726,685,237,45,-123,1525,1550,0.35,0,0,36.5,47.0,46.875,6486,18.69,53.5,0
1783525301.8052924,435,1,person,0,641,132,729,342,0.704,685,237,45,-123,1527,1550,0.35,0,0,36.5,47.0,46.875,6486,18.69,53.5,0
1783525301.8503118,436,1,person,0,642,132,731,344,0.737,686,238,46,-122,1529,1548,0.35,0,0,36.5,47.0,46.875,6486,18.51,54.0,0
1783525301.8951583,437,1,person,0,644,132,733,344,0.73,688,238,48,-122,1532,1550,0.35,0,0,36.5,47.0,46.875,6486,18.61,53.7,0
1783525301.939383,438,1,person,0,647,132,736,344,0.732,691,238,51,-122,1536,1550,0.35,0,0,36.5,46.812,46.718,6407,18.62,53.7,0
1783525301.9831984,439,1,person,0,649,133,738,341,0.726,693,237,53,-123,1536,1551,0.35,0,0,36.5,46.812,46.718,6407,18.45,54.2,0
1783525302.0275285,440,1,person,0,653,134,742,343,0.746,697,238,57,-122,1542,1549,0.35,0,0,36.5,46.812,46.718,6407,18.65,53.6,0
1783525302.0716734,441,1,person,0,655,134,744,345,0.742,699,239,59,-121,1539,1548,0.35,0,0,36.5,46.812,46.718,6407,18.68,53.5,0
1783525302.1157205,442,1,person,0,658,135,747,345,0.739,702,240,62,-120,1543,1548,0.35,0,0,36.5,46.812,46.718,6407,18.51,54.0,0
1783525302.1601717,443,1,person,0,660,135,750,346,0.739,705,240,65,-120,1545,1549,0.35,0,0,36.5,46.812,46.718,6407,18.55,53.9,0
1783525302.204257,444,1,person,0,662,135,752,347,0.751,707,241,67,-119,1545,1548,0.35,0,0,36.5,46.812,46.718,6407,18.66,53.6,0
1783525302.2454944,445,1,person,0,663,136,753,349,0.777,708,242,68,-118,1544,1547,0.35,0,0,36.5,46.812,46.718,6407,18.54,53.9,0
1783525302.2919996,446,1,person,0,665,136,754,349,0.813,709,242,69,-118,1544,1549,0.35,0,0,36.5,46.812,46.718,6407,18.58,53.8,0
1783525302.3372796,447,1,person,0,665,136,753,349,0.811,709,242,69,-118,1542,1549,0.35,0,0,36.5,46.812,46.718,6407,18.86,53.0,0
1783525302.381942,448,1,person,0,665,136,751,349,0.821,708,242,68,-118,1540,1549,0.35,0,0,36.5,46.812,46.718,6407,18.54,53.9,0
1783525302.4263792,449,1,person,0,666,137,751,349,0.811,708,243,68,-117,1542,1547,0.35,0,0,36.5,46.812,46.718,6407,18.67,53.6,0
1783525302.4765635,450,1,person,0,667,137,751,348,0.815,709,242,69,-118,1544,1550,0.35,0,0,36.5,46.906,46.75,6367,24.32,41.1,0
1783525302.5208106,451,1,person,0,667,137,750,347,0.802,708,242,68,-118,1540,1549,0.35,0,0,36.5,46.906,46.75,6367,18.53,54.0,0
1783525302.5654047,452,1,person,0,668,137,750,348,0.831,709,242,69,-118,1545,1549,0.35,0,0,36.5,46.906,46.75,6367,18.73,53.4,0
1783525302.6093333,453,1,person,0,667,136,749,349,0.818,708,242,68,-118,1540,1549,0.35,0,0,36.5,46.906,46.75,6367,18.61,53.7,0
1783525302.654409,454,1,person,0,668,131,752,349,0.79,710,240,70,-120,1547,1552,0.35,0,0,36.5,46.906,46.75,6367,18.52,54.0,0
1783525302.6991305,455,1,person,0,666,128,752,351,0.728,709,239,69,-121,1541,1551,0.35,0,0,36.5,46.906,46.75,6367,18.72,53.4,0
1783525302.7430065,456,1,person,0,667,124,755,350,0.766,711,237,71,-123,1548,1553,0.35,0,0,36.5,46.906,46.75,6367,18.56,53.9,0
1783525302.7889984,457,1,person,0,665,120,755,350,0.772,710,235,70,-125,1542,1554,0.35,0,0,36.5,46.906,46.75,6367,23.76,42.1,0
1783525302.8355691,458,1,person,0,664,118,755,351,0.797,709,234,69,-126,1542,1553,0.35,0,0,36.5,46.906,46.75,6367,18.83,53.1,0
1783525302.8809671,459,1,person,0,662,119,752,348,0.742,707,233,67,-127,1539,1553,0.35,0,0,36.5,46.906,46.75,6367,18.42,54.3,0
1783525302.9269526,460,1,person,0,655,123,746,350,0.742,700,236,60,-124,1526,1548,0.35,0,0,36.5,46.906,46.75,6367,18.66,53.6,0
1783525302.972673,461,1,person,0,649,128,741,352,0.768,695,240,55,-120,1526,1545,0.35,0,0,36.5,46.906,46.875,6446,18.63,53.7,0
1783525303.0170903,462,1,person,0,642,133,737,355,0.771,689,244,49,-116,1521,1543,0.35,0,0,36.5,46.906,46.875,6446,18.58,53.8,0
1783525303.0620868,463,1,person,0,638,134,736,358,0.845,687,246,47,-114,1527,1545,0.35,0,0,36.5,46.906,46.875,6446,18.65,53.6,0
1783525303.106521,464,1,person,0,636,134,736,358,0.857,686,246,46,-114,1528,1547,0.35,0,0,36.5,46.906,46.875,6446,18.61,53.7,0
1783525303.150597,465,1,person,0,633,132,737,357,0.816,685,244,45,-116,1528,1550,0.35,0,0,36.5,46.906,46.875,6446,18.46,54.2,0
1783525303.1955304,466,1,person,0,631,126,739,357,0.82,685,241,45,-119,1530,1552,0.35,0,0,36.5,46.906,46.875,6446,18.69,53.5,0
1783525303.2399552,467,1,person,0,629,121,742,359,0.844,685,240,45,-120,1530,1551,0.35,0,0,36.5,46.906,46.875,6446,18.58,53.8,0
1783525303.2842684,468,1,person,0,630,114,748,360,0.863,689,237,49,-123,1539,1554,0.35,0,0,36.5,46.906,46.875,6446,18.54,53.9,0
1783525303.325417,469,1,person,0,634,110,755,359,0.812,694,234,54,-126,1545,1556,0.35,0,0,36.5,46.906,46.875,6446,18.49,54.1,0
1783525303.371955,470,1,person,0,644,106,770,367,0.804,707,236,67,-124,1565,1549,0.35,0,0,36.5,46.906,46.875,6446,18.54,53.9,0
1783525303.4182296,471,1,person,0,656,107,785,374,0.853,720,240,80,-120,1573,1545,0.35,0,0,36.5,46.906,46.875,6446,18.46,54.2,0
1783525303.4644558,472,1,person,0,663,109,792,378,0.853,727,243,87,-117,1567,1545,0.35,0,0,36.5,46.812,47.0,6446,18.74,53.4,0
1783525303.5097165,473,1,person,0,665,110,793,379,0.87,729,244,89,-116,1559,1547,0.35,0,0,36.5,46.812,47.0,6446,18.5,54.1,0
1783525303.554872,474,1,person,0,664,106,794,382,0.876,729,244,89,-116,1556,1548,0.35,0,0,36.5,46.812,47.0,6446,18.55,53.9,0
1783525303.6005654,475,1,person,0,662,102,794,384,0.891,728,243,88,-117,1554,1549,0.35,0,0,36.5,46.812,47.0,6446,18.73,53.4,0
1783525303.6456335,476,1,person,0,659,94,794,384,0.896,726,239,86,-121,1551,1554,0.35,0,0,36.5,46.812,47.0,6446,18.78,53.2,0
1783525303.6907308,477,1,person,0,652,83,793,387,0.884,722,235,82,-125,1545,1556,0.35,0,0,36.5,46.812,47.0,6446,18.64,53.6,0
1783525303.7364995,478,1,person,0,647,78,789,387,0.861,718,232,78,-128,1542,1556,0.35,0,0,36.5,46.812,47.0,6446,18.67,53.6,0
1783525303.7817876,479,1,person,0,639,78,781,388,0.842,710,233,70,-127,1530,1551,0.35,0,0,36.5,46.812,47.0,6446,18.48,54.1,0
1783525303.833812,480,1,person,0,633,75,776,389,0.915,704,232,64,-128,1532,1554,0.35,0,0,36.5,46.812,47.0,6446,25.15,39.8,0
1783525303.875516,481,1,person,0,630,72,775,391,0.907,702,231,62,-129,1536,1554,0.35,0,0,36.5,46.812,47.0,6446,18.78,53.2,0
1783525303.922685,482,1,person,0,626,67,776,396,0.884,701,231,61,-129,1537,1553,0.35,0,0,36.5,46.812,47.0,6446,18.86,53.0,0
1783525303.969517,483,1,person,0,622,61,774,401,0.873,698,231,58,-129,1532,1553,0.35,0,0,36.5,46.937,46.906,6486,18.67,53.6,0
1783525304.0158005,484,1,person,0,617,56,770,403,0.878,693,229,53,-131,1526,1556,0.35,0,0,36.5,46.937,46.906,6486,18.52,54.0,0
1783525304.0614057,485,1,person,0,612,50,765,407,0.873,688,228,48,-132,1523,1555,0.35,0,0,36.5,46.937,46.906,6486,18.66,53.6,0
1783525304.1078465,486,1,person,0,607,47,760,410,0.858,683,228,43,-132,1520,1554,0.35,0,0,36.5,46.937,46.906,6486,18.77,53.3,0
1783525304.1540105,487,1,person,0,600,43,751,411,0.867,675,227,35,-133,1428,1556,0.35,0,0,36.5,46.937,46.906,6486,18.9,52.9,0
1783525304.2009597,488,1,person,0,594,36,747,412,0.876,670,224,30,-136,1503,1559,0.35,0,0,36.5,46.937,46.906,6486,18.69,53.5,0
1783525304.2478516,489,1,person,0,589,27,746,413,0.877,667,220,27,-140,1503,1562,0.35,0,0,36.5,46.937,46.906,6486,18.58,53.8,0
1783525304.2946832,490,1,person,0,582,11,748,414,0.904,665,212,25,-148,1503,1569,0.35,0,0,36.5,46.937,46.906,6486,18.62,53.7,0
1783525304.342509,491,1,person,0,579,3,749,413,0.888,664,208,24,-152,1503,1566,0.35,0,0,36.5,46.937,46.906,6486,18.6,53.8,0
1783525304.3891184,492,1,person,0,580,1,746,397,0.824,663,199,23,-161,1503,1576,0.35,0,0,36.5,46.937,46.906,6486,18.76,53.3,0
1783525304.4300697,493,1,person,0,581,0,741,373,0.813,661,186,21,-174,1503,1587,0.35,0,0,36.5,46.937,46.906,6486,18.62,53.7,0
1783525304.4781566,494,1,person,0,580,0,735,351,0.827,657,175,17,-185,1503,1587,0.35,0,0,36.5,46.906,46.968,6446,18.54,53.9,0
1783525304.5197258,495,,,,,,,,,,,,,1500,1500,0.35,0,0,36.5,46.906,46.968,6446,14.79,67.6,1
1783525304.5637975,496,,,,,,,,,,,,,1500,1500,0.35,0,0,36.5,46.906,46.968,6446,15.86,63.0,1
1783525304.609357,497,1,person,0,579,0,713,288,0.486,646,144,6,-216,1500,1650,0.35,0,0,36.5,46.906,46.968,6446,18.64,53.6,0
1783525304.6565723,498,1,person,0,560,1,729,355,0.787,644,178,4,-182,1500,1537,0.35,0,0,36.5,46.906,46.968,6446,18.7,53.5,0
1783525304.7049096,499,1,person,0,552,1,736,379,0.811,644,190,4,-170,1500,1556,0.35,0,0,36.5,46.906,46.968,6446,18.72,53.4,0
1783525304.7522342,500,1,person,0,540,1,746,418,0.882,643,209,3,-151,1500,1540,0.35,0,0,36.5,46.906,46.968,6446,18.68,53.5,0
1783525304.8015568,501,1,person,0,530,2,751,451,0.885,640,226,0,-134,1500,1537,0.35,0,0,36.5,46.906,46.968,6446,18.99,52.6,0
1783525304.8485012,502,1,person,0,523,1,749,465,0.868,636,233,-4,-127,1500,1544,0.35,0,0,36.5,46.906,46.968,6446,18.48,54.1,0
1783525304.896127,503,1,person,0,509,1,735,471,0.841,622,236,-18,-124,1500,1547,0.35,0,0,36.5,46.906,46.968,6446,18.93,52.8,0
1783525304.9448133,504,1,person,0,497,2,722,473,0.876,609,237,-31,-123,1500,1549,0.35,0,0,36.5,46.906,46.968,6446,18.56,53.9,0
1783525304.985812,505,1,person,0,494,1,718,474,0.886,606,237,-34,-123,1500,1550,0.35,0,0,36.5,47.25,46.906,6446,18.63,53.7,0
1783525305.0356038,506,1,person,0,490,1,714,476,0.885,602,238,-38,-122,1500,1549,0.35,0,0,36.5,47.25,46.906,6446,19.24,52.0,0
1783525305.0839136,507,1,person,0,480,3,707,477,0.913,593,240,-47,-120,1393,1547,0.35,0,0,36.5,47.25,46.906,6446,19.27,51.9,0
1783525305.133866,508,1,person,0,473,3,706,482,0.91,589,242,-51,-118,1462,1546,0.35,0,0,36.5,47.25,46.906,6446,19.84,50.4,0
1783525305.1864116,509,1,person,0,465,2,707,489,0.906,586,245,-54,-115,1462,1544,0.35,0,0,36.5,47.25,46.906,6446,23.24,43.0,0
1783525305.2412982,510,1,person,0,458,1,718,514,0.906,588,257,-52,-103,1471,1532,0.35,0,0,36.5,47.25,46.906,6446,26.35,38.0,0
1783525305.2896829,511,1,person,0,450,1,718,523,0.899,584,262,-56,-98,1459,1535,0.35,0,0,36.5,47.25,46.906,6446,18.74,53.4,0
1783525305.3376336,512,1,person,0,442,1,715,527,0.909,578,264,-62,-96,1452,1538,0.35,0,0,36.5,47.25,46.906,6446,18.65,53.6,0
1783525305.3853395,513,1,person,0,437,2,713,529,0.916,575,265,-65,-95,1455,1538,0.35,0,0,36.5,47.25,46.906,6446,18.49,54.1,0
1783525305.4332244,514,1,person,0,442,1,725,535,0.914,583,268,-57,-92,1478,1535,0.35,0,0,36.5,47.25,46.906,6446,18.71,53.4,0
1783525305.4800467,515,1,person,0,441,2,733,545,0.919,587,273,-53,-87,1474,1531,0.35,0,0,36.5,46.968,47.062,6407,18.54,53.9,0
1783525305.5273468,516,1,person,0,439,2,749,576,0.918,594,289,-46,-71,1483,1513,0.35,0,0,36.5,46.968,47.062,6407,18.64,53.7,0
1783525305.5684307,517,1,person,0,441,2,766,599,0.923,603,300,-37,-60,1588,1512,0.35,0,0,36.5,46.968,47.062,6407,18.64,53.7,0
1783525305.6175404,518,1,person,0,449,1,787,613,0.929,618,307,-22,-53,1499,1516,0.35,0,0,36.5,46.968,47.062,6407,18.55,53.9,0
1783525305.6670835,519,1,person,0,458,2,803,617,0.911,630,309,-10,-51,1499,1520,0.35,0,0,36.5,46.968,47.062,6407,18.74,53.4,0
1783525305.7152128,520,1,person,0,471,2,820,617,0.919,645,309,5,-51,1499,1522,0.35,0,0,36.5,46.968,47.062,6407,18.51,54.0,0
1783525305.7640984,521,1,person,0,483,2,834,616,0.909,658,309,18,-51,1499,1522,0.35,0,0,36.5,46.968,47.062,6407,18.69,53.5,0
1783525305.811663,522,1,person,0,487,1,840,617,0.866,663,309,23,-51,1499,1522,0.35,0,0,36.5,46.968,47.062,6407,18.63,53.7,0
1783525305.8595364,523,1,person,0,513,1,858,614,0.891,685,307,45,-53,1601,1525,0.35,0,0,36.5,46.968,47.062,6407,18.63,53.7,0
1783525305.908496,524,1,person,0,525,1,863,613,0.895,694,307,54,-53,1546,1523,0.35,0,0,36.5,46.968,47.062,6407,18.63,53.7,0
1783525305.955817,525,1,person,0,529,0,860,605,0.927,694,302,54,-58,1531,1530,0.35,0,0,36.5,46.968,47.062,6407,18.6,53.8,0
1783525306.0037415,526,1,person,0,531,0,859,602,0.919,695,301,55,-59,1534,1526,0.35,0,0,36.5,47.218,46.875,6446,18.66,53.6,0
1783525306.0504217,527,1,person,0,536,0,859,592,0.922,697,296,57,-64,1537,1532,0.35,0,0,36.5,47.218,46.875,6446,18.51,54.0,0
1783525306.0979152,528,1,person,0,542,0,860,585,0.93,701,292,61,-68,1543,1533,0.35,0,0,36.5,47.218,46.875,6446,18.82,53.1,0
1783525306.1392667,529,1,person,0,548,0,865,581,0.932,706,290,66,-70,1549,1532,0.35,0,0,36.5,47.218,46.875,6446,18.72,53.4,0
1783525306.1883523,530,1,person,0,550,0,862,581,0.872,706,290,66,-70,1539,1530,0.35,0,0,36.5,47.218,46.875,6446,18.61,53.7,0
1783525306.2366357,531,1,person,0,568,0,877,577,0.878,722,288,82,-72,1575,1532,0.35,0,0,36.5,47.218,46.875,6446,18.77,53.3,0
1783525306.2846057,532,1,person,0,587,1,886,563,0.917,736,282,96,-78,1581,1539,0.35,0,0,36.5,47.218,46.875,6446,18.69,53.5,0
1783525306.3330395,533,1,person,0,600,2,892,553,0.906,746,277,106,-83,1580,1540,0.35,0,0,36.5,47.218,46.875,6446,18.66,53.6,0
1783525306.3833365,534,1,person,0,610,2,895,546,0.895,752,274,112,-86,1577,1539,0.35,0,0,36.5,47.218,46.875,6446,21.25,47.1,0
1783525306.4306047,535,1,person,0,616,2,898,544,0.91,757,273,117,-87,1579,1537,0.35,0,0,36.5,47.218,46.875,6446,18.71,53.4,0
1783525306.4786265,536,1,person,0,619,2,898,538,0.9,758,270,118,-90,1573,1541,0.35,0,0,36.5,47.218,46.875,6446,18.7,53.5,0
1783525306.526327,537,1,person,0,629,2,912,541,0.892,770,271,130,-89,1599,1536,0.35,0,0,36.5,47.031,47.031,6367,18.63,53.7,0
1783525306.5743027,538,1,person,0,623,3,896,541,0.886,759,272,119,-88,1554,1536,0.35,0,0,36.5,47.031,47.031,6367,18.69,53.5,0
1783525306.6219022,539,1,person,0,625,3,878,517,0.887,751,260,111,-100,1554,1554,0.35,0,0,36.5,47.031,47.031,6367,18.49,54.1,0
1783525306.6760387,540,1,person,0,634,2,865,480,0.878,749,241,109,-119,1563,1567,0.35,0,0,36.5,47.031,47.031,6367,24.33,41.1,0
1783525306.7110817,541,,,,,,,,,,,,,1500,1500,0.35,0,0,36.5,47.031,47.031,6367,14.6,68.5,1
1783525306.7572246,542,,,,,,,,,,,,,1500,1500,0.35,0,0,36.5,47.031,47.031,6367,14.77,67.7,1
1783525306.798847,543,,,,,,,,,,,,,1500,1500,0.35,0,0,36.5,47.031,47.031,6367,14.86,67.3,1
1783525306.845191,544,1,person,0,667,0,827,306,0.555,747,153,107,-207,1700,1650,0.35,0,0,36.5,47.031,47.031,6367,18.79,53.2,0
1783525306.8867526,545,,,,,,,,,,,,,1500,1500,0.35,0,0,36.5,47.031,47.031,6367,14.89,67.2,1
1783525306.9346824,546,1,person,0,632,0,828,375,0.67,730,187,90,-173,1700,1650,0.35,0,0,36.5,47.031,47.031,6367,18.8,53.2,0
1783525306.983999,547,1,person,0,616,0,844,436,0.703,730,218,90,-142,1554,1525,0.35,0,0,36.5,47.031,47.031,6367,20.17,49.6,0
1783525307.0335383,548,1,person,0,609,0,850,473,0.794,729,236,89,-124,1552,1531,0.35,0,0,36.5,46.937,46.937,6407,19.26,51.9,0
1783525307.0816796,549,1,person,0,613,0,859,488,0.883,736,244,96,-116,1569,1538,0.35,0,0,36.5,46.937,46.937,6407,19.02,52.6,0
1783525307.1290631,550,1,person,0,611,0,857,496,0.903,734,248,94,-112,1553,1541,0.35,0,0,36.5,46.937,46.937,6407,18.68,53.5,0
1783525307.1761684,551,1,person,0,610,0,852,498,0.887,731,249,91,-111,1550,1544,0.35,0,0,36.5,46.937,46.937,6407,18.67,53.6,0
1783525307.2223966,552,1,person,0,615,0,853,497,0.888,734,248,94,-112,1562,1546,0.35,0,0,36.5,46.937,46.937,6407,18.52,54.0,0
1783525307.2641795,553,1,person,0,619,0,849,485,0.901,734,242,94,-118,1557,1555,0.35,0,0,36.5,46.937,46.937,6407,18.6,53.8,0
1783525307.311955,554,1,person,0,624,0,848,472,0.917,736,236,96,-124,1562,1556,0.35,0,0,36.5,46.937,46.937,6407,18.49,54.1,0
1783525307.3595097,555,1,person,0,633,0,850,457,0.911,741,228,101,-132,1570,1562,0.35,0,0,36.5,46.937,46.937,6407,18.54,53.9,0
1783525307.407718,556,1,person,0,636,0,849,448,0.904,742,224,102,-136,1564,1559,0.35,0,0,36.5,46.937,46.937,6407,18.71,53.4,0
1783525307.454599,557,1,person,0,635,0,848,450,0.911,741,225,101,-135,1560,1554,0.35,0,0,36.5,46.937,46.937,6407,18.64,53.6,0
1783525307.5021443,558,1,person,0,631,1,845,451,0.924,738,226,98,-134,1555,1554,0.35,0,0,36.5,47.062,46.937,6407,18.93,52.8,0
1783525307.548945,559,1,person,0,627,1,841,452,0.918,734,226,94,-134,1551,1555,0.35,0,0,36.5,47.062,46.937,6407,18.52,54.0,0
1783525307.6002522,560,1,person,0,624,1,837,452,0.913,730,226,90,-134,1549,1555,0.35,0,0,36.5,47.062,46.937,6407,22.49,44.5,0
1783525307.6476674,561,1,person,0,621,1,833,453,0.912,727,227,87,-133,1549,1554,0.35,0,0,36.5,47.062,46.937,6407,18.71,53.4,0
1783525307.69372,562,1,person,0,618,1,827,453,0.901,722,227,82,-133,1542,1555,0.35,0,0,36.5,47.062,46.937,6407,18.64,53.6,0
1783525307.7406578,563,1,person,0,618,1,825,453,0.896,721,227,81,-133,1549,1555,0.35,0,0,36.5,47.062,46.937,6407,18.58,53.8,0
1783525307.7860386,564,1,person,0,621,1,823,447,0.905,722,224,82,-136,1553,1559,0.35,0,0,36.5,47.062,46.937,6407,18.56,53.9,0
1783525307.826919,565,1,person,0,624,1,822,442,0.91,723,221,83,-139,1554,1561,0.35,0,0,36.5,47.062,46.937,6407,18.57,53.8,0
1783525307.874028,566,1,person,0,626,2,820,439,0.913,723,220,83,-140,1552,1559,0.35,0,0,36.5,47.062,46.937,6407,18.63,53.7,0
1783525307.9210129,567,1,person,0,623,2,815,436,0.916,719,219,79,-141,1543,1559,0.35,0,0,36.5,47.062,46.937,6407,18.6,53.8,0
1783525307.9682684,568,1,person,0,622,2,813,435,0.912,717,218,77,-142,1545,1559,0.35,0,0,36.5,47.062,46.937,6407,18.89,52.9,0
1783525308.0145707,569,1,person,0,619,1,809,435,0.913,714,218,74,-142,1542,1558,0.35,0,0,36.5,46.968,46.937,6407,18.43,54.3,0
1783525308.066245,570,1,person,0,616,2,804,436,0.914,710,219,70,-141,1538,1557,0.35,0,0,36.5,46.968,46.937,6407,24.46,40.9,0
1783525308.113616,571,1,person,0,616,2,801,435,0.909,708,218,68,-142,1540,1559,0.35,0,0,36.5,46.968,46.937,6407,19.61,51.0,0
1783525308.1595757,572,1,person,0,614,2,796,435,0.914,705,218,65,-142,1536,1558,0.35,0,0,36.5,46.968,46.937,6407,18.66,53.6,0
1783525308.2068162,573,1,person,0,614,2,793,435,0.914,703,218,63,-142,1537,1558,0.35,0,0,36.5,46.968,46.937,6407,19.56,51.1,0
1783525308.2522376,574,1,person,0,614,1,790,436,0.89,702,218,62,-142,1538,1558,0.35,0,0,36.5,46.968,46.937,6407,18.59,53.8,0
1783525308.2985127,575,1,person,0,615,1,788,436,0.91,701,218,61,-142,1537,1558,0.35,0,0,36.5,46.968,46.937,6407,18.89,52.9,0
1783525308.3446472,576,1,person,0,621,5,789,436,0.901,705,220,65,-140,1548,1555,0.35,0,0,36.5,46.968,46.937,6407,18.77,53.3,0
1783525308.3856688,577,1,person,0,630,9,793,434,0.894,711,221,71,-139,1557,1556,0.35,0,0,36.5,46.968,46.937,6407,18.55,53.9,0
1783525308.433839,578,1,person,0,635,11,793,429,0.875,714,220,74,-140,1552,1559,0.35,0,0,36.5,46.968,46.937,6407,18.81,53.2,0
1783525308.4808366,579,1,person,0,637,12,792,425,0.869,714,218,74,-142,1547,1560,0.35,0,0,36.5,46.968,46.937,6407,18.61,53.7,0
1783525308.5271928,580,1,person,0,628,10,780,420,0.839,704,215,64,-145,1524,1563,0.35,0,0,36.5,47.0,47.062,6446,18.67,53.5,0
1783525308.575327,581,1,person,0,619,10,769,416,0.847,694,213,54,-147,1518,1562,0.35,0,0,36.5,47.0,47.062,6446,18.6,53.8,0
1783525308.6216693,582,1,person,0,610,14,757,415,0.902,683,214,43,-146,1509,1559,0.35,0,0,36.5,47.0,47.062,6446,18.63,53.7,0
1783525308.6688519,583,1,person,0,604,20,750,417,0.886,677,218,37,-142,1430,1554,0.35,0,0,36.5,47.0,47.062,6446,18.76,53.3,0
1783525308.7150033,584,1,person,0,600,27,745,418,0.86,672,222,32,-138,1503,1552,0.35,0,0,36.5,47.0,47.062,6446,18.56,53.9,0
1783525308.7620797,585,1,person,0,599,45,738,417,0.861,668,231,28,-129,1503,1544,0.35,0,0,36.5,47.0,47.062,6446,18.75,53.3,0
1783525308.8096967,586,1,person,0,600,55,737,416,0.885,668,235,28,-125,1503,1547,0.35,0,0,36.5,47.0,47.062,6446,19.92,50.2,0
1783525308.85587,587,1,person,0,605,62,740,417,0.89,672,239,32,-121,1503,1546,0.35,0,0,36.5,47.0,47.062,6446,18.72,53.4,0
1783525308.9032366,588,1,person,0,608,66,743,418,0.853,675,242,35,-118,1503,1546,0.35,0,0,36.5,47.0,47.062,6446,18.78,53.3,0
1783525308.9439385,589,1,person,0,614,66,749,418,0.873,681,242,41,-118,1608,1549,0.35,0,0,36.5,47.0,47.062,6446,18.61,53.7,0
1783525308.991305,590,1,person,0,623,68,753,407,0.908,688,237,48,-123,1543,1556,0.35,0,0,36.5,47.0,47.062,6446,18.98,52.7,0
1783525309.0385854,591,1,person,0,628,69,755,398,0.897,691,233,51,-127,1538,1557,0.35,0,0,36.5,47.343,47.156,6446,18.67,53.6,0
1783525309.0847762,592,1,person,0,632,71,759,398,0.89,695,234,55,-126,1542,1551,0.35,0,0,36.5,47.343,47.156,6446,18.4,54.3,0
1783525309.131888,593,1,person,0,636,74,763,396,0.901,699,235,59,-125,1545,1550,0.35,0,0,36.5,47.343,47.156,6446,18.85,53.1,0
1783525309.177512,594,1,person,0,638,76,765,393,0.892,701,234,61,-126,1543,1553,0.35,0,0,36.5,47.343,47.156,6446,18.51,54.0,0
1783525309.2232537,595,1,person,0,643,80,771,392,0.888,707,236,67,-124,1553,1549,0.35,0,0,36.5,47.343,47.156,6446,18.6,53.8,0
1783525309.2694798,596,1,person,0,647,83,776,391,0.872,711,237,71,-123,1552,1550,0.35,0,0,36.5,47.343,47.156,6446,18.64,53.6,0
1783525309.3151271,597,1,person,0,655,88,784,389,0.89,719,238,79,-122,1564,1549,0.35,0,0,36.5,47.343,47.156,6446,18.68,53.5,0
1783525309.3610253,598,1,person,0,659,90,790,389,0.885,724,239,84,-121,1562,1549,0.35,0,0,36.5,47.343,47.156,6446,18.79,53.2,0
1783525309.4071293,599,1,person,0,664,91,797,389,0.884,730,240,90,-120,1567,1548,0.35,0,0,36.5,47.343,47.156,6446,19.52,51.2,0
1783525309.458365,600,1,person,0,678,87,810,387,0.869,744,237,104,-123,1587,1554,0.35,0,0,36.5,47.343,47.156,6446,24.21,41.3,0
1783525309.4999924,601,1,person,0,684,86,816,387,0.856,750,236,110,-124,1580,1552,0.35,0,0,36.5,47.343,47.156,6446,18.81,53.2,0
1783525309.5472748,602,1,person,0,690,88,820,384,0.862,755,236,115,-124,1580,1551,0.35,0,0,36.5,47.562,47.093,6486,18.63,53.7,0
1783525309.5936606,603,1,person,0,700,94,825,383,0.842,762,238,122,-122,1588,1548,0.35,0,0,36.5,47.562,47.093,6486,18.78,53.3,0
1783525309.639943,604,1,person,0,706,102,826,377,0.813,766,239,126,-121,1585,1549,0.35,0,0,36.5,47.562,47.093,6486,18.7,53.5,0
1783525309.6860118,605,1,person,0,706,114,823,381,0.864,764,247,124,-113,1573,1538,0.35,0,0,36.5,47.562,47.093,6486,18.53,54.0,0
1783525309.7318425,606,1,person,0,703,120,820,383,0.862,761,251,121,-109,1570,1541,0.35,0,0,36.5,47.562,47.093,6486,18.91,52.9,0
1783525309.7774172,607,1,person,0,702,121,819,383,0.863,760,252,120,-108,1573,1544,0.35,0,0,36.5,47.562,47.093,6486,18.51,54.0,0
1783525309.8236463,608,1,person,0,700,118,819,383,0.868,759,250,119,-110,1572,1548,0.35,0,0,36.5,47.562,47.093,6486,18.99,52.7,0
1783525309.8697371,609,1,person,0,696,117,817,384,0.863,756,250,116,-110,1567,1546,0.35,0,0,36.5,47.562,47.093,6486,18.87,53.0,0
1783525309.914857,610,1,person,0,688,114,805,372,0.802,746,243,106,-117,1548,1556,0.35,0,0,36.5,47.562,47.093,6486,18.63,53.7,0
1783525309.9607306,611,1,person,0,676,109,791,368,0.734,733,238,93,-122,1536,1556,0.35,0,0,36.5,47.562,47.093,6486,18.59,53.8,0
1783525310.0070436,612,1,person,0,665,107,781,370,0.769,723,238,83,-122,1535,1550,0.35,0,0,36.5,47.562,47.093,6486,19.5,51.3,0
1783525310.047939,613,1,person,0,661,104,775,368,0.768,718,236,78,-124,1540,1554,0.35,0,0,36.5,47.312,47.0,6446,18.5,54.1,0
1783525310.0953193,614,1,person,0,654,103,765,363,0.817,709,233,69,-127,1529,1555,0.35,0,0,36.5,47.312,47.0,6446,18.69,53.5,0
1783525310.141768,615,1,person,0,647,106,757,363,0.832,702,234,62,-126,1528,1551,0.35,0,0,36.5,47.312,47.0,6446,18.59,53.8,0
1783525310.1869776,616,1,person,0,637,113,745,363,0.856,691,238,51,-122,1514,1546,0.35,0,0,36.5,47.312,47.0,6446,18.43,54.3,0
1783525310.2331898,617,1,person,0,632,119,739,363,0.863,685,241,45,-119,1519,1546,0.35,0,0,36.5,47.312,47.0,6446,18.68,53.5,0
1783525310.2781594,618,1,person,0,630,123,736,363,0.82,683,243,43,-117,1525,1546,0.35,0,0,36.5,47.312,47.0,6446,18.6,53.8,0
1783525310.3232226,619,1,person,0,626,127,729,360,0.845,677,243,37,-117,1426,1548,0.35,0,0,36.5,47.312,47.0,6446,18.67,53.6,0
1783525310.3686554,620,1,person,0,625,128,726,355,0.84,675,241,35,-119,1503,1551,0.35,0,0,36.5,47.312,47.0,6446,18.61,53.7,0
1783525310.4140208,621,1,person,0,624,129,723,352,0.834,673,240,33,-120,1503,1551,0.35,0,0,36.5,47.312,47.0,6446,18.45,54.2,0
1783525310.4601293,622,1,person,0,624,129,723,350,0.783,673,239,33,-121,1503,1551,0.35,0,0,36.5,47.312,47.0,6446,18.89,52.9,0
1783525310.5050333,623,1,person,0,625,128,723,349,0.736,674,238,34,-122,1503,1551,0.35,0,0,36.5,47.312,47.0,6446,18.64,53.6,0
1783525310.5496643,624,1,person,0,625,129,723,350,0.561,674,239,34,-121,1503,1549,0.35,0,0,36.5,47.218,47.187,6446,18.65,53.6,0
1783525310.593967,625,1,person,0,625,129,722,349,0.46,673,239,33,-121,1503,1550,0.35,0,0,36.5,47.218,47.187,6446,21.97,45.5,0
1783525310.6347175,626,,,,,,,,,,,,,1500,1500,0.35,0,0,36.5,47.218,47.187,6446,14.99,66.7,1
1783525310.6757126,627,,,,,,,,,,,,,1500,1500,0.35,0,0,36.5,47.218,47.187,6446,14.72,67.9,1
1783525310.7205832,628,1,person,0,627,131,722,347,0.535,674,239,34,-121,1500,1650,0.35,0,0,36.5,47.218,47.187,6446,18.6,53.8,0
1783525310.7670324,629,1,person,0,628,132,722,346,0.512,675,239,35,-121,1500,1548,0.35,0,0,36.5,47.218,47.187,6446,18.74,53.4,0
1783525310.8173118,630,1,person,0,627,129,722,345,0.651,674,237,34,-123,1500,1551,0.35,0,0,36.5,47.218,47.187,6446,24.32,41.1,0
1783525310.8635364,631,1,person,0,629,125,725,346,0.653,677,235,37,-125,1500,1552,0.35,0,0,36.5,47.218,47.187,6446,19.96,50.1,0
1783525310.9079351,632,1,person,0,633,121,728,345,0.569,680,233,40,-127,1500,1553,0.35,0,0,36.5,47.218,47.187,6446,18.65,53.6,0
1783525310.952613,633,1,person,0,649,122,741,346,0.681,695,234,55,-126,1631,1549,0.35,0,0,36.5,47.218,47.187,6446,18.74,53.4,0
1783525310.9977953,634,1,person,0,659,124,747,345,0.751,703,234,63,-126,1552,1551,0.35,0,0,36.5,47.218,47.187,6446,18.86,53.0,0
1783525311.0423589,635,1,person,0,663,129,750,349,0.771,706,239,66,-121,1545,1543,0.35,0,0,36.5,47.281,47.187,6486,18.51,54.0,0
1783525311.0868204,636,1,person,0,665,135,751,352,0.804,708,243,68,-117,1544,1543,0.35,0,0,36.5,47.281,47.187,6486,18.73,53.4,0
1783525311.128652,637,1,person,0,667,139,751,351,0.791,709,245,69,-115,1543,1544,0.35,0,0,36.5,47.281,47.187,6486,18.71,53.5,0
1783525311.1749694,638,1,person,0,668,139,751,349,0.787,709,244,69,-116,1541,1548,0.35,0,0,36.5,47.281,47.187,6486,18.64,53.6,0
1783525311.2205493,639,1,person,0,672,134,756,348,0.799,714,241,74,-119,1553,1552,0.35,0,0,36.5,47.281,47.187,6486,18.8,53.2,0
1783525311.2659047,640,1,person,0,675,132,759,349,0.794,717,240,77,-120,1552,1550,0.35,0,0,36.5,47.281,47.187,6486,18.7,53.5,0
1783525311.3111486,641,1,person,0,677,130,760,346,0.796,718,238,78,-122,1549,1552,0.35,0,0,36.5,47.281,47.187,6486,18.58,53.8,0
1783525311.3557851,642,1,person,0,677,129,761,347,0.772,719,238,79,-122,1550,1550,0.35,0,0,36.5,47.281,47.187,6486,18.99,52.7,0
1783525311.4016068,643,1,person,0,678,129,761,347,0.766,719,238,79,-122,1548,1550,0.35,0,0,36.5,47.281,47.187,6486,19.9,50.2,0
1783525311.446014,644,1,person,0,678,130,761,345,0.768,719,237,79,-123,1548,1552,0.35,0,0,36.5,47.281,47.187,6486,18.68,53.5,0
1783525311.490239,645,1,person,0,679,131,761,347,0.787,720,239,80,-121,1551,1548,0.35,0,0,36.5,47.281,47.187,6486,18.7,53.5,0
1783525311.534719,646,1,person,0,679,133,761,346,0.805,720,239,80,-121,1549,1550,0.35,0,0,36.5,47.281,47.187,6486,18.84,53.1,0
1783525311.5786235,647,1,person,0,679,132,760,346,0.789,719,239,79,-121,1547,1550,0.35,0,0,36.5,47.156,47.031,6407,18.45,54.2,0
1783525311.6225593,648,1,person,0,676,132,758,348,0.782,717,240,77,-120,1544,1548,0.35,0,0,36.5,47.156,47.031,6407,18.56,53.9,0
1783525311.6634803,649,1,person,0,673,132,755,348,0.75,714,240,74,-120,1540,1550,0.35,0,0,36.5,47.156,47.031,6407,18.73,53.4,0
1783525311.7101138,650,1,person,0,669,131,752,350,0.787,710,240,70,-120,1536,1550,0.35,0,0,36.5,47.156,47.031,6407,18.84,53.1,0
1783525311.7566345,651,1,person,0,665,133,748,351,0.827,706,242,66,-118,1534,1547,0.35,0,0,36.5,47.156,47.031,6407,18.92,52.9,0
1783525311.807064,652,1,person,0,663,133,747,352,0.82,705,242,65,-118,1539,1549,0.35,0,0,36.5,47.156,47.031,6407,23.94,41.8,0
1783525311.8516817,653,1,person,0,661,131,746,352,0.793,703,241,63,-119,1536,1550,0.35,0,0,36.5,47.156,47.031,6407,18.75,53.3,0
1783525311.8967173,654,1,person,0,657,131,742,353,0.765,699,242,59,-118,1530,1548,0.35,0,0,36.5,47.156,47.031,6407,18.95,52.8,0
1783525311.9416766,655,1,person,0,655,129,741,353,0.777,698,241,58,-119,1535,1550,0.35,0,0,36.5,47.156,47.031,6407,18.67,53.6,0
1783525311.9863727,656,1,person,0,654,126,741,353,0.782,697,239,57,-121,1534,1552,0.35,0,0,36.5,47.156,47.031,6407,18.77,53.3,0
1783525312.0309467,657,1,person,0,653,123,740,352,0.781,696,237,56,-123,1534,1553,0.35,0,0,36.5,47.156,47.031,6407,18.91,52.9,0
1783525312.0752347,658,1,person,0,653,122,741,353,0.777,697,237,57,-123,1538,1551,0.35,0,0,36.5,47.125,47.0,6407,18.73,53.4,0
1783525312.119347,659,1,person,0,652,120,742,355,0.777,697,237,57,-123,1536,1551,0.35,0,0,36.5,47.125,47.0,6407,18.63,53.7,0
1783525312.169655,660,1,person,0,652,120,743,358,0.785,697,239,57,-121,1536,1548,0.35,0,0,36.5,47.125,47.0,6407,24.53,40.8,0
1783525312.2122033,661,1,person,0,651,120,743,359,0.773,697,239,57,-121,1536,1550,0.35,0,0,36.5,47.125,47.0,6407,19.77,50.6,0
1783525312.2584093,662,1,person,0,651,121,742,360,0.746,696,240,56,-120,1534,1548,0.35,0,0,36.5,47.125,47.0,6407,18.91,52.9,0
1783525312.3042767,663,1,person,0,649,122,741,360,0.743,695,241,55,-119,1534,1548,0.35,0,0,36.5,47.125,47.0,6407,18.81,53.2,0
1783525312.3489323,664,1,person,0,647,124,739,362,0.774,693,243,53,-117,1531,1546,0.35,0,0,36.5,47.125,47.0,6407,18.4,54.4,0
1783525312.395277,665,1,person,0,647,124,739,363,0.804,693,243,53,-117,1534,1548,0.35,0,0,36.5,47.125,47.0,6407,20.3,49.3,0
1783525312.439681,666,1,person,0,646,122,739,363,0.79,692,242,52,-118,1532,1550,0.35,0,0,36.5,47.125,47.0,6407,18.8,53.2,0
1783525312.484569,667,1,person,0,647,118,741,364,0.813,694,241,54,-119,1538,1550,0.35,0,0,36.5,47.125,47.0,6407,18.78,53.3,0
1783525312.530395,668,1,person,0,647,113,742,364,0.818,694,238,54,-122,1535,1554,0.35,0,0,36.5,47.125,47.0,6407,19.12,52.3,0
1783525312.5747766,669,1,person,0,646,110,742,365,0.819,694,237,54,-123,1535,1552,0.35,0,0,36.5,47.656,47.218,6486,18.6,53.8,0
1783525312.6193347,670,1,person,0,646,106,743,364,0.796,694,235,54,-125,1535,1554,0.35,0,0,36.5,47.656,47.218,6486,18.64,53.6,0
1783525312.6640513,671,1,person,0,645,102,745,364,0.778,695,233,55,-127,1537,1555,0.35,0,0,36.5,47.656,47.218,6486,18.72,53.4,0
1783525312.7079365,672,1,person,0,645,98,746,364,0.771,695,231,55,-129,1536,1555,0.35,0,0,36.5,47.656,47.218,6486,18.63,53.7,0
1783525312.748994,673,1,person,0,644,94,746,364,0.797,695,229,55,-131,1536,1556,0.35,0,0,36.5,47.656,47.218,6486,18.81,53.2,0
1783525312.7958052,674,1,person,0,642,94,746,365,0.783,694,229,54,-131,1533,1554,0.35,0,0,36.5,47.656,47.218,6486,18.76,53.3,0
1783525312.841434,675,1,person,0,642,94,746,365,0.791,694,229,54,-131,1535,1554,0.35,0,0,36.5,47.656,47.218,6486,18.67,53.6,0
1783525312.8856957,676,1,person,0,640,91,747,368,0.791,693,229,53,-131,1532,1554,0.35,0,0,36.5,47.656,47.218,6486,18.65,53.6,0
1783525312.9306552,677,1,person,0,639,91,747,370,0.774,693,230,53,-130,1534,1552,0.35,0,0,36.5,47.656,47.218,6486,18.99,52.7,0
1783525312.974956,678,1,person,0,639,91,748,372,0.755,693,231,53,-129,1534,1552,0.35,0,0,36.5,47.656,47.218,6486,18.54,53.9,0
1783525313.0194716,679,1,person,0,635,85,747,375,0.84,691,230,51,-130,1530,1555,0.35,0,0,36.5,47.656,47.218,6486,18.65,53.6,0
1783525313.06463,680,1,person,0,633,83,748,377,0.868,690,230,50,-130,1531,1554,0.35,0,0,36.5,47.156,47.406,6446,18.78,53.2,0
1783525313.1092541,681,1,person,0,633,82,748,377,0.853,690,229,50,-131,1533,1555,0.35,0,0,36.5,47.156,47.406,6446,18.6,53.8,0
1783525313.1535125,682,1,person,0,635,80,750,376,0.89,692,228,52,-132,1537,1555,0.35,0,0,36.5,47.156,47.406,6446,18.7,53.5,0
1783525313.198679,683,1,person,0,635,78,751,377,0.882,693,227,53,-133,1536,1556,0.35,0,0,36.5,47.156,47.406,6446,18.81,53.2,0
1783525313.2430906,684,1,person,0,635,76,753,378,0.884,694,227,54,-133,1537,1555,0.35,0,0,36.5,47.156,47.406,6446,18.55,53.9,0
1783525313.2843528,685,1,person,0,635,74,756,382,0.882,695,228,55,-132,1537,1553,0.35,0,0,36.5,47.156,47.406,6446,18.48,54.1,0
1783525313.3311367,686,1,person,0,637,73,759,385,0.884,698,229,58,-131,1542,1553,0.35,0,0,36.5,47.156,47.406,6446,18.92,52.8,0
1783525313.3770814,687,1,person,0,640,72,763,387,0.879,701,229,61,-131,1544,1554,0.35,0,0,36.5,47.156,47.406,6446,18.78,53.2,0
1783525313.422402,688,1,person,0,643,73,766,389,0.849,704,231,64,-129,1546,1551,0.35,0,0,36.5,47.156,47.406,6446,18.71,53.5,0
1783525313.4681413,689,1,person,0,644,72,767,391,0.855,705,231,65,-129,1543,1553,0.35,0,0,36.5,47.156,47.406,6446,18.84,53.1,0
1783525313.518994,690,1,person,0,645,71,769,392,0.862,707,231,67,-129,1546,1553,0.35,0,0,36.5,47.156,47.406,6446,24.43,40.9,0
1783525313.5650787,691,1,person,0,647,68,771,392,0.853,709,230,69,-130,1547,1555,0.55,0,0,36.5,47.437,47.25,6486,18.94,52.8,0
1783525313.6125975,692,1,person,0,649,65,773,393,0.861,711,229,71,-131,1548,1555,0.55,0,0,36.5,47.437,47.25,6486,21.14,47.3,0
1783525313.6579063,693,1,person,0,650,52,778,393,0.87,714,222,74,-138,1552,1564,0.55,0,0,36.5,47.437,47.25,6486,18.7,53.5,0
1783525313.703986,694,1,person,0,653,44,781,392,0.867,717,218,77,-142,1554,1563,0.55,0,0,36.5,47.437,47.25,6486,18.71,53.4,0
1783525313.7496114,695,1,person,0,657,37,787,394,0.879,722,215,82,-145,1560,1563,0.55,0,0,36.5,47.437,47.25,6486,18.67,53.6,0
1783525313.7954924,696,1,person,0,661,39,791,396,0.891,726,217,86,-143,1561,1557,0.55,0,0,36.5,47.437,47.25,6486,18.82,53.1,0
1783525313.836977,697,1,person,0,665,34,795,395,0.891,730,214,90,-146,1564,1564,0.55,0,0,36.5,47.437,47.25,6486,18.6,53.8,0
1783525313.885918,698,1,person,0,668,32,801,399,0.897,734,215,94,-145,1565,1558,0.55,0,0,36.5,47.437,47.25,6486,18.6,53.8,0
1783525313.9329398,699,1,person,0,669,32,803,402,0.892,736,217,96,-143,1564,1557,0.55,0,0,36.5,47.437,47.25,6486,18.7,53.5,0
1783525313.9786468,700,1,person,0,669,32,804,403,0.897,736,217,96,-143,1560,1559,0.55,0,0,36.5,47.437,47.25,6486,18.51,54.0,0
1783525314.024286,701,1,person,0,668,32,805,409,0.893,736,220,96,-140,1560,1554,0.55,0,0,36.5,47.437,47.25,6486,18.68,53.5,0
1783525314.070358,702,1,person,0,666,32,805,413,0.898,735,222,95,-138,1558,1555,0.35,0,0,36.5,47.343,47.187,6446,18.73,53.4,0
1783525314.1161845,703,1,person,0,664,26,806,415,0.895,735,220,95,-140,1560,1560,0.35,0,0,36.5,47.343,47.187,6446,18.73,53.4,0
1783525314.1627002,704,1,person,0,662,21,806,416,0.89,734,218,94,-142,1557,1560,0.35,0,0,36.5,47.343,47.187,6446,18.74,53.4,0
1783525314.2139897,705,1,person,0,659,17,804,417,0.862,731,217,91,-143,1552,1560,0.35,0,0,36.5,47.343,47.187,6446,21.55,46.4,0
1783525314.260613,706,1,person,0,658,12,805,417,0.886,731,214,91,-146,1557,1563,0.35,0,0,36.5,47.343,47.187,6446,18.84,53.1,0
1783525314.3072762,707,1,person,0,658,9,806,416,0.894,732,212,92,-148,1559,1563,0.35,0,0,36.5,47.343,47.187,6446,18.54,53.9,0
1783525314.35314,708,1,person,0,656,5,806,421,0.906,731,213,91,-147,1555,1559,0.35,0,0,36.5,47.343,47.187,6446,18.61,53.7,0
1783525314.3942866,709,1,person,0,653,2,806,428,0.909,729,215,89,-145,1552,1557,0.35,0,0,36.5,47.343,47.187,6446,18.82,53.1,0
1783525314.4411848,710,1,person,0,652,0,807,435,0.91,729,217,89,-143,1556,1557,0.35,0,0,36.5,47.343,47.187,6446,18.58,53.8,0
1783525314.4879096,711,1,person,0,652,0,808,441,0.906,730,220,90,-140,1558,1554,0.35,0,0,36.5,47.343,47.187,6446,18.61,53.7,0
1783525314.5341384,712,1,person,0,653,0,809,447,0.904,731,223,91,-137,1559,1553,0.35,0,0,36.5,47.343,47.187,6446,18.87,53.0,0
1783525314.580009,713,1,person,0,655,0,812,451,0.905,733,225,93,-135,1562,1553,0.35,0,0,36.5,47.531,47.093,6644,18.5,54.1,0
1783525314.6267254,714,1,person,0,659,1,814,453,0.89,736,227,96,-133,1565,1553,0.35,0,0,36.5,47.531,47.093,6644,18.59,53.8,0
1783525314.6733322,715,1,person,0,663,2,818,452,0.896,740,227,100,-133,1569,1555,0.35,0,0,36.5,47.531,47.093,6644,18.55,53.9,0
1783525314.7196867,716,1,person,0,666,2,822,453,0.897,744,227,104,-133,1572,1555,0.35,0,0,36.5,47.531,47.093,6644,18.48,54.1,0
1783525314.7666042,717,1,person,0,667,2,824,453,0.899,745,227,105,-133,1567,1555,0.35,0,0,36.5,47.531,47.093,6644,18.55,53.9,0
1783525314.8137362,718,1,person,0,668,2,827,453,0.9,747,227,107,-133,1570,1555,0.35,0,0,36.5,47.531,47.093,6644,19.65,50.9,0
1783525314.8593543,719,1,person,0,671,3,833,451,0.911,752,227,112,-133,1578,1555,0.35,0,0,36.5,47.531,47.093,6644,18.55,53.9,0
1783525314.9110239,720,1,person,0,672,3,838,453,0.913,755,228,115,-132,1576,1553,0.35,0,0,36.5,47.531,47.093,6644,22.98,43.5,0
1783525314.9520938,721,1,person,0,670,3,844,465,0.915,757,234,117,-126,1577,1545,0.35,0,0,36.5,47.531,47.093,6644,18.54,53.9,0
1783525314.9999893,722,1,person,0,670,3,850,473,0.917,760,238,120,-122,1580,1546,0.35,0,0,36.5,47.531,47.093,6644,18.68,53.5,0
1783525315.0463305,723,1,person,0,669,3,856,483,0.922,762,243,122,-117,1579,1543,0.35,0,0,36.5,47.531,47.093,6644,18.53,54.0,0
1783525315.0932565,724,1,person,0,666,3,859,489,0.922,762,246,122,-114,1576,1544,0.35,0,0,36.5,47.375,47.062,6644,18.61,53.7,0
1783525315.139282,725,1,person,0,661,3,860,491,0.924,760,247,120,-113,1571,1546,0.35,0,0,36.5,47.375,47.062,6644,18.62,53.7,0
1783525315.1856394,726,1,person,0,655,3,858,493,0.921,756,248,116,-112,1565,1545,0.35,0,0,36.5,47.375,47.062,6644,18.44,54.2,0
1783525315.2326066,727,1,person,0,650,2,857,495,0.925,753,248,113,-112,1565,1546,0.35,0,0,36.5,47.375,47.062,6644,18.73,53.4,0
1783525315.2786083,728,1,person,0,646,2,857,496,0.925,751,249,111,-111,1566,1545,0.35,0,0,36.5,47.375,47.062,6644,18.38,54.4,0
1783525315.3246167,729,1,person,0,646,2,859,496,0.923,752,249,112,-111,1571,1546,0.35,0,0,36.5,47.375,47.062,6644,18.5,54.1,0
1783525315.3707657,730,1,person,0,647,2,860,496,0.923,753,249,113,-111,1572,1546,0.35,0,0,36.5,47.375,47.062,6644,18.58,53.8,0
1783525315.4169354,731,1,person,0,645,2,862,504,0.923,753,253,113,-107,1570,1540,0.35,0,0,36.5,47.375,47.062,6644,18.64,53.7,0
1783525315.4631763,732,1,person,0,643,2,866,516,0.921,754,259,114,-101,1573,1535,0.35,0,0,36.5,47.375,47.062,6644,18.6,53.8,0
1783525315.5046492,733,1,person,0,640,2,869,534,0.918,754,268,114,-92,1571,1527,0.35,0,0,36.5,47.375,47.062,6644,18.7,53.5,0
1783525315.552442,734,1,person,0,640,2,871,540,0.924,755,271,115,-89,1573,1534,0.35,0,0,36.5,47.375,47.062,6644,18.64,53.6,0
1783525315.5999897,735,1,person,0,638,2,876,560,0.919,757,281,117,-79,1576,1523,0.35,0,0,36.5,47.343,47.25,6526,18.79,53.2,0
1783525315.6466262,736,1,person,0,641,2,883,571,0.925,762,286,122,-74,1584,1526,0.35,0,0,36.5,47.343,47.25,6526,18.49,54.1,0
1783525315.6944385,737,1,person,0,644,2,888,577,0.916,766,289,126,-71,1585,1527,0.35,0,0,36.5,47.343,47.25,6526,18.73,53.4,0
1783525315.7412353,738,1,person,0,649,2,894,579,0.907,771,290,131,-70,1590,1528,0.35,0,0,36.5,47.343,47.25,6526,18.6,53.8,0
1783525315.7883937,739,1,person,0,656,2,903,579,0.921,779,290,139,-70,1599,1530,0.35,0,0,36.5,47.343,47.25,6526,18.6,53.8,0
1783525315.8367345,740,1,person,0,659,2,909,578,0.92,784,290,144,-70,1597,1530,0.35,0,0,36.5,47.343,47.25,6526,18.55,53.9,0
1783525315.8831365,741,1,person,0,659,2,916,578,0.931,787,290,147,-70,1596,1530,0.35,0,0,36.5,47.343,47.25,6526,18.51,54.0,0
1783525315.9310315,742,1,person,0,661,2,926,579,0.924,793,290,153,-70,1604,1530,0.35,0,0,36.5,47.343,47.25,6526,18.7,53.5,0
1783525315.9778888,743,1,person,0,663,1,936,581,0.933,799,291,159,-69,1608,1528,0.35,0,0,36.5,47.343,47.25,6526,18.45,54.2,0
1783525316.0260549,744,1,person,0,670,1,959,591,0.918,814,296,174,-64,1632,1522,0.35,0,0,36.5,47.343,47.25,6526,19.87,50.3,0
1783525316.0672035,745,1,person,0,672,0,977,607,0.928,824,303,184,-57,1632,1516,0.35,0,0,36.5,47.343,47.25,6526,18.69,53.5,0
1783525316.1166408,746,1,person,0,671,0,1003,644,0.896,837,322,197,-38,1642,1497,0.35,0,0,36.5,47.343,47.343,6486,18.54,53.9,0
1783525316.1658585,747,1,person,0,634,0,967,655,0.819,800,327,160,-33,1538,1510,0.35,0,0,36.5,47.343,47.343,6486,18.72,53.4,0
1783525316.2140248,748,1,person,0,664,0,1006,651,0.87,835,325,195,-35,1678,1518,0.35,0,0,36.5,47.343,47.343,6486,18.42,54.3,0
1783525316.2639287,749,1,person,0,674,0,1028,657,0.891,851,328,211,-32,1655,1511,0.35,0,0,36.5,47.343,47.343,6486,18.67,53.6,0
1783525316.317027,750,1,person,0,681,0,1042,659,0.882,861,329,221,-31,1650,1513,0.35,0,0,36.5,47.343,47.343,6486,23.28,43.0,0
1783525316.367644,751,1,person,0,684,1,1050,659,0.893,867,330,227,-30,1648,1471,0.35,0,0,36.5,47.343,47.343,6486,18.66,53.6,0
1783525316.4156654,752,1,person,0,688,2,1059,662,0.905,873,332,233,-28,1652,1502,0.35,0,0,36.5,47.343,47.343,6486,18.6,53.8,0
1783525316.466907,753,1,person,0,697,2,1073,667,0.9,885,334,245,-26,1668,1502,0.35,0,0,36.5,47.343,47.343,6486,18.7,53.5,0
1783525316.5173807,754,1,person,0,716,3,1098,668,0.903,907,335,267,-25,1698,1502,0.35,0,0,36.5,47.343,47.343,6486,18.46,54.2,0
1783525316.5706756,755,1,person,0,733,3,1119,669,0.898,926,336,286,-24,1700,1502,0.35,0,0,36.5,47.343,47.343,6486,18.58,53.8,0
1783525316.6218305,756,1,person,0,759,2,1162,681,0.834,960,341,320,-19,1700,1502,0.35,0,0,36.5,47.343,47.218,6446,19.45,51.4,0
1783525316.663177,757,1,person,0,777,2,1191,682,0.843,984,342,344,-18,1700,1502,0.35,0,0,36.5,47.343,47.218,6446,18.68,53.5,0
1783525316.7199316,758,1,person,0,793,2,1216,678,0.851,1004,340,364,-20,1700,1502,0.35,0,0,36.5,47.343,47.218,6446,18.51,54.0,0
1783525316.7826881,759,1,person,0,801,3,1234,678,0.768,1017,340,377,-20,1700,1502,0.35,0,0,36.5,47.343,47.218,6446,18.53,54.0,0
1783525316.8475366,760,1,person,0,808,2,1245,671,0.75,1026,336,386,-24,1700,1502,0.35,0,0,36.5,47.343,47.218,6446,18.54,53.9,0
1783525316.917727,761,1,person,0,812,2,1259,679,0.927,1035,340,395,-20,1700,1502,0.35,0,0,36.5,47.343,47.218,6446,18.51,54.0,0
1783525316.9908874,762,1,person,0,820,3,1269,678,0.832,1044,340,404,-20,1700,1502,0.35,0,0,36.5,47.343,47.218,6446,18.61,53.7,0
1783525317.0630598,763,1,person,0,808,3,1262,679,0.537,1035,341,395,-19,1700,1502,0.35,0,0,36.5,47.343,47.218,6446,18.69,53.5,0
1783525317.1295695,764,1,person,0,800,5,1261,681,0.69,1030,343,390,-17,1700,1502,0.35,0,0,36.5,47.156,47.187,6249,18.77,53.3,0
1783525317.190552,765,1,person,0,733,4,1212,686,0.371,972,345,332,-15,1626,1502,0.35,0,0,36.5,47.156,47.187,6249,18.87,53.0,0
1783525317.2546456,766,1,person,0,606,3,1132,693,0.594,869,348,229,-12,1511,1502,0.35,0,0,36.5,47.156,47.187,6249,18.52,54.0,0
1783525317.3197632,767,1,person,0,534,10,1103,702,0.665,818,356,178,-4,1547,1502,0.35,0,0,36.5,47.156,47.187,6249,18.64,53.7,0
1783525317.3854218,768,1,person,0,460,6,1084,711,0.836,772,358,132,-2,1526,1502,0.35,0,0,36.5,47.156,47.187,6249,18.65,53.6,0
1783525317.4263978,769,1,person,0,426,2,1093,713,0.742,759,357,119,-3,1549,1502,0.35,0,0,36.5,47.156,47.187,6249,18.65,53.6,0
1783525317.489604,770,1,person,0,332,0,1053,713,0.772,692,356,52,-4,1449,1502,0.35,0,0,36.5,47.156,47.187,6249,18.68,53.5,0
1783525317.554709,771,1,person,0,327,1,1086,716,0.741,706,358,66,-2,1559,1502,0.35,0,0,36.5,47.156,47.187,6249,18.74,53.4,0
1783525317.617001,772,1,person,0,318,2,1109,716,0.773,713,359,73,-1,1555,1502,0.35,0,0,36.5,47.468,47.375,6288,19.61,51.0,0
1783525317.6784904,773,1,person,0,322,2,1141,717,0.799,731,359,91,-1,1581,1502,0.35,0,0,36.5,47.468,47.375,6288,18.52,54.0,0
1783525317.7416048,774,1,person,0,290,2,1136,713,0.801,713,357,73,-3,1523,1502,0.35,0,0,36.5,47.468,47.375,6288,18.55,53.9,0
1783525317.8064961,775,1,person,0,284,0,1156,713,0.787,720,356,80,-4,1559,1502,0.35,0,0,36.5,47.468,47.375,6288,21.43,46.7,0
1783525317.8654404,776,1,person,0,258,0,1154,711,0.79,706,355,66,-5,1523,1502,0.35,0,0,36.5,47.468,47.375,6288,18.98,52.7,0
1783525317.924394,777,1,person,0,218,2,1143,712,0.752,680,357,40,-3,1413,1502,0.35,0,0,36.5,47.468,47.375,6288,18.76,53.3,0
1783525317.981134,778,1,person,0,199,2,1149,710,0.752,674,356,34,-4,1503,1502,0.35,0,0,36.5,47.468,47.375,6288,18.47,54.1,0
1783525318.0399685,779,1,person,0,191,2,1165,711,0.749,678,356,38,-4,1503,1502,0.35,0,0,36.5,47.468,47.375,6288,18.92,52.8,0
1783525318.1017365,780,1,person,0,188,2,1180,709,0.785,684,355,44,-5,1586,1502,0.35,0,0,36.5,47.468,47.375,6288,23.53,42.5,0
1783525318.1477013,781,1,person,0,178,2,1189,710,0.74,683,356,43,-4,1527,1502,0.35,0,0,36.5,47.343,47.562,6288,23.06,43.4,0
1783525318.2025733,782,1,person,0,175,3,1200,709,0.736,687,356,47,-4,1537,1502,0.35,0,0,36.5,47.343,47.562,6288,18.72,53.4,0
1783525318.259876,783,1,person,0,170,3,1210,710,0.779,690,356,50,-4,1537,1502,0.35,0,0,36.5,47.343,47.562,6288,20.32,49.2,0
1783525318.312849,784,1,person,0,157,3,1213,711,0.774,685,357,45,-3,1522,1502,0.35,0,0,36.5,47.343,47.562,6288,18.46,54.2,0
1783525318.3670616,785,1,person,0,156,3,1223,710,0.753,689,356,49,-4,1538,1502,0.35,0,0,36.5,47.343,47.562,6288,18.96,52.7,0
1783525318.422568,786,1,person,0,158,3,1233,710,0.772,695,356,55,-4,1544,1502,0.35,0,0,36.5,47.343,47.562,6288,22.07,45.3,0
1783525318.4746428,787,1,person,0,151,3,1235,709,0.766,693,356,53,-4,1531,1502,0.35,0,0,36.5,47.343,47.562,6288,18.59,53.8,0
1783525318.5269873,788,1,person,0,145,3,1239,710,0.779,692,356,52,-4,1532,1502,0.35,0,0,36.5,47.343,47.562,6288,18.8,53.2,0
1783525318.5801208,789,1,person,0,140,3,1243,710,0.771,691,356,51,-4,1532,1502,0.35,0,0,36.5,47.343,47.562,6288,18.8,53.2,0
1783525318.632501,790,1,person,0,145,3,1250,708,0.764,697,355,57,-5,1546,1502,0.35,0,0,36.5,47.562,47.218,6446,18.7,53.5,0
1783525318.682968,791,1,person,0,129,3,1246,710,0.755,687,356,47,-4,1515,1502,0.35,0,0,36.5,47.562,47.218,6446,18.4,54.4,0
1783525318.7426295,792,1,person,0,127,3,1251,711,0.782,689,357,49,-3,1535,1502,0.35,0,0,36.5,47.562,47.218,6446,24.99,40.0,0
1783525318.7841868,793,1,person,0,121,2,1250,709,0.784,685,355,45,-5,1522,1502,0.35,0,0,36.5,47.562,47.218,6446,18.52,54.0,0
1783525318.8369567,794,1,person,0,117,2,1253,709,0.791,685,355,45,-5,1530,1502,0.35,0,0,36.5,47.562,47.218,6446,18.56,53.9,0
1783525318.8872998,795,1,person,0,116,3,1257,710,0.74,686,356,46,-4,1532,1502,0.35,0,0,36.5,47.562,47.218,6446,18.51,54.0,0
1783525318.942336,796,1,person,0,105,2,1253,710,0.68,679,356,39,-4,1436,1502,0.35,0,0,36.5,47.562,47.218,6446,18.6,53.8,0
1783525318.9973967,797,1,person,0,86,2,1243,709,0.733,664,355,24,-5,1503,1502,0.35,0,0,36.5,47.562,47.218,6446,18.71,53.5,0
1783525319.0571117,798,1,person,0,122,0,1276,707,0.79,699,353,59,-7,1617,1502,0.35,0,0,36.5,47.562,47.218,6446,18.62,53.7,0
1783525319.1166036,799,,,,,,,,,,,,,1500,1500,0.35,0,0,36.5,47.343,47.312,6328,14.78,67.7,1
1783525319.1878781,800,1,person,0,435,3,1280,707,0.837,857,355,217,-5,1700,1500,0.35,0,0,36.5,47.343,47.312,6328,18.84,53.1,0
1783525319.2518837,801,1,person,0,533,3,1280,703,0.904,906,353,266,-7,1700,1500,0.35,0,0,36.5,47.343,47.312,6328,18.6,53.8,0
1783525319.3092544,802,1,person,0,588,4,1280,696,0.909,934,350,294,-10,1700,1500,0.35,0,0,36.5,47.343,47.312,6328,18.55,53.9,0
1783525319.362562,803,1,person,0,622,4,1280,692,0.916,951,348,311,-12,1700,1500,0.35,0,0,36.5,47.343,47.312,6328,18.67,53.6,0
1783525319.425469,804,1,person,0,647,5,1280,690,0.924,963,347,323,-13,1700,1500,0.35,0,0,36.5,47.343,47.312,6328,18.62,53.7,0
1783525319.466829,805,1,person,0,670,5,1280,683,0.917,975,344,335,-16,1700,1500,0.35,0,0,36.5,47.343,47.312,6328,18.56,53.9,0
1783525319.5183408,806,1,person,0,684,5,1280,684,0.911,982,344,342,-16,1700,1500,0.35,0,0,36.5,47.343,47.312,6328,18.54,53.9,0
1783525319.576813,807,1,person,0,698,4,1280,681,0.91,989,342,349,-18,1700,1500,0.35,0,0,36.5,47.343,47.312,6328,18.4,54.3,0
1783525319.6280189,808,1,person,0,709,3,1280,682,0.913,994,342,354,-18,1700,1500,0.35,0,0,36.5,47.5,47.187,6288,18.66,53.6,0
1783525319.6790485,809,1,person,0,720,4,1280,681,0.912,1000,342,360,-18,1700,1500,0.35,0,0,36.5,47.5,47.187,6288,18.75,53.3,0
1783525319.7359996,810,1,person,0,729,4,1280,685,0.909,1004,344,364,-16,1700,1500,0.35,0,0,36.5,47.5,47.187,6288,24.36,41.0,0
1783525319.786366,811,1,person,0,740,4,1280,683,0.907,1010,343,370,-17,1700,1500,0.35,0,0,36.5,47.5,47.187,6288,18.65,53.6,0
1783525319.8377104,812,1,person,0,750,3,1280,681,0.915,1015,342,375,-18,1700,1500,0.35,0,0,36.5,47.5,47.187,6288,18.57,53.9,0
1783525319.8879097,813,1,person,0,758,3,1280,686,0.927,1019,344,379,-16,1700,1500,0.35,0,0,36.5,47.5,47.187,6288,18.65,53.6,0
1783525319.9402254,814,1,person,0,765,3,1280,688,0.927,1022,345,382,-15,1700,1500,0.35,0,0,36.5,47.5,47.187,6288,19.61,51.0,0
1783525319.9901297,815,1,person,0,772,3,1280,691,0.94,1026,347,386,-13,1700,1500,0.35,0,0,36.5,47.5,47.187,6288,18.59,53.8,0
1783525320.0397577,816,1,person,0,779,3,1280,692,0.937,1029,347,389,-13,1700,1500,0.35,0,0,36.5,47.5,47.187,6288,18.55,53.9,0
1783525320.081075,817,1,person,0,786,3,1280,692,0.94,1033,347,393,-13,1700,1500,0.35,0,0,36.5,47.5,47.187,6288,18.5,54.1,0
1783525320.1388788,818,1,person,0,791,3,1280,694,0.941,1035,348,395,-12,1700,1500,0.35,0,0,36.5,47.406,47.562,6367,18.53,54.0,0
1783525320.1903281,819,1,person,0,798,3,1280,691,0.936,1039,347,399,-13,1700,1500,0.35,0,0,36.5,47.406,47.562,6367,18.66,53.6,0
1783525320.244494,820,1,person,0,806,3,1280,691,0.934,1043,347,403,-13,1700,1500,0.35,0,0,36.5,47.406,47.562,6367,18.56,53.9,0
1783525320.3007193,821,1,person,0,812,3,1280,690,0.928,1046,346,406,-14,1700,1500,0.35,0,0,36.5,47.406,47.562,6367,18.61,53.7,0
1783525320.3501585,822,1,person,0,819,3,1280,687,0.926,1049,345,409,-15,1700,1500,0.35,0,0,36.5,47.406,47.562,6367,18.51,54.0,0
1783525320.3996513,823,1,person,0,825,4,1280,685,0.927,1052,344,412,-16,1700,1500,0.35,0,0,36.5,47.406,47.562,6367,18.68,53.5,0
1783525320.4485335,824,1,person,0,830,4,1280,684,0.918,1055,344,415,-16,1700,1500,0.35,0,0,36.5,47.406,47.562,6367,18.54,53.9,0
1783525320.498026,825,1,person,0,834,4,1280,686,0.918,1057,345,417,-15,1700,1500,0.35,0,0,36.5,47.406,47.562,6367,18.65,53.6,0
1783525320.546343,826,1,person,0,836,4,1280,691,0.93,1058,347,418,-13,1700,1500,0.35,0,0,36.5,47.406,47.562,6367,18.53,54.0,0
1783525320.5953722,827,1,person,0,840,3,1280,688,0.925,1060,345,420,-15,1700,1500,0.35,0,0,36.5,47.406,47.562,6367,18.57,53.9,0
1783525320.6442096,828,1,person,0,841,4,1280,694,0.929,1060,349,420,-11,1700,1500,0.35,0,0,36.5,47.343,47.281,6367,18.61,53.7,0
1783525320.6855345,829,1,person,0,844,4,1280,693,0.924,1062,348,422,-12,1700,1500,0.35,0,0,36.5,47.343,47.281,6367,18.6,53.8,0
1783525320.7388947,830,1,person,0,848,4,1280,690,0.924,1064,347,424,-13,1700,1500,0.35,0,0,36.5,47.343,47.281,6367,21.62,46.2,0
1783525320.7879128,831,1,person,0,849,4,1280,692,0.918,1064,348,424,-12,1700,1500,0.35,0,0,36.5,47.343,47.281,6367,18.74,53.4,0
1783525320.8366618,832,1,person,0,850,4,1280,691,0.911,1065,347,425,-13,1700,1500,0.35,0,0,36.5,47.343,47.281,6367,18.51,54.0,0
1783525320.8847055,833,1,person,0,853,4,1280,691,0.92,1066,347,426,-13,1700,1500,0.35,0,0,36.5,47.343,47.281,6367,18.53,54.0,0
1783525320.9332592,834,1,person,0,855,4,1280,691,0.899,1067,347,427,-13,1700,1500,0.35,0,0,36.5,47.343,47.281,6367,18.55,53.9,0
1783525320.9807818,835,1,person,0,857,5,1280,693,0.901,1068,349,428,-11,1700,1500,0.35,0,0,36.5,47.343,47.281,6367,18.5,54.0,0
1783525321.0290248,836,1,person,0,859,4,1280,694,0.88,1069,349,429,-11,1700,1500,0.35,0,0,36.5,47.343,47.281,6367,18.57,53.9,0
1783525321.0764842,837,1,person,0,860,4,1280,699,0.873,1070,351,430,-9,1700,1500,0.35,0,0,36.5,47.343,47.281,6367,18.51,54.0,0
1783525321.1244578,838,1,person,0,863,4,1280,696,0.909,1071,350,431,-10,1700,1500,0.35,0,0,36.5,47.343,47.281,6367,18.61,53.7,0
1783525321.172869,839,1,person,0,866,4,1280,694,0.922,1073,349,433,-11,1700,1500,0.35,0,0,36.5,47.437,47.406,6367,18.56,53.9,0
1783525321.2246418,840,1,person,0,867,4,1280,693,0.916,1073,348,433,-12,1700,1500,0.35,0,0,36.5,47.437,47.406,6367,22.35,44.7,0
1783525321.2659612,841,1,person,0,868,3,1280,694,0.917,1074,348,434,-12,1700,1500,0.35,0,0,36.5,47.437,47.406,6367,18.56,53.9,0
1783525321.3145466,842,1,person,0,869,3,1280,693,0.919,1074,348,434,-12,1700,1500,0.35,0,0,36.5,47.437,47.406,6367,18.47,54.1,0
1783525321.3625822,843,1,person,0,869,4,1280,693,0.924,1074,348,434,-12,1700,1500,0.35,0,0,36.5,47.437,47.406,6367,18.63,53.7,0
1783525321.4102423,844,1,person,0,870,4,1280,694,0.929,1075,349,435,-11,1700,1500,0.35,0,0,36.5,47.437,47.406,6367,18.42,54.3,0
1783525321.457928,845,1,person,0,870,4,1280,693,0.93,1075,348,435,-12,1700,1500,0.35,0,0,36.5,47.437,47.406,6367,18.54,53.9,0
1783525321.5052607,846,1,person,0,870,4,1280,694,0.931,1075,349,435,-11,1700,1500,0.35,0,0,36.5,47.437,47.406,6367,18.63,53.7,0
1783525321.552644,847,1,person,0,870,4,1280,693,0.929,1075,348,435,-12,1700,1500,0.35,0,0,36.5,47.437,47.406,6367,18.64,53.7,0
1783525321.6003506,848,1,person,0,869,3,1280,693,0.928,1074,348,434,-12,1700,1500,0.35,0,0,36.5,47.437,47.406,6367,18.75,53.3,0
1783525321.6478853,849,1,person,0,869,4,1280,694,0.929,1074,349,434,-11,1700,1500,0.35,0,0,36.5,47.437,47.406,6367,18.62,53.7,0
1783525321.6967156,850,1,person,0,869,4,1280,693,0.934,1074,348,434,-12,1700,1500,0.35,0,0,36.5,47.437,47.312,6367,19.39,51.6,0
