timestamp,frame,track_id,class,priority,x1,y1,x2,y2,conf,target_cx,target_cy,err_x,err_y,rc_yaw,rc_throttle,conf_threshold,thermal_throttle,sahi_mode,ram_pct,gpu_temp,cpu_temp,power_mw,latency_ms,fps,target_lost
1783524189.5481682,0,,,,,,,,,,,,,1500,1500,0.35,0,0,30.2,46.375,46.093,4840,788.83,1.3,1
1783524189.619031,1,,,,,,,,,,,,,1500,1500,0.35,0,0,32.0,46.843,46.843,5735,44.59,22.4,1
1783524189.6819007,2,,,,,,,,,,,,,1500,1500,0.35,0,0,32.0,46.843,46.843,5735,17.2,58.1,1
1783524189.7382295,3,,,,,,,,,,,,,1500,1500,0.35,0,0,32.0,46.843,46.843,5735,17.55,57.0,1
1783524189.812647,4,,,,,,,,,,,,,1500,1500,0.35,0,0,32.0,46.843,46.843,5735,34.69,28.8,1
1783524189.8694274,5,,,,,,,,,,,,,1500,1500,0.35,0,0,35.4,46.375,46.937,6011,17.28,57.9,1
1783524189.9247959,6,,,,,,,,,,,,,1500,1500,0.35,0,0,35.4,46.375,46.937,6011,15.76,63.4,1
1783524189.9796114,7,,,,,,,,,,,,,1500,1500,0.35,0,0,35.4,46.375,46.937,6011,16.02,62.4,1
1783524190.0338056,8,,,,,,,,,,,,,1500,1500,0.35,0,0,35.4,46.375,46.937,6011,15.57,64.2,1
1783524190.0891893,9,,,,,,,,,,,,,1500,1500,0.35,0,0,35.4,46.375,46.937,6011,15.99,62.5,1
1783524190.1441689,10,,,,,,,,,,,,,1500,1500,0.35,0,0,35.4,46.375,46.937,6011,16.13,62.0,1
1783524190.1983654,11,,,,,,,,,,,,,1500,1500,0.35,0,0,35.4,46.375,46.937,6011,15.44,64.8,1
1783524190.2535539,12,,,,,,,,,,,,,1500,1500,0.35,0,0,35.4,46.375,46.937,6011,15.76,63.4,1
1783524190.3083758,13,,,,,,,,,,,,,1500,1500,0.35,0,0,35.4,46.375,46.937,6011,16.07,62.2,1
1783524190.34732,14,,,,,,,,,,,,,1500,1500,0.35,0,0,35.4,46.375,46.937,6011,16.0,62.5,1
1783524190.4021094,15,,,,,,,,,,,,,1500,1500,0.35,0,0,35.5,46.937,46.812,6209,15.48,64.6,1
1783524190.4567618,16,,,,,,,,,,,,,1500,1500,0.35,0,0,35.5,46.937,46.812,6209,15.71,63.7,1
1783524190.511227,17,,,,,,,,,,,,,1500,1500,0.35,0,0,35.5,46.937,46.812,6209,15.58,64.2,1
1783524190.5661244,18,,,,,,,,,,,,,1500,1500,0.35,0,0,35.5,46.937,46.812,6209,15.59,64.1,1
1783524190.620605,19,,,,,,,,,,,,,1500,1500,0.35,0,0,35.5,46.937,46.812,6209,15.72,63.6,1
1783524190.6751075,20,,,,,,,,,,,,,1500,1500,0.35,0,0,35.5,46.937,46.812,6209,15.76,63.5,1
1783524190.72965,21,,,,,,,,,,,,,1500,1500,0.35,0,0,35.5,46.937,46.812,6209,15.35,65.2,1
1783524190.7842815,22,,,,,,,,,,,,,1500,1500,0.35,0,0,35.5,46.937,46.812,6209,15.98,62.6,1
1783524190.838795,23,,,,,,,,,,,,,1500,1500,0.35,0,0,35.5,46.937,46.812,6209,15.8,63.3,1
1783524190.8935094,24,,,,,,,,,,,,,1500,1500,0.35,0,0,35.5,46.75,46.875,6288,15.56,64.3,1
1783524190.9482527,25,,,,,,,,,,,,,1500,1500,0.35,0,0,35.5,46.75,46.875,6288,15.9,62.9,1
1783524190.9869952,26,,,,,,,,,,,,,1500,1500,0.35,0,0,35.5,46.75,46.875,6288,15.76,63.4,1
1783524191.0424962,27,,,,,,,,,,,,,1500,1500,0.35,0,0,35.5,46.75,46.875,6288,15.92,62.8,1
1783524191.0968451,28,,,,,,,,,,,,,1500,1500,0.35,0,0,35.5,46.75,46.875,6288,15.41,64.9,1
1783524191.1517897,29,,,,,,,,,,,,,1500,1500,0.35,0,0,35.5,46.75,46.875,6288,15.8,63.3,1
1783524191.2102056,30,,,,,,,,,,,,,1500,1500,0.35,0,0,35.5,46.75,46.875,6288,18.95,52.8,1
1783524191.2647882,31,,,,,,,,,,,,,1500,1500,0.35,0,0,35.5,46.75,46.875,6288,15.49,64.6,1
1783524191.3199086,32,,,,,,,,,,,,,1500,1500,0.35,0,0,35.5,46.75,46.875,6288,15.74,63.5,1
1783524191.3753242,33,,,,,,,,,,,,,1500,1500,0.35,0,0,35.5,46.656,46.75,6288,15.8,63.3,1
1783524191.430896,34,,,,,,,,,,,,,1500,1500,0.35,0,0,35.5,46.656,46.75,6288,15.37,65.1,1
1783524191.4870365,35,,,,,,,,,,,,,1500,1500,0.35,0,0,35.5,46.656,46.75,6288,15.93,62.8,1
1783524191.5429256,36,,,,,,,,,,,,,1500,1500,0.35,0,0,35.5,46.656,46.75,6288,15.86,63.1,1
1783524191.5988233,37,,,,,,,,,,,,,1500,1500,0.35,0,0,35.5,46.656,46.75,6288,15.61,64.1,1
1783524191.6387827,38,,,,,,,,,,,,,1500,1500,0.35,0,0,35.5,46.656,46.75,6288,15.7,63.7,1
1783524191.6959312,39,,,,,,,,,,,,,1500,1500,0.35,0,0,35.5,46.656,46.75,6288,15.5,64.5,1
1783524191.7537746,40,,,,,,,,,,,,,1500,1500,0.35,0,0,35.5,46.656,46.75,6288,15.66,63.9,1
1783524191.81251,41,,,,,,,,,,,,,1500,1500,0.35,0,0,35.5,46.656,46.75,6288,16.01,62.5,1
1783524191.871527,42,,,,,,,,,,,,,1500,1500,0.35,0,0,35.5,46.656,46.75,6288,16.03,62.4,1
1783524191.9303455,43,,,,,,,,,,,,,1500,1500,0.35,0,0,35.5,46.687,46.937,6288,15.41,64.9,1
1783524191.9892342,44,,,,,,,,,,,,,1500,1500,0.35,0,0,35.5,46.687,46.937,6288,15.48,64.6,1
1783524192.0486853,45,,,,,,,,,,,,,1500,1500,0.35,0,0,35.5,46.687,46.937,6288,15.85,63.1,1
1783524192.107651,46,,,,,,,,,,,,,1500,1500,0.35,0,0,35.5,46.687,46.937,6288,15.74,63.5,1
1783524192.1671784,47,,,,,,,,,,,,,1500,1500,0.35,0,0,35.5,46.687,46.937,6288,15.67,63.8,1
1783524192.2260761,48,,,,,,,,,,,,,1500,1500,0.35,0,0,35.5,46.687,46.937,6288,15.51,64.5,1
1783524192.2915158,49,,,,,,,,,,,,,1500,1500,0.35,0,0,35.5,46.687,46.937,6288,19.36,51.7,1
1783524192.3345482,50,,,,,,,,,,,,,1500,1500,0.35,0,0,35.5,46.687,46.937,6288,15.5,64.5,1
1783524192.3960836,51,,,,,,,,,,,,,1500,1500,0.35,0,0,35.5,46.593,46.781,6249,15.41,64.9,1
1783524192.457489,52,,,,,,,,,,,,,1500,1500,0.35,0,0,35.5,46.593,46.781,6249,15.52,64.5,1
1783524192.518278,53,,,,,,,,,,,,,1500,1500,0.35,0,0,35.5,46.593,46.781,6249,15.79,63.3,1
1783524192.5798163,54,,,,,,,,,,,,,1500,1500,0.35,0,0,35.5,46.593,46.781,6249,15.88,63.0,1
1783524192.641039,55,,,,,,,,,,,,,1500,1500,0.35,0,0,35.5,46.593,46.781,6249,15.76,63.4,1
1783524192.7018445,56,,,,,,,,,,,,,1500,1500,0.35,0,0,35.5,46.593,46.781,6249,15.69,63.7,1
1783524192.7629437,57,,,,,,,,,,,,,1500,1500,0.35,0,0,35.5,46.593,46.781,6249,15.52,64.4,1
1783524192.824276,58,,,,,,,,,,,,,1500,1500,0.35,0,0,35.5,46.593,46.781,6249,15.84,63.1,1
1783524192.8906734,59,,,,,,,,,,,,,1500,1500,0.35,0,0,35.5,46.593,46.781,6249,20.39,49.0,1
1783524192.9572637,60,,,,,,,,,,,,,1500,1500,0.35,0,0,35.5,46.593,46.781,6170,19.58,51.1,1
1783524193.021974,61,,,,,,,,,,,,,1500,1500,0.35,0,0,35.5,46.593,46.781,6170,16.55,60.4,1
1783524193.0663967,62,,,,,,,,,,,,,1500,1500,0.35,0,0,35.5,46.593,46.781,6170,15.77,63.4,1
1783524193.1278973,63,,,,,,,,,,,,,1500,1500,0.35,0,0,35.5,46.593,46.781,6170,15.58,64.2,1
1783524193.1879454,64,,,,,,,,,,,,,1500,1500,0.35,0,0,35.5,46.593,46.781,6170,15.83,63.2,1
1783524193.2463984,65,,,,,,,,,,,,,1500,1500,0.35,0,0,35.5,46.593,46.781,6170,15.9,62.9,1
1783524193.3051088,66,,,,,,,,,,,,,1500,1500,0.35,0,0,35.5,46.593,46.781,6170,16.14,61.9,1
1783524193.3634534,67,,,,,,,,,,,,,1500,1500,0.35,0,0,35.5,46.593,46.781,6170,15.53,64.4,1
1783524193.4218755,68,,,,,,,,,,,,,1500,1500,0.35,0,0,35.5,46.75,46.812,6249,15.86,63.0,1
1783524193.4813347,69,,,,,,,,,,,,,1500,1500,0.35,0,0,35.5,46.75,46.812,6249,16.71,59.9,1
1783524193.5401795,70,,,,,,,,,,,,,1500,1500,0.35,0,0,35.5,46.75,46.812,6249,16.09,62.1,1
1783524193.5993607,71,,,,,,,,,,,,,1500,1500,0.35,0,0,35.5,46.75,46.812,6249,15.62,64.0,1
1783524193.658894,72,,,,,,,,,,,,,1500,1500,0.35,0,0,35.5,46.75,46.812,6249,15.59,64.1,1
1783524193.717866,73,,,,,,,,,,,,,1500,1500,0.35,0,0,35.5,46.75,46.812,6249,15.98,62.6,1
1783524193.7588692,74,,,,,,,,,,,,,1500,1500,0.35,0,0,35.5,46.75,46.812,6249,15.59,64.1,1
1783524193.81826,75,,,,,,,,,,,,,1500,1500,0.35,0,0,35.5,46.75,46.812,6249,16.06,62.3,1
1783524193.8763242,76,,,,,,,,,,,,,1500,1500,0.35,0,0,35.5,46.75,46.812,6249,15.87,63.0,1
1783524193.9340622,77,,,,,,,,,,,,,1500,1500,0.35,0,0,35.5,46.625,46.875,6288,15.54,64.4,1
1783524193.9912007,78,,,,,,,,,,,,,1500,1500,0.35,0,0,35.5,46.625,46.875,6288,15.55,64.3,1
1783524194.0489888,79,,,,,,,,,,,,,1500,1500,0.35,0,0,35.5,46.625,46.875,6288,15.87,63.0,1
1783524194.1082127,80,,,,,,,,,,,,,1500,1500,0.35,0,0,35.5,46.625,46.875,6288,17.02,58.8,1
1783524194.1651862,81,,,,,,,,,,,,,1500,1500,0.35,0,0,35.5,46.625,46.875,6288,15.55,64.3,1
1783524194.2225044,82,,,,,,,,,,,,,1500,1500,0.35,0,0,35.5,46.625,46.875,6288,15.52,64.4,1
1783524194.2796638,83,,,,,,,,,,,,,1500,1500,0.35,0,0,35.5,46.625,46.875,6288,15.79,63.3,1
1783524194.3371904,84,,,,,,,,,,,,,1500,1500,0.35,0,0,35.5,46.625,46.875,6288,15.69,63.7,1
1783524194.3941045,85,,,,,,,,,,,,,1500,1500,0.35,0,0,35.5,46.625,46.875,6288,15.54,64.3,1
1783524194.4379096,86,,,,,,,,,,,,,1500,1500,0.35,0,0,35.5,46.937,46.812,6209,17.49,57.2,1
1783524194.4950051,87,,,,,,,,,,,,,1500,1500,0.35,0,0,35.5,46.937,46.812,6209,15.59,64.1,1
1783524194.5527976,88,,,,,,,,,,,,,1500,1500,0.35,0,0,35.5,46.937,46.812,6209,15.74,63.5,1
1783524194.6096976,89,,,,,,,,,,,,,1500,1500,0.35,0,0,35.5,46.937,46.812,6209,15.76,63.5,1
1783524194.670466,90,,,,,,,,,,,,,1500,1500,0.35,0,0,35.5,46.937,46.812,6209,19.45,51.4,1
1783524194.727487,91,,,,,,,,,,,,,1500,1500,0.35,0,0,35.5,46.937,46.812,6209,15.67,63.8,1
1783524194.7851105,92,,,,,,,,,,,,,1500,1500,0.35,0,0,35.5,46.937,46.812,6209,15.84,63.1,1
1783524194.842848,93,,,,,,,,,,,,,1500,1500,0.35,0,0,35.5,46.937,46.812,6209,15.7,63.7,1
1783524194.8995042,94,,,,,,,,,,,,,1500,1500,0.35,0,0,35.5,46.937,46.812,6209,15.41,64.9,1
1783524194.9570096,95,,,,,,,,,,,,,1500,1500,0.35,0,0,35.5,46.812,47.031,6288,15.51,64.5,1
1783524195.014168,96,,,,,,,,,,,,,1500,1500,0.35,0,0,35.5,46.812,47.031,6288,15.86,63.1,1
1783524195.0716212,97,,,,,,,,,,,,,1500,1500,0.35,0,0,35.5,46.812,47.031,6288,15.58,64.2,1
1783524195.1122398,98,,,,,,,,,,,,,1500,1500,0.35,0,0,35.5,46.812,47.031,6288,15.68,63.8,1
1783524195.1696682,99,,,,,,,,,,,,,1500,1500,0.35,0,0,35.5,46.812,47.031,6288,16.08,62.2,1
1783524195.2269053,100,,,,,,,,,,,,,1500,1500,0.35,0,0,35.5,46.812,47.031,6288,15.62,64.0,1
1783524195.288028,101,,,,,,,,,,,,,1500,1500,0.35,0,0,35.5,46.812,47.031,6288,19.25,51.9,1
1783524195.3458624,102,,,,,,,,,,,,,1500,1500,0.35,0,0,35.5,46.812,47.031,6288,15.82,63.2,1
1783524195.4033122,103,,,,,,,,,,,,,1500,1500,0.35,0,0,35.5,46.812,47.031,6288,16.03,62.4,1
1783524195.4605446,104,,,,,,,,,,,,,1500,1500,0.35,0,0,35.5,47.031,46.812,6288,15.48,64.6,1
1783524195.5183206,105,,,,,,,,,,,,,1500,1500,0.35,0,0,35.5,47.031,46.812,6288,15.86,63.1,1
1783524195.5756822,106,,,,,,,,,,,,,1500,1500,0.35,0,0,35.5,47.031,46.812,6288,15.6,64.1,1
1783524195.6332097,107,,,,,,,,,,,,,1500,1500,0.35,0,0,35.5,47.031,46.812,6288,15.69,63.7,1
1783524195.6910193,108,,,,,,,,,,,,,1500,1500,0.35,0,0,35.5,47.031,46.812,6288,15.42,64.9,1
1783524195.7485914,109,,,,,,,,,,,,,1500,1500,0.35,0,0,35.5,47.031,46.812,6288,15.89,62.9,1
1783524195.7894359,110,,,,,,,,,,,,,1500,1500,0.35,0,0,35.5,47.031,46.812,6288,15.5,64.5,1
1783524195.8468447,111,,,,,,,,,,,,,1500,1500,0.35,0,0,35.5,47.031,46.812,6288,15.85,63.1,1
1783524195.9115143,112,,,,,,,,,,,,,1500,1500,0.35,0,0,35.5,47.031,46.812,6288,21.39,46.8,1
1783524195.9777203,113,3,person,0,1,1,430,565,0.713,215,283,-425,-77,1300,1647,0.35,0,0,35.5,46.937,46.937,6328,20.79,48.1,0
1783524196.0464976,114,3,person,0,0,2,429,586,0.677,214,294,-426,-66,1300,1518,0.35,0,0,35.5,46.937,46.937,6328,21.05,47.5,0
1783524196.1128445,115,3,person,0,31,2,455,565,0.612,243,283,-397,-77,1300,1539,0.35,0,0,35.5,46.937,46.937,6328,19.76,50.6,0
1783524196.1791134,116,3,person,0,83,3,505,569,0.798,294,286,-346,-74,1351,1527,0.35,0,0,35.5,46.937,46.937,6328,19.46,51.4,0
1783524196.2445805,117,3,person,0,114,3,531,570,0.865,322,286,-318,-74,1340,1530,0.35,0,0,35.5,46.937,46.937,6328,19.16,52.2,0
1783524196.3094566,118,3,person,0,136,3,547,569,0.819,341,286,-299,-74,1341,1530,0.35,0,0,35.5,46.937,46.937,6328,19.08,52.4,0
1783524196.373873,119,3,person,0,157,2,562,570,0.801,359,286,-281,-74,1350,1530,0.35,0,0,35.5,46.937,46.937,6328,19.35,51.7,0
1783524196.445517,120,3,person,0,188,2,592,569,0.845,390,285,-250,-75,1381,1531,0.35,0,0,35.5,47.0,46.843,6170,22.59,44.3,0
1783524196.5086222,121,,,,,,,,,,,,,1500,1500,0.35,0,0,35.5,47.0,46.843,6170,17.56,56.9,1
1783524196.5567968,122,3,person,0,214,4,594,540,0.521,404,272,-236,-88,1300,1650,0.35,0,0,35.5,47.0,46.843,6170,19.24,52.0,0
1783524196.6217525,123,3,person,0,278,2,632,514,0.416,455,258,-185,-102,1451,1551,0.35,0,0,35.5,47.0,46.843,6170,19.27,51.9,0
1783524196.6826773,124,,,,,,,,,,,,,1500,1500,0.35,0,0,35.5,47.0,46.843,6170,16.17,61.8,1
1783524196.7477653,125,3,person,0,336,5,670,505,0.417,503,255,-137,-105,1300,1650,0.35,0,0,35.5,47.0,46.843,6170,19.44,51.4,0
1783524196.813177,126,3,person,0,354,7,674,507,0.612,514,257,-126,-103,1437,1539,0.35,0,0,35.5,47.0,46.843,6170,19.47,51.4,0
1783524196.879497,127,3,person,0,371,2,681,508,0.622,526,255,-114,-105,1445,1543,0.35,0,0,35.5,47.0,46.843,6170,19.49,51.3,0
1783524196.9438045,128,3,person,0,409,1,715,510,0.742,562,255,-78,-105,1497,1542,0.35,0,0,35.5,46.812,46.906,6170,19.47,51.4,0
1783524197.0079796,129,3,person,0,428,0,728,509,0.753,578,254,-62,-106,1481,1543,0.35,0,0,35.5,46.812,46.906,6170,19.57,51.1,0
1783524197.0715375,130,3,person,0,446,0,739,505,0.863,592,252,-48,-108,1487,1545,0.35,0,0,35.5,46.812,46.906,6170,19.51,51.3,0
1783524197.1364791,131,3,person,0,457,0,742,501,0.376,599,250,-41,-110,1482,1546,0.35,0,0,35.5,46.812,46.906,6170,19.54,51.2,0
1783524197.1988726,132,3,person,0,468,1,738,484,0.542,603,242,-37,-118,1551,1554,0.35,0,0,35.5,46.812,46.906,6170,19.18,52.1,0
1783524197.2569702,133,,,,,,,,,,,,,1500,1500,0.35,0,0,35.5,46.812,46.906,6170,16.35,61.1,1
1783524197.2975957,134,,,,,,,,,,,,,1500,1500,0.35,0,0,35.5,46.812,46.906,6170,15.97,62.6,1
1783524197.359008,135,3,person,0,492,0,729,430,0.437,610,215,-30,-145,1500,1650,0.35,0,0,35.5,46.812,46.906,6170,19.29,51.8,0
1783524197.422601,136,3,person,0,491,1,722,428,0.677,606,214,-34,-146,1500,1559,0.35,0,0,35.5,46.812,46.906,6170,19.53,51.2,0
1783524197.484811,137,3,person,0,492,1,723,441,0.756,607,221,-33,-139,1500,1550,0.35,0,0,35.5,46.843,47.031,6249,19.77,50.6,0
1783524197.5469716,138,3,person,0,501,1,725,436,0.747,613,218,-27,-142,1500,1559,0.35,0,0,35.5,46.843,47.031,6249,19.36,51.7,0
1783524197.6041474,139,,,,,,,,,,,,,1500,1500,0.35,0,0,35.5,46.843,47.031,6249,16.37,61.1,1
1783524197.6668057,140,3,person,0,518,1,741,447,0.753,629,224,-11,-136,1500,1650,0.35,0,0,35.5,46.843,47.031,6249,19.1,52.4,0
1783524197.7292721,141,3,person,0,528,2,746,446,0.633,637,224,-3,-136,1500,1554,0.35,0,0,35.5,46.843,47.031,6249,19.04,52.5,0
1783524197.7914286,142,3,person,0,539,1,752,439,0.794,645,220,5,-140,1500,1559,0.35,0,0,35.5,46.843,47.031,6249,19.18,52.2,0
1783524197.8534024,143,3,person,0,547,1,753,433,0.791,650,217,10,-143,1500,1560,0.35,0,0,35.5,46.843,47.031,6249,19.49,51.3,0
1783524197.915297,144,3,person,0,553,2,758,434,0.898,655,218,15,-142,1500,1556,0.35,0,0,35.5,46.843,47.031,6249,19.55,51.2,0
1783524197.9776974,145,3,person,0,558,1,757,423,0.866,657,212,17,-148,1500,1564,0.35,0,0,35.5,47.281,47.031,6249,19.3,51.8,0
1783524198.0235417,146,3,person,0,559,1,757,425,0.863,658,213,18,-147,1500,1558,0.35,0,0,35.5,47.281,47.031,6249,19.35,51.7,0
1783524198.0854368,147,3,person,0,563,1,757,419,0.885,660,210,20,-150,1500,1563,0.35,0,0,35.5,47.281,47.031,6249,19.5,51.3,0
1783524198.1469674,148,3,person,0,567,1,757,414,0.882,662,207,22,-153,1500,1565,0.35,0,0,35.5,47.281,47.031,6249,19.33,51.7,0
1783524198.2088065,149,3,person,0,571,2,759,413,0.866,665,207,25,-153,1500,1562,0.35,0,0,35.5,47.281,47.031,6249,19.24,52.0,0
1783524198.2732103,150,3,person,0,575,2,759,411,0.844,667,206,27,-154,1500,1564,0.35,0,0,35.5,47.281,47.031,6249,22.28,44.9,0
1783524198.334877,151,3,person,0,580,1,760,405,0.83,670,203,30,-157,1500,1567,0.35,0,0,35.5,47.281,47.031,6249,19.05,52.5,0
1783524198.396181,152,3,person,0,582,0,760,403,0.832,671,201,31,-159,1500,1567,0.35,0,0,35.5,47.281,47.031,6249,18.93,52.8,0
1783524198.4573555,153,3,person,0,585,0,759,400,0.839,672,200,32,-160,1500,1566,0.35,0,0,35.5,46.781,47.0,6249,19.15,52.2,0
1783524198.5194724,154,3,person,0,588,0,758,399,0.842,673,199,33,-161,1500,1567,0.35,0,0,35.5,46.781,47.0,6249,19.62,51.0,0
1783524198.580977,155,3,person,0,594,0,761,394,0.81,677,197,37,-163,1500,1568,0.35,0,0,35.5,46.781,47.0,6249,19.37,51.6,0
1783524198.6429727,156,3,person,0,599,0,765,394,0.836,682,197,42,-163,1579,1567,0.35,0,0,35.5,46.781,47.0,6249,19.42,51.5,0
1783524198.7044675,157,3,person,0,605,1,770,395,0.836,687,198,47,-162,1534,1565,0.35,0,0,35.5,46.781,47.0,6249,19.43,51.5,0
1783524198.7509093,158,3,person,0,607,2,769,394,0.839,688,198,48,-162,1530,1566,0.35,0,0,35.5,46.781,47.0,6249,19.49,51.3,0
1783524198.8126378,159,3,person,0,612,3,768,386,0.836,690,194,50,-166,1532,1571,0.35,0,0,35.5,46.781,47.0,6249,19.42,51.5,0
1783524198.8751478,160,3,person,0,615,3,770,388,0.853,692,195,52,-165,1534,1567,0.35,0,0,35.5,46.781,47.0,6249,19.57,51.1,0
1783524198.9390974,161,3,person,0,622,3,775,391,0.79,698,197,58,-163,1542,1565,0.35,0,0,35.5,46.781,47.0,6249,19.78,50.6,0
1783524199.001469,162,3,person,0,626,5,776,390,0.708,701,197,61,-163,1541,1567,0.35,0,0,35.5,47.312,47.093,6249,19.06,52.5,0
1783524199.0640059,163,3,person,0,628,5,779,397,0.763,703,201,63,-159,1541,1562,0.35,0,0,35.5,47.312,47.093,6249,19.08,52.4,0
1783524199.1259995,164,3,person,0,632,7,775,379,0.603,703,193,63,-167,1538,1575,0.35,0,0,35.5,47.312,47.093,6249,19.31,51.8,0
1783524199.1886284,165,3,person,0,637,9,776,376,0.781,706,192,66,-168,1544,1569,0.35,0,0,35.5,47.312,47.093,6249,19.41,51.5,0
1783524199.2505133,166,3,person,0,640,12,776,375,0.814,708,193,68,-167,1544,1567,0.35,0,0,35.5,47.312,47.093,6249,19.5,51.3,0
1783524199.3133624,167,3,person,0,642,16,775,373,0.742,708,194,68,-166,1542,1567,0.35,0,0,35.5,47.312,47.093,6249,19.69,50.8,0
1783524199.3755763,168,3,person,0,644,21,773,369,0.753,708,195,68,-165,1542,1567,0.35,0,0,35.5,47.312,47.093,6249,19.68,50.8,0
1783524199.437568,169,3,person,0,658,25,752,264,0.438,705,144,65,-216,1536,1629,0.35,0,0,35.5,47.312,47.093,6249,19.48,51.3,0
1783524199.484693,170,3,person,0,644,27,764,341,0.759,704,184,64,-176,1538,1529,0.35,0,0,35.5,47.031,47.25,6209,19.74,50.6,0
1783524199.5482748,171,3,person,0,639,30,767,367,0.755,703,198,63,-162,1538,1555,0.35,0,0,35.5,47.031,47.25,6209,19.61,51.0,0
1783524199.6109595,172,3,person,0,642,34,769,372,0.59,705,203,65,-157,1543,1560,0.35,0,0,35.5,47.031,47.25,6209,19.44,51.4,0
1783524199.6730924,173,3,person,0,644,38,768,370,0.667,706,204,66,-156,1542,1563,0.35,0,0,35.5,47.031,47.25,6209,19.49,51.3,0
1783524199.7351072,174,3,person,0,645,40,766,367,0.688,705,203,65,-157,1539,1565,0.35,0,0,35.5,47.031,47.25,6209,19.13,52.3,0
1783524199.7965515,175,3,person,0,643,43,766,377,0.608,704,210,64,-150,1539,1556,0.35,0,0,35.5,47.031,47.25,6209,19.04,52.5,0
1783524199.859448,176,3,person,0,645,46,767,382,0.699,706,214,66,-146,1544,1557,0.35,0,0,35.5,47.031,47.25,6209,19.28,51.9,0
1783524199.9216933,177,3,person,0,647,52,765,375,0.601,706,213,66,-147,1542,1561,0.35,0,0,35.5,47.031,47.25,6209,19.4,51.6,0
1783524199.9841633,178,3,person,0,652,57,759,347,0.643,705,202,65,-158,1540,1574,0.35,0,0,35.5,47.25,46.937,6209,19.77,50.6,0
1783524200.046898,179,3,person,0,654,59,755,327,0.68,704,193,64,-167,1539,1575,0.35,0,0,35.5,47.25,46.937,6209,19.56,51.1,0
1783524200.1117573,180,3,person,0,655,60,761,336,0.644,708,198,68,-162,1548,1562,0.35,0,0,35.5,47.25,46.937,6209,21.19,47.2,0
1783524200.1748157,181,3,person,0,653,62,762,345,0.582,707,203,67,-157,1541,1560,0.35,0,0,35.5,47.25,46.937,6209,19.69,50.8,0
1783524200.2209556,182,3,person,0,660,62,763,327,0.495,711,194,71,-166,1552,1578,0.35,0,0,35.5,47.25,46.937,6209,19.64,50.9,0
1783524200.283597,183,3,person,0,662,62,769,339,0.558,715,200,75,-160,1553,1561,0.35,0,0,35.5,47.25,46.937,6209,19.68,50.8,0
1783524200.3456984,184,3,person,0,659,63,766,338,0.637,712,200,72,-160,1542,1566,0.35,0,0,35.5,47.25,46.937,6209,19.48,51.3,0
1783524200.4087334,185,3,person,0,659,65,764,332,0.593,711,198,71,-162,1544,1568,0.35,0,0,35.5,47.25,46.937,6209,19.67,50.8,0
1783524200.4707716,186,3,person,0,660,68,762,321,0.639,711,194,71,-166,1545,1571,0.35,0,0,35.5,47.25,46.937,6209,19.68,50.8,0
1783524200.532236,187,3,person,0,665,70,749,268,0.436,707,169,67,-191,1537,1598,0.35,0,0,35.5,46.937,46.906,6170,19.28,51.9,0
1783524200.594483,188,3,person,0,655,71,760,315,0.739,707,193,67,-167,1543,1549,0.35,0,0,35.5,46.937,46.906,6170,19.13,52.3,0
1783524200.6567593,189,3,person,0,650,73,763,332,0.727,706,202,66,-158,1541,1557,0.35,0,0,35.5,46.937,46.906,6170,19.49,51.3,0
1783524200.7204914,190,3,person,0,642,73,764,355,0.765,703,214,63,-146,1537,1550,0.35,0,0,35.5,46.937,46.906,6170,19.63,50.9,0
1783524200.7818756,191,3,person,0,643,74,763,351,0.646,703,212,63,-148,1540,1562,0.35,0,0,35.5,46.937,46.906,6170,19.46,51.4,0
1783524200.8435893,192,3,person,0,641,76,764,361,0.629,702,218,62,-142,1538,1553,0.35,0,0,35.5,46.937,46.906,6170,19.31,51.8,0
1783524200.9045465,193,3,person,0,642,77,761,354,0.614,701,215,61,-145,1538,1562,0.35,0,0,35.5,46.937,46.906,6170,19.17,52.2,0
1783524200.950703,194,3,person,0,645,78,763,356,0.543,704,217,64,-143,1546,1557,0.35,0,0,35.5,46.937,46.906,6170,19.36,51.7,0
1783524201.012291,195,3,person,0,646,80,761,354,0.635,703,217,63,-143,1539,1559,0.35,0,0,35.5,46.968,46.812,6249,19.6,51.0,0
1783524201.0745337,196,3,person,0,645,82,758,353,0.739,701,217,61,-143,1537,1559,0.35,0,0,35.5,46.968,46.812,6249,19.9,50.3,0
1783524201.1369748,197,3,person,0,646,85,758,354,0.627,702,219,62,-141,1541,1556,0.35,0,0,35.5,46.968,46.812,6249,19.38,51.6,0
1783524201.198331,198,3,person,0,647,88,757,353,0.529,702,220,62,-140,1540,1557,0.35,0,0,35.5,46.968,46.812,6249,18.96,52.7,0
1783524201.2593677,199,3,person,0,659,90,745,290,0.439,702,190,62,-170,1540,1594,0.35,0,0,35.5,46.968,46.812,6249,19.11,52.3,0
1783524201.3206859,200,3,person,0,653,91,757,334,0.672,705,212,65,-148,1545,1543,0.35,0,0,35.5,46.968,46.812,6249,19.15,52.2,0
1783524201.3829372,201,3,person,0,648,92,752,332,0.484,700,212,60,-148,1532,1561,0.35,0,0,35.5,46.968,46.812,6249,19.5,51.3,0
1783524201.4447603,202,3,person,0,646,92,753,338,0.568,699,215,59,-145,1537,1557,0.35,0,0,35.5,46.968,46.812,6249,19.56,51.1,0
1783524201.501919,203,,,,,,,,,,,,,1500,1500,0.35,0,0,35.5,47.0,46.906,6209,16.39,61.0,1
1783524201.5652473,204,3,person,0,646,94,748,326,0.491,697,210,57,-150,1672,1650,0.35,0,0,35.5,47.0,46.906,6209,19.28,51.9,0
1783524201.6232638,205,,,,,,,,,,,,,1500,1500,0.35,0,0,35.5,47.0,46.906,6209,16.15,61.9,1
1783524201.6688342,206,3,person,0,644,96,750,341,0.467,697,218,57,-142,1672,1650,0.35,0,0,35.5,47.0,46.906,6209,19.0,52.6,0
1783524201.7309196,207,3,person,0,642,97,753,358,0.688,697,227,57,-133,1534,1546,0.35,0,0,35.5,47.0,46.906,6209,19.18,52.1,0
1783524201.7927725,208,3,person,0,636,98,749,361,0.613,692,229,52,-131,1524,1551,0.35,0,0,35.5,47.0,46.906,6209,19.06,52.5,0
1783524201.8543682,209,3,person,0,641,101,752,361,0.652,696,231,56,-129,1539,1550,0.35,0,0,35.5,47.0,46.906,6209,19.25,52.0,0
1783524201.9222202,210,3,person,0,642,102,754,367,0.594,698,234,58,-126,1537,1548,0.35,0,0,35.5,47.0,46.906,6209,24.95,40.1,0
1783524201.9836812,211,3,person,0,644,103,750,358,0.511,697,230,57,-130,1533,1556,0.35,0,0,35.5,47.0,46.906,6209,19.45,51.4,0
1783524202.0449817,212,3,person,0,658,104,745,310,0.524,701,207,61,-153,1542,1581,0.35,0,0,35.5,46.968,47.281,6249,19.36,51.7,0
1783524202.1074839,213,3,person,0,650,106,745,334,0.6,697,220,57,-140,1529,1546,0.35,0,0,35.5,46.968,47.281,6249,19.35,51.7,0
1783524202.168874,214,3,person,0,647,107,746,346,0.624,696,226,56,-134,1533,1550,0.35,0,0,35.5,46.968,47.281,6249,19.31,51.8,0
1783524202.230401,215,3,person,0,659,111,751,339,0.465,705,225,65,-135,1551,1556,0.35,0,0,35.5,46.968,47.281,6249,19.08,52.4,0
1783524202.2915177,216,3,person,0,654,112,741,322,0.383,697,217,57,-143,1524,1565,0.35,0,0,35.5,46.968,47.281,6249,18.93,52.8,0
1783524202.3533807,217,3,person,0,651,113,741,333,0.374,696,223,56,-137,1533,1551,0.35,0,0,35.5,46.968,47.281,6249,19.17,52.2,0
1783524202.3984838,218,3,person,0,649,113,744,340,0.661,696,226,56,-134,1534,1552,0.35,0,0,35.5,46.968,47.281,6249,18.92,52.9,0
1783524202.4600446,219,3,person,0,649,113,747,346,0.675,698,229,58,-131,1538,1551,0.35,0,0,35.5,46.968,47.281,6249,19.22,52.0,0
1783524202.522384,220,3,person,0,646,113,750,357,0.484,698,235,58,-125,1536,1547,0.35,0,0,35.5,46.843,47.312,6249,20.51,48.8,0
1783524202.5798004,221,,,,,,,,,,,,,1500,1500,0.35,0,0,35.5,46.843,47.312,6249,16.4,61.0,1
1783524202.6368155,222,,,,,,,,,,,,,1500,1500,0.35,0,0,35.5,46.843,47.312,6249,16.27,61.5,1
1783524202.697438,223,3,person,0,657,111,761,353,0.54,709,232,69,-128,1700,1650,0.35,0,0,35.5,46.843,47.312,6249,19.1,52.3,0
1783524202.7599037,224,3,person,0,673,111,772,348,0.474,722,229,82,-131,1566,1555,0.35,0,0,35.5,46.843,47.312,6249,19.08,52.4,0
1783524202.8169029,225,,,,,,,,,,,,,1500,1500,0.35,0,0,35.5,46.843,47.312,6249,16.3,61.3,1
1783524202.8742318,226,,,,,,,,,,,,,1500,1500,0.35,0,0,35.5,46.843,47.312,6249,16.23,61.6,1
1783524202.934755,227,3,person,0,687,112,779,341,0.63,733,226,93,-134,1700,1650,0.35,0,0,35.5,46.843,47.312,6249,18.87,53.0,0
1783524202.9972913,228,3,person,0,689,112,777,335,0.637,733,223,93,-137,1556,1557,0.35,0,0,35.5,46.843,47.312,6249,18.88,53.0,0
1783524203.0582688,229,3,person,0,693,111,777,330,0.579,735,220,95,-140,1560,1558,0.35,0,0,35.5,47.062,46.812,6209,19.17,52.2,0
1783524203.1064558,230,3,person,0,693,111,777,333,0.467,735,222,95,-138,1557,1553,0.35,0,0,35.5,47.062,46.812,6209,21.28,47.0,0
1783524203.1669059,231,3,person,0,696,111,777,329,0.685,736,220,96,-140,1559,1558,0.35,0,0,35.5,47.062,46.812,6209,19.0,52.6,0
1783524203.2275767,232,3,person,0,695,111,777,340,0.594,736,225,96,-135,1558,1550,0.35,0,0,35.5,47.062,46.812,6209,18.92,52.9,0
1783524203.2887137,233,3,person,0,697,112,776,334,0.443,736,223,96,-137,1558,1557,0.35,0,0,35.5,47.062,46.812,6209,18.99,52.7,0
1783524203.3452902,234,,,,,,,,,,,,,1500,1500,0.35,0,0,35.5,47.062,46.812,6209,16.4,61.0,1
1783524203.4076166,235,3,person,0,695,114,776,349,0.622,735,231,95,-129,1700,1650,0.35,0,0,35.5,47.062,46.812,6209,19.35,51.7,0
1783524203.4696817,236,3,person,0,696,115,773,340,0.635,734,227,94,-133,1555,1556,0.35,0,0,35.5,47.062,46.812,6209,19.3,51.8,0
1783524203.5264695,237,,,,,,,,,,,,,1500,1500,0.35,0,0,35.6,46.843,46.812,6209,15.88,63.0,1
1783524203.5883954,238,3,person,0,693,117,769,337,0.484,731,227,91,-133,1700,1650,0.35,0,0,35.6,46.843,46.812,6209,19.15,52.2,0
1783524203.6468475,239,,,,,,,,,,,,,1500,1500,0.35,0,0,35.6,46.843,46.812,6209,16.45,60.8,1
1783524203.7088783,240,3,person,0,669,117,755,355,0.561,712,236,72,-124,1700,1650,0.35,0,0,35.6,46.843,46.812,6209,19.18,52.1,0
1783524203.7715847,241,3,person,0,667,117,754,350,0.633,710,233,70,-127,1539,1553,0.35,0,0,35.6,46.843,46.812,6209,19.21,52.1,0
1783524203.817055,242,3,person,0,663,118,751,349,0.489,707,233,67,-127,1535,1551,0.35,0,0,35.6,46.843,46.812,6209,19.32,51.8,0
1783524203.8783097,243,3,person,0,665,119,754,348,0.559,709,233,69,-127,1544,1551,0.35,0,0,35.6,46.843,46.812,6209,19.25,52.0,0
1783524203.939764,244,3,person,0,664,118,757,357,0.579,710,237,70,-123,1543,1546,0.35,0,0,35.6,46.843,46.812,6209,19.36,51.7,0
1783524204.0010624,245,3,person,0,662,119,756,356,0.648,709,237,69,-123,1540,1550,0.35,0,0,35.6,46.843,46.812,6209,19.37,51.6,0
1783524204.062282,246,3,person,0,660,119,752,343,0.367,706,231,66,-129,1536,1557,0.35,0,0,35.6,47.343,46.968,6288,18.97,52.7,0
1783524204.1231995,247,3,person,0,660,119,757,355,0.52,708,237,68,-123,1544,1545,0.35,0,0,35.6,47.343,46.968,6288,19.12,52.3,0
1783524204.185017,248,3,person,0,671,120,766,353,0.428,718,236,78,-124,1560,1551,0.35,0,0,35.6,47.343,46.968,6288,19.37,51.6,0
1783524204.2465646,249,3,person,0,670,120,762,348,0.443,716,234,76,-126,1544,1553,0.35,0,0,35.6,47.343,46.968,6288,19.45,51.4,0
1783524204.3102357,250,3,person,0,680,119,770,345,0.532,725,232,85,-128,1563,1554,0.35,0,0,35.6,47.343,46.968,6288,21.84,45.8,0
1783524204.3670661,251,,,,,,,,,,,,,1500,1500,0.35,0,0,35.6,47.343,46.968,6288,16.1,62.1,1
1783524204.4235034,252,,,,,,,,,,,,,1500,1500,0.35,0,0,35.6,47.343,46.968,6288,15.95,62.7,1
1783524204.4803395,253,,,,,,,,,,,,,1500,1500,0.35,0,0,35.6,47.343,46.968,6288,16.29,61.4,1
1783524204.5248919,254,3,person,0,687,120,776,348,0.374,731,234,91,-126,1700,1650,0.35,0,0,35.6,47.125,47.187,6249,19.0,52.6,0
1783524204.5827947,255,,,,,,,,,,,,,1500,1500,0.35,0,0,35.6,47.125,47.187,6249,16.19,61.8,1
1783524204.6398842,256,,,,,,,,,,,,,1500,1500,0.35,0,0,35.6,47.125,47.187,6249,16.39,61.0,1
1783524204.7016032,257,3,person,0,687,119,775,350,0.602,731,234,91,-126,1700,1650,0.35,0,0,35.6,47.125,47.187,6249,19.17,52.2,0
1783524204.763648,258,3,person,0,693,119,775,338,0.596,734,228,94,-132,1560,1557,0.35,0,0,35.6,47.125,47.187,6249,18.96,52.8,0
1783524204.8248224,259,3,person,0,695,118,775,336,0.533,735,227,95,-133,1558,1554,0.35,0,0,35.6,47.125,47.187,6249,19.37,51.6,0
1783524204.8863099,260,3,person,0,691,119,772,340,0.463,731,229,91,-131,1550,1551,0.35,0,0,35.6,47.125,47.187,6249,19.2,52.1,0
1783524204.947734,261,3,person,0,692,119,771,338,0.584,731,228,91,-132,1555,1554,0.35,0,0,35.6,47.125,47.187,6249,19.54,51.2,0
1783524205.009881,262,3,person,0,692,119,771,341,0.516,731,230,91,-130,1555,1551,0.35,0,0,35.6,47.125,47.187,6249,19.43,51.5,0
1783524205.0704367,263,3,person,0,695,119,772,340,0.446,733,229,93,-131,1559,1554,0.35,0,0,35.6,47.343,46.875,6249,19.2,52.1,0
1783524205.1321466,264,3,person,0,693,120,772,344,0.469,732,232,92,-128,1555,1549,0.35,0,0,35.6,47.343,46.875,6249,19.37,51.6,0
1783524205.1883724,265,,,,,,,,,,,,,1500,1500,0.35,0,0,35.6,47.343,46.875,6249,16.26,61.5,1
1783524205.2284687,266,,,,,,,,,,,,,1500,1500,0.35,0,0,35.6,47.343,46.875,6249,15.98,62.6,1
1783524205.2901278,267,3,person,0,689,122,763,335,0.486,726,228,86,-132,1700,1650,0.35,0,0,35.6,47.343,46.875,6249,19.2,52.1,0
1783524205.347869,268,,,,,,,,,,,,,1500,1500,0.35,0,0,35.6,47.343,46.875,6249,16.46,60.8,1
1783524205.405192,269,,,,,,,,,,,,,1500,1500,0.35,0,0,35.6,47.343,46.875,6249,16.1,62.1,1
1783524205.470706,270,3,person,0,671,126,747,334,0.564,709,230,69,-130,1700,1650,0.35,0,0,35.6,47.343,46.875,6249,23.68,42.2,0
1783524205.5286887,271,,,,,,,,,,,,,1500,1500,0.35,0,0,35.6,47.343,46.875,6249,16.1,62.1,1
1783524205.5886319,272,,,,,,,,,,,,,1500,1500,0.35,0,0,35.6,47.187,47.187,6249,18.27,54.7,1
1783524205.6460624,273,,,,,,,,,,,,,1500,1500,0.35,0,0,35.6,47.187,47.187,6249,16.47,60.7,1
1783524205.706714,274,3,person,0,683,123,758,333,0.467,720,228,80,-132,1700,1650,0.35,0,0,35.6,47.187,47.187,6249,19.12,52.3,0
1783524205.764097,275,,,,,,,,,,,,,1500,1500,0.35,0,0,35.6,47.187,47.187,6249,16.17,61.8,1
1783524205.8261364,276,3,person,0,692,122,757,306,0.479,724,214,84,-146,1700,1650,0.35,0,0,35.6,47.187,47.187,6249,18.99,52.7,0
1783524205.8883202,277,3,person,0,688,119,758,321,0.585,723,220,83,-140,1548,1551,0.35,0,0,35.6,47.187,47.187,6249,19.18,52.1,0
1783524205.93431,278,3,person,0,689,119,760,329,0.446,724,224,84,-136,1552,1550,0.35,0,0,35.6,47.187,47.187,6249,19.26,51.9,0
1783524205.995279,279,3,person,0,688,118,758,329,0.617,723,223,83,-137,1548,1556,0.35,0,0,35.6,47.187,47.187,6249,18.99,52.7,0
1783524206.0566728,280,3,person,0,687,117,759,336,0.481,723,226,83,-134,1550,1551,0.35,0,0,35.6,47.0,46.937,6249,19.15,52.2,0
1783524206.1217017,281,3,person,0,686,117,754,325,0.533,720,221,80,-139,1545,1560,0.35,0,0,35.6,47.0,46.937,6249,23.03,43.4,0
1783524206.1835535,282,3,person,0,689,117,760,336,0.49,724,226,84,-134,1556,1550,0.35,0,0,35.6,47.0,46.937,6249,19.42,51.5,0
1783524206.2449086,283,3,person,0,690,120,760,339,0.473,725,229,85,-131,1553,1551,0.35,0,0,35.6,47.0,46.937,6249,19.26,51.9,0
1783524206.306063,284,3,person,0,676,119,750,340,0.36,713,229,73,-131,1529,1553,0.35,0,0,35.6,47.0,46.937,6249,19.21,52.0,0
1783524206.368199,285,3,person,0,686,119,756,333,0.48,721,226,81,-134,1560,1557,0.35,0,0,35.6,47.0,46.937,6249,19.2,52.1,0
1783524206.4248955,286,,,,,,,,,,,,,1500,1500,0.35,0,0,35.6,47.0,46.937,6249,15.96,62.7,1
1783524206.486928,287,3,person,0,673,122,745,333,0.421,709,227,69,-133,1700,1650,0.35,0,0,35.6,47.0,46.937,6249,19.32,51.8,0
1783524206.5448456,288,,,,,,,,,,,,,1500,1500,0.35,0,0,35.6,47.093,47.281,6209,16.45,60.8,1
1783524206.6023128,289,,,,,,,,,,,,,1500,1500,0.35,0,0,35.6,47.093,47.281,6209,16.16,61.9,1
1783524206.647278,290,3,person,0,674,121,749,340,0.456,711,230,71,-130,1700,1650,0.35,0,0,35.6,47.093,47.281,6209,19.36,51.7,0
1783524206.7130363,291,3,person,0,682,112,758,340,0.445,720,226,80,-134,1559,1556,0.35,0,0,35.6,47.093,47.281,6209,22.48,44.5,0
1783524206.7743423,292,3,person,0,677,99,759,342,0.397,718,220,78,-140,1544,1561,0.35,0,0,35.6,47.093,47.281,6209,19.01,52.6,0
1783524206.8362577,293,3,person,0,665,91,751,341,0.574,708,216,68,-144,1528,1561,0.35,0,0,35.6,47.093,47.281,6209,19.23,52.0,0
1783524206.8972633,294,3,person,0,658,83,749,343,0.502,703,213,63,-147,1531,1562,0.35,0,0,35.6,47.093,47.281,6209,18.81,53.2,0
1783524206.9582126,295,3,person,0,656,80,750,343,0.452,703,211,63,-149,1538,1562,0.35,0,0,35.6,47.093,47.281,6209,18.97,52.7,0
1783524207.0196395,296,3,person,0,665,83,740,280,0.547,702,181,62,-179,1536,1597,0.35,0,0,35.6,47.093,47.281,6209,19.13,52.3,0
1783524207.0814757,297,3,person,0,655,89,747,327,0.421,701,208,61,-152,1536,1540,0.35,0,0,35.6,47.062,47.125,6249,19.34,51.7,0
1783524207.1438336,298,3,person,0,648,88,746,338,0.46,697,213,57,-147,1530,1556,0.35,0,0,35.6,47.062,47.125,6249,19.4,51.5,0
1783524207.2050927,299,3,person,0,648,82,744,325,0.645,696,203,56,-157,1533,1572,0.35,0,0,35.6,47.062,47.125,6249,19.34,51.7,0
1783524207.270745,300,3,person,0,642,71,748,341,0.401,695,206,55,-154,1533,1561,0.35,0,0,35.6,47.062,47.125,6249,23.31,42.9,0
1783524207.3318648,301,3,person,0,640,58,753,345,0.643,696,201,56,-159,1536,1569,0.35,0,0,35.6,47.062,47.125,6249,18.96,52.7,0
1783524207.3782687,302,3,person,0,638,50,753,347,0.632,695,198,55,-162,1532,1570,0.35,0,0,35.6,47.062,47.125,6249,19.4,51.6,0
1783524207.4392989,303,3,person,0,638,43,756,348,0.552,697,195,57,-165,1538,1570,0.35,0,0,35.6,47.062,47.125,6249,19.23,52.0,0
1783524207.5005927,304,3,person,0,634,43,757,359,0.642,695,201,55,-159,1532,1560,0.35,0,0,35.6,47.062,47.125,6249,19.26,51.9,0
1783524207.5622547,305,3,person,0,626,45,747,356,0.595,686,200,46,-160,1517,1566,0.35,0,0,35.6,46.937,47.062,6249,19.07,52.4,0
1783524207.6233811,306,3,person,0,627,45,749,353,0.745,688,199,48,-161,1533,1567,0.35,0,0,35.6,46.937,47.062,6249,18.99,52.7,0
1783524207.6852567,307,3,person,0,621,38,748,358,0.731,684,198,44,-162,1523,1567,0.35,0,0,35.6,46.937,47.062,6249,19.22,52.0,0
1783524207.7469022,308,3,person,0,619,24,747,352,0.704,683,188,43,-172,1526,1578,0.35,0,0,35.6,46.937,47.062,6249,19.52,51.2,0
1783524207.808898,309,3,person,0,621,10,745,333,0.706,683,171,43,-189,1527,1591,0.35,0,0,35.6,46.937,47.062,6249,19.15,52.2,0
1783524207.870477,310,3,person,0,618,3,746,345,0.722,682,174,42,-186,1526,1573,0.35,0,0,35.6,46.937,47.062,6249,19.3,51.8,0
1783524207.932772,311,3,person,0,622,1,737,307,0.658,679,154,39,-206,1448,1600,0.35,0,0,35.6,46.937,47.062,6249,19.21,52.1,0
1783524207.9943538,312,3,person,0,620,0,734,303,0.507,677,151,37,-209,1502,1588,0.35,0,0,35.6,46.937,47.062,6249,18.99,52.7,0
1783524208.0554597,313,3,person,0,609,0,738,350,0.4,673,175,33,-185,1502,1556,0.35,0,0,35.6,46.937,47.062,6249,18.97,52.7,0
1783524208.101697,314,3,person,0,610,0,735,344,0.523,672,172,32,-188,1502,1580,0.35,0,0,35.6,47.062,46.968,6209,19.22,52.0,0
1783524208.1631312,315,3,person,0,601,0,739,378,0.56,670,189,30,-171,1502,1556,0.35,0,0,35.6,47.062,46.968,6209,19.14,52.2,0
1783524208.22489,316,3,person,0,600,0,734,359,0.483,667,179,27,-181,1502,1582,0.35,0,0,35.6,47.062,46.968,6209,19.27,51.9,0
1783524208.2864726,317,3,person,0,579,1,733,407,0.586,656,204,16,-156,1502,1544,0.35,0,0,35.6,47.062,46.968,6209,19.14,52.2,0
1783524208.3489947,318,3,person,0,571,2,729,409,0.561,650,205,10,-155,1502,1563,0.35,0,0,35.6,47.062,46.968,6209,19.43,51.5,0
1783524208.4056368,319,,,,,,,,,,,,,1500,1500,0.35,0,0,35.6,47.062,46.968,6209,16.21,61.7,1
1783524208.4682522,320,3,person,0,538,2,712,435,0.675,625,218,-15,-142,1500,1650,0.35,0,0,35.6,47.062,46.968,6209,19.23,52.0,0
1783524208.5310605,321,3,person,0,518,4,695,421,0.529,606,212,-34,-148,1500,1564,0.35,0,0,35.6,47.062,46.968,6209,19.45,51.4,0
1783524208.5936108,322,3,person,0,500,4,685,422,0.519,592,213,-48,-147,1409,1558,0.35,0,0,35.6,46.906,46.968,6249,18.87,53.0,0
1783524208.6551287,323,3,person,0,471,4,661,412,0.727,566,208,-74,-152,1421,1565,0.35,0,0,35.6,46.906,46.968,6249,18.97,52.7,0
1783524208.7177372,324,3,person,0,427,2,653,481,0.674,540,241,-100,-119,1406,1522,0.35,0,0,35.6,46.906,46.968,6249,19.22,52.0,0
1783524208.780307,325,3,person,0,397,3,634,506,0.367,515,254,-125,-106,1392,1532,0.35,0,0,35.6,46.906,46.968,6249,19.21,52.0,0
1783524208.8213074,326,,,,,,,,,,,,,1500,1500,0.35,0,0,35.6,46.906,46.968,6249,16.02,62.4,1
1783524208.8788302,327,,,,,,,,,,,,,1500,1500,0.35,0,0,35.6,46.906,46.968,6249,16.13,62.0,1
1783524208.9360154,328,,,,,,,,,,,,,1500,1500,0.35,0,0,35.6,46.906,46.968,6249,16.23,61.6,1
1783524208.9935951,329,,,,,,,,,,,,,1500,1500,0.35,0,0,35.6,46.906,46.968,6249,15.8,63.3,1
1783524209.0575683,330,,,,,,,,,,,,,1500,1500,0.35,0,0,35.6,46.906,46.968,6249,21.63,46.2,1
1783524209.1245542,331,,,,,,,,,,,,,1500,1500,0.35,0,0,35.6,47.437,47.062,6288,23.6,42.4,1
1783524209.1881,332,8,person,0,108,3,415,499,0.466,261,251,-379,-109,1300,1650,0.35,0,0,35.6,47.437,47.062,6288,19.41,51.5,0
1783524209.257143,333,8,person,0,93,1,404,504,0.66,248,252,-392,-108,1300,1542,0.35,0,0,35.6,47.437,47.062,6288,19.24,52.0,0
1783524209.3199365,334,,,,,,,,,,,,,1500,1500,0.35,0,0,35.6,47.437,47.062,6288,15.06,66.4,1
1783524209.3807585,335,,,,,,,,,,,,,1500,1500,0.35,0,0,35.6,47.437,47.062,6288,15.18,65.9,1
1783524209.4416468,336,,,,,,,,,,,,,1500,1500,0.35,0,0,35.6,47.437,47.062,6288,16.09,62.2,1
1783524209.501497,337,,,,,,,,,,,,,1500,1500,0.35,0,0,35.6,47.437,47.062,6288,16.24,61.6,1
1783524209.5441518,338,,,,,,,,,,,,,1500,1500,0.35,0,0,35.6,47.437,47.062,6288,16.3,61.3,1
1783524209.602572,339,,,,,,,,,,,,,1500,1500,0.35,0,0,35.6,47.218,47.093,6249,16.07,62.2,1
1783524209.662405,340,,,,,,,,,,,,,1500,1500,0.35,0,0,35.6,47.218,47.093,6249,15.94,62.7,1
1783524209.7232304,341,,,,,,,,,,,,,1500,1500,0.35,0,0,35.6,47.218,47.093,6249,19.05,52.5,1
1783524209.780655,342,,,,,,,,,,,,,1500,1500,0.35,0,0,35.6,47.218,47.093,6249,16.26,61.5,1
1783524209.8382187,343,,,,,,,,,,,,,1500,1500,0.35,0,0,35.6,47.218,47.093,6249,16.27,61.5,1
1783524209.8950126,344,,,,,,,,,,,,,1500,1500,0.35,0,0,35.6,47.218,47.093,6249,16.11,62.1,1
1783524209.9525955,345,,,,,,,,,,,,,1500,1500,0.35,0,0,35.6,47.218,47.093,6249,16.17,61.8,1
1783524210.0094438,346,,,,,,,,,,,,,1500,1500,0.35,0,0,35.6,47.218,47.093,6249,16.28,61.4,1
1783524210.066927,347,,,,,,,,,,,,,1500,1500,0.35,0,0,35.6,47.218,47.093,6249,16.48,60.7,1
1783524210.1237323,348,,,,,,,,,,,,,1500,1500,0.35,0,0,35.6,47.406,46.968,6249,16.0,62.5,1
1783524210.1815808,349,,,,,,,,,,,,,1500,1500,0.35,0,0,35.6,47.406,46.968,6249,16.29,61.4,1
1783524210.2218971,350,,,,,,,,,,,,,1500,1500,0.35,0,0,35.6,47.406,46.968,6249,15.98,62.6,1
1783524210.279422,351,,,,,,,,,,,,,1500,1500,0.35,0,0,35.6,47.406,46.968,6249,16.37,61.1,1
1783524210.3378494,352,,,,,,,,,,,,,1500,1500,0.35,0,0,35.6,47.406,46.968,6249,16.18,61.8,1
1783524210.3953362,353,,,,,,,,,,,,,1500,1500,0.35,0,0,35.6,47.406,46.968,6249,14.97,66.8,1
1783524210.453484,354,,,,,,,,,,,,,1500,1500,0.35,0,0,35.6,47.406,46.968,6249,14.88,67.2,1
1783524210.5107453,355,,,,,,,,,,,,,1500,1500,0.35,0,0,35.6,47.406,46.968,6249,15.25,65.6,1
1783524210.5709417,356,,,,,,,,,,,,,1500,1500,0.35,0,0,35.6,47.406,46.968,6249,16.31,61.3,1
1783524210.6297243,357,,,,,,,,,,,,,1500,1500,0.35,0,0,35.6,47.343,47.062,6288,15.98,62.6,1
1783524210.6882405,358,,,,,,,,,,,,,1500,1500,0.35,0,0,35.6,47.343,47.062,6288,15.98,62.6,1
1783524210.7459292,359,,,,,,,,,,,,,1500,1500,0.35,0,0,35.6,47.343,47.062,6288,16.19,61.8,1
1783524210.813076,360,,,,,,,,,,,,,1500,1500,0.35,0,0,35.6,47.343,47.062,6288,19.45,51.4,1
1783524210.872446,361,,,,,,,,,,,,,1500,1500,0.35,0,0,35.6,47.343,47.062,6288,16.21,61.7,1
1783524210.9208758,362,,,,,,,,,,,,,1500,1500,0.35,0,0,35.6,47.343,47.062,6288,21.56,46.4,1
1783524210.980154,363,,,,,,,,,,,,,1500,1500,0.35,0,0,35.6,47.343,47.062,6288,16.29,61.4,1
1783524211.0383396,364,,,,,,,,,,,,,1500,1500,0.35,0,0,35.6,47.343,47.062,6288,16.1,62.1,1
1783524211.0952094,365,,,,,,,,,,,,,1500,1500,0.35,0,0,35.6,47.125,47.093,6249,15.88,63.0,1
1783524211.152222,366,,,,,,,,,,,,,1500,1500,0.35,0,0,35.6,47.125,47.093,6249,15.63,64.0,1
1783524211.2095366,367,,,,,,,,,,,,,1500,1500,0.35,0,0,35.6,47.125,47.093,6249,15.79,63.3,1
1783524211.266228,368,,,,,,,,,,,,,1500,1500,0.35,0,0,35.6,47.125,47.093,6249,15.91,62.9,1
1783524211.325915,369,,,,,,,,,,,,,1500,1500,0.35,0,0,35.6,47.125,47.093,6249,17.53,57.1,1
1783524211.3873854,370,10,person,0,603,1,765,417,0.534,684,209,44,-151,1633,1650,0.35,0,0,35.6,47.125,47.093,6249,18.91,52.9,0
1783524211.450763,371,10,person,0,607,3,763,403,0.368,685,203,45,-157,1528,1567,0.35,0,0,35.6,47.125,47.093,6249,19.1,52.3,0
1783524211.5151947,372,10,person,0,610,2,765,398,0.735,687,200,47,-160,1530,1566,0.35,0,0,35.6,47.125,47.093,6249,21.78,45.9,0
1783524211.5778525,373,10,person,0,615,2,766,389,0.732,690,195,50,-165,1534,1570,0.35,0,0,35.6,47.125,47.093,6249,19.38,51.6,0
1783524211.6235013,374,10,person,0,619,1,769,385,0.583,694,193,54,-167,1539,1569,0.35,0,0,35.6,47.25,47.281,6288,18.86,53.0,0
1783524211.685628,375,10,person,0,623,6,770,387,0.691,696,196,56,-164,1536,1564,0.35,0,0,35.6,47.25,47.281,6288,19.0,52.6,0
1783524211.7480493,376,10,person,0,626,17,768,386,0.586,697,201,57,-159,1536,1560,0.35,0,0,35.6,47.25,47.281,6288,19.69,50.8,0
1783524211.812125,377,10,person,0,642,31,765,353,0.508,703,192,63,-168,1546,1575,0.35,0,0,35.6,47.25,47.281,6288,19.79,50.5,0
1783524211.874885,378,10,person,0,642,39,771,379,0.568,706,209,66,-151,1544,1548,0.35,0,0,35.6,47.25,47.281,6288,19.53,51.2,0
1783524211.9377222,379,10,person,0,646,41,767,359,0.722,706,200,66,-160,1540,1573,0.35,0,0,35.6,47.25,47.281,6288,19.28,51.9,0
1783524211.9995186,380,10,person,0,649,43,767,352,0.736,708,197,68,-163,1544,1569,0.35,0,0,35.6,47.25,47.281,6288,19.02,52.6,0
1783524212.0614145,381,10,person,0,650,50,764,353,0.685,707,201,67,-159,1540,1562,0.35,0,0,35.6,47.25,47.281,6288,18.78,53.2,0
1783524212.1262922,382,10,person,0,653,57,761,343,0.736,707,200,67,-160,1541,1566,0.35,0,0,35.6,47.125,47.25,6209,22.29,44.9,0
1783524212.1880038,383,10,person,0,653,69,759,350,0.58,706,209,66,-151,1539,1555,0.35,0,0,35.6,47.125,47.25,6209,19.19,52.1,0
1783524212.250428,384,10,person,0,655,82,756,344,0.65,705,213,65,-147,1539,1557,0.35,0,0,35.6,47.125,47.25,6209,19.31,51.8,0
1783524212.3120034,385,10,person,0,659,91,752,329,0.432,705,210,65,-150,1540,1564,0.35,0,0,35.6,47.125,47.25,6209,19.21,52.1,0
1783524212.3580549,386,10,person,0,660,94,750,320,0.526,705,207,65,-153,1540,1566,0.35,0,0,35.6,47.125,47.25,6209,18.78,53.2,0
1783524212.4195256,387,10,person,0,658,93,749,320,0.554,703,206,63,-154,1537,1564,0.35,0,0,35.6,47.125,47.25,6209,18.99,52.7,0
1783524212.481955,388,10,person,0,654,92,752,333,0.455,703,212,63,-148,1539,1556,0.35,0,0,35.6,47.125,47.25,6209,19.22,52.0,0
1783524212.5436928,389,10,person,0,663,93,742,280,0.543,702,186,62,-174,1538,1592,0.35,0,0,35.6,47.125,47.25,6209,19.35,51.7,0
1783524212.60939,390,10,person,0,656,100,752,325,0.621,704,212,64,-148,1543,1541,0.35,0,0,35.6,47.125,47.25,6209,22.42,44.6,0
1783524212.6711764,391,10,person,0,650,106,748,335,0.474,699,220,59,-140,1531,1551,0.35,0,0,35.6,47.062,47.093,6170,19.06,52.5,0
1783524212.733783,392,10,person,0,649,112,748,341,0.399,698,226,58,-134,1536,1550,0.35,0,0,35.6,47.062,47.093,6170,19.75,50.6,0
1783524212.794829,393,10,person,0,650,117,748,345,0.565,699,231,59,-129,1539,1549,0.35,0,0,35.6,47.062,47.093,6170,18.67,53.5,0
1783524212.856733,394,10,person,0,649,119,749,348,0.504,699,233,59,-127,1538,1551,0.35,0,0,35.6,47.062,47.093,6170,19.03,52.5,0
1783524212.9180765,395,10,person,0,646,118,749,353,0.646,697,235,57,-125,1534,1550,0.35,0,0,35.6,47.062,47.093,6170,19.19,52.1,0
1783524212.9753168,396,,,,,,,,,,,,,1500,1500,0.35,0,0,35.6,47.062,47.093,6170,16.52,60.5,1
1783524213.0330012,397,,,,,,,,,,,,,1500,1500,0.35,0,0,35.6,47.062,47.093,6170,16.02,62.4,1
1783524213.0736837,398,,,,,,,,,,,,,1500,1500,0.35,0,0,35.6,47.062,47.093,6170,16.27,61.5,1
1783524213.1350358,399,10,person,0,649,124,743,340,0.467,696,232,56,-128,1669,1650,0.35,0,0,35.6,47.156,47.187,6249,19.15,52.2,0
1783524213.1972632,400,10,person,0,649,127,738,325,0.358,693,226,53,-134,1528,1558,0.35,0,0,35.6,47.156,47.187,6249,18.87,53.0,0
1783524213.2544696,401,,,,,,,,,,,,,1500,1500,0.35,0,0,35.6,47.156,47.187,6249,15.83,63.2,1
1783524213.3178926,402,10,person,0,649,129,740,333,0.466,694,231,54,-129,1663,1650,0.35,0,0,35.6,47.156,47.187,6249,20.39,49.0,0
1783524213.3812435,403,10,person,0,648,129,742,337,0.571,695,233,55,-127,1534,1549,0.35,0,0,35.6,47.156,47.187,6249,19.48,51.3,0
1783524213.4430873,404,10,person,0,652,128,745,335,0.412,698,231,58,-129,1538,1553,0.35,0,0,35.6,47.156,47.187,6249,19.52,51.2,0
1783524213.5054178,405,10,person,0,651,128,745,336,0.578,698,232,58,-128,1535,1550,0.35,0,0,35.6,47.156,47.187,6249,19.11,52.3,0
1783524213.566341,406,10,person,0,660,129,752,336,0.392,706,232,66,-128,1550,1551,0.35,0,0,35.6,47.156,47.187,6249,18.95,52.8,0
1783524213.6281276,407,10,person,0,655,131,746,335,0.402,700,233,60,-127,1528,1550,0.35,0,0,35.6,47.437,47.093,6209,18.83,53.1,0
1783524213.685027,408,,,,,,,,,,,,,1500,1500,0.35,0,0,35.6,47.437,47.093,6209,16.14,62.0,1
1783524213.7430773,409,,,,,,,,,,,,,1500,1500,0.35,0,0,35.6,47.437,47.093,6209,16.42,60.9,1
1783524213.7833655,410,,,,,,,,,,,,,1500,1500,0.35,0,0,35.6,47.437,47.093,6209,16.0,62.5,1
1783524213.8401864,411,,,,,,,,,,,,,1500,1500,0.35,0,0,35.6,47.437,47.093,6209,16.24,61.6,1
1783524213.9019072,412,10,person,0,672,129,759,330,0.447,715,229,75,-131,1700,1650,0.35,0,0,35.6,47.437,47.093,6209,19.25,51.9,0
1783524213.962406,413,,,,,,,,,,,,,1500,1500,0.35,0,0,35.6,47.437,47.093,6209,17.99,55.6,1
1783524214.0254211,414,10,person,0,677,128,758,323,0.515,717,225,77,-135,1700,1650,0.35,0,0,35.6,47.437,47.093,6209,18.99,52.7,0
1783524214.0880485,415,10,person,0,659,128,746,329,0.398,702,228,62,-132,1518,1550,0.35,0,0,35.6,47.437,47.093,6209,19.04,52.5,0
1783524214.150644,416,10,person,0,658,129,746,332,0.505,702,230,62,-130,1537,1550,0.35,0,0,35.6,47.375,47.437,6249,19.25,51.9,0
1783524214.2123103,417,10,person,0,651,127,742,335,0.501,696,231,56,-129,1526,1551,0.35,0,0,35.6,47.375,47.437,6249,19.47,51.4,0
1783524214.2697077,418,,,,,,,,,,,,,1500,1500,0.35,0,0,35.6,47.375,47.437,6249,16.06,62.3,1
1783524214.3313522,419,10,person,0,646,124,743,347,0.486,694,235,54,-125,1663,1650,0.35,0,0,35.6,47.375,47.437,6249,19.01,52.6,0
1783524214.3929148,420,,,,,,,,,,,,,1500,1500,0.35,0,0,35.6,47.375,47.437,6249,19.24,52.0,1
1783524214.4503,421,,,,,,,,,,,,,1500,1500,0.35,0,0,35.6,47.375,47.437,6249,16.09,62.2,1
1783524214.4961565,422,10,person,0,642,119,741,342,0.681,691,230,51,-130,1654,1650,0.35,0,0,35.6,47.375,47.437,6249,18.89,52.9,0
1783524214.5538037,423,,,,,,,,,,,,,1500,1500,0.35,0,0,35.6,47.375,47.437,6249,15.9,62.9,1
1783524214.6117985,424,,,,,,,,,,,,,1500,1500,0.35,0,0,35.6,47.375,47.437,6249,16.28,61.4,1
1783524214.6682146,425,,,,,,,,,,,,,1500,1500,0.35,0,0,35.6,47.593,47.187,6328,15.92,62.8,1
1783524214.7280495,426,,,,,,,,,,,,,1500,1500,0.35,0,0,35.6,47.593,47.187,6328,17.93,55.8,1
1783524214.785085,427,,,,,,,,,,,,,1500,1500,0.35,0,0,35.6,47.593,47.187,6328,15.97,62.6,1
1783524214.8420115,428,,,,,,,,,,,,,1500,1500,0.35,0,0,35.6,47.593,47.187,6328,16.34,61.2,1
1783524214.9022522,429,,,,,,,,,,,,,1500,1500,0.35,0,0,35.6,47.593,47.187,6328,18.23,54.9,1
1783524214.9636228,430,10,person,0,647,112,751,347,0.479,699,229,59,-131,1678,1650,0.35,0,0,35.6,47.593,47.187,6328,18.86,53.0,0
1783524215.026404,431,10,person,0,661,111,761,344,0.5,711,227,71,-133,1558,1555,0.35,0,0,35.6,47.593,47.187,6328,18.72,53.4,0
1783524215.088586,432,10,person,0,673,113,771,350,0.517,722,231,82,-129,1563,1548,0.35,0,0,35.6,47.593,47.187,6328,19.26,51.9,0
1783524215.1462705,433,,,,,,,,,,,,,1500,1500,0.35,0,0,35.6,47.343,47.218,6249,16.22,61.7,1
1783524215.186546,434,,,,,,,,,,,,,1500,1500,0.35,0,0,35.6,47.343,47.218,6249,15.8,63.3,1
1783524215.2486722,435,10,person,0,672,110,762,338,0.36,717,224,77,-136,1700,1650,0.35,0,0,35.6,47.343,47.218,6249,19.3,51.8,0
1783524215.3110945,436,10,person,0,674,109,760,334,0.489,717,221,77,-139,1546,1558,0.35,0,0,35.6,47.343,47.218,6249,19.26,51.9,0
1783524215.3734453,437,10,person,0,663,107,750,326,0.407,706,216,66,-144,1525,1562,0.35,0,0,35.6,47.343,47.218,6249,19.17,52.2,0
1783524215.4347298,438,10,person,0,668,104,758,339,0.438,713,221,73,-139,1553,1552,0.35,0,0,35.6,47.343,47.218,6249,18.9,52.9,0
1783524215.4970193,439,10,person,0,675,101,762,335,0.531,718,218,78,-142,1553,1559,0.35,0,0,35.6,47.343,47.218,6249,18.73,53.4,0
1783524215.5583124,440,10,person,0,681,99,758,311,0.454,719,205,79,-155,1549,1573,0.35,0,0,35.6,47.343,47.218,6249,18.74,53.4,0
1783524215.6205952,441,10,person,0,670,99,753,327,0.444,711,213,71,-147,1533,1553,0.35,0,0,35.6,47.343,47.218,6249,19.05,52.5,0
1783524215.6823933,442,10,person,0,677,98,761,335,0.516,719,216,79,-144,1558,1556,0.35,0,0,35.6,47.312,47.25,6249,19.05,52.5,0
1783524215.745938,443,10,person,0,677,97,760,335,0.403,718,216,78,-144,1546,1559,0.35,0,0,35.6,47.312,47.25,6249,20.62,48.5,0
1783524215.8073828,444,10,person,0,677,96,759,337,0.376,718,216,78,-144,1548,1559,0.35,0,0,35.6,47.312,47.25,6249,19.19,52.1,0
1783524215.8683028,445,10,person,0,678,94,758,331,0.405,718,212,78,-148,1548,1564,0.35,0,0,35.6,47.312,47.25,6249,18.93,52.8,0
1783524215.9144354,446,10,person,0,669,94,752,340,0.513,710,217,70,-143,1529,1553,0.35,0,0,35.6,47.312,47.25,6249,19.14,52.3,0
1783524215.9761689,447,10,person,0,658,93,745,344,0.406,701,218,61,-142,1526,1557,0.35,0,0,35.6,47.312,47.25,6249,19.27,51.9,0
1783524216.033636,448,,,,,,,,,,,,,1500,1500,0.35,0,0,35.6,47.312,47.25,6249,15.89,62.9,1
1783524216.0938833,449,,,,,,,,,,,,,1500,1500,0.35,0,0,35.6,47.312,47.25,6249,17.91,55.8,1
1783524216.1545758,450,,,,,,,,,,,,,1500,1500,0.35,0,0,35.6,47.375,47.062,6209,19.04,52.5,1
1783524216.2116187,451,,,,,,,,,,,,,1500,1500,0.35,0,0,35.6,47.375,47.062,6209,16.16,61.9,1
1783524216.273478,452,10,person,0,654,93,740,334,0.557,697,213,57,-147,1672,1650,0.35,0,0,35.6,47.375,47.062,6209,19.18,52.1,0
1783524216.3383138,453,10,person,0,649,92,739,345,0.419,694,218,54,-142,1528,1553,0.35,0,0,35.6,47.375,47.062,6209,21.24,47.1,0
1783524216.4000628,454,10,person,0,647,92,741,356,0.538,694,224,54,-136,1532,1549,0.35,0,0,35.6,47.375,47.062,6209,18.87,53.0,0
1783524216.4614646,455,10,person,0,648,91,740,349,0.605,694,220,54,-140,1532,1559,0.35,0,0,35.6,47.375,47.062,6209,19.05,52.5,0
1783524216.5236945,456,10,person,0,647,92,739,348,0.582,693,220,53,-140,1530,1556,0.35,0,0,35.6,47.375,47.062,6209,18.9,52.9,0
1783524216.5850732,457,10,person,0,647,91,738,341,0.55,692,216,52,-144,1530,1561,0.35,0,0,35.6,47.375,47.062,6209,19.13,52.3,0
1783524216.6309614,458,10,person,0,645,90,736,339,0.695,690,214,50,-146,1527,1561,0.35,0,0,35.6,47.375,47.062,6209,18.86,53.0,0
1783524216.692526,459,10,person,0,643,89,739,352,0.598,691,220,51,-140,1532,1552,0.35,0,0,35.6,47.281,47.312,6249,18.91,52.9,0
1783524216.7540967,460,10,person,0,642,89,739,359,0.45,690,224,50,-136,1529,1552,0.35,0,0,35.6,47.281,47.312,6249,19.12,52.3,0
1783524216.8162494,461,10,person,0,639,88,736,357,0.449,687,222,47,-138,1525,1558,0.35,0,0,35.6,47.281,47.312,6249,19.12,52.3,0
1783524216.8779342,462,10,person,0,644,86,737,342,0.42,690,214,50,-146,1534,1566,0.35,0,0,35.6,47.281,47.312,6249,19.15,52.2,0
1783524216.9411743,463,10,person,0,648,83,739,331,0.367,693,207,53,-153,1536,1568,0.35,0,0,35.6,47.281,47.312,6249,20.17,49.6,0
1783524217.0029902,464,10,person,0,656,77,736,292,0.426,696,184,56,-176,1538,1591,0.35,0,0,35.6,47.281,47.312,6249,19.16,52.2,0
1783524217.0655882,465,10,person,0,660,73,733,264,0.666,696,168,56,-192,1534,1591,0.35,0,0,35.6,47.281,47.312,6249,19.14,52.2,0
1783524217.127195,466,10,person,0,660,68,733,252,0.59,696,160,56,-200,1535,1588,0.35,0,0,35.6,47.281,47.312,6249,19.01,52.6,0
1783524217.1893616,467,10,person,0,658,66,738,268,0.641,698,167,58,-193,1538,1573,0.35,0,0,35.6,47.25,47.375,6249,19.12,52.3,0
1783524217.2512174,468,10,person,0,651,65,744,300,0.765,697,182,57,-178,1534,1561,0.35,0,0,35.6,47.25,47.375,6249,19.12,52.3,0
1783524217.3137226,469,10,person,0,649,65,743,302,0.699,696,183,56,-177,1534,1572,0.35,0,0,35.6,47.25,47.375,6249,19.23,52.0,0
1783524217.359271,470,10,person,0,655,65,738,265,0.665,696,165,56,-195,1535,1599,0.35,0,0,35.6,47.25,47.375,6249,18.89,52.9,0
1783524217.4217405,471,10,person,0,647,64,744,302,0.629,695,183,55,-177,1533,1558,0.35,0,0,35.6,47.25,47.375,6249,19.03,52.5,0
1783524217.4836383,472,10,person,0,654,63,741,268,0.816,697,165,57,-195,1538,1594,0.35,0,0,35.6,47.25,47.375,6249,19.23,52.0,0
1783524217.5472562,473,10,person,0,656,61,738,250,0.808,697,155,57,-205,1536,1591,0.35,0,0,35.6,47.25,47.375,6249,20.13,49.7,0
1783524217.6090915,474,10,person,0,656,59,739,243,0.792,697,151,57,-209,1536,1588,0.35,0,0,35.6,47.25,47.375,6249,19.11,52.3,0
1783524217.6707585,475,10,person,0,656,54,745,247,0.587,700,150,60,-210,1542,1586,0.35,0,0,35.6,47.25,47.375,6249,19.13,52.3,0
1783524217.7325764,476,10,person,0,644,46,762,304,0.608,703,175,63,-185,1544,1555,0.35,0,0,35.6,47.562,47.156,6209,18.87,53.0,0
1783524217.7946784,477,10,person,0,640,39,769,326,0.439,704,182,64,-178,1542,1567,0.35,0,0,35.6,47.562,47.156,6209,18.95,52.8,0
1783524217.857117,478,10,person,0,639,34,774,339,0.677,706,186,66,-174,1544,1568,0.35,0,0,35.6,47.562,47.156,6209,18.82,53.1,0
1783524217.9191146,479,10,person,0,637,29,774,341,0.555,705,185,65,-175,1540,1572,0.35,0,0,35.6,47.562,47.156,6209,19.17,52.2,0
1783524217.984423,480,10,person,0,648,27,763,284,0.53,705,155,65,-205,1541,1606,0.35,0,0,35.6,47.562,47.156,6209,21.95,45.6,0
1783524218.0468729,481,10,person,0,651,25,756,254,0.431,703,139,63,-221,1538,1603,0.35,0,0,35.6,47.562,47.156,6209,19.29,51.8,0
1783524218.0932467,482,10,person,0,637,23,768,315,0.781,702,169,62,-191,1538,1546,0.35,0,0,35.6,47.562,47.156,6209,18.91,52.9,0
1783524218.1563542,483,10,person,0,632,20,775,346,0.623,703,183,63,-177,1542,1561,0.35,0,0,35.6,47.562,47.156,6209,19.27,51.9,0
1783524218.2191148,484,10,person,0,629,15,774,349,0.565,701,182,61,-178,1537,1573,0.35,0,0,35.6,47.343,47.25,6288,19.11,52.3,0
1783524218.281368,485,10,person,0,623,9,777,370,0.801,700,189,60,-171,1537,1564,0.35,0,0,35.6,47.343,47.25,6288,19.18,52.1,0
1783524218.3440187,486,10,person,0,621,3,777,374,0.689,699,188,59,-172,1537,1571,0.35,0,0,35.6,47.343,47.25,6288,19.2,52.1,0
1783524218.406081,487,10,person,0,618,1,777,383,0.813,697,192,57,-168,1534,1565,0.35,0,0,35.6,47.343,47.25,6288,19.34,51.7,0
1783524218.4681926,488,10,person,0,617,0,778,389,0.707,697,194,57,-166,1537,1566,0.35,0,0,35.6,47.343,47.25,6288,19.0,52.6,0
1783524218.5299287,489,10,person,0,619,0,775,381,0.694,697,190,57,-170,1537,1573,0.35,0,0,35.6,47.343,47.25,6288,18.8,53.2,0
1783524218.5924976,490,10,person,0,619,0,775,383,0.649,697,191,57,-169,1537,1568,0.35,0,0,35.6,47.343,47.25,6288,18.8,53.2,0
1783524218.6541584,491,10,person,0,618,1,770,377,0.648,694,189,54,-171,1531,1572,0.35,0,0,35.6,47.343,47.25,6288,19.05,52.5,0
1783524218.7163093,492,10,person,0,616,0,774,397,0.685,695,198,55,-162,1537,1559,0.35,0,0,35.6,47.531,47.156,6249,19.09,52.4,0
1783524218.7789154,493,10,person,0,618,0,773,393,0.49,695,196,55,-164,1536,1569,0.35,0,0,35.6,47.531,47.156,6249,19.17,52.2,0
1783524218.8250382,494,10,person,0,616,1,773,398,0.676,694,199,54,-161,1533,1563,0.35,0,0,35.6,47.531,47.156,6249,18.68,53.5,0
1783524218.8866854,495,10,person,0,614,0,771,402,0.727,692,201,52,-159,1531,1563,0.35,0,0,35.6,47.531,47.156,6249,18.93,52.8,0
1783524218.9485621,496,10,person,0,613,1,764,382,0.658,688,191,48,-169,1526,1577,0.35,0,0,35.6,47.531,47.156,6249,19.04,52.5,0
1783524219.0116763,497,10,person,0,602,1,763,404,0.663,682,202,42,-158,1520,1556,0.35,0,0,35.6,47.531,47.156,6249,19.26,51.9,0
1783524219.0741348,498,10,person,0,594,2,759,410,0.863,676,206,36,-154,1449,1560,0.35,0,0,35.6,47.531,47.156,6249,19.07,52.5,0
1783524219.1366296,499,10,person,0,588,1,759,420,0.817,673,210,33,-150,1503,1558,0.35,0,0,35.6,47.531,47.156,6249,18.98,52.7,0
1783524219.1982055,500,10,person,0,581,1,757,428,0.842,669,214,29,-146,1503,1557,0.35,0,0,35.6,47.437,47.531,6209,18.97,52.7,0
1783524219.2601867,501,10,person,0,575,1,751,425,0.808,663,213,23,-147,1503,1561,0.35,0,0,35.6,47.437,47.531,6209,18.78,53.2,0
1783524219.321546,502,10,person,0,573,2,748,417,0.766,660,209,20,-151,1503,1565,0.35,0,0,35.6,47.437,47.531,6209,18.76,53.3,0
1783524219.3838387,503,10,person,0,567,2,749,430,0.793,658,216,18,-144,1503,1553,0.35,0,0,35.6,47.437,47.531,6209,18.93,52.8,0
1783524219.445589,504,10,person,0,564,3,748,433,0.584,656,218,16,-142,1503,1557,0.35,0,0,35.6,47.437,47.531,6209,18.93,52.8,0
1783524219.5081394,505,10,person,0,566,2,751,432,0.511,658,217,18,-143,1503,1559,0.35,0,0,35.6,47.437,47.531,6209,18.94,52.8,0
1783524219.5539978,506,10,person,0,569,3,751,427,0.379,660,215,20,-145,1503,1562,0.35,0,0,35.6,47.437,47.531,6209,18.98,52.7,0
1783524219.6117358,507,,,,,,,,,,,,,1500,1500,0.35,0,0,35.6,47.437,47.531,6209,16.01,62.5,1
1783524219.6746068,508,10,person,0,554,4,749,455,0.377,651,229,11,-131,1500,1650,0.35,0,0,35.6,47.437,47.531,6209,19.21,52.1,0
1783524219.7332609,509,,,,,,,,,,,,,1500,1500,0.35,0,0,35.6,47.687,47.531,6249,16.14,62.0,1
1783524219.7984743,510,10,person,0,543,4,732,443,0.462,637,223,-3,-137,1500,1650,0.35,0,0,35.6,47.687,47.531,6249,21.69,46.1,0
1783524219.857051,511,,,,,,,,,,,,,1500,1500,0.35,0,0,35.6,47.687,47.531,6249,15.93,62.8,1
1783524219.9148898,512,,,,,,,,,,,,,1500,1500,0.35,0,0,35.6,47.687,47.531,6249,16.0,62.5,1
1783524219.972348,513,,,,,,,,,,,,,1500,1500,0.35,0,0,35.6,47.687,47.531,6249,15.96,62.7,1
1783524220.0292304,514,,,,,,,,,,,,,1500,1500,0.35,0,0,35.6,47.687,47.531,6249,15.89,62.9,1
1783524220.0904899,515,10,person,0,547,4,734,441,0.696,640,222,0,-138,1500,1650,0.35,0,0,35.6,47.687,47.531,6249,18.72,53.4,0
1783524220.1539118,516,10,person,0,546,4,732,437,0.584,639,220,-1,-140,1500,1557,0.35,0,0,35.6,47.687,47.531,6249,18.86,53.0,0
1783524220.210846,517,,,,,,,,,,,,,1500,1500,0.35,0,0,35.7,47.437,47.218,6249,15.89,62.9,1
1783524220.2564127,518,10,person,0,534,5,730,454,0.429,632,229,-8,-131,1500,1650,0.35,0,0,35.7,47.437,47.218,6249,18.83,53.1,0
1783524220.3188195,519,10,person,0,535,4,727,432,0.408,631,218,-9,-142,1500,1565,0.35,0,0,35.7,47.437,47.218,6249,18.89,52.9,0
1783524220.3765454,520,,,,,,,,,,,,,1500,1500,0.35,0,0,35.7,47.437,47.218,6249,16.08,62.2,1
1783524220.433982,521,,,,,,,,,,,,,1500,1500,0.35,0,0,35.7,47.437,47.218,6249,15.82,63.2,1
1783524220.4961965,522,10,person,0,529,3,729,443,0.5,629,223,-11,-137,1500,1650,0.35,0,0,35.7,47.437,47.218,6249,18.92,52.8,0
1783524220.5586429,523,10,person,0,541,3,735,432,0.363,638,217,-2,-143,1500,1562,0.35,0,0,35.7,47.437,47.218,6249,18.72,53.4,0
1783524220.6214888,524,10,person,0,553,3,742,428,0.481,647,215,7,-145,1500,1560,0.35,0,0,35.7,47.437,47.218,6249,19.03,52.6,0
1783524220.6834664,525,10,person,0,562,3,750,442,0.387,656,222,16,-138,1500,1550,0.35,0,0,35.7,47.437,47.218,6249,19.04,52.5,0
1783524220.7412612,526,,,,,,,,,,,,,1500,1500,0.35,0,0,35.6,47.406,47.281,6249,16.35,61.1,1
1783524220.8036976,527,10,person,0,570,2,751,439,0.708,660,220,20,-140,1500,1650,0.35,0,0,35.6,47.406,47.281,6249,19.08,52.4,0
1783524220.8670304,528,10,person,0,579,2,755,438,0.774,667,220,27,-140,1500,1556,0.35,0,0,35.6,47.406,47.281,6249,19.21,52.1,0
1783524220.928814,529,10,person,0,588,2,763,439,0.727,675,220,35,-140,1500,1556,0.35,0,0,35.6,47.406,47.281,6249,18.9,52.9,0
1783524220.9754603,530,10,person,0,595,3,769,439,0.652,682,221,42,-139,1597,1555,0.35,0,0,35.6,47.406,47.281,6249,19.35,51.7,0
1783524221.0372298,531,10,person,0,598,4,770,436,0.596,684,220,44,-140,1529,1557,0.35,0,0,35.6,47.406,47.281,6249,19.02,52.6,0
1783524221.0999641,532,10,person,0,602,5,769,423,0.451,685,214,45,-146,1528,1564,0.35,0,0,35.6,47.406,47.281,6249,19.23,52.0,0
1783524221.1616428,533,10,person,0,603,10,768,420,0.662,685,215,45,-145,1527,1558,0.35,0,0,35.6,47.406,47.281,6249,18.9,52.9,0
1783524221.2237782,534,10,person,0,606,7,768,411,0.531,687,209,47,-151,1531,1566,0.35,0,0,35.7,47.343,47.562,6209,19.16,52.2,0
1783524221.2853343,535,10,person,0,614,4,771,396,0.509,692,200,52,-160,1538,1572,0.35,0,0,35.7,47.343,47.562,6209,19.06,52.5,0
1783524221.3428829,536,,,,,,,,,,,,,1500,1500,0.35,0,0,35.7,47.343,47.562,6209,16.15,61.9,1
1783524221.4004686,537,,,,,,,,,,,,,1500,1500,0.35,0,0,35.7,47.343,47.562,6209,16.05,62.3,1
1783524221.4624457,538,10,person,0,636,1,779,366,0.529,707,183,67,-177,1700,1650,0.35,0,0,35.7,47.343,47.562,6209,18.99,52.7,0
1783524221.5251112,539,10,person,0,641,3,785,381,0.738,713,192,73,-168,1551,1560,0.35,0,0,35.7,47.343,47.562,6209,18.96,52.8,0
1783524221.59086,540,10,person,0,641,9,781,384,0.677,711,196,71,-164,1540,1563,0.35,0,0,35.7,47.343,47.562,6209,21.92,45.6,0
1783524221.6522715,541,10,person,0,643,18,778,384,0.794,710,201,70,-159,1541,1560,0.35,0,0,35.7,47.343,47.562,6209,19.06,52.5,0
1783524221.698884,542,10,person,0,646,22,776,373,0.608,711,197,71,-163,1544,1570,0.35,0,0,35.7,47.343,47.562,6209,19.39,51.6,0
1783524221.7601147,543,10,person,0,647,23,765,344,0.596,706,183,66,-177,1533,1583,0.35,0,0,35.7,47.5,47.281,6288,18.89,52.9,0
1783524221.8223577,544,10,person,0,645,20,765,348,0.631,705,184,65,-176,1538,1570,0.35,0,0,35.7,47.5,47.281,6288,19.09,52.4,0
1783524221.8836532,545,10,person,0,655,17,756,291,0.62,705,154,65,-206,1539,1608,0.35,0,0,35.7,47.5,47.281,6288,19.04,52.5,0
1783524221.946027,546,10,person,0,651,15,766,335,0.759,708,175,68,-185,1545,1558,0.35,0,0,35.7,47.5,47.281,6288,19.27,51.9,0
1783524222.0079145,547,10,person,0,657,20,758,302,0.599,707,161,67,-199,1540,1592,0.35,0,0,35.7,47.5,47.281,6288,19.22,52.0,0
1783524222.0702572,548,10,person,0,654,32,764,347,0.435,709,189,69,-171,1545,1547,0.35,0,0,35.7,47.5,47.281,6288,19.14,52.2,0
1783524222.1326444,549,10,person,0,652,45,762,360,0.557,707,202,67,-158,1539,1554,0.35,0,0,35.7,47.5,47.281,6288,19.3,51.8,0
1783524222.1940544,550,10,person,0,654,54,761,363,0.616,707,208,67,-152,1541,1557,0.35,0,0,35.7,47.5,47.281,6288,18.98,52.7,0
1783524222.2557738,551,10,person,0,660,59,760,346,0.665,710,202,70,-158,1547,1570,0.35,0,0,35.6,47.343,47.531,6249,19.11,52.3,0
1783524222.3173606,552,10,person,0,666,63,758,328,0.708,712,195,72,-165,1547,1573,0.35,0,0,35.6,47.343,47.531,6249,19.04,52.5,0
1783524222.3791099,553,10,person,0,667,65,760,335,0.529,713,200,73,-160,1547,1561,0.35,0,0,35.6,47.343,47.531,6249,19.07,52.4,0
1783524222.424673,554,10,person,0,662,64,762,352,0.687,712,208,72,-152,1543,1554,0.35,0,0,35.6,47.343,47.531,6249,18.91,52.9,0
1783524222.486596,555,10,person,0,665,63,761,340,0.781,713,201,73,-159,1547,1571,0.35,0,0,35.6,47.343,47.531,6249,18.9,52.9,0
1783524222.548207,556,10,person,0,664,65,757,329,0.63,710,197,70,-163,1540,1570,0.35,0,0,35.6,47.343,47.531,6249,18.94,52.8,0
1783524222.6104221,557,10,person,0,663,68,760,341,0.744,711,204,71,-156,1546,1558,0.35,0,0,35.6,47.343,47.531,6249,19.06,52.5,0
1783524222.6724627,558,10,person,0,671,72,749,275,0.678,710,173,70,-187,1543,1601,0.35,0,0,35.6,47.343,47.531,6249,19.37,51.6,0
1783524222.734789,559,10,person,0,663,77,756,314,0.512,709,195,69,-165,1542,1550,0.35,0,0,35.7,47.593,47.312,6605,18.97,52.7,0
1783524222.7966065,560,10,person,0,673,80,749,266,0.554,711,173,71,-187,1548,1594,0.35,0,0,35.7,47.593,47.312,6605,19.05,52.5,0
1783524222.858542,561,10,person,0,676,84,745,245,0.667,710,164,70,-196,1543,1587,0.35,0,0,35.7,47.593,47.312,6605,18.79,53.2,0
1783524222.9201722,562,10,person,0,672,87,742,240,0.639,707,163,67,-197,1539,1581,0.35,0,0,35.7,47.593,47.312,6605,19.13,52.3,0
1783524222.9819632,563,10,person,0,671,88,751,260,0.595,711,174,71,-186,1550,1567,0.35,0,0,35.7,47.593,47.312,6605,18.93,52.8,0
1783524223.0433314,564,10,person,0,671,88,759,283,0.664,715,185,75,-175,1553,1563,0.35,0,0,35.7,47.593,47.312,6605,18.93,52.8,0
1783524223.1054728,565,10,person,0,670,90,769,313,0.629,719,201,79,-159,1555,1552,0.35,0,0,35.7,47.593,47.312,6605,19.06,52.5,0
1783524223.1511028,566,10,person,0,673,90,768,305,0.563,720,197,80,-163,1552,1571,0.35,0,0,35.7,47.593,47.312,6605,18.94,52.8,0
1783524223.212928,567,10,person,0,674,93,771,316,0.471,722,204,82,-156,1554,1558,0.35,0,0,35.7,47.593,47.312,6605,18.93,52.8,0
1783524223.2743657,568,10,person,0,676,96,775,330,0.756,725,213,85,-147,1557,1553,0.35,0,0,35.7,47.406,47.343,6684,19.06,52.5,0
1783524223.3360076,569,10,person,0,680,100,777,334,0.766,728,217,88,-143,1559,1555,0.35,0,0,35.7,47.406,47.343,6684,19.16,52.2,0
1783524223.4008806,570,10,person,0,684,102,778,334,0.762,731,218,91,-142,1561,1558,0.35,0,0,35.7,47.406,47.343,6684,22.11,45.2,0
1783524223.4620092,571,10,person,0,686,103,777,332,0.674,731,217,91,-143,1557,1560,0.35,0,0,35.7,47.406,47.343,6684,18.81,53.2,0
1783524223.5237138,572,10,person,0,686,103,779,341,0.767,732,222,92,-138,1559,1553,0.35,0,0,35.7,47.406,47.343,6684,18.84,53.1,0
1783524223.5849104,573,10,person,0,689,104,777,334,0.642,733,219,93,-141,1560,1560,0.35,0,0,35.7,47.406,47.343,6684,19.07,52.4,0
1783524223.646986,574,10,person,0,692,104,776,326,0.628,734,215,94,-145,1560,1563,0.35,0,0,35.7,47.406,47.343,6684,18.96,52.7,0
1783524223.7084067,575,10,person,0,691,104,774,328,0.783,732,216,92,-144,1555,1558,0.35,0,0,35.7,47.406,47.343,6684,19.18,52.1,0
1783524223.7702837,576,10,person,0,693,107,775,329,0.485,734,218,94,-142,1561,1557,0.35,0,0,35.7,47.687,47.281,6367,19.13,52.3,0
1783524223.83164,577,10,person,0,692,109,775,336,0.725,733,222,93,-138,1557,1553,0.35,0,0,35.7,47.687,47.281,6367,19.13,52.3,0
1783524223.8733792,578,,,,,,,,,,,,,1500,1500,0.35,0,0,35.7,47.687,47.281,6367,16.25,61.5,1
1783524223.9355671,579,10,person,0,693,112,773,334,0.776,733,223,93,-137,1700,1650,0.35,0,0,35.7,47.687,47.281,6367,19.11,52.3,0
1783524223.9987152,580,10,person,0,695,114,772,328,0.824,733,221,93,-139,1556,1557,0.35,0,0,35.7,47.687,47.281,6367,19.13,52.3,0
1783524224.0599844,581,10,person,0,695,117,771,334,0.773,733,225,93,-135,1556,1551,0.35,0,0,35.7,47.687,47.281,6367,19.05,52.5,0
1783524224.121157,582,10,person,0,695,118,770,328,0.772,732,223,92,-137,1554,1557,0.35,0,0,35.7,47.687,47.281,6367,18.88,53.0,0
1783524224.1828847,583,10,person,0,696,118,770,330,0.771,733,224,93,-136,1557,1554,0.35,0,0,35.7,47.687,47.281,6367,18.88,53.0,0
1783524224.2443514,584,10,person,0,696,118,771,333,0.765,733,225,93,-135,1556,1554,0.35,0,0,35.7,47.687,47.281,6367,19.27,51.9,0
1783524224.3064222,585,10,person,0,697,120,771,336,0.536,734,228,94,-132,1558,1551,0.35,0,0,35.7,47.468,47.593,6249,19.41,51.5,0
1783524224.3678937,586,10,person,0,694,122,771,346,0.486,732,234,92,-126,1553,1546,0.35,0,0,35.7,47.468,47.593,6249,19.22,52.0,0
1783524224.4298913,587,10,person,0,697,123,771,338,0.578,734,230,94,-130,1560,1556,0.35,0,0,35.7,47.468,47.593,6249,19.08,52.4,0
1783524224.4908981,588,10,person,0,701,124,772,333,0.575,736,228,96,-132,1561,1556,0.35,0,0,35.7,47.468,47.593,6249,18.76,53.3,0
1783524224.5526006,589,10,person,0,701,125,772,336,0.72,736,230,96,-130,1559,1552,0.35,0,0,35.7,47.468,47.593,6249,18.94,52.8,0
1783524224.5982494,590,10,person,0,699,125,771,338,0.534,735,231,95,-129,1557,1552,0.35,0,0,35.7,47.468,47.593,6249,18.96,52.7,0
1783524224.6600318,591,10,person,0,703,126,771,330,0.589,737,228,97,-132,1562,1557,0.35,0,0,35.7,47.468,47.593,6249,18.85,53.0,0
1783524224.721177,592,10,person,0,706,130,771,327,0.659,738,228,98,-132,1562,1554,0.35,0,0,35.7,47.468,47.593,6249,18.68,53.5,0
1783524224.7829468,593,10,person,0,707,134,773,333,0.473,740,233,100,-127,1565,1548,0.35,0,0,35.7,47.718,47.625,6288,18.88,53.0,0
1783524224.8395774,594,,,,,,,,,,,,,1500,1500,0.35,0,0,35.7,47.718,47.625,6288,15.95,62.7,1
1783524224.896734,595,,,,,,,,,,,,,1500,1500,0.35,0,0,35.7,47.718,47.625,6288,15.96,62.7,1
1783524224.9533436,596,,,,,,,,,,,,,1500,1500,0.35,0,0,35.7,47.718,47.625,6288,15.71,63.7,1
1783524225.009935,597,,,,,,,,,,,,,1500,1500,0.35,0,0,35.7,47.718,47.625,6288,15.89,62.9,1
1783524225.0668004,598,,,,,,,,,,,,,1500,1500,0.35,0,0,35.7,47.718,47.625,6288,15.92,62.8,1
1783524225.1230083,599,,,,,,,,,,,,,1500,1500,0.35,0,0,35.7,47.718,47.625,6288,15.83,63.2,1
1783524225.184909,600,,,,,,,,,,,,,1500,1500,0.35,0,0,35.7,47.718,47.625,6288,20.68,48.3,1
1783524225.241458,601,,,,,,,,,,,,,1500,1500,0.35,0,0,35.7,47.718,47.625,6288,15.99,62.6,1
1783524225.281571,602,,,,,,,,,,,,,1500,1500,0.35,0,0,35.7,47.5,47.468,6249,15.82,63.2,1
1783524225.3427255,603,,,,,,,,,,,,,1500,1500,0.35,0,0,35.7,47.5,47.468,6249,20.11,49.7,1
1783524225.3993042,604,,,,,,,,,,,,,1500,1500,0.35,0,0,35.7,47.5,47.468,6249,15.94,62.7,1
1783524225.4561903,605,,,,,,,,,,,,,1500,1500,0.35,0,0,35.7,47.5,47.468,6249,15.82,63.2,1
1783524225.5127056,606,,,,,,,,,,,,,1500,1500,0.35,0,0,35.7,47.5,47.468,6249,15.91,62.9,1
1783524225.569861,607,,,,,,,,,,,,,1500,1500,0.35,0,0,35.7,47.5,47.468,6249,16.03,62.4,1
1783524225.6262236,608,,,,,,,,,,,,,1500,1500,0.35,0,0,35.7,47.5,47.468,6249,16.04,62.3,1
1783524225.6826372,609,,,,,,,,,,,,,1500,1500,0.35,0,0,35.7,47.5,47.468,6249,15.84,63.1,1
1783524225.7398021,610,,,,,,,,,,,,,1500,1500,0.35,0,0,35.7,47.5,47.468,6249,15.92,62.8,1
1783524225.7961097,611,,,,,,,,,,,,,1500,1500,0.35,0,0,35.7,47.531,47.312,6288,15.91,62.8,1
1783524225.8528214,612,,,,,,,,,,,,,1500,1500,0.35,0,0,35.7,47.531,47.312,6288,15.83,63.2,1
1783524225.9094532,613,,,,,,,,,,,,,1500,1500,0.35,0,0,35.7,47.531,47.312,6288,16.2,61.7,1
1783524225.9510996,614,,,,,,,,,,,,,1500,1500,0.35,0,0,35.7,47.531,47.312,6288,16.84,59.4,1
1783524226.0075266,615,,,,,,,,,,,,,1500,1500,0.35,0,0,35.7,47.531,47.312,6288,16.14,62.0,1
1783524226.063979,616,,,,,,,,,,,,,1500,1500,0.35,0,0,35.7,47.531,47.312,6288,15.84,63.1,1
1783524226.1208007,617,,,,,,,,,,,,,1500,1500,0.35,0,0,35.7,47.531,47.312,6288,15.81,63.2,1
1783524226.1774414,618,,,,,,,,,,,,,1500,1500,0.35,0,0,35.7,47.531,47.312,6288,15.82,63.2,1
1783524226.2382083,619,,,,,,,,,,,,,1500,1500,0.35,0,0,35.7,47.531,47.312,6288,18.13,55.2,1
1783524226.2950778,620,,,,,,,,,,,,,1500,1500,0.35,0,0,35.7,47.437,47.625,6288,15.93,62.8,1
1783524226.3515446,621,,,,,,,,,,,,,1500,1500,0.35,0,0,35.7,47.437,47.625,6288,15.82,63.2,1
1783524226.4085898,622,,,,,,,,,,,,,1500,1500,0.35,0,0,35.7,47.437,47.625,6288,15.96,62.6,1
1783524226.4654262,623,,,,,,,,,,,,,1500,1500,0.35,0,0,35.7,47.437,47.625,6288,16.07,62.2,1
1783524226.5220213,624,,,,,,,,,,,,,1500,1500,0.35,0,0,35.7,47.437,47.625,6288,15.66,63.8,1
1783524226.5815117,625,,,,,,,,,,,,,1500,1500,0.35,0,0,35.7,47.437,47.625,6288,17.97,55.6,1
1783524226.6285443,626,16,person,0,701,138,772,332,0.378,736,235,96,-125,1700,1650,0.35,0,0,35.7,47.437,47.625,6288,19.41,51.5,0
1783524226.6923194,627,16,person,0,699,139,772,338,0.598,735,238,95,-122,1556,1546,0.35,0,0,35.7,47.437,47.625,6288,19.1,52.3,0
1783524226.7496738,628,,,,,,,,,,,,,1500,1500,0.35,0,0,35.7,47.437,47.625,6288,15.88,63.0,1
1783524226.8067517,629,,,,,,,,,,,,,1500,1500,0.35,0,0,35.7,47.562,47.718,6328,15.92,62.8,1
1783524226.8674574,630,,,,,,,,,,,,,1500,1500,0.35,0,0,35.7,47.562,47.718,6328,19.21,52.1,1
1783524226.9242582,631,,,,,,,,,,,,,1500,1500,0.35,0,0,35.7,47.562,47.718,6328,15.94,62.7,1
1783524226.980909,632,,,,,,,,,,,,,1500,1500,0.35,0,0,35.7,47.562,47.718,6328,15.86,63.0,1
1783524227.0382996,633,,,,,,,,,,,,,1500,1500,0.35,0,0,35.7,47.562,47.718,6328,16.04,62.3,1
1783524227.0948951,634,,,,,,,,,,,,,1500,1500,0.35,0,0,35.7,47.562,47.718,6328,15.97,62.6,1
1783524227.152626,635,,,,,,,,,,,,,1500,1500,0.35,0,0,35.7,47.562,47.718,6328,16.78,59.6,1
1783524227.2091703,636,,,,,,,,,,,,,1500,1500,0.35,0,0,35.7,47.562,47.718,6328,15.88,63.0,1
1783524227.2657628,637,,,,,,,,,,,,,1500,1500,0.35,0,0,35.7,47.562,47.718,6328,15.88,63.0,1
1783524227.3067608,638,,,,,,,,,,,,,1500,1500,0.35,0,0,35.7,47.437,47.5,6288,15.84,63.1,1
1783524227.3633122,639,,,,,,,,,,,,,1500,1500,0.35,0,0,35.7,47.437,47.5,6288,15.94,62.8,1
1783524227.4203377,640,,,,,,,,,,,,,1500,1500,0.35,0,0,35.7,47.437,47.5,6288,15.75,63.5,1
1783524227.4769049,641,,,,,,,,,,,,,1500,1500,0.35,0,0,35.7,47.437,47.5,6288,15.97,62.6,1
1783524227.5340264,642,,,,,,,,,,,,,1500,1500,0.35,0,0,35.7,47.437,47.5,6288,15.83,63.2,1
1783524227.590529,643,,,,,,,,,,,,,1500,1500,0.35,0,0,35.7,47.437,47.5,6288,15.8,63.3,1
1783524227.6468685,644,,,,,,,,,,,,,1500,1500,0.35,0,0,35.7,47.437,47.5,6288,15.8,63.3,1
1783524227.704065,645,,,,,,,,,,,,,1500,1500,0.35,0,0,35.7,47.437,47.5,6288,16.0,62.5,1
1783524227.7603047,646,,,,,,,,,,,,,1500,1500,0.35,0,0,35.7,47.437,47.5,6288,15.58,64.2,1
1783524227.8172524,647,,,,,,,,,,,,,1500,1500,0.35,0,0,35.7,47.781,47.562,6328,15.68,63.8,1
1783524227.8739715,648,,,,,,,,,,,,,1500,1500,0.35,0,0,35.7,47.781,47.562,6328,15.93,62.8,1
1783524227.9309633,649,,,,,,,,,,,,,1500,1500,0.35,0,0,35.7,47.781,47.562,6328,15.88,63.0,1
1783524227.9712803,650,,,,,,,,,,,,,1500,1500,0.35,0,0,35.7,47.781,47.562,6328,15.92,62.8,1
1783524228.0279958,651,,,,,,,,,,,,,1500,1500,0.35,0,0,35.7,47.781,47.562,6328,15.9,62.9,1
1783524228.084786,652,,,,,,,,,,,,,1500,1500,0.35,0,0,35.7,47.781,47.562,6328,15.76,63.4,1
1783524228.141422,653,,,,,,,,,,,,,1500,1500,0.35,0,0,35.7,47.781,47.562,6328,15.94,62.7,1
1783524228.1987612,654,,,,,,,,,,,,,1500,1500,0.35,0,0,35.7,47.781,47.562,6328,16.1,62.1,1
1783524228.2600985,655,16,person,0,699,141,768,333,0.543,733,237,93,-123,1700,1650,0.35,0,0,35.7,47.781,47.562,6328,18.99,52.7,0
1783524228.3231254,656,16,person,0,699,142,767,330,0.576,733,236,93,-124,1556,1550,0.35,0,0,35.7,47.437,47.468,6288,18.92,52.8,0
1783524228.3848073,657,16,person,0,696,141,765,330,0.402,730,235,90,-125,1550,1551,0.35,0,0,35.7,47.437,47.468,6288,19.05,52.5,0
1783524228.4468017,658,16,person,0,698,141,766,330,0.408,732,235,92,-125,1558,1550,0.35,0,0,35.7,47.437,47.468,6288,19.02,52.6,0
1783524228.5083954,659,16,person,0,696,140,765,329,0.445,730,234,90,-126,1552,1551,0.35,0,0,35.7,47.437,47.468,6288,19.3,51.8,0
1783524228.5731544,660,16,person,0,697,138,767,330,0.494,732,234,92,-126,1558,1551,0.35,0,0,35.7,47.437,47.468,6288,22.08,45.3,0
1783524228.6304388,661,,,,,,,,,,,,,1500,1500,0.35,0,0,35.7,47.437,47.468,6288,16.0,62.5,1
1783524228.6759324,662,16,person,0,699,139,768,331,0.667,733,235,93,-125,1700,1650,0.35,0,0,35.7,47.437,47.468,6288,19.24,52.0,0
1783524228.739275,663,16,person,0,699,139,768,331,0.437,733,235,93,-125,1556,1550,0.35,0,0,35.7,47.437,47.468,6288,19.43,51.5,0
1783524228.8009634,664,16,person,0,698,139,768,334,0.496,733,236,93,-124,1556,1549,0.35,0,0,35.7,47.781,47.75,6249,19.13,52.3,0
1783524228.8632362,665,16,person,0,695,138,767,339,0.659,731,238,91,-122,1552,1547,0.35,0,0,35.7,47.781,47.75,6249,19.08,52.4,0
1783524228.9247308,666,16,person,0,697,138,769,336,0.516,733,237,93,-123,1559,1550,0.35,0,0,35.7,47.781,47.75,6249,18.81,53.2,0
1783524228.9866993,667,16,person,0,697,139,768,338,0.521,732,238,92,-122,1554,1548,0.35,0,0,35.7,47.781,47.75,6249,19.01,52.6,0
1783524229.043571,668,,,,,,,,,,,,,1500,1500,0.35,0,0,35.7,47.781,47.75,6249,16.12,62.0,1
1783524229.106334,669,16,person,0,699,139,766,329,0.459,732,234,92,-126,1700,1650,0.35,0,0,35.7,47.781,47.75,6249,19.19,52.1,0
1783524229.1646547,670,,,,,,,,,,,,,1500,1500,0.35,0,0,35.7,47.781,47.75,6249,16.2,61.7,1
1783524229.2221692,671,,,,,,,,,,,,,1500,1500,0.35,0,0,35.7,47.781,47.75,6249,15.87,63.0,1
1783524229.2796695,672,,,,,,,,,,,,,1500,1500,0.35,0,0,35.7,47.781,47.75,6249,15.92,62.8,1
1783524229.3367565,673,,,,,,,,,,,,,1500,1500,0.35,0,0,35.7,47.656,47.5,6249,16.06,62.3,1
1783524229.3822358,674,16,person,0,700,138,768,330,0.635,734,234,94,-126,1700,1650,0.35,0,0,35.7,47.656,47.5,6249,18.93,52.8,0
1783524229.440311,675,,,,,,,,,,,,,1500,1500,0.35,0,0,35.7,47.656,47.5,6249,16.16,61.9,1
1783524229.498557,676,,,,,,,,,,,,,1500,1500,0.35,0,0,35.7,47.656,47.5,6249,16.06,62.3,1
1783524229.5566862,677,,,,,,,,,,,,,1500,1500,0.35,0,0,35.7,47.656,47.5,6249,17.09,58.5,1
1783524229.6140583,678,,,,,,,,,,,,,1500,1500,0.35,0,0,35.7,47.656,47.5,6249,15.86,63.0,1
1783524229.6707573,679,,,,,,,,,,,,,1500,1500,0.35,0,0,35.7,47.656,47.5,6249,15.84,63.1,1
1783524229.730852,680,,,,,,,,,,,,,1500,1500,0.35,0,0,35.7,47.656,47.5,6249,15.86,63.0,1
1783524229.790949,681,,,,,,,,,,,,,1500,1500,0.35,0,0,35.7,47.656,47.5,6249,15.8,63.3,1
1783524229.8506427,682,,,,,,,,,,,,,1500,1500,0.35,0,0,35.7,47.593,47.656,6249,15.73,63.6,1
1783524229.9097736,683,,,,,,,,,,,,,1500,1500,0.35,0,0,35.7,47.593,47.656,6249,15.87,63.0,1
1783524229.969204,684,,,,,,,,,,,,,1500,1500,0.35,0,0,35.7,47.593,47.656,6249,15.96,62.7,1
1783524230.0280635,685,,,,,,,,,,,,,1500,1500,0.35,0,0,35.7,47.593,47.656,6249,15.91,62.8,1
1783524230.070982,686,,,,,,,,,,,,,1500,1500,0.35,0,0,35.7,47.593,47.656,6249,16.07,62.2,1
1783524230.129756,687,,,,,,,,,,,,,1500,1500,0.35,0,0,35.7,47.593,47.656,6249,15.94,62.8,1
1783524230.1889668,688,,,,,,,,,,,,,1500,1500,0.35,0,0,35.7,47.593,47.656,6249,15.83,63.2,1
1783524230.2477953,689,,,,,,,,,,,,,1500,1500,0.35,0,0,35.7,47.593,47.656,6249,15.83,63.2,1
1783524230.3109891,690,,,,,,,,,,,,,1500,1500,0.35,0,0,35.7,47.531,47.5,6249,19.31,51.8,1
1783524230.371795,691,,,,,,,,,,,,,1500,1500,0.35,0,0,35.7,47.531,47.5,6249,16.71,59.8,1
1783524230.432231,692,,,,,,,,,,,,,1500,1500,0.35,0,0,35.7,47.531,47.5,6249,16.27,61.4,1
1783524230.4916465,693,,,,,,,,,,,,,1500,1500,0.35,0,0,35.7,47.531,47.5,6249,16.08,62.2,1
1783524230.550439,694,,,,,,,,,,,,,1500,1500,0.35,0,0,35.7,47.531,47.5,6249,15.85,63.1,1
1783524230.6098459,695,,,,,,,,,,,,,1500,1500,0.35,0,0,35.7,47.531,47.5,6249,15.92,62.8,1
1783524230.668998,696,,,,,,,,,,,,,1500,1500,0.35,0,0,35.7,47.531,47.5,6249,15.99,62.5,1
1783524230.7287498,697,,,,,,,,,,,,,1500,1500,0.35,0,0,35.7,47.531,47.5,6249,15.96,62.6,1
1783524230.771384,698,,,,,,,,,,,,,1500,1500,0.35,0,0,35.7,47.531,47.5,6249,16.1,62.1,1
1783524230.830667,699,,,,,,,,,,,,,1500,1500,0.35,0,0,35.7,47.5,47.437,6249,15.96,62.7,1
1783524230.8897014,700,,,,,,,,,,,,,1500,1500,0.35,0,0,35.7,47.5,47.437,6249,15.87,63.0,1
1783524230.9488668,701,,,,,,,,,,,,,1500,1500,0.35,0,0,35.7,47.5,47.437,6249,15.71,63.7,1
1783524231.0081604,702,,,,,,,,,,,,,1500,1500,0.35,0,0,35.7,47.5,47.437,6249,16.0,62.5,1
1783524231.0673728,703,,,,,,,,,,,,,1500,1500,0.35,0,0,35.7,47.5,47.437,6249,15.77,63.4,1
1783524231.1266434,704,,,,,,,,,,,,,1500,1500,0.35,0,0,35.7,47.5,47.437,6249,15.8,63.3,1
1783524231.1853578,705,,,,,,,,,,,,,1500,1500,0.35,0,0,35.7,47.5,47.437,6249,15.7,63.7,1
1783524231.2448268,706,,,,,,,,,,,,,1500,1500,0.35,0,0,35.7,47.5,47.437,6249,15.92,62.8,1
1783524231.303576,707,,,,,,,,,,,,,1500,1500,0.35,0,0,35.7,47.5,47.437,6249,15.71,63.7,1
1783524231.3656847,708,,,,,,,,,,,,,1500,1500,0.35,0,0,35.7,47.968,47.5,6249,17.61,56.8,1
1783524231.4250627,709,,,,,,,,,,,,,1500,1500,0.35,0,0,35.7,47.968,47.5,6249,15.72,63.6,1
1783524231.467639,710,,,,,,,,,,,,,1500,1500,0.35,0,0,35.7,47.968,47.5,6249,15.51,64.5,1
1783524231.5261014,711,,,,,,,,,,,,,1500,1500,0.35,0,0,35.7,47.968,47.5,6249,15.39,65.0,1
1783524231.585324,712,,,,,,,,,,,,,1500,1500,0.35,0,0,35.7,47.968,47.5,6249,15.44,64.7,1
1783524231.644267,713,,,,,,,,,,,,,1500,1500,0.35,0,0,35.7,47.968,47.5,6249,15.52,64.4,1
1783524231.7032926,714,,,,,,,,,,,,,1500,1500,0.35,0,0,35.7,47.968,47.5,6249,15.59,64.1,1
1783524231.7625346,715,,,,,,,,,,,,,1500,1500,0.35,0,0,35.7,47.968,47.5,6249,15.45,64.7,1
1783524231.821354,716,,,,,,,,,,,,,1500,1500,0.35,0,0,35.7,47.968,47.5,6249,15.61,64.0,1
1783524231.883236,717,,,,,,,,,,,,,1500,1500,0.35,0,0,35.7,47.593,47.718,6209,17.38,57.5,1
1783524231.950128,718,18,person,0,699,135,764,329,0.512,731,232,91,-128,1700,1650,0.35,0,0,35.7,47.593,47.718,6209,21.84,45.8,0
1783524232.0156183,719,18,person,0,697,135,763,332,0.525,730,233,90,-127,1553,1550,0.35,0,0,35.7,47.593,47.718,6209,18.86,53.0,0
1783524232.0834627,720,18,person,0,697,135,760,323,0.445,728,229,88,-131,1550,1555,0.35,0,0,35.7,47.593,47.718,6209,22.67,44.1,0
1783524232.1479833,721,18,person,0,697,134,759,320,0.378,728,227,88,-133,1553,1555,0.35,0,0,35.7,47.593,47.718,6209,18.98,52.7,0
1783524232.1964839,722,18,person,0,698,134,758,312,0.51,728,223,88,-137,1553,1559,0.35,0,0,35.7,47.593,47.718,6209,19.15,52.2,0
1783524232.26001,723,18,person,0,700,133,764,324,0.509,732,228,92,-132,1561,1549,0.35,0,0,35.7,47.593,47.718,6209,18.84,53.1,0
1783524232.3244238,724,18,person,0,699,133,761,317,0.589,730,225,90,-135,1552,1557,0.35,0,0,35.7,47.593,47.718,6209,18.72,53.4,0
1783524232.3884196,725,18,person,0,694,134,758,325,0.638,726,229,86,-131,1547,1550,0.35,0,0,35.7,47.968,47.562,6209,18.93,52.8,0
1783524232.4486253,726,,,,,,,,,,,,,1500,1500,0.35,0,0,35.7,47.968,47.562,6209,15.9,62.9,1
1783524232.5137928,727,18,person,0,696,134,757,319,0.513,726,226,86,-134,1700,1650,0.35,0,0,35.7,47.968,47.562,6209,18.88,53.0,0
1783524232.5740838,728,,,,,,,,,,,,,1500,1500,0.35,0,0,35.7,47.968,47.562,6209,16.11,62.1,1
1783524232.6371205,729,,,,,,,,,,,,,1500,1500,0.35,0,0,35.7,47.968,47.562,6209,16.07,62.2,1
1783524232.6991713,730,,,,,,,,,,,,,1500,1500,0.35,0,0,35.7,47.968,47.562,6209,16.03,62.4,1
1783524232.7662601,731,18,person,0,701,136,764,324,0.538,732,230,92,-130,1700,1650,0.35,0,0,35.7,47.968,47.562,6209,19.27,51.9,0
1783524232.8293357,732,,,,,,,,,,,,,1500,1500,0.35,0,0,35.7,47.968,47.562,6209,15.98,62.6,1
1783524232.891745,733,,,,,,,,,,,,,1500,1500,0.35,0,0,35.7,47.812,47.531,6170,15.83,63.2,1
1783524232.936564,734,,,,,,,,,,,,,1500,1500,0.35,0,0,35.7,47.812,47.531,6170,15.95,62.7,1
1783524232.9979854,735,,,,,,,,,,,,,1500,1500,0.35,0,0,35.7,47.812,47.531,6170,16.04,62.4,1
1783524233.0594683,736,,,,,,,,,,,,,1500,1500,0.35,0,0,35.7,47.812,47.531,6170,15.81,63.2,1
1783524233.1205947,737,,,,,,,,,,,,,1500,1500,0.35,0,0,35.7,47.812,47.531,6170,15.96,62.7,1
1783524233.1821804,738,,,,,,,,,,,,,1500,1500,0.35,0,0,35.7,47.812,47.531,6170,15.72,63.6,1
1783524233.2440019,739,,,,,,,,,,,,,1500,1500,0.35,0,0,35.7,47.812,47.531,6170,15.9,62.9,1
1783524233.3052363,740,,,,,,,,,,,,,1500,1500,0.35,0,0,35.7,47.812,47.531,6170,16.03,62.4,1
1783524233.3672545,741,,,,,,,,,,,,,1500,1500,0.35,0,0,35.7,47.625,47.812,6209,16.1,62.1,1
1783524233.4290981,742,,,,,,,,,,,,,1500,1500,0.35,0,0,35.7,47.625,47.812,6209,15.93,62.8,1
1783524233.4904583,743,,,,,,,,,,,,,1500,1500,0.35,0,0,35.7,47.625,47.812,6209,16.04,62.4,1
1783524233.5524895,744,,,,,,,,,,,,,1500,1500,0.35,0,0,35.7,47.625,47.812,6209,15.69,63.7,1
1783524233.6143975,745,,,,,,,,,,,,,1500,1500,0.35,0,0,35.7,47.625,47.812,6209,15.91,62.9,1
1783524233.65951,746,,,,,,,,,,,,,1500,1500,0.35,0,0,35.7,47.625,47.812,6209,15.86,63.1,1
1783524233.7253838,747,18,person,0,698,139,757,315,0.41,727,227,87,-133,1700,1650,0.35,0,0,35.7,47.625,47.812,6209,19.14,52.3,0
1783524233.7932482,748,18,person,0,695,137,754,314,0.396,724,225,84,-135,1547,1555,0.35,0,0,35.7,47.625,47.812,6209,19.12,52.3,0
1783524233.8552828,749,,,,,,,,,,,,,1500,1500,0.35,0,0,35.7,47.812,47.875,6209,15.83,63.2,1
1783524233.9249213,750,18,person,0,689,130,753,322,0.643,721,226,81,-134,1700,1650,0.35,0,0,35.7,47.812,47.875,6209,21.74,46.0,0
1783524233.9907572,751,,,,,,,,,,,,,1500,1500,0.35,0,0,35.7,47.812,47.875,6209,17.86,56.0,1
1783524234.0581522,752,18,person,0,674,125,749,337,0.384,711,231,71,-129,1700,1650,0.35,0,0,35.7,47.812,47.875,6209,18.91,52.9,0
1783524234.125731,753,18,person,0,675,122,750,334,0.674,712,228,72,-132,1544,1555,0.35,0,0,35.7,47.812,47.875,6209,18.75,53.3,0
1783524234.191945,754,18,person,0,675,120,752,334,0.641,713,227,73,-133,1545,1554,0.35,0,0,35.7,47.812,47.875,6209,18.83,53.1,0
1783524234.2584703,755,18,person,0,679,121,757,335,0.674,718,228,78,-132,1553,1552,0.35,0,0,35.7,47.812,47.875,6209,18.9,52.9,0
1783524234.3251657,756,18,person,0,676,118,759,344,0.638,717,231,77,-129,1545,1550,0.35,0,0,35.7,47.812,47.875,6209,18.8,53.2,0
1783524234.3917887,757,18,person,0,686,116,759,307,0.538,722,211,82,-149,1556,1575,0.35,0,0,35.7,47.625,47.781,6209,18.87,53.0,0
1783524234.4371915,758,,,,,,,,,,,,,1500,1500,0.35,0,0,35.7,47.625,47.781,6209,16.22,61.7,1
1783524234.5048754,759,18,person,0,688,109,763,306,0.427,725,207,85,-153,1700,1650,0.35,0,0,35.7,47.625,47.781,6209,19.59,51.0,0
1783524234.5743845,760,18,person,0,681,104,769,334,0.714,725,219,85,-141,1551,1548,0.35,0,0,35.7,47.625,47.781,6209,20.05,49.9,0
1783524234.6430387,761,18,person,0,684,101,771,334,0.778,727,217,87,-143,1554,1559,0.35,0,0,35.7,47.625,47.781,6209,19.7,50.8,0
1783524234.7112112,762,18,person,0,683,98,774,346,0.712,728,222,88,-138,1554,1552,0.35,0,0,35.7,47.625,47.781,6209,20.01,50.0,0
1783524234.779209,763,18,person,0,686,97,774,339,0.66,730,218,90,-142,1557,1560,0.35,0,0,35.7,47.625,47.781,6209,19.19,52.1,0
1783524234.8459466,764,18,person,0,690,95,771,322,0.445,730,208,90,-152,1554,1569,0.35,0,0,35.7,47.625,47.781,6209,19.12,52.3,0
1783524234.9122863,765,18,person,0,685,94,770,331,0.504,727,212,87,-148,1549,1557,0.35,0,0,35.7,47.656,47.687,6209,18.89,52.9,0
1783524234.9793317,766,18,person,0,680,91,767,333,0.623,723,212,83,-148,1546,1560,0.35,0,0,35.7,47.656,47.687,6209,18.84,53.1,0
1783524235.0460465,767,18,person,0,677,85,768,338,0.659,722,211,82,-149,1549,1562,0.35,0,0,35.7,47.656,47.687,6209,18.87,53.0,0
1783524235.1146765,768,18,person,0,672,78,750,278,0.566,711,178,71,-182,1531,1598,0.35,0,0,35.7,47.656,47.687,6209,19.41,51.5,0
1783524235.1820354,769,18,person,0,660,74,757,320,0.543,708,197,68,-163,1539,1553,0.35,0,0,35.7,47.656,47.687,6209,19.38,51.6,0
1783524235.2329974,770,18,person,0,662,70,748,273,0.716,705,171,65,-189,1536,1603,0.35,0,0,35.7,47.656,47.687,6209,19.37,51.6,0
1783524235.300749,771,18,person,0,663,69,746,253,0.525,704,161,64,-199,1539,1588,0.35,0,0,35.7,47.656,47.687,6209,19.53,51.2,0
1783524235.3683705,772,18,person,0,650,68,763,320,0.704,706,194,66,-166,1544,1544,0.35,0,0,35.7,47.656,47.687,6209,19.44,51.4,0
1783524235.4359772,773,18,person,0,656,63,757,280,0.605,706,171,66,-189,1541,1594,0.35,0,0,35.7,47.906,47.5,6170,19.47,51.4,0
1783524235.5058184,774,18,person,0,658,56,752,252,0.706,705,154,65,-206,1540,1596,0.35,0,0,35.7,47.906,47.5,6170,19.98,50.1,0
1783524235.5745957,775,18,person,0,653,48,754,256,0.429,703,152,63,-208,1538,1586,0.35,0,0,35.7,47.906,47.5,6170,19.93,50.2,0
1783524235.6426418,776,18,person,0,640,41,767,307,0.755,703,174,63,-186,1540,1560,0.35,0,0,35.7,47.906,47.5,6170,19.67,50.8,0
1783524235.7127497,777,18,person,0,634,38,771,327,0.659,702,182,62,-178,1538,1567,0.35,0,0,35.7,47.906,47.5,6170,19.54,51.2,0
1783524235.7804506,778,18,person,0,629,36,770,334,0.648,699,185,59,-175,1534,1569,0.35,0,0,35.7,47.906,47.5,6170,19.36,51.6,0
1783524235.8481326,779,18,person,0,626,35,768,337,0.69,697,186,57,-174,1534,1570,0.35,0,0,35.7,47.906,47.5,6170,19.51,51.2,0
1783524235.9192839,780,18,person,0,623,33,766,339,0.727,694,186,54,-174,1532,1571,0.35,0,0,35.7,47.562,47.843,6209,23.44,42.7,0
1783524235.986599,781,18,person,0,615,26,769,357,0.575,692,191,52,-169,1531,1565,0.35,0,0,35.7,47.562,47.843,6209,19.0,52.6,0
1783524236.038048,782,18,person,0,612,18,773,368,0.636,692,193,52,-167,1534,1566,0.35,0,0,35.7,47.562,47.843,6209,19.43,51.5,0
1783524236.1055303,783,18,person,0,609,11,775,378,0.767,692,194,52,-166,1534,1567,0.35,0,0,35.7,47.562,47.843,6209,19.39,51.6,0
1783524236.1726575,784,18,person,0,610,5,777,377,0.775,693,191,53,-169,1535,1571,0.35,0,0,35.7,47.562,47.843,6209,19.44,51.4,0
1783524236.2404675,785,18,person,0,603,1,781,403,0.607,692,202,52,-158,1533,1557,0.35,0,0,35.7,47.562,47.843,6209,19.67,50.8,0
1783524236.3089051,786,18,person,0,613,0,774,366,0.658,693,183,53,-177,1535,1586,0.35,0,0,35.7,47.562,47.843,6209,20.18,49.6,0
1783524236.3772476,787,18,person,0,610,0,781,394,0.407,695,197,55,-163,1538,1556,0.35,0,0,35.7,47.562,47.843,6209,19.63,50.9,0
1783524236.4454298,788,18,person,0,614,0,779,385,0.794,696,192,56,-168,1537,1572,0.35,0,0,35.7,47.906,47.625,6170,19.85,50.4,0
1783524236.514004,789,18,person,0,609,0,779,402,0.695,694,201,54,-159,1533,1559,0.35,0,0,35.7,47.906,47.625,6170,19.62,51.0,0
1783524236.5822375,790,18,person,0,611,0,775,393,0.615,693,196,53,-164,1533,1571,0.35,0,0,35.7,47.906,47.625,6170,19.48,51.3,0
1783524236.6502528,791,18,person,0,612,0,771,382,0.567,691,191,51,-169,1531,1573,0.35,0,0,35.7,47.906,47.625,6170,19.42,51.5,0
1783524236.718501,792,18,person,0,612,0,766,370,0.759,689,185,49,-175,1530,1576,0.35,0,0,35.7,47.906,47.625,6170,19.13,52.3,0
1783524236.786792,793,18,person,0,602,0,767,399,0.729,684,199,44,-161,1523,1556,0.35,0,0,35.7,47.906,47.625,6170,19.06,52.5,0
1783524236.8386114,794,18,person,0,599,0,760,392,0.658,679,196,39,-164,1435,1570,0.35,0,0,35.7,47.906,47.625,6170,19.78,50.6,0
1783524236.9087021,795,18,person,0,593,1,761,413,0.587,677,207,37,-153,1503,1555,0.35,0,0,35.7,47.781,47.875,6209,20.75,48.2,0
1783524236.9780633,796,18,person,0,586,1,749,399,0.396,667,200,27,-160,1503,1571,0.35,0,0,35.7,47.781,47.875,6209,20.47,48.9,0
1783524237.042015,797,,,,,,,,,,,,,1500,1500,0.35,0,0,35.7,47.781,47.875,6209,16.73,59.8,1
1783524237.1106403,798,18,person,0,577,2,746,415,0.367,661,208,21,-152,1500,1650,0.35,0,0,35.7,47.781,47.875,6209,19.16,52.2,0
1783524237.1730425,799,,,,,,,,,,,,,1500,1500,0.35,0,0,35.7,47.781,47.875,6209,16.08,62.2,1
1783524237.236048,800,,,,,,,,,,,,,1500,1500,0.35,0,0,35.7,47.781,47.875,6209,16.05,62.3,1
1783524237.2980878,801,,,,,,,,,,,,,1500,1500,0.35,0,0,35.7,47.781,47.875,6209,15.85,63.1,1
1783524237.3596616,802,,,,,,,,,,,,,1500,1500,0.35,0,0,35.7,47.781,47.875,6209,15.87,63.0,1
1783524237.421771,803,,,,,,,,,,,,,1500,1500,0.35,0,0,35.7,48.0,47.625,6209,15.83,63.2,1
1783524237.4875197,804,,,,,,,,,,,,,1500,1500,0.35,0,0,35.7,48.0,47.625,6209,18.91,52.9,1
1783524237.5493522,805,,,,,,,,,,,,,1500,1500,0.35,0,0,35.7,48.0,47.625,6209,15.82,63.2,1
1783524237.5941372,806,,,,,,,,,,,,,1500,1500,0.35,0,0,35.7,48.0,47.625,6209,15.87,63.0,1
1783524237.656044,807,,,,,,,,,,,,,1500,1500,0.35,0,0,35.7,48.0,47.625,6209,15.75,63.5,1
1783524237.7181485,808,,,,,,,,,,,,,1500,1500,0.35,0,0,35.7,48.0,47.625,6209,15.74,63.5,1
1783524237.7844448,809,18,person,0,527,3,737,485,0.526,632,244,-8,-116,1500,1650,0.35,0,0,35.7,48.0,47.625,6209,18.87,53.0,0
1783524237.8511903,810,,,,,,,,,,,,,1500,1500,0.35,0,0,35.7,48.0,47.625,6209,19.06,52.5,1
1783524237.9140801,811,,,,,,,,,,,,,1500,1500,0.35,0,0,35.7,47.75,47.656,6249,15.83,63.2,1
1783524237.9812663,812,18,person,0,494,5,730,533,0.398,612,269,-28,-91,1500,1650,0.35,0,0,35.7,47.75,47.656,6249,18.86,53.0,0
1783524238.0439446,813,,,,,,,,,,,,,1500,1500,0.35,0,0,35.7,47.75,47.656,6249,16.01,62.5,1
1783524238.1128745,814,18,person,0,472,3,697,512,0.41,584,257,-56,-103,1330,1650,0.35,0,0,35.7,47.75,47.656,6249,20.1,49.7,0
1783524238.1761286,815,,,,,,,,,,,,,1500,1500,0.35,0,0,35.7,47.75,47.656,6249,15.94,62.7,1
1783524238.2391353,816,,,,,,,,,,,,,1500,1500,0.35,0,0,35.7,47.75,47.656,6249,15.88,63.0,1
1783524238.3012218,817,,,,,,,,,,,,,1500,1500,0.35,0,0,35.7,47.75,47.656,6249,16.04,62.4,1
1783524238.3511193,818,18,person,0,417,4,632,501,0.368,524,252,-116,-108,1300,1650,0.35,0,0,35.7,47.75,47.656,6249,18.68,53.5,0
1783524238.4139264,819,,,,,,,,,,,,,1500,1500,0.35,0,0,35.7,47.656,47.562,6209,15.8,63.3,1
1783524238.4770656,820,,,,,,,,,,,,,1500,1500,0.35,0,0,35.7,47.656,47.562,6209,15.87,63.0,1
1783524238.5389218,821,,,,,,,,,,,,,1500,1500,0.35,0,0,35.7,47.656,47.562,6209,15.92,62.8,1
1783524238.601315,822,,,,,,,,,,,,,1500,1500,0.35,0,0,35.7,47.656,47.562,6209,15.87,63.0,1
1783524238.6636393,823,,,,,,,,,,,,,1500,1500,0.35,0,0,35.7,47.656,47.562,6209,15.94,62.7,1
1783524238.7255485,824,,,,,,,,,,,,,1500,1500,0.35,0,0,35.7,47.656,47.562,6209,16.1,62.1,1
1783524238.7872415,825,,,,,,,,,,,,,1500,1500,0.35,0,0,35.7,47.656,47.562,6209,15.81,63.3,1
1783524238.8491957,826,,,,,,,,,,,,,1500,1500,0.35,0,0,35.7,47.656,47.562,6209,15.69,63.7,1
1783524238.910545,827,,,,,,,,,,,,,1500,1500,0.35,0,0,35.7,47.687,47.781,6209,15.86,63.1,1
1783524238.9725964,828,,,,,,,,,,,,,1500,1500,0.35,0,0,35.7,47.687,47.781,6209,15.96,62.6,1
1783524239.0346274,829,,,,,,,,,,,,,1500,1500,0.35,0,0,35.7,47.687,47.781,6209,15.91,62.8,1
1783524239.0791671,830,,,,,,,,,,,,,1500,1500,0.35,0,0,35.7,47.687,47.781,6209,15.78,63.4,1
1783524239.141196,831,,,,,,,,,,,,,1500,1500,0.35,0,0,35.7,47.687,47.781,6209,16.0,62.5,1
1783524239.203487,832,,,,,,,,,,,,,1500,1500,0.35,0,0,35.7,47.687,47.781,6209,15.91,62.8,1
1783524239.265298,833,,,,,,,,,,,,,1500,1500,0.35,0,0,35.7,47.687,47.781,6209,16.05,62.3,1
1783524239.3276608,834,,,,,,,,,,,,,1500,1500,0.35,0,0,35.7,47.687,47.781,6209,15.98,62.6,1
1783524239.3899138,835,,,,,,,,,,,,,1500,1500,0.35,0,0,35.7,47.687,47.781,6209,15.78,63.4,1
1783524239.4518216,836,,,,,,,,,,,,,1500,1500,0.35,0,0,35.7,47.781,47.937,6249,15.63,64.0,1
1783524239.5134106,837,,,,,,,,,,,,,1500,1500,0.35,0,0,35.7,47.781,47.937,6249,15.8,63.3,1
1783524239.57577,838,,,,,,,,,,,,,1500,1500,0.35,0,0,35.7,47.781,47.937,6249,15.73,63.6,1
1783524239.638077,839,,,,,,,,,,,,,1500,1500,0.35,0,0,35.7,47.781,47.937,6249,15.89,62.9,1
1783524239.7030356,840,,,,,,,,,,,,,1500,1500,0.35,0,0,35.7,47.781,47.937,6249,19.2,52.1,1
1783524239.7653828,841,,,,,,,,,,,,,1500,1500,0.35,0,0,35.7,47.781,47.937,6249,16.06,62.3,1
1783524239.8136718,842,,,,,,,,,,,,,1500,1500,0.35,0,0,35.7,47.781,47.937,6249,17.99,55.6,1
1783524239.8807178,843,20,person,0,503,1,694,427,0.462,598,214,-42,-146,1372,1650,0.35,0,0,35.7,47.781,47.937,6249,19.24,52.0,0
1783524239.9491634,844,20,person,0,526,1,712,416,0.787,619,208,-21,-152,1549,1565,0.35,0,0,35.7,47.687,47.718,6249,19.06,52.5,0
1783524240.0179129,845,20,person,0,557,2,724,373,0.81,640,187,0,-173,1499,1585,0.35,0,0,35.7,47.687,47.718,6249,19.86,50.4,0
1783524240.0856695,846,20,person,0,564,1,743,400,0.816,653,200,13,-160,1499,1555,0.35,0,0,35.7,47.687,47.718,6249,18.85,53.1,0
1783524240.1527429,847,20,person,0,576,0,754,399,0.71,665,199,25,-161,1499,1566,0.35,0,0,35.7,47.687,47.718,6249,19.09,52.4,0
1783524240.2199945,848,20,person,0,585,0,761,397,0.79,673,198,33,-162,1499,1566,0.35,0,0,35.7,47.687,47.718,6249,19.07,52.4,0
1783524240.2875001,849,20,person,0,593,3,760,381,0.768,676,192,36,-168,1499,1573,0.35,0,0,35.7,47.687,47.718,6249,19.24,52.0,0
1783524240.3543482,850,20,person,0,595,1,760,378,0.754,677,189,37,-171,1499,1572,0.35,0,0,35.7,47.687,47.718,6249,18.93,52.8,0
1783524240.4208279,851,20,person,0,605,2,756,349,0.706,680,175,40,-185,1499,1586,0.35,0,0,35.7,47.687,47.718,6249,18.87,53.0,0
1783524240.4901533,852,20,person,0,596,0,765,397,0.579,680,198,40,-162,1499,1550,0.35,0,0,35.7,48.0,47.687,6170,20.71,48.3,0
1783524240.5573874,853,20,person,0,610,2,753,337,0.572,681,169,41,-191,1573,1599,0.35,0,0,35.7,48.0,47.687,6170,18.78,53.3,0
1783524240.608045,854,20,person,0,601,0,762,384,0.732,681,192,41,-168,1524,1546,0.35,0,0,35.7,48.0,47.687,6170,18.8,53.2,0
1783524240.6746695,855,20,person,0,614,2,755,342,0.595,684,172,44,-188,1530,1592,0.35,0,0,35.7,48.0,47.687,6170,18.88,53.0,0
1783524240.742392,856,20,person,0,620,3,756,331,0.494,688,167,48,-193,1533,1582,0.35,0,0,35.7,48.0,47.687,6170,18.85,53.1,0
1783524240.8049865,857,,,,,,,,,,,,,1500,1500,0.35,0,0,35.7,48.0,47.687,6170,16.0,62.5,1
1783524240.8727052,858,20,person,0,627,3,764,342,0.799,695,172,55,-188,1666,1650,0.35,0,0,35.7,48.0,47.687,6170,19.04,52.5,0
1783524240.9354293,859,,,,,,,,,,,,,1500,1500,0.35,0,0,35.7,47.656,47.843,6170,16.06,62.3,1
1783524241.0034587,860,20,person,0,636,2,771,343,0.43,703,172,63,-188,1690,1650,0.35,0,0,35.7,47.656,47.843,6170,19.17,52.2,0
1783524241.0713687,861,20,person,0,650,2,758,271,0.361,704,136,64,-224,1539,1616,0.35,0,0,35.7,47.656,47.843,6170,19.0,52.6,0
1783524241.1389832,862,20,person,0,641,5,767,321,0.596,704,163,64,-197,1538,1559,0.35,0,0,35.7,47.656,47.843,6170,19.04,52.5,0
1783524241.2057729,863,20,person,0,647,6,772,328,0.597,709,167,69,-193,1547,1575,0.35,0,0,35.7,47.656,47.843,6170,18.97,52.7,0
1783524241.2728584,864,20,person,0,647,7,774,341,0.629,710,174,70,-186,1543,1570,0.35,0,0,35.7,47.656,47.843,6170,18.83,53.1,0
1783524241.340249,865,20,person,0,644,9,772,354,0.615,708,181,68,-179,1539,1567,0.35,0,0,35.7,47.656,47.843,6170,19.02,52.6,0
1783524241.3907053,866,20,person,0,658,10,759,279,0.684,708,144,68,-216,1541,1624,0.35,0,0,35.7,47.656,47.843,6170,18.92,52.9,0
1783524241.4575176,867,20,person,0,648,11,768,336,0.482,708,173,68,-187,1541,1555,0.35,0,0,35.7,47.968,47.906,6170,18.93,52.8,0
1783524241.5249257,868,20,person,0,652,13,757,293,0.411,704,153,64,-207,1534,1599,0.35,0,0,35.7,47.968,47.906,6170,18.98,52.7,0
1783524241.591972,869,20,person,0,642,16,761,335,0.611,701,175,61,-185,1534,1559,0.35,0,0,35.7,47.968,47.906,6170,18.8,53.2,0
1783524241.6625776,870,20,person,0,638,16,762,354,0.503,700,185,60,-175,1536,1564,0.35,0,0,35.7,47.968,47.906,6170,21.83,45.8,0
1783524241.7300694,871,20,person,0,639,18,760,349,0.431,699,183,59,-177,1535,1574,0.35,0,0,35.7,47.968,47.906,6170,19.66,50.9,0
1783524241.797406,872,20,person,0,637,17,761,360,0.443,699,188,59,-172,1536,1567,0.35,0,0,35.7,47.968,47.906,6170,19.18,52.1,0
1783524241.8646142,873,20,person,0,640,14,760,345,0.632,700,179,60,-181,1538,1581,0.35,0,0,35.7,47.968,47.906,6170,19.11,52.3,0
1783524241.9321651,874,20,person,0,642,11,763,343,0.404,702,177,62,-183,1541,1576,0.35,0,0,35.7,47.968,47.906,6170,19.11,52.3,0
1783524241.9988887,875,20,person,0,642,10,763,345,0.699,702,177,62,-183,1539,1575,0.35,0,0,35.7,47.843,47.843,6170,19.11,52.3,0
1783524242.06604,876,20,person,0,642,8,764,349,0.769,703,178,63,-182,1541,1574,0.35,0,0,35.7,47.843,47.843,6170,18.92,52.9,0
1783524242.1332405,877,20,person,0,643,7,762,338,0.666,702,172,62,-188,1538,1581,0.35,0,0,35.7,47.843,47.843,6170,19.11,52.3,0
1783524242.1833498,878,20,person,0,649,5,761,319,0.596,705,162,65,-198,1546,1591,0.35,0,0,35.7,47.843,47.843,6170,18.8,53.2,0
1783524242.2501664,879,20,person,0,650,4,763,324,0.788,706,164,66,-196,1543,1578,0.35,0,0,35.7,47.843,47.843,6170,18.79,53.2,0
1783524242.312348,880,,,,,,,,,,,,,1500,1500,0.35,0,0,35.7,47.843,47.843,6170,15.91,62.8,1
1783524242.3801115,881,20,person,0,642,2,766,356,0.578,704,179,64,-181,1693,1650,0.35,0,0,35.7,47.843,47.843,6170,18.83,53.1,0
1783524242.447526,882,20,person,0,633,1,765,382,0.456,699,191,59,-169,1529,1559,0.35,0,0,35.7,47.968,47.718,6170,18.94,52.8,0
1783524242.5146163,883,20,person,0,640,2,755,333,0.528,697,167,57,-193,1532,1595,0.35,0,0,35.7,47.968,47.718,6170,18.89,52.9,0
1783524242.5816567,884,20,person,0,634,2,753,346,0.758,693,174,53,-186,1527,1570,0.35,0,0,35.7,47.968,47.718,6170,18.87,53.0,0
1783524242.6484802,885,20,person,0,626,2,749,364,0.679,687,183,47,-177,1521,1565,0.35,0,0,35.7,47.968,47.718,6170,18.72,53.4,0
1783524242.714695,886,20,person,0,621,1,742,355,0.61,681,178,41,-182,1517,1577,0.35,0,0,35.7,47.968,47.718,6170,18.85,53.0,0
1783524242.781812,887,20,person,0,608,1,738,385,0.566,673,193,33,-167,1451,1557,0.35,0,0,35.7,47.968,47.718,6170,18.71,53.4,0
1783524242.849045,888,20,person,0,600,1,730,384,0.674,665,192,25,-168,1500,1569,0.35,0,0,35.7,47.968,47.718,6170,18.77,53.3,0
1783524242.9159555,889,20,person,0,590,1,724,395,0.464,657,198,17,-162,1500,1562,0.35,0,0,35.7,47.968,47.718,6170,18.89,52.9,0
1783524242.9663363,890,20,person,0,576,2,714,400,0.749,645,201,5,-159,1500,1562,0.35,0,0,35.7,47.812,47.781,6209,19.22,52.0,0
1783524243.0338285,891,20,person,0,566,2,706,401,0.776,636,201,-4,-159,1500,1565,0.35,0,0,35.7,47.812,47.781,6209,19.09,52.4,0
1783524243.1009014,892,20,person,0,549,1,694,408,0.708,621,204,-19,-156,1500,1562,0.35,0,0,35.7,47.812,47.781,6209,19.08,52.4,0
1783524243.1681015,893,20,person,0,541,0,688,406,0.756,614,203,-26,-157,1500,1565,0.35,0,0,35.7,47.812,47.781,6209,19.04,52.5,0
1783524243.234934,894,20,person,0,534,1,679,399,0.591,606,200,-34,-160,1500,1568,0.35,0,0,35.7,47.812,47.781,6209,19.27,51.9,0
1783524243.3022168,895,20,person,0,513,1,665,415,0.747,589,208,-51,-152,1409,1556,0.35,0,0,35.7,47.812,47.781,6209,19.22,52.0,0
1783524243.3697731,896,20,person,0,503,1,656,414,0.564,579,207,-61,-153,1451,1563,0.35,0,0,35.7,47.812,47.781,6209,19.14,52.2,0
1783524243.437019,897,20,person,0,494,2,646,409,0.389,570,205,-70,-155,1447,1565,0.35,0,0,35.7,47.812,47.781,6209,19.54,51.2,0
1783524243.5055478,898,,,,,,,,,,,,,1500,1500,0.35,0,0,35.7,47.906,47.906,6209,21.15,47.3,1
1783524243.569942,899,,,,,,,,,,,,,1500,1500,0.35,0,0,35.7,47.906,47.906,6209,16.59,60.3,1
1783524243.6364567,900,,,,,,,,,,,,,1500,1500,0.35,0,0,35.7,47.906,47.906,6209,19.62,51.0,1
1783524243.6989782,901,,,,,,,,,,,,,1500,1500,0.35,0,0,35.7,47.906,47.906,6209,15.98,62.6,1
1783524243.749988,902,20,person,0,444,3,606,424,0.475,525,213,-115,-147,1300,1650,0.35,0,0,35.7,47.906,47.906,6209,19.32,51.8,0
1783524243.8189738,903,20,person,0,408,2,580,428,0.6,494,215,-146,-145,1376,1556,0.35,0,0,35.7,47.906,47.906,6209,19.39,51.6,0
1783524243.8877203,904,20,person,0,384,3,561,430,0.596,472,216,-168,-144,1372,1557,0.35,0,0,35.7,47.906,47.906,6209,19.42,51.5,0
1783524243.951209,905,,,,,,,,,,,,,1500,1500,0.35,0,0,35.7,47.906,47.906,6209,16.41,60.9,1
1783524244.0149896,906,,,,,,,,,,,,,1500,1500,0.35,0,0,35.7,47.687,48.093,6130,16.33,61.2,1
1783524244.0783436,907,,,,,,,,,,,,,1500,1500,0.35,0,0,35.7,47.687,48.093,6130,16.3,61.3,1
1783524244.1455133,908,20,person,0,332,2,509,421,0.697,420,211,-220,-149,1300,1650,0.35,0,0,35.7,47.687,48.093,6130,18.97,52.7,0
1783524244.214464,909,20,person,0,315,2,494,416,0.781,404,209,-236,-151,1339,1562,0.35,0,0,35.7,47.687,48.093,6130,19.05,52.5,0
1783524244.2816277,910,20,person,0,300,1,486,417,0.789,393,209,-247,-151,1337,1560,0.35,0,0,35.7,47.687,48.093,6130,18.93,52.8,0
1783524244.3486638,911,20,person,0,297,2,494,414,0.429,395,208,-245,-152,1353,1562,0.35,0,0,35.7,47.687,48.093,6130,19.0,52.6,0
1783524244.4151647,912,20,person,0,292,1,489,398,0.583,390,199,-250,-161,1341,1572,0.35,0,0,35.7,47.687,48.093,6130,18.8,53.2,0
1783524244.4822185,913,20,person,0,292,2,498,405,0.671,395,203,-245,-157,1356,1560,0.35,0,0,35.7,47.781,47.843,6170,18.79,53.2,0
1783524244.5328689,914,20,person,0,304,2,515,408,0.512,409,205,-231,-155,1380,1561,0.35,0,0,35.7,47.781,47.843,6170,18.92,52.9,0
1783524244.5949967,915,,,,,,,,,,,,,1500,1500,0.35,0,0,35.7,47.781,47.843,6170,15.88,63.0,1
1783524244.6574018,916,,,,,,,,,,,,,1500,1500,0.35,0,0,35.7,47.781,47.843,6170,15.95,62.7,1
1783524244.7225058,917,,,,,,,,,,,,,1500,1500,0.35,0,0,35.7,47.781,47.843,6170,17.94,55.8,1
1783524244.7899992,918,21,person,0,361,2,564,430,0.422,462,216,-178,-144,1300,1650,0.35,0,0,35.7,47.781,47.843,6170,19.36,51.7,0
1783524244.8578813,919,21,person,0,366,1,575,443,0.498,470,222,-170,-138,1406,1551,0.35,0,0,35.7,47.781,47.843,6170,18.96,52.7,0
1783524244.9198735,920,,,,,,,,,,,,,1500,1500,0.35,0,0,35.7,47.781,47.843,6170,15.99,62.6,1
1783524244.9825342,921,,,,,,,,,,,,,1500,1500,0.35,0,0,35.7,47.75,47.718,6170,15.84,63.1,1
1783524245.0444694,922,,,,,,,,,,,,,1500,1500,0.35,0,0,35.7,47.75,47.718,6170,15.89,62.9,1
1783524245.1059723,923,,,,,,,,,,,,,1500,1500,0.35,0,0,35.7,47.75,47.718,6170,16.0,62.5,1
1783524245.1681447,924,,,,,,,,,,,,,1500,1500,0.35,0,0,35.7,47.75,47.718,6170,15.93,62.8,1
1783524245.2303326,925,,,,,,,,,,,,,1500,1500,0.35,0,0,35.7,47.75,47.718,6170,15.82,63.2,1
1783524245.2751207,926,,,,,,,,,,,,,1500,1500,0.35,0,0,35.7,47.75,47.718,6170,15.88,63.0,1
1783524245.3399444,927,,,,,,,,,,,,,1500,1500,0.35,0,0,35.7,47.75,47.718,6170,18.1,55.2,1
1783524245.407274,928,22,person,0,551,2,700,383,0.393,625,192,-15,-168,1500,1650,0.35,0,0,35.7,47.75,47.718,6170,19.35,51.7,0
1783524245.475324,929,22,person,0,548,2,708,411,0.553,628,206,-12,-154,1500,1551,0.35,0,0,35.7,47.75,47.718,6170,19.07,52.4,0
1783524245.545394,930,22,person,0,550,1,719,430,0.612,634,215,-6,-145,1500,1552,0.35,0,0,35.7,47.937,47.687,6170,21.98,45.5,0
1783524245.6129496,931,22,person,0,567,1,726,404,0.374,646,202,6,-158,1500,1573,0.35,0,0,35.7,47.937,47.687,6170,19.12,52.3,0
1783524245.6802063,932,22,person,0,578,4,739,411,0.479,658,207,18,-153,1500,1558,0.35,0,0,35.7,47.937,47.687,6170,19.05,52.5,0
1783524245.7476025,933,22,person,0,586,5,750,417,0.73,668,211,28,-149,1500,1557,0.35,0,0,35.7,47.937,47.687,6170,19.14,52.2,0
1783524245.814296,934,22,person,0,598,16,762,431,0.691,680,223,40,-137,1500,1547,0.35,0,0,35.7,47.937,47.687,6170,19.03,52.6,0
1783524245.881428,935,22,person,0,605,28,765,433,0.668,685,230,45,-130,1580,1548,0.35,0,0,35.7,47.937,47.687,6170,18.97,52.7,0
1783524245.9489625,936,22,person,0,617,37,769,423,0.522,693,230,53,-130,1541,1553,0.35,0,0,35.7,47.937,47.687,6170,18.94,52.8,0
1783524246.0157247,937,22,person,0,630,42,769,398,0.5,699,220,59,-140,1542,1565,0.35,0,0,35.7,47.75,47.875,6209,18.91,52.9,0
1783524246.066307,938,22,person,0,638,41,769,378,0.71,703,209,63,-151,1544,1573,0.35,0,0,35.7,47.75,47.875,6209,19.07,52.4,0
1783524246.1333923,939,22,person,0,649,36,770,349,0.674,709,192,69,-168,1549,1581,0.35,0,0,35.7,47.75,47.875,6209,19.16,52.2,0
1783524246.2007844,940,22,person,0,657,35,774,342,0.562,715,188,75,-172,1552,1573,0.35,0,0,35.7,47.75,47.875,6209,19.18,52.1,0
1783524246.2677705,941,22,person,0,660,39,777,348,0.601,718,193,78,-167,1551,1565,0.35,0,0,35.7,47.75,47.875,6209,19.38,51.6,0
1783524246.3352494,942,22,person,0,663,48,774,342,0.583,718,195,78,-165,1547,1566,0.35,0,0,35.7,47.75,47.875,6209,19.33,51.7,0
1783524246.402178,943,22,person,0,674,54,762,276,0.448,718,165,78,-195,1547,1602,0.35,0,0,35.7,47.75,47.875,6209,19.24,52.0,0
1783524246.469576,944,22,person,0,664,55,776,344,0.521,720,199,80,-161,1551,1541,0.35,0,0,35.7,47.75,47.875,6209,19.11,52.3,0
1783524246.536939,945,22,person,0,672,56,772,315,0.574,722,185,82,-175,1553,1582,0.35,0,0,35.7,48.093,47.968,6209,19.3,51.8,0
1783524246.6044774,946,22,person,0,674,60,776,328,0.626,725,194,85,-166,1556,1561,0.35,0,0,35.7,48.093,47.968,6209,19.19,52.1,0
1783524246.6720164,947,22,person,0,681,71,761,276,0.443,721,173,81,-187,1545,1592,0.35,0,0,35.7,48.093,47.968,6209,19.25,52.0,0
1783524246.739709,948,22,person,0,685,83,761,274,0.513,723,178,83,-182,1554,1571,0.35,0,0,35.7,48.093,47.968,6209,19.11,52.3,0
1783524246.8064473,949,22,person,0,686,90,759,276,0.557,722,183,82,-177,1550,1569,0.35,0,0,35.7,48.093,47.968,6209,19.14,52.2,0
1783524246.8569987,950,22,person,0,673,91,764,328,0.47,718,209,78,-151,1542,1536,0.35,0,0,35.7,48.093,47.968,6209,19.05,52.5,0
1783524246.9241729,951,22,person,0,683,94,762,297,0.616,722,195,82,-165,1556,1578,0.35,0,0,35.7,48.093,47.968,6209,18.89,52.9,0
1783524246.9910955,952,22,person,0,678,97,768,335,0.452,723,216,83,-144,1553,1543,0.35,0,0,35.7,48.093,47.968,6209,18.74,53.4,0
1783524247.0578175,953,22,person,0,682,102,767,328,0.516,724,215,84,-145,1554,1560,0.35,0,0,35.7,47.843,47.812,6170,18.84,53.1,0
1783524247.1262405,954,22,person,0,686,101,769,330,0.495,727,215,87,-145,1558,1560,0.35,0,0,35.7,47.843,47.812,6170,20.36,49.1,0
1783524247.1932995,955,22,person,0,689,98,766,316,0.52,727,207,87,-153,1555,1569,0.35,0,0,35.7,47.843,47.812,6170,19.18,52.1,0
1783524247.259614,956,22,person,0,686,95,758,302,0.509,722,198,82,-162,1546,1573,0.35,0,0,35.7,47.843,47.812,6170,18.91,52.9,0
1783524247.3272762,957,22,person,0,690,97,760,305,0.501,725,201,85,-159,1557,1563,0.35,0,0,35.7,47.843,47.812,6170,18.97,52.7,0
1783524247.39414,958,22,person,0,692,104,762,316,0.423,727,210,87,-150,1557,1555,0.35,0,0,35.7,47.843,47.812,6170,19.04,52.5,0
1783524247.4565709,959,,,,,,,,,,,,,1500,1500,0.35,0,0,35.7,47.843,47.812,6170,16.02,62.4,1
1783524247.5273235,960,22,person,0,696,115,770,342,0.71,733,228,93,-132,1700,1650,0.35,0,0,35.7,48.031,47.843,6170,22.02,45.4,0
1783524247.5955036,961,22,person,0,698,113,771,337,0.74,734,225,94,-135,1557,1556,0.35,0,0,35.7,48.031,47.843,6170,19.0,52.6,0
1783524247.6460674,962,22,person,0,698,109,769,332,0.752,733,220,93,-140,1554,1561,0.35,0,0,35.7,48.031,47.843,6170,18.8,53.2,0
1783524247.7168841,963,22,person,0,698,109,770,331,0.733,734,220,94,-140,1558,1556,0.35,0,0,35.7,48.031,47.843,6170,23.12,43.2,0
1783524247.7830238,964,22,person,0,697,113,770,341,0.553,733,227,93,-133,1555,1548,0.35,0,0,35.7,48.031,47.843,6170,18.73,53.4,0
1783524247.852056,965,22,person,0,699,116,770,337,0.731,734,226,94,-134,1558,1555,0.35,0,0,35.7,48.031,47.843,6170,18.82,53.1,0
1783524247.922468,966,22,person,0,701,116,771,334,0.756,736,225,96,-135,1561,1555,0.35,0,0,35.7,48.031,47.843,6170,19.02,52.6,0
1783524247.9920855,967,22,person,0,700,116,769,330,0.795,734,223,94,-137,1555,1557,0.35,0,0,35.7,48.031,47.843,6170,19.3,51.8,0
1783524248.0615416,968,22,person,0,702,114,771,328,0.632,736,221,96,-139,1561,1558,0.35,0,0,35.7,48.062,47.968,6209,19.21,52.1,0
1783524248.1306174,969,22,person,0,704,114,771,326,0.75,737,220,97,-140,1561,1558,0.35,0,0,35.7,48.062,47.968,6209,19.14,52.3,0
1783524248.1991303,970,22,person,0,701,114,770,331,0.589,735,222,95,-138,1556,1555,0.35,0,0,35.7,48.062,47.968,6209,19.05,52.5,0
1783524248.2682538,971,22,person,0,702,113,771,329,0.544,736,221,96,-139,1560,1558,0.35,0,0,35.7,48.062,47.968,6209,19.04,52.5,0
1783524248.3378553,972,22,person,0,703,112,772,332,0.575,737,222,97,-138,1561,1556,0.35,0,0,35.7,48.062,47.968,6209,19.03,52.5,0
1783524248.4069204,973,22,person,0,704,111,771,326,0.531,737,218,97,-142,1560,1561,0.35,0,0,35.7,48.062,47.968,6209,19.13,52.3,0
1783524248.4596107,974,22,person,0,705,111,772,328,0.701,738,219,98,-141,1563,1557,0.35,0,0,35.7,48.062,47.968,6209,18.98,52.7,0
1783524248.5284421,975,22,person,0,706,110,771,321,0.494,738,215,98,-145,1561,1562,0.35,0,0,35.7,47.75,48.031,6170,19.15,52.2,0
1783524248.597885,976,22,person,0,704,109,772,330,0.646,738,219,98,-141,1561,1555,0.35,0,0,35.7,47.75,48.031,6170,19.17,52.2,0
1783524248.6671033,977,22,person,0,704,109,771,328,0.723,737,218,97,-142,1560,1559,0.35,0,0,35.7,47.75,48.031,6170,19.17,52.2,0
1783524248.7359946,978,22,person,0,700,107,769,333,0.676,734,220,94,-140,1555,1556,0.35,0,0,35.7,47.75,48.031,6170,19.3,51.8,0
1783524248.8056393,979,22,person,0,699,108,768,335,0.718,733,221,93,-139,1557,1556,0.35,0,0,35.7,47.75,48.031,6170,19.23,52.0,0
1783524248.8751013,980,22,person,0,699,107,770,340,0.732,734,223,94,-137,1560,1555,0.35,0,0,35.7,47.75,48.031,6170,19.19,52.1,0
1783524248.9448082,981,22,person,0,699,106,768,333,0.621,733,219,93,-141,1557,1561,0.35,0,0,35.7,47.75,48.031,6170,19.24,52.0,0
1783524249.0141578,982,22,person,0,694,106,768,349,0.566,731,227,91,-133,1555,1549,0.35,0,0,35.7,47.75,48.031,6170,18.89,52.9,0
1783524249.0832453,983,22,person,0,694,105,762,326,0.606,728,215,88,-145,1552,1568,0.35,0,0,35.7,47.875,48.156,6130,18.77,53.3,0
1783524249.1528158,984,22,person,0,691,105,762,333,0.456,726,219,86,-141,1552,1555,0.35,0,0,35.7,47.875,48.156,6130,19.03,52.6,0
1783524249.2224534,985,22,person,0,683,103,757,335,0.641,720,219,80,-141,1544,1558,0.35,0,0,35.7,47.875,48.156,6130,19.29,51.9,0
1783524249.275129,986,22,person,0,680,103,756,333,0.694,718,218,78,-142,1546,1559,0.35,0,0,35.7,47.875,48.156,6130,19.21,52.0,0
1783524249.3441954,987,22,person,0,680,101,743,281,0.482,711,191,71,-169,1537,1589,0.35,0,0,35.7,47.875,48.156,6130,19.09,52.4,0
1783524249.4135945,988,22,person,0,684,101,743,264,0.594,713,182,73,-178,1549,1579,0.35,0,0,35.7,47.875,48.156,6130,18.93,52.8,0
1783524249.4826226,989,22,person,0,685,101,741,250,0.607,713,175,73,-185,1546,1581,0.35,0,0,35.7,47.875,48.156,6130,18.68,53.5,0
1783524249.5551493,990,22,person,0,683,98,744,257,0.463,713,177,73,-183,1546,1573,0.35,0,0,35.7,47.906,48.0,6170,21.79,45.9,0
1783524249.6247096,991,22,person,0,674,96,751,297,0.592,712,196,72,-164,1545,1553,0.35,0,0,35.7,47.906,48.0,6170,19.05,52.5,0
1783524249.6944344,992,22,person,0,671,93,759,326,0.401,715,209,75,-151,1551,1553,0.35,0,0,35.7,47.906,48.0,6170,19.14,52.2,0
1783524249.7644427,993,22,person,0,669,90,762,339,0.553,715,214,75,-146,1548,1556,0.35,0,0,35.7,47.906,48.0,6170,19.29,51.8,0
1783524249.834177,994,22,person,0,668,88,766,351,0.378,717,219,77,-141,1551,1554,0.35,0,0,35.7,47.906,48.0,6170,19.08,52.4,0
1783524249.9030535,995,22,person,0,668,84,764,342,0.634,716,213,76,-147,1547,1565,0.35,0,0,35.7,47.906,48.0,6170,19.1,52.4,0
1783524249.9723985,996,22,person,0,665,81,760,339,0.362,712,210,72,-150,1541,1564,0.35,0,0,35.7,47.906,48.0,6170,19.0,52.6,0
1783524250.0416827,997,22,person,0,662,79,759,341,0.632,710,210,70,-150,1542,1562,0.35,0,0,35.7,48.218,47.875,6170,18.93,52.8,0
1783524250.0945776,998,22,person,0,670,78,751,289,0.545,710,183,70,-177,1545,1598,0.35,0,0,35.7,48.218,47.875,6170,19.16,52.2,0
1783524250.1643698,999,22,person,0,673,77,747,262,0.589,710,169,70,-191,1545,1588,0.35,0,0,35.7,48.218,47.875,6170,19.31,51.8,0
1783524250.2337196,1000,22,person,0,654,73,752,318,0.483,703,195,63,-165,1532,1549,0.35,0,0,35.7,48.218,47.875,6170,19.03,52.6,0
1783524250.3035307,1001,22,person,0,655,71,755,322,0.521,705,196,65,-164,1544,1566,0.35,0,0,35.7,48.218,47.875,6170,19.02,52.6,0
1783524250.3730524,1002,22,person,0,650,68,756,333,0.684,703,200,63,-160,1538,1563,0.35,0,0,35.7,48.218,47.875,6170,19.03,52.6,0
1783524250.4424505,1003,22,person,0,645,64,756,336,0.557,700,200,60,-160,1535,1566,0.35,0,0,35.7,48.218,47.875,6170,18.87,53.0,0
1783524250.5111585,1004,22,person,0,641,61,752,330,0.696,696,195,56,-165,1531,1571,0.35,0,0,35.7,48.218,47.875,6170,18.93,52.8,0
1783524250.5804594,1005,22,person,0,636,59,759,359,0.486,697,209,57,-151,1538,1552,0.35,0,0,35.7,48.156,47.906,6209,18.83,53.1,0
1783524250.6498547,1006,22,person,0,639,57,760,355,0.627,699,206,59,-154,1540,1565,0.35,0,0,35.7,48.156,47.906,6209,18.73,53.4,0
1783524250.722941,1007,22,person,0,641,55,761,352,0.72,701,203,61,-157,1541,1566,0.35,0,0,35.7,48.156,47.906,6209,22.96,43.6,0
1783524250.7924647,1008,22,person,0,644,52,764,352,0.653,704,202,64,-158,1544,1565,0.35,0,0,35.7,48.156,47.906,6209,19.1,52.4,0
1783524250.8619628,1009,22,person,0,649,45,768,348,0.543,708,196,68,-164,1548,1571,0.35,0,0,35.7,48.156,47.906,6209,18.98,52.7,0
1783524250.9146388,1010,22,person,0,651,42,771,353,0.389,711,197,71,-163,1550,1566,0.35,0,0,35.7,48.156,47.906,6209,18.79,53.2,0
1783524250.983728,1011,22,person,0,650,33,773,356,0.598,711,194,71,-166,1545,1570,0.35,0,0,35.7,48.156,47.906,6209,18.84,53.1,0
1783524251.0532851,1012,22,person,0,652,26,773,354,0.651,712,190,72,-170,1547,1572,0.35,0,0,35.7,48.312,47.906,6170,19.14,52.3,0
1783524251.122355,1013,22,person,0,645,22,768,359,0.775,706,190,66,-170,1535,1570,0.35,0,0,35.7,48.312,47.906,6170,19.22,52.0,0
1783524251.1922934,1014,22,person,0,646,20,767,352,0.65,706,186,66,-174,1542,1574,0.35,0,0,35.7,48.312,47.906,6170,19.15,52.2,0
1783524251.2621274,1015,22,person,0,643,18,762,350,0.495,702,184,62,-176,1535,1573,0.35,0,0,35.7,48.312,47.906,6170,19.21,52.1,0
1783524251.3314993,1016,22,person,0,638,15,762,361,0.583,700,188,60,-172,1536,1567,0.35,0,0,35.7,48.312,47.906,6170,18.99,52.7,0
1783524251.40134,1017,22,person,0,636,8,757,348,0.701,696,178,56,-182,1532,1581,0.35,0,0,35.7,48.312,47.906,6170,19.19,52.1,0
1783524251.4707298,1018,22,person,0,631,3,756,352,0.71,693,177,53,-183,1531,1575,0.35,0,0,35.7,48.312,47.906,6170,19.08,52.4,0
1783524251.5401938,1019,22,person,0,623,0,757,369,0.601,690,184,50,-176,1529,1567,0.35,0,0,35.7,48.312,47.906,6170,18.97,52.7,0
1783524251.6125457,1020,22,person,0,615,0,758,388,0.658,686,194,46,-166,1526,1561,0.35,0,0,35.7,48.062,48.125,6130,21.64,46.2,0
1783524251.6820698,1021,22,person,0,613,0,755,382,0.669,684,191,44,-169,1527,1571,0.35,0,0,35.7,48.062,48.125,6130,18.85,53.0,0
1783524251.7344859,1022,22,person,0,608,0,755,394,0.537,681,197,41,-163,1523,1561,0.35,0,0,35.7,48.062,48.125,6130,19.12,52.3,0
1783524251.8041,1023,22,person,0,615,1,748,350,0.753,681,175,41,-185,1527,1591,0.35,0,0,35.7,48.062,48.125,6130,19.28,51.9,0
1783524251.8738265,1024,22,person,0,610,0,754,378,0.684,682,189,42,-171,1529,1560,0.35,0,0,35.7,48.062,48.125,6130,18.9,52.9,0
1783524251.9430306,1025,22,person,0,606,0,758,398,0.747,682,199,42,-161,1528,1559,0.35,0,0,35.7,48.062,48.125,6130,18.79,53.2,0
1783524252.0129304,1026,22,person,0,604,0,762,414,0.52,683,207,43,-153,1529,1557,0.35,0,0,35.7,48.062,48.125,6130,18.98,52.7,0
1783524252.0820556,1027,22,person,0,608,0,759,394,0.607,683,197,43,-163,1528,1574,0.35,0,0,35.7,47.906,48.0,6209,18.84,53.1,0
1783524252.1513343,1028,22,person,0,600,1,761,420,0.606,680,210,40,-150,1453,1552,0.35,0,0,35.7,47.906,48.0,6209,18.72,53.4,0
1783524252.215784,1029,,,,,,,,,,,,,1500,1500,0.35,0,0,35.7,47.906,48.0,6209,15.76,63.5,1
1783524252.2859623,1030,22,person,0,591,3,758,434,0.653,674,218,34,-142,1500,1650,0.35,0,0,35.7,47.906,48.0,6209,18.82,53.1,0
1783524252.3559012,1031,22,person,0,584,3,749,422,0.642,666,212,26,-148,1500,1563,0.35,0,0,35.7,47.906,48.0,6209,18.81,53.2,0
1783524252.4248521,1032,22,person,0,581,3,750,425,0.387,665,214,25,-146,1500,1557,0.35,0,0,35.7,47.906,48.0,6209,18.79,53.2,0
1783524252.4893281,1033,,,,,,,,,,,,,1500,1500,0.35,0,0,35.7,47.906,48.0,6209,16.0,62.5,1
1783524252.541681,1034,22,person,0,570,3,745,437,0.493,657,220,17,-140,1500,1650,0.35,0,0,35.7,47.906,48.0,6209,18.83,53.1,0
1783524252.6067517,1035,,,,,,,,,,,,,1500,1500,0.35,0,0,35.7,48.25,47.937,6249,15.8,63.3,1
1783524252.6717553,1036,,,,,,,,,,,,,1500,1500,0.35,0,0,35.7,48.25,47.937,6249,15.89,62.9,1
1783524252.736362,1037,,,,,,,,,,,,,1500,1500,0.35,0,0,35.7,48.25,47.937,6249,15.88,63.0,1
1783524252.8007562,1038,,,,,,,,,,,,,1500,1500,0.35,0,0,35.7,48.25,47.937,6249,16.04,62.4,1
1783524252.8654277,1039,,,,,,,,,,,,,1500,1500,0.35,0,0,35.7,48.25,47.937,6249,16.02,62.4,1
1783524252.9299097,1040,,,,,,,,,,,,,1500,1500,0.35,0,0,35.7,48.25,47.937,6249,15.91,62.9,1
1783524252.994007,1041,,,,,,,,,,,,,1500,1500,0.35,0,0,35.7,48.25,47.937,6249,15.95,62.7,1
1783524253.05912,1042,,,,,,,,,,,,,1500,1500,0.35,0,0,35.7,48.25,47.937,6249,15.93,62.8,1
1783524253.1248264,1043,,,,,,,,,,,,,1500,1500,0.35,0,0,35.7,47.968,47.968,6288,17.23,58.0,1
1783524253.1896834,1044,,,,,,,,,,,,,1500,1500,0.35,0,0,35.7,47.968,47.968,6288,16.01,62.5,1
1783524253.255421,1045,,,,,,,,,,,,,1500,1500,0.35,0,0,35.7,47.968,47.968,6288,16.86,59.3,1
1783524253.3030915,1046,,,,,,,,,,,,,1500,1500,0.35,0,0,35.7,47.968,47.968,6288,16.04,62.4,1
1783524253.367269,1047,,,,,,,,,,,,,1500,1500,0.35,0,0,35.7,47.968,47.968,6288,15.85,63.1,1
1783524253.4312809,1048,,,,,,,,,,,,,1500,1500,0.35,0,0,35.7,47.968,47.968,6288,15.99,62.5,1
1783524253.495904,1049,,,,,,,,,,,,,1500,1500,0.35,0,0,35.7,47.968,47.968,6288,15.9,62.9,1
1783524253.563674,1050,,,,,,,,,,,,,1500,1500,0.35,0,0,35.7,47.968,47.968,6288,19.14,52.2,1
1783524253.6281104,1051,,,,,,,,,,,,,1500,1500,0.35,0,0,35.7,47.906,48.218,6605,15.87,63.0,1
1783524253.6924276,1052,,,,,,,,,,,,,1500,1500,0.35,0,0,35.7,47.906,48.218,6605,15.81,63.3,1
1783524253.7574873,1053,,,,,,,,,,,,,1500,1500,0.35,0,0,35.7,47.906,48.218,6605,16.05,62.3,1
1783524253.8220747,1054,,,,,,,,,,,,,1500,1500,0.35,0,0,35.7,47.906,48.218,6605,15.92,62.8,1
1783524253.886008,1055,,,,,,,,,,,,,1500,1500,0.35,0,0,35.7,47.906,48.218,6605,15.75,63.5,1
1783524253.9553688,1056,22,person,0,553,2,744,468,0.498,648,235,8,-125,1500,1650,0.35,0,0,35.7,47.906,48.218,6605,19.11,52.3,0
1783524254.0207334,1057,,,,,,,,,,,,,1500,1500,0.35,0,0,35.7,47.906,48.218,6605,16.0,62.5,1
1783524254.0690045,1058,,,,,,,,,,,,,1500,1500,0.35,0,0,35.7,47.906,48.218,6605,16.22,61.7,1
1783524254.1337633,1059,,,,,,,,,,,,,1500,1500,0.35,0,0,35.7,47.968,48.312,6684,16.52,60.5,1
1783524254.199996,1060,,,,,,,,,,,,,1500,1500,0.35,0,0,35.7,47.968,48.312,6684,16.73,59.8,1
1783524254.2661471,1061,,,,,,,,,,,,,1500,1500,0.35,0,0,35.7,47.968,48.312,6684,16.79,59.6,1
1783524254.330993,1062,,,,,,,,,,,,,1500,1500,0.35,0,0,35.7,47.968,48.312,6684,16.01,62.5,1
1783524254.399886,1063,22,person,0,586,0,752,430,0.667,669,215,29,-145,1500,1650,0.35,0,0,35.7,47.968,48.312,6684,18.99,52.7,0
1783524254.4699893,1064,22,person,0,597,1,752,415,0.568,674,208,34,-152,1500,1566,0.35,0,0,35.7,47.968,48.312,6684,19.07,52.4,0
1783524254.5350947,1065,,,,,,,,,,,,,1500,1500,0.35,0,0,35.7,47.968,48.312,6684,16.03,62.4,1
1783524254.6005707,1066,,,,,,,,,,,,,1500,1500,0.35,0,0,35.7,47.906,48.0,6407,16.32,61.3,1
1783524254.670198,1067,22,person,0,625,2,752,347,0.607,688,174,48,-186,1645,1650,0.35,0,0,35.7,47.906,48.0,6407,19.05,52.5,0
1783524254.740492,1068,22,person,0,631,1,743,300,0.421,687,150,47,-210,1527,1601,0.35,0,0,35.7,47.906,48.0,6407,18.83,53.1,0
1783524254.8112516,1069,22,person,0,626,1,739,300,0.62,682,150,42,-210,1519,1584,0.35,0,0,35.7,47.906,48.0,6407,19.32,51.7,0
1783524254.865924,1070,22,person,0,618,1,740,325,0.589,679,163,39,-197,1438,1567,0.35,0,0,35.7,47.906,48.0,6407,20.06,49.8,0
1783524254.9367518,1071,22,person,0,617,6,741,332,0.696,679,169,39,-191,1500,1573,0.35,0,0,35.7,47.906,48.0,6407,19.59,51.1,0
1783524255.0071163,1072,22,person,0,620,23,748,359,0.662,684,191,44,-169,1576,1553,0.35,0,0,35.7,47.906,48.0,6407,19.12,52.3,0
1783524255.077586,1073,22,person,0,627,41,745,340,0.81,686,190,46,-170,1530,1570,0.35,0,0,35.7,47.906,48.0,6407,19.0,52.6,0
1783524255.1488876,1074,22,person,0,627,54,746,351,0.615,686,202,46,-158,1528,1556,0.35,0,0,35.7,48.312,47.906,6249,19.22,52.0,0
1783524255.2191389,1075,22,person,0,630,57,747,343,0.644,688,200,48,-160,1531,1567,0.35,0,0,35.7,48.312,47.906,6249,19.48,51.3,0
1783524255.290447,1076,22,person,0,630,54,754,356,0.447,692,205,52,-155,1536,1560,0.35,0,0,35.7,48.312,47.906,6249,19.78,50.6,0
1783524255.3609252,1077,22,person,0,634,53,761,363,0.68,697,208,57,-152,1540,1560,0.35,0,0,35.7,48.312,47.906,6249,19.13,52.3,0
1783524255.4302986,1078,22,person,0,642,55,764,352,0.772,703,203,63,-157,1545,1568,0.35,0,0,35.7,48.312,47.906,6249,19.13,52.3,0
1783524255.4995425,1079,22,person,0,650,65,767,349,0.74,708,207,68,-153,1547,1560,0.35,0,0,35.7,48.312,47.906,6249,19.1,52.4,0
1783524255.5721016,1080,22,person,0,662,71,765,319,0.629,713,195,73,-165,1550,1576,0.35,0,0,35.7,48.312,47.906,6249,21.77,45.9,0
1783524255.6424425,1081,22,person,0,660,73,762,316,0.664,711,194,71,-166,1541,1569,0.35,0,0,35.7,48.156,48.125,6209,18.98,52.7,0
1783524255.6972198,1082,22,person,0,667,74,753,270,0.519,710,172,70,-188,1542,1597,0.35,0,0,35.7,48.156,48.125,6209,19.85,50.4,0
1783524255.768064,1083,22,person,0,671,78,752,256,0.647,711,167,71,-193,1545,1582,0.35,0,0,35.7,48.156,48.125,6209,19.98,50.0,0
1783524255.83845,1084,22,person,0,654,87,759,316,0.539,706,201,66,-159,1535,1541,0.35,0,0,35.7,48.156,48.125,6209,19.92,50.2,0
1783524255.9090793,1085,22,person,0,654,95,761,327,0.795,707,211,67,-149,1543,1554,0.35,0,0,35.7,48.156,48.125,6209,18.94,52.8,0
1783524255.980007,1086,22,person,0,653,96,764,336,0.582,708,216,68,-144,1544,1556,0.35,0,0,35.7,48.156,48.125,6209,19.25,51.9,0
1783524256.050234,1087,22,person,0,661,97,766,323,0.433,713,210,73,-150,1551,1566,0.35,0,0,35.7,48.156,48.125,6209,19.33,51.7,0
1783524256.1232443,1088,22,person,0,666,100,770,325,0.447,718,212,78,-148,1554,1559,0.35,0,0,35.7,48.187,48.218,6170,21.8,45.9,0
1783524256.192685,1089,22,person,0,668,104,775,339,0.526,721,221,81,-139,1554,1551,0.35,0,0,35.7,48.187,48.218,6170,18.93,52.8,0
1783524256.2614565,1090,22,person,0,677,107,776,331,0.472,726,219,86,-141,1560,1559,0.35,0,0,35.7,48.187,48.218,6170,18.91,52.9,0
1783524256.3304865,1091,22,person,0,684,110,779,327,0.56,731,218,91,-142,1563,1559,0.35,0,0,35.7,48.187,48.218,6170,18.97,52.7,0
1783524256.3944135,1092,,,,,,,,,,,,,1500,1500,0.35,0,0,35.7,48.187,48.218,6170,16.06,62.3,1
1783524256.4592636,1093,,,,,,,,,,,,,1500,1500,0.35,0,0,35.7,48.187,48.218,6170,16.03,62.4,1
1783524256.511618,1094,22,person,0,685,108,778,326,0.588,731,217,91,-143,1700,1650,0.35,0,0,35.7,48.187,48.218,6170,18.94,52.8,0
1783524256.580877,1095,22,person,0,688,108,779,328,0.661,733,218,93,-142,1558,1556,0.35,0,0,35.7,48.187,48.218,6170,18.76,53.3,0
1783524256.6498437,1096,22,person,0,690,115,781,341,0.358,735,228,95,-132,1559,1546,0.35,0,0,35.7,48.187,48.062,6209,18.74,53.4,0
1783524256.717775,1097,,,,,,,,,,,,,1500,1500,0.35,0,0,35.7,48.187,48.062,6209,19.7,50.8,1
1783524256.7874928,1098,22,person,0,698,118,782,334,0.646,740,226,100,-134,1700,1650,0.35,0,0,35.7,48.187,48.062,6209,19.2,52.1,0
1783524256.852435,1099,,,,,,,,,,,,,1500,1500,0.35,0,0,35.7,48.187,48.062,6209,15.91,62.8,1
1783524256.9165418,1100,,,,,,,,,,,,,1500,1500,0.35,0,0,35.7,48.187,48.062,6209,15.75,63.5,1
1783524256.97976,1101,,,,,,,,,,,,,1500,1500,0.35,0,0,35.7,48.187,48.062,6209,15.67,63.8,1
1783524257.0434299,1102,,,,,,,,,,,,,1500,1500,0.35,0,0,35.7,48.187,48.062,6209,15.74,63.5,1
1783524257.1072617,1103,,,,,,,,,,,,,1500,1500,0.35,0,0,35.7,48.062,48.0,6170,15.6,64.1,1
1783524257.1709692,1104,,,,,,,,,,,,,1500,1500,0.35,0,0,35.7,48.062,48.0,6170,15.84,63.1,1
1783524257.234778,1105,,,,,,,,,,,,,1500,1500,0.35,0,0,35.7,48.062,48.0,6170,15.83,63.2,1
1783524257.2816873,1106,,,,,,,,,,,,,1500,1500,0.35,0,0,35.7,48.062,48.0,6170,15.68,63.8,1
1783524257.3445675,1107,,,,,,,,,,,,,1500,1500,0.35,0,0,35.7,48.062,48.0,6170,15.64,63.9,1
1783524257.4083834,1108,,,,,,,,,,,,,1500,1500,0.35,0,0,35.7,48.062,48.0,6170,15.72,63.6,1
1783524257.4721801,1109,,,,,,,,,,,,,1500,1500,0.35,0,0,35.7,48.062,48.0,6170,15.7,63.7,1
1783524257.5394864,1110,,,,,,,,,,,,,1500,1500,0.35,0,0,35.7,48.062,48.0,6170,19.09,52.4,1
1783524257.6031098,1111,,,,,,,,,,,,,1500,1500,0.35,0,0,35.7,48.062,48.0,6170,15.73,63.6,1
1783524257.6681998,1112,,,,,,,,,,,,,1500,1500,0.35,0,0,35.7,48.218,48.125,6209,16.13,62.0,1
1783524257.7333732,1113,,,,,,,,,,,,,1500,1500,0.35,0,0,35.7,48.218,48.125,6209,16.66,60.0,1
1783524257.7986724,1114,,,,,,,,,,,,,1500,1500,0.35,0,0,35.7,48.218,48.125,6209,16.66,60.0,1
1783524257.8642387,1115,,,,,,,,,,,,,1500,1500,0.35,0,0,35.7,48.218,48.125,6209,16.6,60.2,1
1783524257.9291646,1116,,,,,,,,,,,,,1500,1500,0.35,0,0,35.7,48.218,48.125,6209,17.9,55.9,1
1783524257.9914865,1117,,,,,,,,,,,,,1500,1500,0.35,0,0,35.7,48.218,48.125,6209,16.32,61.3,1
1783524258.0372095,1118,,,,,,,,,,,,,1500,1500,0.35,0,0,35.7,48.218,48.125,6209,15.97,62.6,1
1783524258.100081,1119,,,,,,,,,,,,,1500,1500,0.35,0,0,35.7,48.218,48.125,6209,16.68,60.0,1
1783524258.1626837,1120,,,,,,,,,,,,,1500,1500,0.35,0,0,35.7,48.187,48.312,6249,17.0,58.8,1
1783524258.225376,1121,,,,,,,,,,,,,1500,1500,0.35,0,0,35.7,48.187,48.312,6249,16.58,60.3,1
1783524258.2880435,1122,,,,,,,,,,,,,1500,1500,0.35,0,0,35.7,48.187,48.312,6249,16.16,61.9,1
1783524258.3502424,1123,,,,,,,,,,,,,1500,1500,0.35,0,0,35.7,48.187,48.312,6249,16.34,61.2,1
1783524258.411386,1124,,,,,,,,,,,,,1500,1500,0.35,0,0,35.7,48.187,48.312,6249,15.72,63.6,1
1783524258.4726474,1125,,,,,,,,,,,,,1500,1500,0.35,0,0,35.7,48.187,48.312,6249,15.82,63.2,1
1783524258.5343122,1126,,,,,,,,,,,,,1500,1500,0.35,0,0,35.7,48.187,48.312,6249,16.76,59.7,1
1783524258.5954533,1127,,,,,,,,,,,,,1500,1500,0.35,0,0,35.7,48.187,48.312,6249,15.98,62.6,1
1783524258.6565022,1128,,,,,,,,,,,,,1500,1500,0.35,0,0,35.7,47.968,48.281,6209,15.83,63.2,1
1783524258.7171948,1129,,,,,,,,,,,,,1500,1500,0.35,0,0,35.7,47.968,48.281,6209,15.82,63.2,1
1783524258.7620246,1130,,,,,,,,,,,,,1500,1500,0.35,0,0,35.7,47.968,48.281,6209,15.91,62.9,1
1783524258.8224835,1131,,,,,,,,,,,,,1500,1500,0.35,0,0,35.7,47.968,48.281,6209,15.49,64.6,1
1783524258.8826187,1132,,,,,,,,,,,,,1500,1500,0.35,0,0,35.7,47.968,48.281,6209,15.45,64.7,1
1783524258.9430704,1133,,,,,,,,,,,,,1500,1500,0.35,0,0,35.7,47.968,48.281,6209,15.31,65.3,1
1783524259.003597,1134,,,,,,,,,,,,,1500,1500,0.35,0,0,35.7,47.968,48.281,6209,15.29,65.4,1
1783524259.0637522,1135,,,,,,,,,,,,,1500,1500,0.35,0,0,35.7,47.968,48.281,6209,15.44,64.8,1
1783524259.1287203,1136,,,,,,,,,,,,,1500,1500,0.35,0,0,35.7,47.968,48.281,6209,19.63,50.9,1
1783524259.1895168,1137,,,,,,,,,,,,,1500,1500,0.35,0,0,35.7,48.062,48.218,6170,15.58,64.2,1
1783524259.249748,1138,,,,,,,,,,,,,1500,1500,0.35,0,0,35.7,48.062,48.218,6170,15.62,64.0,1
1783524259.3099,1139,,,,,,,,,,,,,1500,1500,0.35,0,0,35.7,48.062,48.218,6170,15.3,65.4,1
1783524259.3737662,1140,,,,,,,,,,,,,1500,1500,0.35,0,0,35.7,48.062,48.218,6170,18.77,53.3,1
1783524259.434011,1141,,,,,,,,,,,,,1500,1500,0.35,0,0,35.7,48.062,48.218,6170,15.52,64.4,1
1783524259.4782453,1142,,,,,,,,,,,,,1500,1500,0.35,0,0,35.7,48.062,48.218,6170,15.34,65.2,1
1783524259.539028,1143,,,,,,,,,,,,,1500,1500,0.35,0,0,35.7,48.062,48.218,6170,15.6,64.1,1
1783524259.5985887,1144,,,,,,,,,,,,,1500,1500,0.35,0,0,35.7,48.062,48.218,6170,15.64,63.9,1
1783524259.660467,1145,,,,,,,,,,,,,1500,1500,0.35,0,0,35.7,48.0,48.031,6249,17.61,56.8,1
1783524259.7272706,1146,23,person,0,701,102,768,344,0.602,734,223,94,-137,1700,1650,0.35,0,0,35.7,48.0,48.031,6249,21.84,45.8,0
1783524259.7923696,1147,23,person,0,701,102,767,336,0.589,734,219,94,-141,1556,1559,0.35,0,0,35.7,48.0,48.031,6249,19.27,51.9,0
1783524259.8562899,1148,23,person,0,700,102,766,339,0.725,733,220,93,-140,1555,1555,0.35,0,0,35.7,48.0,48.031,6249,19.14,52.3,0
1783524259.9206018,1149,23,person,0,700,102,766,339,0.724,733,220,93,-140,1556,1556,0.35,0,0,35.7,48.0,48.031,6249,19.05,52.5,0
1783524259.9837744,1150,23,person,0,699,103,767,347,0.771,733,225,93,-135,1556,1550,0.35,0,0,35.7,48.0,48.031,6249,18.98,52.7,0
1783524260.047162,1151,23,person,0,699,102,768,346,0.781,733,224,93,-136,1556,1556,0.35,0,0,35.7,48.0,48.031,6249,18.76,53.3,0
1783524260.1103287,1152,23,person,0,700,102,768,341,0.762,734,221,94,-139,1558,1559,0.35,0,0,35.7,48.0,48.031,6249,18.85,53.0,0
1783524260.1738915,1153,23,person,0,701,101,767,333,0.736,734,217,94,-143,1557,1561,0.35,0,0,35.7,48.312,47.968,6249,18.88,53.0,0
1783524260.221666,1154,23,person,0,701,102,766,331,0.823,733,216,93,-144,1555,1560,0.35,0,0,35.7,48.312,47.968,6249,18.91,52.9,0
1783524260.2848985,1155,23,person,0,701,101,768,337,0.718,734,219,94,-141,1559,1555,0.35,0,0,35.7,48.312,47.968,6249,19.13,52.3,0
1783524260.349269,1156,23,person,0,702,102,769,338,0.69,735,220,95,-140,1560,1557,0.35,0,0,35.7,48.312,47.968,6249,19.07,52.5,0
1783524260.412611,1157,23,person,0,706,103,771,332,0.636,738,217,98,-143,1564,1561,0.35,0,0,35.7,48.312,47.968,6249,18.78,53.3,0
1783524260.471789,1158,,,,,,,,,,,,,1500,1500,0.35,0,0,35.7,48.312,47.968,6249,15.87,63.0,1
1783524260.5317843,1159,,,,,,,,,,,,,1500,1500,0.35,0,0,35.7,48.312,47.968,6249,16.09,62.2,1
1783524260.5905726,1160,,,,,,,,,,,,,1500,1500,0.35,0,0,35.7,48.312,47.968,6249,15.86,63.1,1
1783524260.6488097,1161,,,,,,,,,,,,,1500,1500,0.35,0,0,35.8,48.031,48.218,6209,15.62,64.0,1
1783524260.7075636,1162,,,,,,,,,,,,,1500,1500,0.35,0,0,35.8,48.031,48.218,6209,15.71,63.7,1
1783524260.7654355,1163,,,,,,,,,,,,,1500,1500,0.35,0,0,35.8,48.031,48.218,6209,15.75,63.5,1
1783524260.8244004,1164,,,,,,,,,,,,,1500,1500,0.35,0,0,35.8,48.031,48.218,6209,15.78,63.4,1
1783524260.8826208,1165,,,,,,,,,,,,,1500,1500,0.35,0,0,35.8,48.031,48.218,6209,15.85,63.1,1
1783524260.927792,1166,,,,,,,,,,,,,1500,1500,0.35,0,0,35.8,48.031,48.218,6209,18.73,53.4,1
1783524260.9861922,1167,,,,,,,,,,,,,1500,1500,0.35,0,0,35.8,48.031,48.218,6209,15.78,63.4,1
1783524261.0439677,1168,,,,,,,,,,,,,1500,1500,0.35,0,0,35.8,48.031,48.218,6209,15.76,63.5,1
1783524261.1023343,1169,,,,,,,,,,,,,1500,1500,0.35,0,0,35.8,48.031,48.218,6209,15.75,63.5,1
1783524261.164212,1170,,,,,,,,,,,,,1500,1500,0.35,0,0,35.7,48.312,48.281,6249,19.36,51.7,1
1783524261.2231672,1171,,,,,,,,,,,,,1500,1500,0.35,0,0,35.7,48.312,48.281,6249,16.01,62.5,1
1783524261.2813678,1172,,,,,,,,,,,,,1500,1500,0.35,0,0,35.7,48.312,48.281,6249,15.79,63.3,1
1783524261.3399854,1173,,,,,,,,,,,,,1500,1500,0.35,0,0,35.7,48.312,48.281,6249,15.73,63.6,1
1783524261.3982506,1174,,,,,,,,,,,,,1500,1500,0.35,0,0,35.7,48.312,48.281,6249,15.9,62.9,1
1783524261.456864,1175,,,,,,,,,,,,,1500,1500,0.35,0,0,35.7,48.312,48.281,6249,15.81,63.3,1
1783524261.5149965,1176,,,,,,,,,,,,,1500,1500,0.35,0,0,35.7,48.312,48.281,6249,15.81,63.2,1
1783524261.5735896,1177,,,,,,,,,,,,,1500,1500,0.35,0,0,35.7,48.312,48.281,6249,15.75,63.5,1
1783524261.6153345,1178,,,,,,,,,,,,,1500,1500,0.35,0,0,35.7,48.312,48.281,6249,15.72,63.6,1
1783524261.6740873,1179,,,,,,,,,,,,,1500,1500,0.35,0,0,35.7,48.25,48.062,6288,15.72,63.6,1
1783524261.7370877,1180,23,person,0,699,104,765,330,0.527,732,217,92,-143,1700,1650,0.35,0,0,35.7,48.25,48.062,6288,18.88,53.0,0
1783524261.8015735,1181,23,person,0,702,104,767,322,0.515,734,213,94,-147,1559,1562,0.35,0,0,35.7,48.25,48.062,6288,18.89,52.9,0
1783524261.8599603,1182,,,,,,,,,,,,,1500,1500,0.35,0,0,35.7,48.25,48.062,6288,15.89,62.9,1
1783524261.924167,1183,23,person,0,701,105,767,330,0.658,734,217,94,-143,1700,1650,0.35,0,0,35.7,48.25,48.062,6288,18.89,52.9,0
1783524261.988466,1184,23,person,0,696,105,764,328,0.712,730,216,90,-144,1549,1558,0.35,0,0,35.7,48.25,48.062,6288,18.78,53.2,0
1783524262.0518818,1185,23,person,0,696,104,766,330,0.808,731,217,91,-143,1556,1556,0.35,0,0,35.7,48.25,48.062,6288,18.86,53.0,0
1783524262.1155457,1186,23,person,0,697,104,765,323,0.695,731,213,91,-147,1555,1562,0.35,0,0,35.7,48.25,48.062,6288,18.8,53.2,0
1783524262.1786811,1187,23,person,0,696,104,767,330,0.781,731,217,91,-143,1555,1554,0.35,0,0,35.7,48.062,48.093,6209,18.8,53.2,0
1783524262.2419922,1188,23,person,0,696,104,769,335,0.767,732,219,92,-141,1557,1555,0.35,0,0,35.7,48.062,48.093,6209,18.82,53.1,0
1783524262.3049662,1189,23,person,0,699,105,771,339,0.399,735,222,95,-138,1561,1553,0.35,0,0,35.7,48.062,48.093,6209,18.87,53.0,0
1783524262.347752,1190,,,,,,,,,,,,,1500,1500,0.35,0,0,35.7,48.062,48.093,6209,15.81,63.3,1
1783524262.4063845,1191,,,,,,,,,,,,,1500,1500,0.35,0,0,35.7,48.062,48.093,6209,15.66,63.8,1
1783524262.4652188,1192,,,,,,,,,,,,,1500,1500,0.35,0,0,35.7,48.062,48.093,6209,15.97,62.6,1
1783524262.5237098,1193,,,,,,,,,,,,,1500,1500,0.35,0,0,35.7,48.062,48.093,6209,15.96,62.7,1
1783524262.582555,1194,,,,,,,,,,,,,1500,1500,0.35,0,0,35.7,48.062,48.093,6209,15.82,63.2,1
1783524262.6406171,1195,,,,,,,,,,,,,1500,1500,0.35,0,0,35.7,48.062,48.093,6209,15.82,63.2,1
1783524262.699276,1196,,,,,,,,,,,,,1500,1500,0.35,0,0,35.7,48.312,48.031,6249,15.91,62.8,1
1783524262.7578986,1197,,,,,,,,,,,,,1500,1500,0.35,0,0,35.7,48.312,48.031,6249,15.82,63.2,1
1783524262.8160484,1198,,,,,,,,,,,,,1500,1500,0.35,0,0,35.7,48.312,48.031,6249,15.84,63.1,1
1783524262.8744764,1199,,,,,,,,,,,,,1500,1500,0.35,0,0,35.7,48.312,48.031,6249,15.77,63.4,1
1783524262.9362993,1200,,,,,,,,,,,,,1500,1500,0.35,0,0,35.7,48.312,48.031,6249,19.21,52.1,1
1783524262.9952512,1201,,,,,,,,,,,,,1500,1500,0.35,0,0,35.7,48.312,48.031,6249,15.96,62.7,1
1783524263.036991,1202,,,,,,,,,,,,,1500,1500,0.35,0,0,35.7,48.312,48.031,6249,15.75,63.5,1
1783524263.0954356,1203,,,,,,,,,,,,,1500,1500,0.35,0,0,35.7,48.312,48.031,6249,15.96,62.7,1
1783524263.1535733,1204,,,,,,,,,,,,,1500,1500,0.35,0,0,35.7,48.312,48.031,6249,15.86,63.1,1
1783524263.216698,1205,23,person,0,699,105,770,336,0.389,734,220,94,-140,1700,1650,0.35,0,0,35.7,48.218,48.312,6288,18.76,53.3,0
1783524263.2805455,1206,23,person,0,696,104,767,331,0.747,731,217,91,-143,1551,1559,0.35,0,0,35.7,48.218,48.312,6288,18.76,53.3,0
1783524263.345704,1207,23,person,0,696,103,768,337,0.539,732,220,92,-140,1556,1554,0.35,0,0,35.7,48.218,48.312,6288,20.12,49.7,0
1783524263.4086494,1208,23,person,0,697,103,768,331,0.727,732,217,92,-143,1555,1560,0.35,0,0,35.7,48.218,48.312,6288,18.77,53.3,0
1783524263.4723196,1209,23,person,0,696,103,769,338,0.61,732,220,92,-140,1555,1554,0.35,0,0,35.7,48.218,48.312,6288,18.77,53.3,0
1783524263.535692,1210,23,person,0,696,104,767,333,0.412,731,218,91,-142,1554,1559,0.35,0,0,35.7,48.218,48.312,6288,18.91,52.9,0
1783524263.5986066,1211,23,person,0,694,105,768,343,0.47,731,224,91,-136,1555,1550,0.35,0,0,35.7,48.218,48.312,6288,18.98,52.7,0
1783524263.6620774,1212,23,person,0,693,106,765,336,0.554,729,221,89,-139,1552,1559,0.35,0,0,35.7,48.218,48.312,6288,19.0,52.6,0
1783524263.7252917,1213,23,person,0,694,105,767,337,0.696,730,221,90,-139,1556,1557,0.35,0,0,35.7,48.187,48.031,6249,18.95,52.8,0
1783524263.7726784,1214,23,person,0,694,105,767,337,0.772,730,221,90,-139,1555,1557,0.35,0,0,35.7,48.187,48.031,6249,18.82,53.1,0
1783524263.8350353,1215,23,person,0,695,105,767,332,0.729,731,218,91,-142,1557,1561,0.35,0,0,35.7,48.187,48.031,6249,18.85,53.0,0
1783524263.898758,1216,23,person,0,695,105,768,335,0.561,731,220,91,-140,1556,1556,0.35,0,0,35.7,48.187,48.031,6249,18.99,52.6,0
1783524263.9617016,1217,23,person,0,695,106,766,330,0.447,730,218,90,-142,1554,1560,0.35,0,0,35.7,48.187,48.031,6249,18.85,53.1,0
1783524264.0201569,1218,,,,,,,,,,,,,1500,1500,0.35,0,0,35.7,48.187,48.031,6249,15.72,63.6,1
1783524264.0790288,1219,,,,,,,,,,,,,1500,1500,0.35,0,0,35.7,48.187,48.031,6249,15.89,62.9,1
1783524264.1374938,1220,,,,,,,,,,,,,1500,1500,0.35,0,0,35.7,48.187,48.031,6249,15.76,63.4,1
1783524264.1957083,1221,,,,,,,,,,,,,1500,1500,0.35,0,0,35.7,48.312,48.156,6209,15.88,63.0,1
1783524264.2542298,1222,,,,,,,,,,,,,1500,1500,0.35,0,0,35.7,48.312,48.156,6209,15.88,63.0,1
1783524264.3126695,1223,,,,,,,,,,,,,1500,1500,0.35,0,0,35.7,48.312,48.156,6209,15.66,63.9,1
1783524264.3706274,1224,,,,,,,,,,,,,1500,1500,0.35,0,0,35.7,48.312,48.156,6209,15.8,63.3,1
1783524264.4290957,1225,,,,,,,,,,,,,1500,1500,0.35,0,0,35.7,48.312,48.156,6209,15.96,62.7,1
1783524264.4708133,1226,,,,,,,,,,,,,1500,1500,0.35,0,0,35.7,48.312,48.156,6209,15.73,63.6,1
1783524264.5325243,1227,,,,,,,,,,,,,1500,1500,0.35,0,0,35.7,48.312,48.156,6209,19.18,52.1,1
1783524264.5905347,1228,,,,,,,,,,,,,1500,1500,0.35,0,0,35.7,48.312,48.156,6209,15.9,62.9,1
1783524264.6487799,1229,,,,,,,,,,,,,1500,1500,0.35,0,0,35.7,48.312,48.156,6209,15.74,63.5,1
1783524264.7101142,1230,,,,,,,,,,,,,1500,1500,0.35,0,0,35.8,48.562,48.093,6249,19.04,52.5,1
1783524264.7688954,1231,,,,,,,,,,,,,1500,1500,0.35,0,0,35.8,48.562,48.093,6249,15.82,63.2,1
1783524264.826743,1232,,,,,,,,,,,,,1500,1500,0.35,0,0,35.8,48.562,48.093,6249,15.77,63.4,1
1783524264.8850272,1233,,,,,,,,,,,,,1500,1500,0.35,0,0,35.8,48.562,48.093,6249,15.69,63.7,1
1783524264.9429522,1234,,,,,,,,,,,,,1500,1500,0.35,0,0,35.8,48.562,48.093,6249,15.77,63.4,1
1783524265.0013866,1235,,,,,,,,,,,,,1500,1500,0.35,0,0,35.8,48.562,48.093,6249,15.79,63.3,1
1783524265.059316,1236,,,,,,,,,,,,,1500,1500,0.35,0,0,35.8,48.562,48.093,6249,15.83,63.2,1
1783524265.11787,1237,,,,,,,,,,,,,1500,1500,0.35,0,0,35.8,48.562,48.093,6249,15.89,62.9,1
1783524265.1595178,1238,,,,,,,,,,,,,1500,1500,0.35,0,0,35.8,48.562,48.093,6249,15.71,63.7,1
1783524265.217985,1239,,,,,,,,,,,,,1500,1500,0.35,0,0,35.7,48.406,48.125,6249,15.79,63.3,1
1783524265.2759628,1240,,,,,,,,,,,,,1500,1500,0.35,0,0,35.7,48.406,48.125,6249,15.72,63.6,1
1783524265.3344178,1241,,,,,,,,,,,,,1500,1500,0.35,0,0,35.7,48.406,48.125,6249,15.72,63.6,1
1783524265.3924725,1242,,,,,,,,,,,,,1500,1500,0.35,0,0,35.7,48.406,48.125,6249,15.79,63.3,1
1783524265.4557676,1243,23,person,0,694,106,767,331,0.712,730,218,90,-142,1700,1650,0.35,0,0,35.7,48.406,48.125,6249,18.94,52.8,0
1783524265.520077,1244,23,person,0,694,104,769,338,0.744,731,221,91,-139,1556,1553,0.35,0,0,35.7,48.406,48.125,6249,18.88,53.0,0
1783524265.5829058,1245,23,person,0,697,104,768,323,0.616,732,213,92,-147,1556,1565,0.35,0,0,35.7,48.406,48.125,6249,18.75,53.3,0
1783524265.646381,1246,23,person,0,696,104,768,328,0.523,732,216,92,-144,1555,1555,0.35,0,0,35.7,48.406,48.125,6249,18.79,53.2,0
1783524265.7090552,1247,23,person,0,693,104,768,336,0.713,730,220,90,-140,1552,1553,0.35,0,0,35.7,48.25,48.062,6209,18.8,53.2,0
1783524265.7723312,1248,23,person,0,694,105,763,311,0.405,728,208,88,-152,1551,1571,0.35,0,0,35.7,48.25,48.062,6209,18.74,53.4,0
1783524265.8356385,1249,23,person,0,692,105,767,330,0.556,729,217,89,-143,1555,1551,0.35,0,0,35.7,48.25,48.062,6209,18.92,52.9,0
1783524265.882892,1250,23,person,0,687,104,765,336,0.71,726,220,86,-140,1547,1554,0.35,0,0,35.7,48.25,48.062,6209,18.77,53.3,0
1783524265.9456575,1251,23,person,0,686,104,765,335,0.473,725,219,85,-141,1551,1558,0.35,0,0,35.7,48.25,48.062,6209,18.65,53.6,0
1783524266.0089126,1252,23,person,0,689,106,765,326,0.397,727,216,87,-144,1556,1561,0.35,0,0,35.7,48.25,48.062,6209,18.74,53.4,0
1783524266.0722818,1253,23,person,0,683,104,765,337,0.567,724,220,84,-140,1548,1554,0.35,0,0,35.7,48.25,48.062,6209,18.77,53.3,0
1783524266.1350925,1254,23,person,0,687,104,765,326,0.623,726,215,86,-145,1556,1563,0.35,0,0,35.7,48.25,48.062,6209,18.89,52.9,0
1783524266.1986427,1255,23,person,0,685,104,768,342,0.71,726,223,86,-137,1553,1550,0.35,0,0,35.7,48.25,48.062,6209,19.02,52.6,0
1783524266.2615016,1256,23,person,0,685,105,764,332,0.62,724,218,84,-142,1550,1562,0.35,0,0,35.7,48.375,48.312,6249,18.91,52.9,0
1783524266.3249497,1257,23,person,0,683,105,762,331,0.498,722,218,82,-142,1549,1558,0.35,0,0,35.7,48.375,48.312,6249,18.76,53.3,0
1783524266.3877199,1258,23,person,0,676,105,762,353,0.364,719,229,79,-131,1546,1545,0.35,0,0,35.7,48.375,48.312,6249,18.78,53.3,0
1783524266.4510298,1259,23,person,0,677,104,746,289,0.574,711,196,71,-164,1535,1593,0.35,0,0,35.7,48.375,48.312,6249,18.69,53.5,0
1783524266.5175173,1260,23,person,0,678,101,740,255,0.689,709,178,69,-182,1541,1588,0.35,0,0,35.7,48.375,48.312,6249,21.84,45.8,0
1783524266.5815134,1261,23,person,0,675,95,738,242,0.452,706,168,66,-192,1538,1586,0.35,0,0,35.7,48.375,48.312,6249,18.74,53.4,0
1783524266.6289837,1262,23,person,0,669,92,736,240,0.616,702,166,62,-194,1533,1581,0.35,0,0,35.7,48.375,48.312,6249,18.87,53.0,0
1783524266.691691,1263,23,person,0,651,88,751,306,0.665,701,197,61,-163,1538,1542,0.35,0,0,35.7,48.375,48.312,6249,18.77,53.3,0
1783524266.7557056,1264,23,person,0,644,83,757,335,0.601,700,209,60,-151,1537,1553,0.35,0,0,35.7,48.312,48.343,6288,18.9,52.9,0
1783524266.8187935,1265,23,person,0,638,81,762,362,0.723,700,221,60,-139,1539,1548,0.35,0,0,35.7,48.312,48.343,6288,18.74,53.4,0
1783524266.8821285,1266,23,person,0,637,79,763,366,0.526,700,222,60,-138,1539,1556,0.35,0,0,35.7,48.312,48.343,6288,18.74,53.4,0
1783524266.9487538,1267,23,person,0,637,78,766,370,0.418,701,224,61,-136,1540,1554,0.35,0,0,35.7,48.312,48.343,6288,22.52,44.4,0
1783524267.0120835,1268,23,person,0,638,73,764,366,0.701,701,219,61,-141,1539,1562,0.35,0,0,35.7,48.312,48.343,6288,18.67,53.6,0
1783524267.0748775,1269,23,person,0,642,70,762,348,0.722,702,209,62,-151,1541,1570,0.35,0,0,35.7,48.312,48.343,6288,18.7,53.5,0
1783524267.1382685,1270,23,person,0,641,64,765,357,0.607,703,210,63,-150,1542,1561,0.35,0,0,35.7,48.312,48.343,6288,18.83,53.1,0
1783524267.201361,1271,23,person,0,647,57,764,339,0.653,705,198,65,-162,1544,1576,0.35,0,0,35.7,48.312,48.343,6288,18.81,53.2,0
1783524267.265082,1272,23,person,0,645,49,766,346,0.616,705,197,65,-163,1542,1567,0.35,0,0,35.8,48.25,48.093,6249,18.87,53.0,0
1783524267.3238807,1273,,,,,,,,,,,,,1500,1500,0.35,0,0,35.8,48.25,48.093,6249,15.9,62.9,1
1783524267.3704336,1274,23,person,0,642,43,764,350,0.615,703,196,63,-164,1690,1650,0.35,0,0,35.8,48.25,48.093,6249,18.77,53.3,0
1783524267.4350936,1275,23,person,0,638,38,768,372,0.603,703,205,63,-155,1537,1555,0.35,0,0,35.8,48.25,48.093,6249,18.9,52.9,0
1783524267.4983828,1276,23,person,0,636,37,766,377,0.671,701,207,61,-153,1534,1560,0.35,0,0,35.8,48.25,48.093,6249,18.94,52.8,0
1783524267.5630627,1277,23,person,0,638,36,765,370,0.572,701,203,61,-157,1537,1566,0.35,0,0,35.8,48.25,48.093,6249,20.22,49.5,0
1783524267.626384,1278,23,person,0,632,28,763,375,0.757,697,201,57,-159,1529,1566,0.35,0,0,35.8,48.25,48.093,6249,18.91,52.9,0
1783524267.690022,1279,23,person,0,625,19,763,390,0.521,694,204,54,-156,1529,1561,0.35,0,0,35.8,48.25,48.093,6249,18.82,53.1,0
1783524267.7538524,1280,23,person,0,619,12,757,381,0.745,688,196,48,-164,1522,1573,0.35,0,0,35.8,48.281,48.093,6209,18.81,53.2,0
1783524267.817265,1281,23,person,0,610,7,755,396,0.671,682,201,42,-159,1518,1561,0.35,0,0,35.8,48.281,48.093,6209,18.74,53.4,0
1783524267.8811269,1282,23,person,0,602,3,751,405,0.684,676,204,36,-156,1448,1561,0.35,0,0,35.8,48.281,48.093,6209,18.68,53.5,0
1783524267.944085,1283,23,person,0,601,0,751,404,0.653,676,202,36,-158,1500,1566,0.35,0,0,35.8,48.281,48.093,6209,18.78,53.2,0
1783524268.0074418,1284,23,person,0,600,0,746,393,0.589,673,196,33,-164,1500,1572,0.35,0,0,35.8,48.281,48.093,6209,18.78,53.2,0
1783524268.0705662,1285,23,person,0,598,0,744,394,0.828,671,197,31,-163,1500,1566,0.35,0,0,35.8,48.281,48.093,6209,18.81,53.2,0
1783524268.1133637,1286,,,,,,,,,,,,,1500,1500,0.35,0,0,35.8,48.281,48.093,6209,15.76,63.5,1
1783524268.177539,1287,23,person,0,592,0,737,386,0.573,664,193,24,-167,1500,1650,0.35,0,0,35.8,48.281,48.093,6209,18.67,53.6,0
1783524268.2414777,1288,23,person,0,581,1,730,395,0.778,655,198,15,-162,1500,1561,0.35,0,0,35.8,48.156,48.281,6209,18.79,53.2,0
1783524268.3056612,1289,23,person,0,575,1,720,377,0.831,647,189,7,-171,1500,1575,0.35,0,0,35.8,48.156,48.281,6209,18.77,53.3,0
1783524268.3718739,1290,23,person,0,549,2,710,415,0.696,629,208,-11,-152,1500,1547,0.35,0,0,35.8,48.156,48.281,6209,21.65,46.2,0
1783524268.436199,1291,23,person,0,531,2,698,427,0.757,614,214,-26,-146,1500,1554,0.35,0,0,35.8,48.156,48.281,6209,18.93,52.8,0
1783524268.5001652,1292,23,person,0,516,1,686,433,0.76,601,217,-39,-143,1500,1555,0.35,0,0,35.8,48.156,48.281,6209,19.09,52.4,0
1783524268.5638552,1293,23,person,0,506,2,668,413,0.646,587,207,-53,-153,1401,1570,0.35,0,0,35.8,48.156,48.281,6209,19.13,52.3,0
1783524268.6281679,1294,23,person,0,488,2,655,425,0.761,571,213,-69,-147,1438,1555,0.35,0,0,35.8,48.156,48.281,6209,19.2,52.1,0
1783524268.6870089,1295,,,,,,,,,,,,,1500,1500,0.35,0,0,35.8,48.156,48.281,6209,16.02,62.4,1
1783524268.7503986,1296,,,,,,,,,,,,,1500,1500,0.35,0,0,35.8,48.5,48.5,6209,19.41,51.5,1
1783524268.8137908,1297,23,person,0,445,2,624,450,0.557,534,226,-106,-134,1300,1650,0.35,0,0,35.8,48.5,48.5,6209,18.9,52.9,0
1783524268.8567684,1298,,,,,,,,,,,,,1500,1500,0.35,0,0,35.8,48.5,48.5,6209,16.04,62.3,1
1783524268.921152,1299,23,person,0,416,6,604,467,0.478,510,236,-130,-124,1300,1650,0.35,0,0,35.8,48.5,48.5,6209,19.1,52.4,0
1783524268.9806294,1300,,,,,,,,,,,,,1500,1500,0.35,0,0,35.8,48.5,48.5,6209,16.12,62.0,1
1783524269.0447078,1301,23,person,0,405,5,600,475,0.355,502,240,-138,-120,1300,1650,0.35,0,0,35.8,48.5,48.5,6209,18.8,53.2,0
1783524269.1041155,1302,,,,,,,,,,,,,1500,1500,0.35,0,0,35.8,48.5,48.5,6209,16.03,62.4,1
1783524269.163932,1303,,,,,,,,,,,,,1500,1500,0.35,0,0,35.8,48.5,48.5,6209,16.1,62.1,1
1783524269.2274296,1304,23,person,0,412,4,612,475,0.403,512,239,-128,-121,1300,1650,0.35,0,0,35.8,48.5,48.5,6209,19.32,51.8,0
1783524269.2873814,1305,,,,,,,,,,,,,1500,1500,0.35,0,0,35.8,48.5,48.281,6249,16.0,62.5,1
1783524269.355906,1306,23,person,0,421,4,625,467,0.631,523,235,-117,-125,1300,1650,0.35,0,0,35.8,48.5,48.281,6249,22.94,43.6,0
1783524269.420149,1307,23,person,0,422,4,634,472,0.727,528,238,-112,-122,1438,1546,0.35,0,0,35.8,48.5,48.281,6249,18.97,52.7,0
1783524269.4841359,1308,23,person,0,423,3,645,477,0.875,534,240,-106,-120,1443,1546,0.35,0,0,35.8,48.5,48.281,6249,18.9,52.9,0
1783524269.5475583,1309,23,person,0,428,3,655,477,0.739,541,240,-99,-120,1448,1548,0.35,0,0,35.8,48.5,48.281,6249,18.85,53.0,0
1783524269.595609,1310,23,person,0,465,2,684,464,0.711,574,233,-66,-127,1514,1558,0.35,0,0,35.8,48.5,48.281,6249,19.11,52.3,0
1783524269.6601274,1311,23,person,0,470,2,691,464,0.419,580,233,-60,-127,1470,1551,0.35,0,0,35.8,48.5,48.281,6249,19.14,52.2,0
1783524269.7240174,1312,23,person,0,486,3,706,462,0.401,596,232,-44,-128,1492,1552,0.35,0,0,35.8,48.5,48.281,6249,19.08,52.4,0
1783524269.7884145,1313,23,person,0,513,3,725,456,0.534,619,229,-21,-131,1553,1555,0.35,0,0,35.8,48.562,48.187,6249,18.99,52.7,0
1783524269.8481503,1314,,,,,,,,,,,,,1500,1500,0.35,0,0,35.8,48.562,48.187,6249,16.1,62.1,1
1783524269.9125721,1315,23,person,0,534,2,738,448,0.436,636,225,-4,-135,1500,1650,0.35,0,0,35.8,48.562,48.187,6249,18.83,53.1,0
1783524269.9774547,1316,23,person,0,545,2,744,443,0.46,644,222,4,-138,1500,1557,0.35,0,0,35.8,48.562,48.187,6249,18.91,52.9,0
1783524270.0412543,1317,23,person,0,554,2,749,445,0.559,651,223,11,-137,1500,1554,0.35,0,0,35.8,48.562,48.187,6249,19.04,52.5,0
1783524270.1052225,1318,23,person,0,565,2,755,439,0.712,660,220,20,-140,1500,1558,0.35,0,0,35.8,48.562,48.187,6249,19.06,52.5,0
1783524270.1642323,1319,,,,,,,,,,,,,1500,1500,0.35,0,0,35.8,48.562,48.187,6249,15.96,62.6,1
1783524270.2321155,1320,23,person,0,587,1,768,426,0.58,677,213,37,-147,1500,1650,0.35,0,0,35.8,48.562,48.187,6249,21.95,45.6,0
1783524270.2921886,1321,,,,,,,,,,,,,1500,1500,0.35,0,0,35.8,48.5,48.468,6249,16.14,62.0,1
1783524270.3393779,1322,23,person,0,601,1,770,400,0.484,685,200,45,-160,1636,1650,0.35,0,0,35.8,48.5,48.468,6249,18.81,53.2,0
1783524270.4042196,1323,23,person,0,606,1,773,398,0.425,689,199,49,-161,1534,1565,0.35,0,0,35.8,48.5,48.468,6249,18.81,53.2,0
1783524270.4676807,1324,23,person,0,606,1,775,409,0.622,690,205,50,-155,1531,1557,0.35,0,0,35.8,48.5,48.468,6249,18.89,52.9,0
1783524270.5316427,1325,23,person,0,607,2,774,407,0.592,690,204,50,-156,1530,1563,0.35,0,0,35.8,48.5,48.468,6249,18.95,52.8,0
1783524270.59512,1326,23,person,0,607,3,775,416,0.582,691,209,51,-151,1532,1557,0.35,0,0,35.8,48.5,48.468,6249,18.91,52.9,0
1783524270.659484,1327,23,person,0,605,2,769,410,0.817,687,206,47,-154,1523,1565,0.35,0,0,35.8,48.5,48.468,6249,18.96,52.8,0
1783524270.7230914,1328,23,person,0,604,1,765,404,0.707,684,202,44,-158,1523,1567,0.35,0,0,35.8,48.5,48.468,6249,18.88,53.0,0
1783524270.7872248,1329,23,person,0,606,2,769,412,0.6,687,207,47,-153,1532,1558,0.35,0,0,35.8,48.437,48.468,6209,18.82,53.1,0
1783524270.8515415,1330,23,person,0,606,3,765,406,0.613,685,204,45,-156,1525,1566,0.35,0,0,35.8,48.437,48.468,6209,18.81,53.2,0
1783524270.915132,1331,23,person,0,606,2,763,404,0.777,684,203,44,-157,1526,1565,0.35,0,0,35.8,48.437,48.468,6209,18.8,53.2,0
1783524270.979013,1332,23,person,0,613,2,763,388,0.751,688,195,48,-165,1534,1574,0.35,0,0,35.8,48.437,48.468,6209,18.7,53.5,0
1783524271.0426517,1333,23,person,0,617,5,764,386,0.79,690,195,50,-165,1533,1568,0.35,0,0,35.8,48.437,48.468,6209,18.82,53.1,0
1783524271.0903175,1334,23,person,0,620,10,764,383,0.858,692,196,52,-164,1535,1566,0.35,0,0,35.8,48.437,48.468,6209,18.8,53.2,0
1783524271.1595857,1335,23,person,0,625,15,765,376,0.791,695,195,55,-165,1537,1568,0.35,0,0,35.8,48.437,48.468,6209,24.57,40.7,0
1783524271.223771,1336,23,person,0,631,19,768,373,0.651,699,196,59,-164,1541,1566,0.35,0,0,35.8,48.437,48.468,6209,18.88,53.0,0
1783524271.288019,1337,23,person,0,643,21,764,330,0.539,703,175,63,-185,1544,1592,0.35,0,0,35.8,48.468,48.281,6249,18.72,53.4,0
1783524271.3517756,1338,23,person,0,646,25,766,333,0.577,706,179,66,-181,1544,1571,0.35,0,0,35.8,48.468,48.281,6249,18.75,53.3,0
1783524271.4162178,1339,23,person,0,647,35,766,340,0.642,706,187,66,-173,1541,1564,0.35,0,0,35.8,48.468,48.281,6249,18.85,53.1,0
1783524271.4796693,1340,23,person,0,643,38,770,369,0.448,706,203,66,-157,1541,1552,0.35,0,0,35.8,48.468,48.281,6249,18.8,53.2,0
1783524271.5436797,1341,23,person,0,652,46,766,350,0.723,709,198,69,-162,1547,1570,0.35,0,0,35.8,48.468,48.281,6249,18.72,53.4,0
1783524271.6076775,1342,23,person,0,658,50,769,348,0.549,713,199,73,-161,1550,1565,0.35,0,0,35.8,48.468,48.281,6249,18.87,53.0,0
1783524271.6717532,1343,23,person,0,657,49,766,347,0.586,711,198,71,-162,1542,1567,0.35,0,0,35.8,48.468,48.281,6249,18.93,52.8,0
1783524271.7354357,1344,23,person,0,656,50,763,349,0.491,709,199,69,-161,1541,1565,0.35,0,0,35.8,48.468,48.281,6249,18.86,53.0,0
1783524271.7997665,1345,23,person,0,667,54,752,287,0.516,709,170,69,-190,1543,1600,0.35,0,0,35.8,48.312,48.343,6249,18.92,52.9,0
1783524271.8475277,1346,23,person,0,659,60,757,334,0.622,708,197,68,-163,1541,1538,0.35,0,0,35.8,48.312,48.343,6249,18.77,53.3,0
1783524271.9112434,1347,23,person,0,670,71,746,275,0.406,708,173,68,-187,1543,1595,0.35,0,0,35.8,48.312,48.343,6249,18.8,53.2,0
1783524271.975788,1348,23,person,0,667,77,749,300,0.473,708,188,68,-172,1543,1559,0.35,0,0,35.8,48.312,48.343,6249,18.87,53.0,0
1783524272.0395844,1349,23,person,0,673,83,750,287,0.647,711,185,71,-175,1549,1574,0.35,0,0,35.8,48.312,48.343,6249,18.95,52.8,0
1783524272.1021962,1350,,,,,,,,,,,,,1500,1500,0.35,0,0,35.8,48.312,48.343,6249,19.09,52.4,1
1783524272.1700006,1351,23,person,0,670,75,762,322,0.461,716,198,76,-162,1700,1650,0.35,0,0,35.8,48.312,48.343,6249,18.93,52.8,0
1783524272.2374413,1352,23,person,0,676,72,755,286,0.39,715,179,75,-181,1544,1586,0.35,0,0,35.8,48.312,48.343,6249,18.71,53.5,0
1783524272.3043203,1353,23,person,0,675,74,762,313,0.425,718,193,78,-167,1550,1556,0.35,0,0,35.8,48.281,48.187,6249,18.77,53.3,0
1783524272.3705492,1354,23,person,0,680,81,761,314,0.655,720,197,80,-163,1550,1562,0.35,0,0,35.8,48.281,48.187,6249,18.77,53.3,0
1783524272.4361882,1355,23,person,0,678,92,763,340,0.559,720,216,80,-144,1548,1544,0.35,0,0,35.8,48.281,48.187,6249,18.76,53.3,0
1783524272.49773,1356,,,,,,,,,,,,,1500,1500,0.35,0,0,35.8,48.281,48.187,6249,15.84,63.1,1
1783524272.5648487,1357,23,person,0,678,101,759,344,0.351,718,222,78,-138,1700,1650,0.35,0,0,35.8,48.281,48.187,6249,18.89,52.9,0
1783524272.6147003,1358,23,person,0,684,102,758,326,0.377,721,214,81,-146,1553,1566,0.35,0,0,35.8,48.281,48.187,6249,18.73,53.4,0
1783524272.6801357,1359,23,person,0,685,99,756,319,0.507,720,209,80,-151,1547,1564,0.35,0,0,35.8,48.281,48.187,6249,18.68,53.5,0
1783524272.7462385,1360,23,person,0,686,96,759,323,0.58,722,209,82,-151,1552,1561,0.35,0,0,35.8,48.281,48.187,6249,18.75,53.3,0
1783524272.812188,1361,23,person,0,685,100,759,332,0.372,722,216,82,-144,1549,1553,0.35,0,0,35.8,48.531,48.156,6249,18.71,53.4,0
1783524272.873053,1362,,,,,,,,,,,,,1500,1500,0.35,0,0,35.8,48.531,48.156,6249,15.73,63.6,1
1783524272.9400024,1363,23,person,0,688,110,761,333,0.6,724,221,84,-139,1700,1650,0.35,0,0,35.8,48.531,48.156,6249,18.87,53.0,0
1783524273.0069442,1364,23,person,0,690,117,763,337,0.4,726,227,86,-133,1554,1548,0.35,0,0,35.8,48.531,48.156,6249,18.8,53.2,0
1783524273.0728257,1365,23,person,0,693,115,766,337,0.566,729,226,89,-134,1557,1554,0.35,0,0,35.8,48.531,48.156,6249,18.84,53.1,0
1783524273.138964,1366,23,person,0,689,111,765,340,0.414,727,225,87,-135,1550,1555,0.35,0,0,35.8,48.531,48.156,6249,18.89,52.9,0
1783524273.205351,1367,23,person,0,692,109,767,336,0.679,729,222,89,-138,1556,1558,0.35,0,0,35.8,48.531,48.156,6249,18.72,53.4,0
1783524273.2712283,1368,23,person,0,693,109,768,336,0.756,730,222,90,-138,1556,1556,0.35,0,0,35.8,48.531,48.156,6249,18.87,53.0,0
1783524273.3376951,1369,23,person,0,693,111,765,325,0.704,729,218,89,-142,1553,1560,0.35,0,0,35.8,48.343,48.281,6209,18.89,52.9,0
1783524273.3876076,1370,23,person,0,697,112,767,320,0.613,732,216,92,-144,1561,1560,0.35,0,0,35.8,48.343,48.281,6209,18.78,53.2,0
1783524273.45365,1371,23,person,0,697,111,771,334,0.736,734,222,94,-138,1560,1552,0.35,0,0,35.8,48.343,48.281,6209,18.75,53.3,0
1783524273.519691,1372,23,person,0,700,110,773,332,0.742,736,221,96,-139,1561,1558,0.35,0,0,35.8,48.343,48.281,6209,18.93,52.8,0
1783524273.5811684,1373,,,,,,,,,,,,,1500,1500,0.35,0,0,35.8,48.343,48.281,6209,15.86,63.0,1
1783524273.6434798,1374,,,,,,,,,,,,,1500,1500,0.35,0,0,35.8,48.343,48.281,6209,15.8,63.3,1
1783524273.704434,1375,,,,,,,,,,,,,1500,1500,0.35,0,0,35.8,48.343,48.281,6209,15.79,63.3,1
1783524273.7657745,1376,,,,,,,,,,,,,1500,1500,0.35,0,0,35.8,48.343,48.281,6209,15.8,63.3,1
1783524273.8271794,1377,,,,,,,,,,,,,1500,1500,0.35,0,0,35.8,48.687,48.5,6249,15.85,63.1,1
1783524273.8881135,1378,,,,,,,,,,,,,1500,1500,0.35,0,0,35.8,48.687,48.5,6249,15.8,63.3,1
1783524273.949254,1379,,,,,,,,,,,,,1500,1500,0.35,0,0,35.8,48.687,48.5,6249,15.7,63.7,1
1783524274.0141735,1380,,,,,,,,,,,,,1500,1500,0.35,0,0,35.8,48.687,48.5,6249,19.01,52.6,1
1783524274.0752246,1381,,,,,,,,,,,,,1500,1500,0.35,0,0,35.8,48.687,48.5,6249,15.77,63.4,1
1783524274.1199222,1382,,,,,,,,,,,,,1500,1500,0.35,0,0,35.8,48.687,48.5,6249,15.71,63.7,1
1783524274.1810918,1383,,,,,,,,,,,,,1500,1500,0.35,0,0,35.8,48.687,48.5,6249,15.79,63.3,1
1783524274.2417953,1384,,,,,,,,,,,,,1500,1500,0.35,0,0,35.8,48.687,48.5,6249,15.71,63.6,1
1783524274.3029513,1385,,,,,,,,,,,,,1500,1500,0.35,0,0,35.8,48.468,48.25,6249,15.66,63.8,1
1783524274.3644555,1386,,,,,,,,,,,,,1500,1500,0.35,0,0,35.8,48.468,48.25,6249,15.75,63.5,1
1783524274.42532,1387,,,,,,,,,,,,,1500,1500,0.35,0,0,35.8,48.468,48.25,6249,15.92,62.8,1
1783524274.4866834,1388,,,,,,,,,,,,,1500,1500,0.35,0,0,35.8,48.468,48.25,6249,15.82,63.2,1
1783524274.5480618,1389,,,,,,,,,,,,,1500,1500,0.35,0,0,35.8,48.468,48.25,6249,15.77,63.4,1
1783524274.608822,1390,,,,,,,,,,,,,1500,1500,0.35,0,0,35.8,48.468,48.25,6249,15.73,63.6,1
1783524274.6701021,1391,,,,,,,,,,,,,1500,1500,0.35,0,0,35.8,48.468,48.25,6249,15.68,63.8,1
1783524274.7317843,1392,,,,,,,,,,,,,1500,1500,0.35,0,0,35.8,48.468,48.25,6249,15.69,63.7,1
1783524274.7978258,1393,23,person,0,700,105,772,328,0.551,736,216,96,-144,1700,1650,0.35,0,0,35.8,48.468,48.25,6249,19.04,52.5,0
1783524274.847974,1394,23,person,0,699,104,769,324,0.617,734,214,94,-146,1553,1560,0.35,0,0,35.8,48.718,48.312,6249,18.85,53.1,0
1783524274.9140399,1395,23,person,0,698,103,771,333,0.661,734,218,94,-142,1556,1554,0.35,0,0,35.8,48.718,48.312,6249,18.77,53.3,0
1783524274.9799747,1396,23,person,0,697,102,771,339,0.682,734,220,94,-140,1557,1555,0.35,0,0,35.8,48.718,48.312,6249,18.85,53.0,0
1783524275.046142,1397,23,person,0,694,101,770,350,0.598,732,225,92,-135,1553,1551,0.35,0,0,35.8,48.718,48.312,6249,18.73,53.4,0
1783524275.112806,1398,23,person,0,691,101,765,339,0.484,728,220,88,-140,1548,1560,0.35,0,0,35.8,48.718,48.312,6249,18.67,53.6,0
1783524275.1787474,1399,23,person,0,688,102,761,338,0.634,724,220,84,-140,1546,1557,0.35,0,0,35.8,48.718,48.312,6249,18.74,53.4,0
1783524275.2450855,1400,23,person,0,684,100,761,352,0.581,722,226,82,-134,1548,1550,0.35,0,0,35.8,48.718,48.312,6249,18.67,53.6,0
1783524275.3112934,1401,23,person,0,680,96,758,347,0.382,719,221,79,-139,1545,1560,0.35,0,0,35.8,48.718,48.312,6249,18.74,53.4,0
1783524275.3786263,1402,23,person,0,690,89,754,291,0.559,722,190,82,-170,1554,1592,0.35,0,0,35.8,48.375,48.343,6170,19.93,50.2,0
1783524275.4447443,1403,23,person,0,686,82,759,312,0.471,722,197,82,-163,1550,1561,0.35,0,0,35.8,48.375,48.343,6170,18.68,53.5,0
1783524275.5112035,1404,23,person,0,676,75,757,325,0.42,716,200,76,-160,1540,1563,0.35,0,0,35.8,48.375,48.343,6170,18.76,53.3,0
1783524275.5777726,1405,23,person,0,679,71,763,334,0.574,721,202,81,-158,1556,1563,0.35,0,0,35.8,48.375,48.343,6170,18.8,53.2,0
1783524275.627338,1406,23,person,0,686,70,754,278,0.43,720,174,80,-186,1548,1604,0.35,0,0,35.8,48.375,48.343,6170,18.84,53.1,0
1783524275.693978,1407,23,person,0,684,70,747,253,0.531,715,161,75,-199,1541,1591,0.35,0,0,35.8,48.375,48.343,6170,18.95,52.8,0
1783524275.7604606,1408,23,person,0,673,68,738,245,0.474,705,156,65,-204,1529,1587,0.35,0,0,35.8,48.375,48.343,6170,18.92,52.9,0
1783524275.8275907,1409,23,person,0,673,66,740,244,0.404,706,155,66,-205,1543,1584,0.35,0,0,35.8,48.312,48.531,6170,18.89,52.9,0
1783524275.8923233,1410,,,,,,,,,,,,,1500,1500,0.35,0,0,35.8,48.312,48.531,6170,19.31,51.8,1
1783524275.9583604,1411,,,,,,,,,,,,,1500,1500,0.35,0,0,35.8,48.312,48.531,6170,19.61,51.0,1
1783524276.0197182,1412,,,,,,,,,,,,,1500,1500,0.35,0,0,35.8,48.312,48.531,6170,15.64,64.0,1
1783524276.0839975,1413,,,,,,,,,,,,,1500,1500,0.35,0,0,35.8,48.312,48.531,6170,17.97,55.6,1
1783524276.1505666,1414,23,person,0,643,36,763,359,0.707,703,197,63,-163,1690,1650,0.35,0,0,35.8,48.312,48.531,6170,18.94,52.8,0
1783524276.218233,1415,23,person,0,642,32,764,364,0.709,703,198,63,-162,1537,1564,0.35,0,0,35.8,48.312,48.531,6170,18.77,53.3,0
1783524276.284051,1416,23,person,0,644,26,766,367,0.624,705,196,65,-164,1541,1567,0.35,0,0,35.8,48.312,48.531,6170,18.69,53.5,0
1783524276.350386,1417,23,person,0,637,19,764,376,0.453,700,197,60,-163,1530,1565,0.35,0,0,35.8,48.312,48.281,6209,18.78,53.2,0
1783524276.3958347,1418,,,,,,,,,,,,,1500,1500,0.35,0,0,35.8,48.312,48.281,6209,15.88,63.0,1
1783524276.4628189,1419,23,person,0,650,8,772,356,0.596,711,182,71,-178,1700,1650,0.35,0,0,35.8,48.312,48.281,6209,18.92,52.9,0
1783524276.5300384,1420,23,person,0,651,6,769,347,0.536,710,176,70,-184,1541,1578,0.35,0,0,35.8,48.312,48.281,6209,19.01,52.6,0
1783524276.5969448,1421,23,person,0,647,4,767,355,0.693,707,179,67,-181,1536,1570,0.35,0,0,35.8,48.312,48.281,6209,18.89,52.9,0
1783524276.6635492,1422,23,person,0,645,3,766,356,0.576,705,179,65,-181,1537,1573,0.35,0,0,35.8,48.312,48.281,6209,18.94,52.8,0
1783524276.730037,1423,23,person,0,637,1,761,369,0.707,699,185,59,-175,1528,1566,0.35,0,0,35.8,48.312,48.281,6209,19.02,52.6,0
1783524276.796097,1424,23,person,0,630,2,757,382,0.629,693,192,53,-168,1525,1563,0.35,0,0,35.8,48.312,48.281,6209,18.95,52.8,0
1783524276.862711,1425,23,person,0,629,3,747,359,0.411,688,181,48,-179,1523,1581,0.35,0,0,35.8,48.406,48.468,6209,18.85,53.1,0
1783524276.9297717,1426,23,person,0,623,2,737,334,0.54,680,168,40,-192,1443,1588,0.35,0,0,35.8,48.406,48.468,6209,18.94,52.8,0
1783524276.996016,1427,23,person,0,601,1,737,390,0.817,669,195,29,-165,1500,1547,0.35,0,0,35.8,48.406,48.468,6209,18.86,53.0,0
1783524277.0630515,1428,23,person,0,589,1,734,401,0.596,661,201,21,-159,1500,1561,0.35,0,0,35.8,48.406,48.468,6209,18.91,52.9,0
1783524277.1299942,1429,23,person,0,559,2,718,410,0.398,638,206,-2,-154,1500,1559,0.35,0,0,35.8,48.406,48.468,6209,18.94,52.8,0
1783524277.1808257,1430,23,person,0,554,2,718,405,0.544,636,203,-4,-157,1500,1567,0.35,0,0,35.8,48.406,48.468,6209,19.52,51.2,0
1783524277.2468605,1431,23,person,0,541,2,720,420,0.541,630,211,-10,-149,1500,1555,0.35,0,0,35.8,48.406,48.468,6209,18.89,52.9,0
1783524277.3140433,1432,23,person,0,537,2,720,414,0.422,628,208,-12,-152,1500,1565,0.35,0,0,35.8,48.406,48.468,6209,18.94,52.8,0
1783524277.3758235,1433,,,,,,,,,,,,,1500,1500,0.35,0,0,35.8,48.468,48.312,6209,15.93,62.8,1
1783524277.4376986,1434,,,,,,,,,,,,,1500,1500,0.35,0,0,35.8,48.468,48.312,6209,15.69,63.7,1
1783524277.4993594,1435,,,,,,,,,,,,,1500,1500,0.35,0,0,35.8,48.468,48.312,6209,15.85,63.1,1
1783524277.561144,1436,,,,,,,,,,,,,1500,1500,0.35,0,0,35.8,48.468,48.312,6209,15.91,62.8,1
1783524277.6271765,1437,23,person,0,554,2,758,472,0.445,656,237,16,-123,1500,1650,0.35,0,0,35.8,48.468,48.312,6209,18.93,52.8,0
1783524277.690522,1438,,,,,,,,,,,,,1500,1500,0.35,0,0,35.8,48.468,48.312,6209,16.03,62.4,1
1783524277.756657,1439,,,,,,,,,,,,,1500,1500,0.35,0,0,35.8,48.468,48.312,6209,19.2,52.1,1
1783524277.8222256,1440,,,,,,,,,,,,,1500,1500,0.35,0,0,35.8,48.468,48.312,6209,19.23,52.0,1
1783524277.883958,1441,,,,,,,,,,,,,1500,1500,0.35,0,0,35.8,48.468,48.625,6249,15.97,62.6,1
1783524277.9288812,1442,,,,,,,,,,,,,1500,1500,0.35,0,0,35.8,48.468,48.625,6249,15.82,63.2,1
1783524277.9907463,1443,,,,,,,,,,,,,1500,1500,0.35,0,0,35.8,48.468,48.625,6249,15.85,63.1,1
1783524278.052293,1444,,,,,,,,,,,,,1500,1500,0.35,0,0,35.8,48.468,48.625,6249,15.88,63.0,1
1783524278.1195188,1445,23,person,0,513,3,720,499,0.525,616,251,-24,-109,1500,1650,0.35,0,0,35.8,48.468,48.625,6249,19.09,52.4,0
1783524278.1823368,1446,,,,,,,,,,,,,1500,1500,0.35,0,0,35.8,48.468,48.625,6249,16.06,62.3,1
1783524278.2494092,1447,23,person,0,519,3,719,492,0.48,619,247,-21,-113,1500,1650,0.35,0,0,35.8,48.468,48.625,6249,18.98,52.7,0
1783524278.317154,1448,23,person,0,534,4,730,480,0.61,632,242,-8,-118,1500,1551,0.35,0,0,35.8,48.468,48.625,6249,18.98,52.7,0
1783524278.38024,1449,,,,,,,,,,,,,1500,1500,0.35,0,0,35.8,48.312,48.312,6209,16.12,62.0,1
1783524278.4424925,1450,,,,,,,,,,,,,1500,1500,0.35,0,0,35.8,48.312,48.312,6209,15.84,63.1,1
1783524278.5036485,1451,,,,,,,,,,,,,1500,1500,0.35,0,0,35.8,48.312,48.312,6209,15.7,63.7,1
1783524278.5654082,1452,,,,,,,,,,,,,1500,1500,0.35,0,0,35.8,48.312,48.312,6209,15.69,63.7,1
1783524278.6271744,1453,,,,,,,,,,,,,1500,1500,0.35,0,0,35.8,48.312,48.312,6209,15.87,63.0,1
1783524278.6712785,1454,,,,,,,,,,,,,1500,1500,0.35,0,0,35.8,48.312,48.312,6209,15.61,64.0,1
1783524278.732801,1455,,,,,,,,,,,,,1500,1500,0.35,0,0,35.8,48.312,48.312,6209,15.77,63.4,1
1783524278.794645,1456,,,,,,,,,,,,,1500,1500,0.35,0,0,35.8,48.312,48.312,6209,15.97,62.6,1
1783524278.8557265,1457,,,,,,,,,,,,,1500,1500,0.35,0,0,35.8,48.656,48.5,6209,15.95,62.7,1
1783524278.9223533,1458,23,person,0,580,2,757,435,0.652,668,218,28,-142,1500,1650,0.35,0,0,35.8,48.656,48.5,6209,19.19,52.1,0
1783524278.9899867,1459,23,person,0,585,3,762,439,0.756,673,221,33,-139,1500,1553,0.35,0,0,35.8,48.656,48.5,6209,19.16,52.2,0
1783524279.056763,1460,23,person,0,592,3,767,434,0.425,679,218,39,-142,1500,1559,0.35,0,0,35.8,48.656,48.5,6209,18.92,52.8,0
1783524279.1232178,1461,23,person,0,598,5,769,426,0.398,683,215,43,-145,1577,1560,0.35,0,0,35.8,48.656,48.5,6209,19.14,52.3,0
1783524279.1849852,1462,,,,,,,,,,,,,1500,1500,0.35,0,0,35.8,48.656,48.5,6209,15.98,62.6,1
1783524279.2523596,1463,23,person,0,604,5,770,413,0.779,687,209,47,-151,1642,1650,0.35,0,0,35.8,48.656,48.5,6209,18.95,52.8,0
1783524279.3195157,1464,23,person,0,614,2,770,386,0.646,692,194,52,-166,1537,1577,0.35,0,0,35.8,48.656,48.5,6209,19.19,52.1,0
1783524279.3864315,1465,23,person,0,618,2,778,400,0.625,698,201,58,-159,1542,1558,0.35,0,0,35.8,48.593,48.312,6209,19.14,52.2,0
1783524279.4363775,1466,23,person,0,623,1,776,388,0.709,699,194,59,-166,1537,1574,0.35,0,0,35.8,48.593,48.312,6209,18.72,53.4,0
1783524279.5024593,1467,23,person,0,628,1,775,375,0.715,701,188,61,-172,1539,1574,0.35,0,0,35.8,48.593,48.312,6209,18.77,53.3,0
1783524279.5736797,1468,23,person,0,627,4,776,391,0.647,701,197,61,-163,1537,1560,0.35,0,0,35.8,48.593,48.312,6209,23.89,41.9,0
1783524279.640047,1469,23,person,0,633,12,771,372,0.499,702,192,62,-168,1539,1572,0.35,0,0,35.8,48.593,48.312,6209,18.84,53.1,0
1783524279.7099288,1470,23,person,0,636,17,772,375,0.375,704,196,64,-164,1541,1564,0.35,0,0,35.8,48.593,48.312,6209,21.92,45.6,0
1783524279.7758687,1471,23,person,0,641,20,765,348,0.543,703,184,63,-176,1537,1581,0.35,0,0,35.8,48.593,48.312,6209,18.99,52.7,0
1783524279.8426793,1472,23,person,0,640,21,769,367,0.625,704,194,64,-166,1540,1560,0.35,0,0,35.8,48.593,48.312,6209,19.19,52.1,0
1783524279.909233,1473,23,person,0,653,27,753,290,0.471,703,158,63,-202,1537,1609,0.35,0,0,35.8,48.593,48.468,6209,18.99,52.6,0
1783524279.9764433,1474,23,person,0,652,38,760,322,0.65,706,180,66,-180,1544,1557,0.35,0,0,35.8,48.593,48.468,6209,18.92,52.9,0
1783524280.0423565,1475,23,person,0,650,50,759,339,0.667,704,194,64,-166,1537,1557,0.35,0,0,35.8,48.593,48.468,6209,18.82,53.1,0
1783524280.108578,1476,23,person,0,645,57,760,364,0.61,702,210,62,-150,1536,1549,0.35,0,0,35.8,48.593,48.468,6209,18.83,53.1,0
1783524280.1767783,1477,23,person,0,650,59,758,352,0.83,704,205,64,-155,1542,1567,0.35,0,0,35.8,48.593,48.468,6209,20.3,49.3,0
1783524280.226358,1478,23,person,0,655,57,753,323,0.614,704,190,64,-170,1540,1585,0.35,0,0,35.8,48.593,48.468,6209,19.08,52.4,0
1783524280.292703,1479,23,person,0,659,53,747,289,0.577,703,171,63,-189,1538,1591,0.35,0,0,35.8,48.593,48.468,6209,18.97,52.7,0
1783524280.359445,1480,23,person,0,655,53,747,301,0.504,701,177,61,-183,1536,1570,0.35,0,0,35.8,48.593,48.468,6209,19.19,52.1,0
1783524280.4256427,1481,23,person,0,654,59,745,303,0.486,699,181,59,-179,1535,1570,0.35,0,0,35.8,48.625,48.25,6209,19.09,52.4,0
1783524280.49165,1482,23,person,0,655,70,739,288,0.519,697,179,57,-181,1534,1575,0.35,0,0,35.8,48.625,48.25,6209,19.12,52.3,0
1783524280.55813,1483,23,person,0,652,81,742,317,0.716,697,199,57,-161,1536,1551,0.35,0,0,35.8,48.625,48.25,6209,19.15,52.2,0
1783524280.6243725,1484,23,person,0,653,86,743,322,0.505,698,204,58,-156,1538,1560,0.35,0,0,35.8,48.625,48.25,6209,18.88,53.0,0
1783524280.6901112,1485,23,person,0,664,91,746,309,0.638,705,200,65,-160,1550,1569,0.35,0,0,35.8,48.625,48.25,6209,18.92,52.9,0
1783524280.756671,1486,23,person,0,663,89,734,271,0.648,698,180,58,-180,1529,1589,0.35,0,0,35.8,48.625,48.25,6209,18.91,52.9,0
1783524280.823032,1487,23,person,0,663,85,733,261,0.613,698,173,58,-187,1537,1582,0.35,0,0,35.8,48.625,48.25,6209,18.85,53.1,0
1783524280.8887486,1488,23,person,0,666,85,741,272,0.598,703,178,63,-182,1546,1570,0.35,0,0,35.8,48.375,48.531,6209,19.07,52.5,0
1783524280.955387,1489,23,person,0,663,90,749,309,0.633,706,199,66,-161,1546,1550,0.35,0,0,35.8,48.375,48.531,6209,19.0,52.6,0
1783524281.0049264,1490,23,person,0,667,93,742,279,0.607,704,186,64,-174,1538,1584,0.35,0,0,35.8,48.375,48.531,6209,18.76,53.3,0
1783524281.0662384,1491,,,,,,,,,,,,,1500,1500,0.35,0,0,35.8,48.375,48.531,6209,15.9,62.9,1
1783524281.132354,1492,23,person,0,685,104,752,272,0.418,718,188,78,-172,1700,1650,0.35,0,0,35.8,48.375,48.531,6209,18.97,52.7,0
1783524281.1992679,1493,23,person,0,682,108,766,326,0.507,724,217,84,-143,1557,1535,0.35,0,0,35.8,48.375,48.531,6209,18.9,52.9,0
1783524281.2658765,1494,23,person,0,685,109,772,339,0.697,728,224,88,-136,1558,1549,0.35,0,0,35.8,48.375,48.531,6209,18.83,53.1,0
1783524281.3318608,1495,23,person,0,688,109,773,336,0.691,730,222,90,-138,1557,1557,0.35,0,0,35.8,48.375,48.531,6209,19.11,52.3,0
1783524281.3977096,1496,23,person,0,689,106,773,333,0.607,731,219,91,-141,1556,1559,0.35,0,0,35.8,48.5,48.531,6170,18.86,53.0,0
1783524281.4637115,1497,23,person,0,691,107,773,331,0.639,732,219,92,-141,1557,1557,0.35,0,0,35.8,48.5,48.531,6170,18.86,53.0,0
1783524281.5291502,1498,23,person,0,692,109,774,335,0.673,733,222,93,-138,1558,1554,0.35,0,0,35.8,48.5,48.531,6170,18.94,52.8,0
1783524281.594928,1499,23,person,0,694,110,774,332,0.696,734,221,94,-139,1558,1557,0.35,0,0,35.8,48.5,48.531,6170,19.04,52.5,0
1783524281.663949,1500,23,person,0,698,109,776,330,0.716,737,219,97,-141,1563,1559,0.35,0,0,35.8,48.5,48.531,6170,21.74,46.0,0
1783524281.7303722,1501,23,person,0,697,108,775,333,0.672,736,220,96,-140,1558,1557,0.35,0,0,35.8,48.5,48.531,6170,18.89,52.9,0
1783524281.773471,1502,,,,,,,,,,,,,1500,1500,0.35,0,0,35.8,48.5,48.531,6170,15.79,63.4,1
1783524281.8328996,1503,,,,,,,,,,,,,1500,1500,0.35,0,0,35.8,48.5,48.531,6170,15.74,63.5,1
1783524281.8911939,1504,,,,,,,,,,,,,1500,1500,0.35,0,0,35.8,48.437,48.375,6209,15.83,63.2,1
1783524281.9503736,1505,,,,,,,,,,,,,1500,1500,0.35,0,0,35.8,48.437,48.375,6209,16.0,62.5,1
1783524282.0087175,1506,,,,,,,,,,,,,1500,1500,0.35,0,0,35.8,48.437,48.375,6209,15.7,63.7,1
1783524282.067635,1507,,,,,,,,,,,,,1500,1500,0.35,0,0,35.8,48.437,48.375,6209,15.69,63.7,1
1783524282.1259584,1508,,,,,,,,,,,,,1500,1500,0.35,0,0,35.8,48.437,48.375,6209,15.9,62.9,1
1783524282.1848671,1509,,,,,,,,,,,,,1500,1500,0.35,0,0,35.8,48.437,48.375,6209,15.87,63.0,1
1783524282.2432039,1510,,,,,,,,,,,,,1500,1500,0.35,0,0,35.8,48.437,48.375,6209,15.79,63.3,1
1783524282.301927,1511,,,,,,,,,,,,,1500,1500,0.35,0,0,35.8,48.437,48.375,6209,15.76,63.4,1
1783524282.3603125,1512,,,,,,,,,,,,,1500,1500,0.35,0,0,35.8,48.437,48.375,6209,15.76,63.5,1
1783524282.4197223,1513,,,,,,,,,,,,,1500,1500,0.35,0,0,35.8,48.781,48.25,6249,16.13,62.0,1
1783524282.4617229,1514,,,,,,,,,,,,,1500,1500,0.35,0,0,35.8,48.781,48.25,6249,16.01,62.5,1
1783524282.5207815,1515,,,,,,,,,,,,,1500,1500,0.35,0,0,35.8,48.781,48.25,6249,15.87,63.0,1
1783524282.57966,1516,,,,,,,,,,,,,1500,1500,0.35,0,0,35.8,48.781,48.25,6249,16.14,62.0,1
1783524282.6380184,1517,,,,,,,,,,,,,1500,1500,0.35,0,0,35.8,48.781,48.25,6249,15.63,64.0,1
1783524282.6961563,1518,,,,,,,,,,,,,1500,1500,0.35,0,0,35.8,48.781,48.25,6249,15.73,63.6,1
1783524282.7549603,1519,,,,,,,,,,,,,1500,1500,0.35,0,0,35.8,48.781,48.25,6249,15.91,62.8,1
1783524282.8136067,1520,,,,,,,,,,,,,1500,1500,0.35,0,0,35.8,48.781,48.25,6249,16.11,62.1,1
1783524282.8723009,1521,,,,,,,,,,,,,1500,1500,0.35,0,0,35.8,48.781,48.25,6249,15.7,63.7,1
1783524282.930312,1522,,,,,,,,,,,,,1500,1500,0.35,0,0,35.8,48.75,48.437,6288,15.89,62.9,1
1783524282.9894335,1523,,,,,,,,,,,,,1500,1500,0.35,0,0,35.8,48.75,48.437,6288,15.91,62.9,1
1783524283.0475638,1524,,,,,,,,,,,,,1500,1500,0.35,0,0,35.8,48.75,48.437,6288,15.74,63.5,1
1783524283.1062233,1525,,,,,,,,,,,,,1500,1500,0.35,0,0,35.8,48.75,48.437,6288,15.82,63.2,1
1783524283.1480346,1526,,,,,,,,,,,,,1500,1500,0.35,0,0,35.8,48.75,48.437,6288,15.75,63.5,1
1783524283.206446,1527,,,,,,,,,,,,,1500,1500,0.35,0,0,35.8,48.75,48.437,6288,15.62,64.0,1
1783524283.2646341,1528,,,,,,,,,,,,,1500,1500,0.35,0,0,35.8,48.75,48.437,6288,15.8,63.3,1
1783524283.3233747,1529,,,,,,,,,,,,,1500,1500,0.35,0,0,35.8,48.75,48.437,6288,15.87,63.0,1
1783524283.385616,1530,,,,,,,,,,,,,1500,1500,0.35,0,0,35.8,48.75,48.437,6288,19.54,51.2,1
1783524283.4446645,1531,,,,,,,,,,,,,1500,1500,0.35,0,0,35.8,48.875,48.656,6328,15.71,63.7,1
1783524283.502821,1532,,,,,,,,,,,,,1500,1500,0.35,0,0,35.8,48.875,48.656,6328,15.74,63.5,1
1783524283.5615864,1533,,,,,,,,,,,,,1500,1500,0.35,0,0,35.8,48.875,48.656,6328,15.78,63.4,1
1783524283.6199389,1534,,,,,,,,,,,,,1500,1500,0.35,0,0,35.8,48.875,48.656,6328,15.74,63.5,1
1783524283.6782548,1535,,,,,,,,,,,,,1500,1500,0.35,0,0,35.8,48.875,48.656,6328,15.68,63.8,1
1783524283.736272,1536,,,,,,,,,,,,,1500,1500,0.35,0,0,35.8,48.875,48.656,6328,15.36,65.1,1
1783524283.7942023,1537,,,,,,,,,,,,,1500,1500,0.35,0,0,35.8,48.875,48.656,6328,15.57,64.2,1
1783524283.836214,1538,,,,,,,,,,,,,1500,1500,0.35,0,0,35.8,48.875,48.656,6328,15.28,65.4,1
1783524283.894159,1539,,,,,,,,,,,,,1500,1500,0.35,0,0,35.8,48.875,48.656,6328,15.68,63.8,1
1783524283.9524798,1540,,,,,,,,,,,,,1500,1500,0.35,0,0,35.8,48.687,48.593,6288,15.52,64.4,1
1783524284.0107002,1541,,,,,,,,,,,,,1500,1500,0.35,0,0,35.8,48.687,48.593,6288,15.6,64.1,1
1783524284.0689588,1542,,,,,,,,,,,,,1500,1500,0.35,0,0,35.8,48.687,48.593,6288,15.44,64.7,1
1783524284.1270654,1543,,,,,,,,,,,,,1500,1500,0.35,0,0,35.8,48.687,48.593,6288,15.7,63.7,1
1783524284.1852634,1544,,,,,,,,,,,,,1500,1500,0.35,0,0,35.8,48.687,48.593,6288,15.49,64.6,1
1783524284.2433703,1545,,,,,,,,,,,,,1500,1500,0.35,0,0,35.8,48.687,48.593,6288,15.65,63.9,1
1783524284.3016691,1546,,,,,,,,,,,,,1500,1500,0.35,0,0,35.8,48.687,48.593,6288,15.47,64.7,1
1783524284.3596747,1547,,,,,,,,,,,,,1500,1500,0.35,0,0,35.8,48.687,48.593,6288,15.64,64.0,1
1783524284.4179847,1548,,,,,,,,,,,,,1500,1500,0.35,0,0,35.8,48.5,48.343,6644,15.53,64.4,1
1783524284.4761217,1549,,,,,,,,,,,,,1500,1500,0.35,0,0,35.8,48.5,48.343,6644,15.6,64.1,1
1783524284.5180519,1550,,,,,,,,,,,,,1500,1500,0.35,0,0,35.8,48.5,48.343,6644,15.54,64.3,1
1783524284.5760124,1551,,,,,,,,,,,,,1500,1500,0.35,0,0,35.8,48.5,48.343,6644,15.42,64.8,1
1783524284.6372328,1552,,,,,,,,,,,,,1500,1500,0.35,0,0,35.8,48.5,48.343,6644,17.27,57.9,1
1783524284.7003098,1553,25,person,0,706,106,762,332,0.666,734,219,94,-141,1700,1650,0.35,0,0,35.8,48.5,48.343,6644,18.62,53.7,0
1783524284.7653222,1554,25,person,0,705,106,762,332,0.746,733,219,93,-141,1554,1556,0.35,0,0,35.8,48.5,48.343,6644,18.86,53.0,0
1783524284.8292058,1555,25,person,0,702,104,762,341,0.717,732,222,92,-138,1554,1553,0.35,0,0,35.8,48.5,48.343,6644,18.98,52.7,0
1783524284.8927305,1556,25,person,0,698,104,757,333,0.656,727,218,87,-142,1546,1560,0.35,0,0,35.8,48.5,48.343,6644,19.15,52.2,0
1783524284.9566216,1557,25,person,0,698,105,758,336,0.766,728,220,88,-140,1554,1555,0.35,0,0,35.8,48.656,48.343,6763,19.19,52.1,0
1783524285.0205505,1558,25,person,0,699,104,760,333,0.705,729,218,89,-142,1555,1559,0.35,0,0,35.8,48.656,48.343,6763,19.21,52.1,0
1783524285.0844464,1559,25,person,0,699,104,756,312,0.416,727,208,87,-152,1550,1569,0.35,0,0,35.8,48.656,48.343,6763,19.15,52.2,0
1783524285.1514447,1560,25,person,0,696,103,755,316,0.411,725,209,85,-151,1549,1561,0.35,0,0,35.8,48.656,48.343,6763,22.52,44.4,0
1783524285.2168486,1561,25,person,0,696,102,758,327,0.691,727,214,87,-146,1556,1556,0.35,0,0,35.8,48.656,48.343,6763,19.5,51.3,0
1783524285.264638,1562,25,person,0,696,101,761,331,0.606,728,216,88,-144,1556,1557,0.35,0,0,35.8,48.656,48.343,6763,19.41,51.5,0
1783524285.3288574,1563,25,person,0,694,96,764,345,0.529,729,220,89,-140,1556,1554,0.35,0,0,35.8,48.656,48.343,6763,19.49,51.3,0
1783524285.3934276,1564,25,person,0,696,91,756,292,0.47,726,191,86,-169,1549,1592,0.35,0,0,35.8,48.656,48.343,6763,19.63,51.0,0
1783524285.4578307,1565,25,person,0,693,88,761,313,0.485,727,200,87,-160,1555,1559,0.35,0,0,35.8,48.468,48.531,6565,19.45,51.4,0
1783524285.5225527,1566,25,person,0,686,84,746,267,0.567,716,175,76,-185,1534,1595,0.35,0,0,35.8,48.468,48.531,6565,19.42,51.5,0
1783524285.5868464,1567,25,person,0,678,81,757,320,0.531,717,200,77,-160,1549,1546,0.35,0,0,35.8,48.468,48.531,6565,19.55,51.2,0
1783524285.6516106,1568,25,person,0,668,80,756,338,0.613,712,209,72,-151,1539,1555,0.35,0,0,35.8,48.468,48.531,6565,19.2,52.1,0
1783524285.7158885,1569,25,person,0,668,80,742,280,0.534,705,180,65,-180,1532,1596,0.35,0,0,35.8,48.468,48.531,6565,19.4,51.5,0
1783524285.7804525,1570,25,person,0,666,78,737,255,0.493,701,166,61,-194,1534,1590,0.35,0,0,35.8,48.468,48.531,6565,19.4,51.5,0
1783524285.844612,1571,25,person,0,653,73,752,320,0.589,702,196,62,-164,1541,1544,0.35,0,0,35.8,48.468,48.531,6565,19.16,52.2,0
1783524285.9090548,1572,25,person,0,650,69,757,332,0.657,703,200,63,-160,1542,1562,0.35,0,0,35.8,48.468,48.531,6565,18.9,52.9,0
1783524285.9732387,1573,25,person,0,644,65,761,354,0.604,702,209,62,-151,1538,1555,0.35,0,0,35.8,48.531,48.718,6328,19.17,52.2,0
1783524286.0213091,1574,25,person,0,641,63,764,366,0.612,702,214,62,-146,1540,1555,0.35,0,0,35.8,48.531,48.718,6328,19.42,51.5,0
1783524286.0860271,1575,25,person,0,643,61,765,363,0.637,704,212,64,-148,1543,1562,0.35,0,0,35.8,48.531,48.718,6328,19.23,52.0,0
1783524286.1497715,1576,25,person,0,649,61,765,349,0.418,707,205,67,-155,1546,1569,0.35,0,0,35.8,48.531,48.718,6328,19.17,52.2,0
1783524286.2141056,1577,25,person,0,650,58,767,353,0.59,708,205,68,-155,1545,1564,0.35,0,0,35.8,48.531,48.718,6328,19.29,51.9,0
1783524286.2779806,1578,25,person,0,654,56,769,346,0.628,711,201,71,-159,1549,1568,0.35,0,0,35.8,48.531,48.718,6328,18.89,52.9,0
1783524286.3419425,1579,25,person,0,652,49,768,343,0.644,710,196,70,-164,1543,1571,0.35,0,0,35.8,48.531,48.718,6328,18.94,52.8,0
1783524286.4059563,1580,25,person,0,656,45,768,332,0.753,712,188,72,-172,1548,1577,0.35,0,0,35.8,48.531,48.718,6328,19.3,51.8,0
1783524286.4699168,1581,25,person,0,656,40,767,327,0.755,711,183,71,-177,1544,1576,0.35,0,0,35.8,48.531,48.687,6288,18.86,53.0,0
1783524286.5295358,1582,,,,,,,,,,,,,1500,1500,0.35,0,0,35.8,48.531,48.687,6288,15.97,62.6,1
1783524286.5939887,1583,25,person,0,648,31,764,333,0.685,706,182,66,-178,1699,1650,0.35,0,0,35.8,48.531,48.687,6288,19.23,52.0,0
1783524286.6577115,1584,,,,,,,,,,,,,1500,1500,0.35,0,0,35.8,48.531,48.687,6288,18.36,54.5,1
1783524286.7227867,1585,25,person,0,643,25,762,338,0.69,702,181,62,-179,1687,1650,0.35,0,0,35.8,48.531,48.687,6288,19.56,51.1,0
1783524286.7655602,1586,,,,,,,,,,,,,1500,1500,0.35,0,0,35.8,48.531,48.687,6288,15.74,63.5,1
1783524286.8299344,1587,25,person,0,636,17,764,357,0.542,700,187,60,-173,1681,1650,0.35,0,0,35.8,48.531,48.687,6288,19.08,52.4,0
1783524286.8954961,1588,25,person,0,629,12,761,362,0.465,695,187,55,-173,1527,1569,0.35,0,0,35.8,48.531,48.687,6288,19.46,51.4,0
1783524286.9604135,1589,25,person,0,623,6,763,386,0.624,693,196,53,-164,1529,1559,0.35,0,0,35.8,48.437,48.593,6249,19.33,51.7,0
1783524287.0276122,1590,25,person,0,627,4,755,347,0.546,691,175,51,-185,1528,1590,0.35,0,0,35.8,48.437,48.593,6249,22.01,45.4,0
1783524287.0936997,1591,25,person,0,615,1,761,394,0.733,688,197,48,-163,1525,1549,0.35,0,0,35.8,48.437,48.593,6249,19.68,50.8,0
1783524287.1581814,1592,25,person,0,618,2,755,366,0.75,686,184,46,-176,1525,1581,0.35,0,0,35.8,48.437,48.593,6249,19.24,52.0,0
1783524287.2228868,1593,25,person,0,616,3,755,370,0.755,685,186,45,-174,1526,1569,0.35,0,0,35.8,48.437,48.593,6249,19.19,52.1,0
1783524287.2868824,1594,25,person,0,617,4,752,356,0.661,684,180,44,-180,1525,1578,0.35,0,0,35.8,48.437,48.593,6249,19.23,52.0,0
1783524287.35137,1595,25,person,0,614,4,754,371,0.742,684,187,44,-173,1527,1565,0.35,0,0,35.8,48.437,48.593,6249,19.02,52.6,0
1783524287.4157631,1596,25,person,0,608,1,758,393,0.824,683,197,43,-163,1525,1559,0.35,0,0,35.8,48.437,48.593,6249,18.9,52.9,0
1783524287.4797463,1597,25,person,0,607,1,754,382,0.787,680,191,40,-169,1447,1574,0.35,0,0,35.8,48.781,48.281,6249,19.05,52.5,0
1783524287.5277138,1598,25,person,0,604,1,756,393,0.822,680,197,40,-163,1500,1560,0.35,0,0,35.8,48.781,48.281,6249,19.11,52.3,0
1783524287.5937462,1599,25,person,0,604,1,757,398,0.733,680,199,40,-161,1500,1564,0.35,0,0,35.8,48.781,48.281,6249,21.46,46.6,0
1783524287.658145,1600,25,person,0,599,0,758,412,0.863,678,206,38,-154,1500,1558,0.35,0,0,35.8,48.781,48.281,6249,19.22,52.0,0
1783524287.7219646,1601,25,person,0,593,0,754,414,0.803,673,207,33,-153,1500,1562,0.35,0,0,35.8,48.781,48.281,6249,19.11,52.3,0
1783524287.786182,1602,25,person,0,587,1,751,418,0.761,669,209,29,-151,1500,1560,0.35,0,0,35.8,48.781,48.281,6249,19.16,52.2,0
1783524287.8507154,1603,25,person,0,581,1,745,416,0.837,663,208,23,-152,1500,1563,0.35,0,0,35.8,48.781,48.281,6249,19.15,52.2,0
1783524287.914087,1604,25,person,0,573,1,741,420,0.787,657,210,17,-150,1500,1560,0.35,0,0,35.8,48.781,48.281,6249,18.9,52.9,0
1783524287.9781632,1605,25,person,0,574,1,733,389,0.806,653,195,13,-165,1500,1579,0.35,0,0,35.8,48.625,48.625,6209,18.87,53.0,0
1783524288.041944,1606,25,person,0,566,1,737,412,0.774,651,206,11,-154,1500,1554,0.35,0,0,35.8,48.625,48.625,6209,18.74,53.3,0
1783524288.1059234,1607,25,person,0,563,2,739,424,0.408,651,213,11,-147,1500,1555,0.35,0,0,35.8,48.625,48.625,6209,18.73,53.4,0
1783524288.1694381,1608,25,person,0,563,3,738,418,0.841,650,210,10,-150,1500,1564,0.35,0,0,35.8,48.625,48.625,6209,18.79,53.2,0
1783524288.2289324,1609,,,,,,,,,,,,,1500,1500,0.35,0,0,35.8,48.625,48.625,6209,16.26,61.5,1
1783524288.2707388,1610,,,,,,,,,,,,,1500,1500,0.35,0,0,35.8,48.625,48.625,6209,15.66,63.9,1
1783524288.33006,1611,,,,,,,,,,,,,1500,1500,0.35,0,0,35.8,48.625,48.625,6209,15.9,62.9,1
1783524288.3888648,1612,,,,,,,,,,,,,1500,1500,0.35,0,0,35.8,48.625,48.625,6209,16.27,61.5,1
1783524288.4478166,1613,,,,,,,,,,,,,1500,1500,0.35,0,0,35.8,48.625,48.625,6209,15.71,63.6,1
1783524288.506648,1614,,,,,,,,,,,,,1500,1500,0.35,0,0,35.8,48.718,48.531,6209,15.74,63.5,1
1783524288.5651748,1615,,,,,,,,,,,,,1500,1500,0.35,0,0,35.8,48.718,48.531,6209,15.79,63.3,1
1783524288.6291728,1616,25,person,0,575,2,751,430,0.427,663,216,23,-144,1500,1650,0.35,0,0,35.8,48.718,48.531,6209,19.11,52.3,0
1783524288.6893678,1617,,,,,,,,,,,,,1500,1500,0.35,0,0,35.8,48.718,48.531,6209,16.22,61.7,1
1783524288.7492964,1618,,,,,,,,,,,,,1500,1500,0.35,0,0,35.8,48.718,48.531,6209,15.94,62.7,1
1783524288.8087854,1619,,,,,,,,,,,,,1500,1500,0.35,0,0,35.8,48.718,48.531,6209,16.89,59.2,1
1783524288.8756206,1620,25,person,0,572,3,759,460,0.65,665,231,25,-129,1500,1650,0.35,0,0,35.8,48.718,48.531,6209,21.72,46.0,0
1783524288.9401755,1621,25,person,0,567,2,750,454,0.489,658,228,18,-132,1500,1555,0.35,0,0,35.8,48.718,48.531,6209,18.97,52.7,0
1783524288.9884062,1622,25,person,0,571,2,757,461,0.439,664,231,24,-129,1500,1548,0.35,0,0,35.8,48.687,48.5,6288,19.35,51.7,0
1783524289.0524144,1623,25,person,0,574,3,758,448,0.702,666,225,26,-135,1500,1559,0.35,0,0,35.8,48.687,48.5,6288,19.36,51.7,0
1783524289.1162896,1624,25,person,0,575,1,757,440,0.646,666,220,26,-140,1500,1560,0.35,0,0,35.8,48.687,48.5,6288,19.05,52.5,0
1783524289.1801047,1625,25,person,0,577,1,754,426,0.73,665,213,25,-147,1500,1565,0.35,0,0,35.8,48.687,48.5,6288,18.85,53.0,0
1783524289.2432292,1626,25,person,0,578,2,751,417,0.798,664,209,24,-151,1500,1564,0.35,0,0,35.8,48.687,48.5,6288,18.77,53.3,0
1783524289.3069646,1627,25,person,0,579,1,753,422,0.606,666,211,26,-149,1500,1559,0.35,0,0,35.8,48.687,48.5,6288,18.78,53.3,0
1783524289.3700774,1628,25,person,0,581,2,754,422,0.756,667,212,27,-148,1500,1559,0.35,0,0,35.8,48.687,48.5,6288,18.7,53.5,0
1783524289.433574,1629,25,person,0,589,3,759,414,0.688,674,208,34,-152,1500,1565,0.35,0,0,35.8,48.687,48.5,6288,18.98,52.7,0
1783524289.4978552,1630,25,person,0,593,2,764,419,0.852,678,210,38,-150,1500,1560,0.35,0,0,35.8,48.5,48.406,6209,19.17,52.2,0
1783524289.5612698,1631,25,person,0,598,1,770,423,0.862,684,212,44,-148,1581,1559,0.35,0,0,35.8,48.5,48.406,6209,19.1,52.3,0
1783524289.6258283,1632,25,person,0,605,1,776,426,0.703,690,213,50,-147,1537,1560,0.35,0,0,35.8,48.5,48.406,6209,19.35,51.7,0
1783524289.689569,1633,25,person,0,612,1,776,412,0.85,694,206,54,-154,1537,1569,0.35,0,0,35.8,48.5,48.406,6209,19.28,51.9,0
1783524289.7372048,1634,25,person,0,616,1,777,408,0.736,696,204,56,-156,1537,1566,0.35,0,0,35.8,48.5,48.406,6209,18.69,53.5,0
1783524289.8001776,1635,25,person,0,621,1,778,403,0.689,699,202,59,-158,1539,1566,0.35,0,0,35.8,48.5,48.406,6209,18.98,52.7,0
1783524289.8643284,1636,25,person,0,623,2,779,405,0.729,701,203,61,-157,1539,1564,0.35,0,0,35.8,48.5,48.406,6209,19.34,51.7,0
1783524289.9279292,1637,25,person,0,628,1,781,403,0.768,704,202,64,-158,1542,1565,0.35,0,0,35.8,48.5,48.406,6209,19.13,52.3,0
1783524289.9917564,1638,25,person,0,629,3,777,397,0.824,703,200,63,-160,1537,1567,0.35,0,0,35.8,48.531,48.656,6209,19.4,51.5,0
1783524290.0559716,1639,25,person,0,629,8,775,396,0.758,702,202,62,-158,1536,1563,0.35,0,0,35.8,48.531,48.656,6209,19.13,52.3,0
1783524290.1191974,1640,25,person,0,629,12,771,392,0.706,700,202,60,-158,1534,1565,0.35,0,0,35.8,48.531,48.656,6209,19.18,52.1,0
1783524290.182522,1641,25,person,0,623,16,768,407,0.722,695,211,55,-149,1527,1554,0.35,0,0,35.8,48.531,48.656,6209,18.84,53.1,0
1783524290.245556,1642,25,person,0,626,20,763,384,0.618,694,202,54,-158,1532,1572,0.35,0,0,35.8,48.531,48.656,6209,18.73,53.4,0
1783524290.3090885,1643,25,person,0,632,23,758,354,0.734,695,188,55,-172,1535,1581,0.35,0,0,35.8,48.531,48.656,6209,18.64,53.6,0
1783524290.3726745,1644,25,person,0,631,27,762,370,0.79,696,198,56,-162,1536,1558,0.35,0,0,35.8,48.531,48.656,6209,18.91,52.9,0
1783524290.436681,1645,25,person,0,632,30,758,360,0.816,695,195,55,-165,1533,1570,0.35,0,0,35.8,48.531,48.656,6209,18.77,53.3,0
1783524290.4846735,1646,25,person,0,635,35,761,363,0.729,698,199,58,-161,1541,1562,0.35,0,0,35.8,48.5,48.656,6209,18.98,52.7,0
1783524290.5489006,1647,25,person,0,635,43,763,372,0.794,699,207,59,-153,1538,1556,0.35,0,0,35.8,48.5,48.656,6209,18.81,53.2,0
1783524290.6139326,1648,25,person,0,643,49,761,350,0.691,702,199,62,-161,1542,1572,0.35,0,0,35.8,48.5,48.656,6209,20.08,49.8,0
1783524290.6758652,1649,25,person,0,644,53,763,357,0.719,703,205,63,-155,1541,1559,0.35,0,0,35.8,48.5,48.656,6209,18.94,52.8,0
1783524290.7407508,1650,25,person,0,642,54,769,377,0.724,705,215,65,-145,1543,1552,0.35,0,0,35.8,48.5,48.656,6209,21.67,46.1,0
1783524290.8020918,1651,25,person,0,649,56,766,351,0.783,707,203,67,-157,1545,1574,0.35,0,0,35.8,48.5,48.656,6209,18.74,53.3,0
1783524290.8638973,1652,25,person,0,650,58,763,340,0.782,706,199,66,-161,1540,1569,0.35,0,0,35.8,48.5,48.656,6209,19.15,52.2,0
1783524290.9258082,1653,25,person,0,652,61,762,333,0.753,707,197,67,-163,1544,1568,0.35,0,0,35.8,48.5,48.656,6209,19.21,52.1,0
1783524290.987148,1654,25,person,0,650,66,763,347,0.794,706,206,66,-154,1540,1556,0.35,0,0,35.8,48.5,48.656,6209,19.17,52.2,0
1783524291.0491567,1655,25,person,0,650,71,760,345,0.648,705,208,65,-152,1540,1561,0.35,0,0,35.8,48.406,48.562,6209,18.8,53.2,0
1783524291.1101255,1656,25,person,0,649,75,758,343,0.686,703,209,63,-151,1538,1561,0.35,0,0,35.8,48.406,48.562,6209,18.73,53.4,0
1783524291.1716177,1657,25,person,0,648,78,754,338,0.746,701,208,61,-152,1536,1563,0.35,0,0,35.8,48.406,48.562,6209,18.75,53.3,0
1783524291.217149,1658,25,person,0,659,79,743,273,0.675,701,176,61,-184,1539,1610,0.35,0,0,35.8,48.406,48.562,6209,19.13,52.3,0
1783524291.2787118,1659,25,person,0,657,80,742,273,0.582,699,176,59,-184,1535,1575,0.35,0,0,35.8,48.406,48.562,6209,18.87,53.0,0
1783524291.3393083,1660,25,person,0,648,81,756,325,0.674,702,203,62,-157,1544,1542,0.35,0,0,35.8,48.406,48.562,6209,18.79,53.2,0
1783524291.4008255,1661,25,person,0,644,83,757,341,0.708,700,212,60,-148,1536,1553,0.35,0,0,35.8,48.406,48.562,6209,19.02,52.6,0
1783524291.462352,1662,25,person,0,643,87,758,351,0.659,700,219,60,-141,1539,1552,0.35,0,0,35.8,48.406,48.562,6209,19.07,52.4,0
1783524291.5234854,1663,25,person,0,644,91,757,348,0.769,700,219,60,-141,1539,1558,0.35,0,0,35.8,48.781,48.468,6249,19.27,51.9,0
1783524291.58524,1664,25,person,0,649,94,759,346,0.75,704,220,64,-140,1546,1557,0.35,0,0,35.8,48.781,48.468,6249,19.21,52.1,0
1783524291.6463306,1665,25,person,0,657,98,764,344,0.649,710,221,70,-139,1552,1556,0.35,0,0,35.8,48.781,48.468,6249,19.03,52.6,0
1783524291.7075043,1666,25,person,0,660,101,766,345,0.597,713,223,73,-137,1550,1555,0.35,0,0,35.8,48.781,48.468,6249,18.82,53.1,0
1783524291.768443,1667,25,person,0,665,102,766,335,0.761,715,218,75,-142,1550,1562,0.35,0,0,35.8,48.781,48.468,6249,18.87,53.0,0
1783524291.8297153,1668,25,person,0,668,102,768,331,0.563,718,216,78,-144,1553,1561,0.35,0,0,35.8,48.781,48.468,6249,19.06,52.5,0
1783524291.8913696,1669,25,person,0,668,102,773,345,0.641,720,223,80,-137,1553,1551,0.35,0,0,35.8,48.781,48.468,6249,19.31,51.8,0
1783524291.9363546,1670,25,person,0,666,102,773,353,0.626,719,227,79,-133,1548,1550,0.35,0,0,35.8,48.781,48.468,6249,18.68,53.5,0
1783524291.9978993,1671,25,person,0,668,103,776,361,0.735,722,232,82,-128,1556,1549,0.35,0,0,35.8,48.781,48.468,6249,19.2,52.1,0
1783524292.0590165,1672,25,person,0,677,104,779,352,0.668,728,228,88,-132,1563,1558,0.35,0,0,35.8,48.531,48.562,6209,19.31,51.8,0
1783524292.121541,1673,25,person,0,684,107,779,343,0.654,731,225,91,-135,1561,1558,0.35,0,0,35.8,48.531,48.562,6209,19.15,52.2,0
1783524292.1824143,1674,25,person,0,691,110,778,331,0.699,734,220,94,-140,1563,1562,0.35,0,0,35.8,48.531,48.562,6209,18.82,53.1,0
1783524292.2437708,1675,25,person,0,696,112,778,327,0.652,737,219,97,-141,1565,1559,0.35,0,0,35.8,48.531,48.562,6209,18.88,53.0,0
1783524292.3044696,1676,25,person,0,697,111,776,322,0.404,736,216,96,-144,1559,1562,0.35,0,0,35.8,48.531,48.562,6209,18.71,53.4,0
1783524292.3654,1677,25,person,0,697,109,776,325,0.359,736,217,96,-143,1560,1558,0.35,0,0,35.8,48.531,48.562,6209,18.99,52.7,0
1783524292.4266136,1678,25,person,0,696,108,775,327,0.704,735,217,95,-143,1558,1559,0.35,0,0,35.8,48.531,48.562,6209,19.12,52.3,0
1783524292.48772,1679,25,person,0,697,110,775,331,0.607,736,220,96,-140,1561,1555,0.35,0,0,35.8,48.531,48.562,6209,19.33,51.7,0
1783524292.5529263,1680,25,person,0,693,112,773,340,0.432,733,226,93,-134,1555,1551,0.35,0,0,35.8,48.75,48.625,6288,22.88,43.7,0
1783524292.613794,1681,25,person,0,695,116,771,337,0.59,733,226,93,-134,1558,1555,0.35,0,0,35.8,48.75,48.625,6288,18.92,52.9,0
1783524292.6599114,1682,25,person,0,696,117,771,333,0.725,733,225,93,-135,1558,1557,0.35,0,0,35.8,48.75,48.625,6288,19.1,52.4,0
1783524292.7209716,1683,25,person,0,694,116,771,340,0.762,732,228,92,-132,1556,1552,0.35,0,0,35.8,48.75,48.625,6288,19.16,52.2,0
1783524292.7823577,1684,25,person,0,693,114,770,338,0.745,731,226,91,-134,1556,1557,0.35,0,0,35.8,48.75,48.625,6288,19.1,52.4,0
1783524292.8381147,1685,,,,,,,,,,,,,1500,1500,0.35,0,0,35.8,48.75,48.625,6288,15.78,63.4,1
1783524292.8950713,1686,,,,,,,,,,,,,1500,1500,0.35,0,0,35.8,48.75,48.625,6288,16.02,62.4,1
1783524292.9567075,1687,25,person,0,691,113,767,333,0.612,729,223,89,-137,1700,1650,0.35,0,0,35.8,48.75,48.625,6288,19.32,51.7,0
1783524293.0196629,1688,25,person,0,691,115,770,347,0.38,730,231,90,-129,1555,1545,0.35,0,0,35.8,48.625,48.625,6249,19.62,51.0,0
1783524293.0762699,1689,,,,,,,,,,,,,1500,1500,0.35,0,0,35.8,48.625,48.625,6249,15.81,63.2,1
1783524293.1374514,1690,25,person,0,690,114,763,325,0.45,726,219,86,-141,1700,1650,0.35,0,0,35.8,48.625,48.625,6249,18.76,53.3,0
1783524293.195423,1691,,,,,,,,,,,,,1500,1500,0.35,0,0,35.8,48.625,48.625,6249,16.07,62.2,1
1783524293.2573302,1692,25,person,0,696,114,756,277,0.492,726,195,86,-165,1700,1650,0.35,0,0,35.8,48.625,48.625,6249,19.38,51.6,0
1783524293.3197455,1693,25,person,0,684,113,762,321,0.443,723,217,83,-143,1546,1539,0.35,0,0,35.8,48.625,48.625,6249,19.14,52.2,0
1783524293.364862,1694,25,person,0,680,112,763,330,0.414,721,221,81,-139,1545,1551,0.35,0,0,35.8,48.625,48.625,6249,18.99,52.7,0
1783524293.4262676,1695,25,person,0,678,110,764,337,0.523,721,223,81,-137,1549,1553,0.35,0,0,35.8,48.625,48.625,6249,19.29,51.8,0
1783524293.487044,1696,25,person,0,671,108,761,345,0.625,716,226,76,-134,1539,1551,0.35,0,0,35.8,48.625,48.625,6249,19.1,52.4,0
1783524293.5430002,1697,,,,,,,,,,,,,1500,1500,0.35,0,0,35.8,48.718,48.656,6288,15.89,62.9,1
1783524293.6067479,1698,25,person,0,671,104,765,354,0.695,718,229,78,-131,1700,1650,0.35,0,0,35.8,48.718,48.656,6288,21.08,47.4,0
1783524293.6685643,1699,25,person,0,675,103,750,288,0.386,712,195,72,-165,1535,1593,0.35,0,0,35.8,48.718,48.656,6288,18.81,53.2,0
1783524293.7302563,1700,25,person,0,668,103,758,328,0.59,713,215,73,-145,1545,1542,0.35,0,0,35.8,48.718,48.656,6288,18.87,53.0,0
1783524293.7912714,1701,25,person,0,668,103,759,333,0.534,713,218,73,-142,1544,1554,0.35,0,0,35.8,48.718,48.656,6288,19.04,52.5,0
1783524293.8525512,1702,25,person,0,671,102,761,332,0.673,716,217,76,-143,1550,1558,0.35,0,0,35.8,48.718,48.656,6288,18.98,52.7,0
1783524293.913173,1703,25,person,0,685,98,756,278,0.461,720,188,80,-172,1554,1593,0.35,0,0,35.8,48.718,48.656,6288,18.95,52.8,0
1783524293.974596,1704,25,person,0,680,94,768,318,0.521,724,206,84,-154,1556,1548,0.35,0,0,35.8,48.718,48.656,6288,18.96,52.7,0
1783524294.035347,1705,25,person,0,679,89,771,328,0.588,725,208,85,-152,1553,1560,0.35,0,0,35.8,48.593,48.406,6249,18.84,53.1,0
1783524294.0814009,1706,25,person,0,679,87,772,331,0.526,725,209,85,-151,1552,1560,0.35,0,0,35.8,48.593,48.406,6249,19.25,51.9,0
1783524294.1419113,1707,25,person,0,679,84,773,335,0.479,726,209,86,-151,1554,1562,0.35,0,0,35.8,48.593,48.406,6249,18.91,52.9,0
1783524294.2053509,1708,25,person,0,682,83,777,342,0.613,729,212,89,-148,1558,1558,0.35,0,0,35.8,48.593,48.406,6249,21.65,46.2,0
1783524294.262596,1709,,,,,,,,,,,,,1500,1500,0.35,0,0,35.8,48.593,48.406,6249,15.88,63.0,1
1783524294.3274903,1710,25,person,0,664,81,762,340,0.498,713,210,73,-150,1700,1650,0.35,0,0,35.8,48.593,48.406,6249,21.78,45.9,0
1783524294.3902466,1711,25,person,0,660,79,760,341,0.439,710,210,70,-150,1538,1560,0.35,0,0,35.8,48.593,48.406,6249,19.52,51.2,0
1783524294.452832,1712,25,person,0,656,78,761,350,0.372,708,214,68,-146,1538,1555,0.35,0,0,35.8,48.593,48.406,6249,19.8,50.5,0
1783524294.5150106,1713,25,person,0,650,74,754,338,0.56,702,206,62,-154,1529,1568,0.35,0,0,35.8,48.593,48.406,6249,19.2,52.1,0
1783524294.575869,1714,25,person,0,649,69,756,337,0.625,702,203,62,-157,1537,1566,0.35,0,0,35.8,48.562,48.406,6288,19.02,52.6,0
1783524294.6369443,1715,25,person,0,647,68,761,351,0.492,704,209,64,-151,1541,1556,0.35,0,0,35.8,48.562,48.406,6288,18.87,53.0,0
1783524294.6975844,1716,25,person,0,656,64,750,284,0.582,703,174,63,-186,1537,1604,0.35,0,0,35.8,48.562,48.406,6288,18.76,53.3,0
1783524294.758576,1717,25,person,0,643,63,761,343,0.614,702,203,62,-157,1536,1540,0.35,0,0,35.8,48.562,48.406,6288,18.88,53.0,0
1783524294.8069627,1718,25,person,0,639,61,766,361,0.489,702,211,62,-149,1538,1552,0.35,0,0,35.8,48.562,48.406,6288,21.39,46.7,0
1783524294.8675117,1719,25,person,0,654,59,755,289,0.389,704,174,64,-186,1542,1606,0.35,0,0,35.8,48.562,48.406,6288,18.82,53.1,0
1783524294.9291222,1720,25,person,0,662,57,751,253,0.371,706,155,66,-205,1543,1599,0.35,0,0,35.8,48.562,48.406,6288,18.94,52.8,0
1783524294.988651,1721,,,,,,,,,,,,,1500,1500,0.35,0,0,35.8,48.562,48.406,6288,18.14,55.1,1
1783524295.050761,1722,25,person,0,649,47,766,307,0.674,707,177,67,-183,1700,1650,0.35,0,0,35.8,48.437,48.437,6249,18.92,52.9,0
1783524295.1126518,1723,25,person,0,643,40,772,332,0.382,707,186,67,-174,1540,1562,0.35,0,0,35.8,48.437,48.437,6249,18.8,53.2,0
1783524295.1740222,1724,25,person,0,641,36,774,340,0.69,707,188,67,-172,1540,1567,0.35,0,0,35.8,48.437,48.437,6249,18.77,53.3,0
1783524295.2343345,1725,25,person,0,643,32,771,326,0.615,707,179,67,-181,1540,1580,0.35,0,0,35.8,48.437,48.437,6249,18.75,53.3,0
1783524295.2955177,1726,25,person,0,644,29,773,331,0.673,708,180,68,-180,1542,1572,0.35,0,0,35.8,48.437,48.437,6249,18.8,53.2,0
1783524295.3561883,1727,25,person,0,641,25,775,342,0.779,708,183,68,-177,1541,1569,0.35,0,0,35.8,48.437,48.437,6249,18.87,53.0,0
1783524295.419348,1728,25,person,0,639,21,775,347,0.736,707,184,67,-176,1539,1571,0.35,0,0,35.8,48.437,48.437,6249,20.9,47.8,0
1783524295.480345,1729,25,person,0,636,18,772,348,0.731,704,183,64,-177,1535,1573,0.35,0,0,35.8,48.437,48.437,6249,18.86,53.0,0
1783524295.5260553,1730,25,person,0,633,15,768,346,0.711,700,180,60,-180,1530,1577,0.35,0,0,35.8,48.437,48.437,6249,18.97,52.7,0
1783524295.5866168,1731,25,person,0,642,10,753,275,0.505,697,142,57,-218,1531,1620,0.35,0,0,35.8,48.625,48.625,6288,18.85,53.0,0
1783524295.6480322,1732,25,person,0,628,4,763,330,0.659,695,167,55,-193,1531,1558,0.35,0,0,35.8,48.625,48.625,6288,18.86,53.0,0
1783524295.7094479,1733,25,person,0,622,0,765,351,0.743,693,175,53,-185,1530,1569,0.35,0,0,35.8,48.625,48.625,6288,18.65,53.6,0
1783524295.7702541,1734,25,person,0,619,0,766,361,0.672,692,180,52,-180,1531,1569,0.35,0,0,35.8,48.625,48.625,6288,18.63,53.7,0
1783524295.831665,1735,25,person,0,618,2,765,366,0.637,691,184,51,-176,1530,1569,0.35,0,0,35.8,48.625,48.625,6288,18.76,53.3,0
1783524295.892017,1736,25,person,0,617,1,768,380,0.75,692,190,52,-170,1534,1565,0.35,0,0,35.8,48.625,48.625,6288,18.8,53.2,0
1783524295.9533598,1737,25,person,0,622,2,761,349,0.667,691,175,51,-185,1530,1588,0.35,0,0,35.8,48.625,48.625,6288,18.8,53.2,0
1783524296.0193405,1738,25,person,0,620,1,767,370,0.766,693,185,53,-175,1536,1564,0.35,0,0,35.8,48.625,48.625,6288,23.71,42.2,0
1783524296.0809011,1739,25,person,0,620,0,770,384,0.749,695,192,55,-168,1537,1563,0.35,0,0,35.8,48.5,48.531,6249,19.04,52.5,0
1783524296.145078,1740,25,person,0,620,1,771,388,0.75,695,194,55,-166,1535,1566,0.35,0,0,35.8,48.5,48.531,6249,21.7,46.1,0
1783524296.2057433,1741,25,person,0,620,0,769,383,0.624,694,191,54,-169,1533,1572,0.35,0,0,35.8,48.5,48.531,6249,19.01,52.6,0
1783524296.2516296,1742,25,person,0,620,1,767,377,0.527,693,189,53,-171,1532,1572,0.35,0,0,35.8,48.5,48.531,6249,18.85,53.0,0
1783524296.313201,1743,25,person,0,617,1,767,385,0.659,692,193,52,-167,1532,1565,0.35,0,0,35.8,48.5,48.531,6249,18.78,53.2,0
1783524296.3738513,1744,25,person,0,614,0,766,393,0.731,690,196,50,-164,1529,1565,0.35,0,0,35.8,48.5,48.531,6249,18.72,53.4,0
1783524296.4344566,1745,25,person,0,612,2,766,403,0.75,689,202,49,-158,1530,1560,0.35,0,0,35.8,48.5,48.531,6249,18.71,53.4,0
1783524296.4953856,1746,25,person,0,606,1,764,411,0.703,685,206,45,-154,1524,1560,0.35,0,0,35.8,48.5,48.531,6249,18.71,53.4,0
1783524296.5515459,1747,,,,,,,,,,,,,1500,1500,0.35,0,0,35.8,48.75,48.468,6209,15.92,62.8,1
1783524296.6125562,1748,,,,,,,,,,,,,1500,1500,0.35,0,0,35.8,48.75,48.468,6209,19.83,50.4,1
1783524296.6731207,1749,25,person,0,604,4,743,354,0.438,673,179,33,-181,1500,1650,0.35,0,0,35.8,48.75,48.468,6209,18.77,53.3,0
1783524296.735215,1750,25,person,0,593,4,749,394,0.789,671,199,31,-161,1500,1548,0.35,0,0,35.8,48.75,48.468,6209,18.72,53.4,0
1783524296.796219,1751,25,person,0,585,4,749,408,0.713,667,206,27,-154,1500,1556,0.35,0,0,35.8,48.75,48.468,6209,18.73,53.4,0
1783524296.8576372,1752,25,person,0,579,4,749,420,0.739,664,212,24,-148,1500,1555,0.35,0,0,35.8,48.75,48.468,6209,18.82,53.1,0
1783524296.918446,1753,25,person,0,575,4,750,428,0.787,662,216,22,-144,1500,1555,0.35,0,0,35.8,48.75,48.468,6209,18.94,52.8,0
1783524296.9640245,1754,25,person,0,573,4,748,422,0.809,660,213,20,-147,1500,1563,0.35,0,0,35.8,48.75,48.468,6209,18.74,53.4,0
1783524297.0246844,1755,25,person,0,570,3,751,437,0.699,660,220,20,-140,1500,1551,0.35,0,0,35.8,48.75,48.468,6209,18.87,53.0,0
1783524297.085877,1756,25,person,0,565,3,757,461,0.481,661,232,21,-128,1500,1542,0.35,0,0,35.8,48.937,48.375,6249,18.89,52.9,0
1783524297.1425903,1757,,,,,,,,,,,,,1500,1500,0.35,0,0,35.8,48.937,48.375,6249,15.92,62.8,1
1783524297.1992097,1758,,,,,,,,,,,,,1500,1500,0.35,0,0,35.8,48.937,48.375,6249,15.66,63.9,1
1783524297.2607784,1759,25,person,0,561,4,755,466,0.505,658,235,18,-125,1500,1650,0.35,0,0,35.8,48.937,48.375,6249,18.86,53.0,0
1783524297.3178408,1760,,,,,,,,,,,,,1500,1500,0.35,0,0,35.8,48.937,48.375,6249,15.93,62.8,1
1783524297.3801003,1761,25,person,0,545,3,749,485,0.787,647,244,7,-116,1500,1650,0.35,0,0,35.8,48.937,48.375,6249,18.9,52.9,0
1783524297.4419599,1762,25,person,0,536,4,750,500,0.6,643,252,3,-108,1500,1536,0.35,0,0,35.8,48.937,48.375,6249,18.72,53.4,0
1783524297.5036888,1763,25,person,0,527,3,747,506,0.644,637,254,-3,-106,1500,1541,0.35,0,0,35.8,48.937,48.375,6249,18.72,53.4,0
1783524297.564785,1764,25,person,0,521,3,748,511,0.502,634,257,-6,-103,1500,1539,0.35,0,0,35.8,48.625,48.593,6249,18.9,52.9,0
1783524297.6264117,1765,25,person,0,517,3,748,509,0.809,632,256,-8,-104,1500,1543,0.35,0,0,35.8,48.625,48.593,6249,18.99,52.7,0
1783524297.671503,1766,25,person,0,511,5,741,509,0.753,626,257,-14,-103,1500,1540,0.35,0,0,35.8,48.625,48.593,6249,18.74,53.4,0
1783524297.732981,1767,25,person,0,494,5,725,509,0.599,609,257,-31,-103,1500,1542,0.35,0,0,35.8,48.625,48.593,6249,18.75,53.3,0
1783524297.7944355,1768,25,person,0,495,4,723,511,0.746,609,257,-31,-103,1500,1542,0.35,0,0,35.8,48.625,48.593,6249,18.89,52.9,0
1783524297.8556523,1769,25,person,0,489,3,713,510,0.635,601,256,-39,-104,1500,1543,0.35,0,0,35.8,48.625,48.593,6249,18.88,53.0,0
1783524297.9225311,1770,25,person,0,486,5,708,508,0.625,597,256,-43,-104,1422,1542,0.35,0,0,35.8,48.625,48.593,6249,23.73,42.1,0
1783524297.983928,1771,25,person,0,482,3,705,511,0.771,593,257,-47,-103,1466,1541,0.35,0,0,35.8,48.625,48.593,6249,19.06,52.5,0
1783524298.0457444,1772,25,person,0,470,4,688,510,0.474,579,257,-61,-103,1444,1542,0.35,0,0,35.8,48.625,48.593,6249,18.98,52.7,0
1783524298.1073546,1773,25,person,0,484,3,704,510,0.647,594,256,-46,-104,1491,1544,0.35,0,0,35.8,48.687,48.656,6288,18.93,52.8,0
1783524298.1695476,1774,25,person,0,491,2,714,512,0.868,602,257,-38,-103,1558,1542,0.35,0,0,35.8,48.687,48.656,6288,18.77,53.3,0
1783524298.2307997,1775,25,person,0,502,3,725,513,0.811,613,258,-27,-102,1499,1541,0.35,0,0,35.8,48.687,48.656,6288,18.77,53.3,0
1783524298.2881567,1776,,,,,,,,,,,,,1500,1500,0.35,0,0,35.8,48.687,48.656,6288,15.95,62.7,1
1783524298.3499823,1777,25,person,0,525,3,719,439,0.529,622,221,-18,-139,1500,1650,0.35,0,0,35.8,48.687,48.656,6288,18.91,52.9,0
1783524298.3960972,1778,25,person,0,526,2,721,439,0.786,623,220,-17,-140,1500,1557,0.35,0,0,35.8,48.687,48.656,6288,18.92,52.9,0
1783524298.4572985,1779,25,person,0,525,3,721,442,0.82,623,222,-17,-138,1500,1553,0.35,0,0,35.8,48.687,48.656,6288,19.2,52.1,0
1783524298.518767,1780,25,person,0,528,4,725,444,0.67,626,224,-14,-136,1500,1553,0.35,0,0,35.8,48.687,48.656,6288,19.01,52.6,0
1783524298.5798767,1781,25,person,0,533,4,730,447,0.777,631,225,-9,-135,1500,1553,0.35,0,0,35.8,48.718,48.531,6249,18.91,52.9,0
1783524298.640858,1782,25,person,0,538,3,731,437,0.854,634,220,-6,-140,1500,1560,0.35,0,0,35.8,48.718,48.531,6249,18.79,53.2,0
1783524298.702319,1783,25,person,0,542,3,733,433,0.876,637,218,-3,-142,1500,1559,0.35,0,0,35.8,48.718,48.531,6249,18.83,53.1,0
1783524298.7628827,1784,25,person,0,546,3,738,437,0.787,642,220,2,-140,1500,1555,0.35,0,0,35.8,48.718,48.531,6249,18.81,53.2,0
1783524298.8241246,1785,25,person,0,552,3,740,429,0.713,646,216,6,-144,1500,1562,0.35,0,0,35.8,48.718,48.531,6249,18.86,53.0,0
1783524298.88534,1786,25,person,0,554,4,741,429,0.827,647,216,7,-144,1500,1559,0.35,0,0,35.8,48.718,48.531,6249,18.88,53.0,0
1783524298.9465768,1787,25,person,0,559,4,738,410,0.739,648,207,8,-153,1500,1570,0.35,0,0,35.8,48.718,48.531,6249,18.82,53.1,0
1783524299.0076752,1788,25,person,0,565,3,741,402,0.827,653,202,13,-158,1500,1569,0.35,0,0,35.8,48.718,48.531,6249,18.77,53.3,0
1783524299.0685346,1789,25,person,0,567,2,741,399,0.778,654,200,14,-160,1500,1567,0.35,0,0,35.8,48.718,48.531,6249,18.8,53.2,0
1783524299.1142185,1790,25,person,0,571,1,746,405,0.808,658,203,18,-157,1500,1561,0.35,0,0,35.8,48.625,48.406,6249,18.78,53.2,0
1783524299.174898,1791,25,person,0,574,1,748,406,0.801,661,203,21,-157,1500,1564,0.35,0,0,35.8,48.625,48.406,6249,18.68,53.5,0
1783524299.2362676,1792,25,person,0,579,0,749,403,0.852,664,201,24,-159,1500,1567,0.35,0,0,35.8,48.625,48.406,6249,18.87,53.0,0
1783524299.296982,1793,25,person,0,580,1,748,403,0.828,664,202,24,-158,1500,1564,0.35,0,0,35.8,48.625,48.406,6249,18.85,53.1,0
1783524299.3579938,1794,25,person,0,583,5,747,402,0.808,665,203,25,-157,1500,1563,0.35,0,0,35.8,48.625,48.406,6249,18.79,53.2,0
1783524299.41885,1795,25,person,0,587,11,746,400,0.736,666,205,26,-155,1500,1562,0.35,0,0,35.8,48.625,48.406,6249,18.95,52.8,0
1783524299.480033,1796,25,person,0,593,13,749,398,0.794,671,205,31,-155,1500,1564,0.35,0,0,35.8,48.625,48.406,6249,18.77,53.3,0
1783524299.5407867,1797,25,person,0,598,14,749,391,0.787,673,202,33,-158,1500,1567,0.35,0,0,35.8,48.625,48.406,6249,18.75,53.3,0
1783524299.6019287,1798,25,person,0,600,16,750,394,0.715,675,205,35,-155,1500,1561,0.35,0,0,35.8,48.437,48.406,6249,18.7,53.5,0
1783524299.6623294,1799,25,person,0,608,20,751,384,0.787,679,202,39,-158,1500,1567,0.35,0,0,35.8,48.437,48.406,6249,18.82,53.1,0
1783524299.7263782,1800,25,person,0,610,26,750,383,0.758,680,204,40,-156,1500,1562,0.35,0,0,35.8,48.437,48.406,6249,22.02,45.4,0
1783524299.7882035,1801,25,person,0,624,35,753,371,0.812,688,203,48,-157,1590,1565,0.35,0,0,35.8,48.437,48.406,6249,19.07,52.4,0
1783524299.8333182,1802,25,person,0,630,42,756,368,0.539,693,205,53,-155,1540,1561,0.35,0,0,35.8,48.437,48.406,6249,18.76,53.3,0
1783524299.89447,1803,25,person,0,640,46,757,354,0.818,698,200,58,-160,1541,1570,0.35,0,0,35.8,48.437,48.406,6249,18.89,52.9,0
1783524299.9555602,1804,25,person,0,645,49,758,347,0.679,701,198,61,-162,1540,1568,0.35,0,0,35.8,48.437,48.406,6249,19.06,52.5,0
1783524300.019373,1805,25,person,0,650,47,758,335,0.634,704,191,64,-169,1542,1575,0.35,0,0,35.8,48.437,48.406,6249,20.99,47.6,0
1783524300.0801384,1806,25,person,0,648,43,761,348,0.516,704,195,64,-165,1539,1564,0.35,0,0,35.8,48.437,48.406,6249,18.7,53.5,0
1783524300.1412013,1807,25,person,0,651,48,759,341,0.531,705,194,65,-166,1541,1569,0.35,0,0,35.8,48.843,48.718,6249,18.77,53.3,0
1783524300.201672,1808,25,person,0,655,53,760,335,0.748,707,194,67,-166,1543,1568,0.35,0,0,35.8,48.843,48.718,6249,18.65,53.6,0
1783524300.2621627,1809,25,person,0,651,58,763,361,0.591,707,209,67,-151,1541,1550,0.35,0,0,35.8,48.843,48.718,6249,18.73,53.4,0
1783524300.3235338,1810,25,person,0,651,66,757,352,0.59,704,209,64,-151,1535,1562,0.35,0,0,35.8,48.843,48.718,6249,18.98,52.7,0
1783524300.3839746,1811,25,person,0,653,70,758,348,0.571,705,209,65,-151,1541,1562,0.35,0,0,35.8,48.843,48.718,6249,18.87,53.0,0
1783524300.4449203,1812,25,person,0,653,72,759,351,0.684,706,211,66,-149,1542,1559,0.35,0,0,35.8,48.843,48.718,6249,18.79,53.2,0
1783524300.5054371,1813,25,person,0,654,72,758,343,0.72,706,207,66,-153,1541,1566,0.35,0,0,35.8,48.843,48.718,6249,18.76,53.3,0
1783524300.5513365,1814,25,person,0,655,72,756,331,0.75,705,201,65,-159,1538,1572,0.35,0,0,35.8,48.843,48.718,6249,18.95,52.8,0
1783524300.612042,1815,25,person,0,658,74,761,336,0.728,709,205,69,-155,1548,1560,0.35,0,0,35.8,48.5,48.531,6249,18.91,52.9,0
1783524300.6731122,1816,25,person,0,663,77,766,339,0.755,714,208,74,-152,1552,1560,0.35,0,0,35.8,48.5,48.531,6249,18.75,53.3,0
1783524300.7335584,1817,25,person,0,669,79,769,337,0.618,719,208,79,-152,1555,1562,0.35,0,0,35.8,48.5,48.531,6249,18.68,53.5,0
1783524300.7939491,1818,25,person,0,677,84,771,329,0.472,724,206,84,-154,1559,1565,0.35,0,0,35.8,48.5,48.531,6249,18.75,53.3,0
1783524300.855035,1819,25,person,0,680,88,773,334,0.47,726,211,86,-149,1556,1557,0.35,0,0,35.8,48.5,48.531,6249,18.9,52.9,0
1783524300.9155421,1820,25,person,0,686,90,775,332,0.54,730,211,90,-149,1561,1561,0.35,0,0,35.8,48.5,48.531,6249,18.82,53.1,0
1783524300.9765668,1821,25,person,0,690,91,776,327,0.488,733,209,93,-151,1562,1564,0.35,0,0,35.8,48.5,48.531,6249,18.79,53.2,0
1783524301.036987,1822,25,person,0,691,90,774,321,0.688,732,205,92,-155,1556,1567,0.35,0,0,35.8,48.5,48.531,6249,18.74,53.4,0
1783524301.0979974,1823,25,person,0,689,90,774,329,0.703,731,209,91,-151,1556,1559,0.35,0,0,35.8,48.5,48.531,6249,18.77,53.3,0
1783524301.1583834,1824,25,person,0,693,91,775,330,0.588,734,210,94,-150,1563,1561,0.35,0,0,35.8,48.843,48.718,6209,18.8,53.2,0
1783524301.219074,1825,25,person,0,698,96,777,330,0.67,737,213,97,-147,1565,1558,0.35,0,0,35.8,48.843,48.718,6209,19.05,52.5,0
1783524301.2646155,1826,25,person,0,699,97,776,330,0.522,737,213,97,-147,1561,1560,0.35,0,0,35.8,48.843,48.718,6209,18.77,53.3,0
1783524301.3246794,1827,25,person,0,699,102,776,337,0.655,737,219,97,-141,1561,1553,0.35,0,0,35.8,48.843,48.718,6209,18.74,53.4,0
1783524301.3858,1828,25,person,0,701,106,775,339,0.716,738,222,98,-138,1563,1554,0.35,0,0,35.8,48.843,48.718,6209,19.01,52.6,0
1783524301.4470453,1829,25,person,0,702,108,773,334,0.715,737,221,97,-139,1559,1558,0.35,0,0,35.8,48.843,48.718,6209,19.67,50.8,0
1783524301.511466,1830,25,person,0,700,110,772,339,0.759,736,224,96,-136,1559,1554,0.35,0,0,35.8,48.843,48.718,6209,21.91,45.7,0
1783524301.5719926,1831,25,person,0,699,109,771,340,0.693,735,224,95,-136,1558,1556,0.35,0,0,35.8,48.843,48.718,6209,18.81,53.2,0
1783524301.6329398,1832,25,person,0,697,111,769,338,0.804,733,224,93,-136,1556,1556,0.35,0,0,35.8,48.75,48.531,6288,18.67,53.6,0
1783524301.6933086,1833,25,person,0,696,110,767,332,0.744,731,221,91,-139,1554,1560,0.35,0,0,35.8,48.75,48.531,6288,18.79,53.2,0
1783524301.7539408,1834,25,person,0,694,112,766,337,0.703,730,224,90,-136,1555,1553,0.35,0,0,35.8,48.75,48.531,6288,19.05,52.5,0
1783524301.8101108,1835,,,,,,,,,,,,,1500,1500,0.35,0,0,35.8,48.75,48.531,6288,15.89,63.0,1
1783524301.8711922,1836,25,person,0,690,114,766,350,0.448,728,232,88,-128,1700,1650,0.35,0,0,35.8,48.75,48.531,6288,18.86,53.0,0
1783524301.933182,1837,25,person,0,691,114,766,347,0.384,728,230,88,-130,1553,1553,0.35,0,0,35.8,48.75,48.531,6288,18.7,53.5,0
1783524301.9783382,1838,25,person,0,693,116,765,337,0.549,729,226,89,-134,1555,1558,0.35,0,0,35.8,48.75,48.531,6288,18.87,53.0,0
1783524302.040357,1839,25,person,0,693,117,766,339,0.358,729,228,89,-132,1553,1551,0.35,0,0,35.8,48.75,48.531,6288,19.91,50.2,0
1783524302.1010163,1840,25,person,0,690,117,762,335,0.523,726,226,86,-134,1548,1555,0.35,0,0,35.8,48.75,48.531,6288,18.97,52.7,0
1783524302.162123,1841,25,person,0,696,119,754,283,0.37,725,201,85,-159,1550,1584,0.35,0,0,35.8,48.937,48.406,6288,18.79,53.2,0
1783524302.218167,1842,,,,,,,,,,,,,1500,1500,0.35,0,0,35.8,48.937,48.406,6288,15.95,62.7,1
1783524302.2793062,1843,25,person,0,688,120,759,318,0.6,723,219,83,-141,1700,1650,0.35,0,0,35.8,48.937,48.406,6288,18.8,53.2,0
1783524302.3413384,1844,25,person,0,683,119,762,339,0.559,722,229,82,-131,1548,1544,0.35,0,0,35.8,48.937,48.406,6288,18.73,53.4,0
1783524302.4020872,1845,25,person,0,681,119,761,339,0.583,721,229,81,-131,1547,1552,0.35,0,0,35.8,48.937,48.406,6288,18.71,53.5,0
1783524302.4628363,1846,25,person,0,680,119,760,343,0.634,720,231,80,-129,1547,1550,0.35,0,0,35.8,48.937,48.406,6288,18.79,53.2,0
1783524302.52316,1847,25,person,0,683,120,761,339,0.576,722,229,82,-131,1552,1554,0.35,0,0,35.8,48.937,48.406,6288,18.89,52.9,0
1783524302.5844064,1848,25,person,0,685,120,762,336,0.613,723,228,83,-132,1551,1554,0.35,0,0,35.8,48.937,48.406,6288,18.85,53.0,0
1783524302.6460826,1849,25,person,0,686,120,764,338,0.679,725,229,85,-131,1554,1552,0.35,0,0,35.8,48.687,48.5,6288,20.06,49.8,0
1783524302.6919906,1850,25,person,0,689,119,767,338,0.648,728,228,88,-132,1559,1555,0.35,0,0,35.8,48.687,48.5,6288,18.81,53.2,0
1783524302.7524655,1851,25,person,0,689,120,763,325,0.529,726,222,86,-138,1550,1561,0.35,0,0,35.8,48.687,48.5,6288,18.89,52.9,0
1783524302.8085883,1852,,,,,,,,,,,,,1500,1500,0.35,0,0,35.8,48.687,48.5,6288,15.86,63.1,1
1783524302.869974,1853,25,person,0,691,119,769,338,0.436,730,228,90,-132,1700,1650,0.35,0,0,35.8,48.687,48.5,6288,18.75,53.3,0
1783524302.9315603,1854,25,person,0,691,119,768,333,0.678,729,226,89,-134,1552,1555,0.35,0,0,35.8,48.687,48.5,6288,18.66,53.6,0
1783524302.9922788,1855,25,person,0,693,119,770,336,0.594,731,227,91,-133,1557,1552,0.35,0,0,35.8,48.687,48.5,6288,18.82,53.1,0
1783524303.0526998,1856,25,person,0,693,118,770,337,0.542,731,227,91,-133,1555,1553,0.35,0,0,35.8,48.687,48.5,6288,18.89,52.9,0
1783524303.113589,1857,25,person,0,695,118,772,336,0.659,733,227,93,-133,1559,1553,0.35,0,0,35.8,48.687,48.5,6288,18.9,52.9,0
1783524303.1740317,1858,25,person,0,702,118,761,275,0.562,731,196,91,-164,1552,1592,0.35,0,0,35.8,48.593,48.75,6249,19.06,52.5,0
1783524303.236109,1859,25,person,0,694,118,768,318,0.404,731,218,91,-142,1555,1540,0.35,0,0,35.8,48.593,48.75,6249,19.56,51.1,0
1783524303.300173,1860,25,person,0,692,118,770,330,0.384,731,224,91,-136,1555,1551,0.35,0,0,35.8,48.593,48.75,6249,22.07,45.3,0
1783524303.3607495,1861,25,person,0,692,119,770,330,0.631,731,224,91,-136,1556,1555,0.35,0,0,35.8,48.593,48.75,6249,18.9,52.9,0
1783524303.4063313,1862,25,person,0,691,119,769,332,0.418,730,225,90,-135,1553,1554,0.35,0,0,35.8,48.593,48.75,6249,18.84,53.1,0
1783524303.466615,1863,25,person,0,690,120,770,337,0.654,730,228,90,-132,1555,1552,0.35,0,0,35.8,48.593,48.75,6249,18.64,53.7,0
1783524303.527643,1864,25,person,0,682,122,764,340,0.592,723,231,83,-129,1542,1551,0.35,0,0,35.8,48.593,48.75,6249,18.87,53.0,0
1783524303.5883236,1865,25,person,0,675,123,757,336,0.672,716,229,76,-131,1538,1556,0.35,0,0,35.8,48.593,48.75,6249,19.01,52.6,0
1783524303.6497474,1866,25,person,0,674,124,758,339,0.67,716,231,76,-129,1547,1551,0.35,0,0,35.8,48.656,48.437,6288,19.0,52.6,0
1783524303.7103972,1867,25,person,0,671,122,760,350,0.676,715,236,75,-124,1545,1547,0.35,0,0,35.8,48.656,48.437,6288,19.14,52.2,0
1783524303.7715774,1868,25,person,0,667,116,759,350,0.73,713,233,73,-127,1543,1555,0.35,0,0,35.8,48.656,48.437,6288,18.74,53.4,0
1783524303.8371694,1869,25,person,0,670,111,757,332,0.481,713,221,73,-139,1546,1566,0.35,0,0,35.8,48.656,48.437,6288,23.72,42.2,0
1783524303.897911,1870,25,person,0,666,106,761,349,0.596,713,227,73,-133,1546,1550,0.35,0,0,35.8,48.656,48.437,6288,18.77,53.3,0
1783524303.9544804,1871,,,,,,,,,,,,,1500,1500,0.35,0,0,35.8,48.656,48.437,6288,15.96,62.7,1
1783524304.0158544,1872,25,person,0,664,103,755,331,0.59,709,217,69,-143,1700,1650,0.35,0,0,35.8,48.656,48.437,6288,18.93,52.8,0
1783524304.0782056,1873,25,person,0,657,94,753,330,0.492,705,212,65,-148,1534,1563,0.35,0,0,35.8,48.656,48.437,6288,18.91,52.9,0
1783524304.1235278,1874,25,person,0,660,89,739,272,0.774,699,180,59,-180,1525,1607,0.35,0,0,35.8,48.656,48.437,6288,19.05,52.5,0
1783524304.1852372,1875,25,person,0,652,81,751,311,0.556,701,196,61,-164,1539,1553,0.35,0,0,35.8,48.718,48.531,6288,19.11,52.3,0
1783524304.2464952,1876,25,person,0,646,79,751,321,0.596,698,200,58,-160,1531,1561,0.35,0,0,35.8,48.718,48.531,6288,19.03,52.5,0
1783524304.3081136,1877,25,person,0,641,75,759,349,0.506,700,212,60,-148,1539,1550,0.35,0,0,35.8,48.718,48.531,6288,18.97,52.7,0
1783524304.3691044,1878,25,person,0,635,65,763,361,0.746,699,213,59,-147,1534,1559,0.35,0,0,35.8,48.718,48.531,6288,18.87,53.0,0
1783524304.434015,1879,25,person,0,636,54,763,348,0.814,699,201,59,-159,1536,1574,0.35,0,0,35.8,48.718,48.531,6288,22.35,44.7,0
1783524304.4944413,1880,25,person,0,632,41,763,343,0.717,697,192,57,-168,1532,1576,0.35,0,0,35.8,48.718,48.531,6288,18.79,53.2,0
1783524304.555197,1881,25,person,0,637,30,752,286,0.595,694,158,54,-202,1529,1610,0.35,0,0,35.8,48.718,48.531,6288,18.84,53.1,0
1783524304.6168015,1882,25,person,0,620,25,762,346,0.727,691,185,51,-175,1527,1550,0.35,0,0,35.8,48.718,48.531,6288,18.87,53.0,0
1783524304.6781144,1883,25,person,0,613,23,764,371,0.715,688,197,48,-163,1526,1557,0.35,0,0,35.8,48.593,48.468,6288,18.79,53.2,0
1783524304.739498,1884,25,person,0,607,14,763,378,0.837,685,196,45,-164,1524,1568,0.35,0,0,35.8,48.593,48.468,6288,18.69,53.5,0
1783524304.8003008,1885,25,person,0,608,7,761,364,0.739,684,185,44,-175,1526,1581,0.35,0,0,35.8,48.593,48.468,6288,18.7,53.5,0
1783524304.846398,1886,25,person,0,605,3,764,379,0.868,684,191,44,-169,1527,1563,0.35,0,0,35.8,48.593,48.468,6288,18.99,52.7,0
1783524304.9072475,1887,25,person,0,599,0,766,398,0.859,682,199,42,-161,1524,1559,0.35,0,0,35.8,48.593,48.468,6288,18.76,53.3,0
1783524304.9684293,1888,25,person,0,592,0,760,402,0.83,676,201,36,-159,1446,1563,0.35,0,0,35.8,48.593,48.468,6288,18.81,53.2,0
1783524305.031689,1889,25,person,0,586,0,756,411,0.842,671,205,31,-155,1501,1560,0.35,0,0,35.8,48.593,48.468,6288,21.41,46.7,0
1783524305.0959747,1890,25,person,0,582,0,752,410,0.677,667,205,27,-155,1501,1564,0.35,0,0,35.8,48.593,48.468,6288,21.58,46.3,0
1783524305.1567857,1891,25,person,0,580,0,749,409,0.793,664,204,24,-156,1501,1565,0.35,0,0,35.8,48.812,48.875,6288,18.97,52.7,0
1783524305.21804,1892,25,person,0,576,0,745,409,0.757,660,204,20,-156,1501,1564,0.35,0,0,35.8,48.812,48.875,6288,18.92,52.8,0
1783524305.278906,1893,25,person,0,570,0,745,420,0.78,657,210,17,-150,1501,1557,0.35,0,0,35.8,48.812,48.875,6288,18.83,53.1,0
1783524305.3398986,1894,25,person,0,563,1,745,435,0.833,654,218,14,-142,1501,1552,0.35,0,0,35.8,48.812,48.875,6288,18.78,53.2,0
1783524305.4017615,1895,25,person,0,558,1,744,443,0.857,651,222,11,-138,1501,1553,0.35,0,0,35.8,48.812,48.875,6288,18.88,53.0,0
1783524305.4627342,1896,25,person,0,554,1,747,460,0.802,650,230,10,-130,1501,1547,0.35,0,0,35.8,48.812,48.875,6288,18.76,53.3,0
1783524305.5240934,1897,25,person,0,549,2,744,467,0.798,646,234,6,-126,1501,1549,0.35,0,0,35.8,48.812,48.875,6288,18.87,53.0,0
1783524305.5696483,1898,25,person,0,544,2,742,472,0.807,643,237,3,-123,1501,1547,0.35,0,0,35.8,48.812,48.875,6288,18.93,52.8,0
1783524305.636646,1899,25,person,0,541,1,743,478,0.817,642,239,2,-121,1501,1548,0.35,0,0,35.8,48.812,48.875,6288,24.23,41.3,0
1783524305.697763,1900,25,person,0,537,2,741,480,0.62,639,241,-1,-119,1501,1547,0.35,0,0,35.8,48.562,48.531,6288,18.94,52.8,0
1783524305.759022,1901,25,person,0,530,1,737,481,0.846,633,241,-7,-119,1501,1549,0.35,0,0,35.8,48.562,48.531,6288,18.89,52.9,0
1783524305.8203251,1902,25,person,0,526,1,733,482,0.873,629,241,-11,-119,1501,1549,0.35,0,0,35.8,48.562,48.531,6288,19.04,52.5,0
1783524305.8817658,1903,25,person,0,529,2,735,480,0.816,632,241,-8,-119,1501,1549,0.35,0,0,35.8,48.562,48.531,6288,19.39,51.6,0
1783524305.9435549,1904,25,person,0,533,3,736,474,0.837,634,238,-6,-122,1501,1553,0.35,0,0,35.8,48.562,48.531,6288,19.04,52.5,0
1783524306.004688,1905,25,person,0,539,2,741,470,0.845,640,236,0,-124,1501,1553,0.35,0,0,35.8,48.562,48.531,6288,18.82,53.1,0
1783524306.0662005,1906,25,person,0,541,2,744,470,0.792,642,236,2,-124,1501,1551,0.35,0,0,35.8,48.562,48.531,6288,18.89,52.9,0
1783524306.1268768,1907,25,person,0,547,2,748,464,0.835,647,233,7,-127,1501,1555,0.35,0,0,35.8,48.562,48.531,6288,18.81,53.2,0
1783524306.1883533,1908,25,person,0,546,1,746,457,0.789,646,229,6,-131,1501,1557,0.35,0,0,35.8,48.781,48.562,6249,18.97,52.7,0
1783524306.249493,1909,25,person,0,544,2,746,456,0.874,645,229,5,-131,1501,1554,0.35,0,0,35.8,48.781,48.562,6249,18.96,52.7,0
1783524306.2954414,1910,25,person,0,548,2,746,445,0.782,647,223,7,-137,1501,1563,0.35,0,0,35.8,48.781,48.562,6249,18.95,52.8,0
1783524306.3561385,1911,25,person,0,545,1,742,441,0.575,643,221,3,-139,1501,1559,0.35,0,0,35.8,48.781,48.562,6249,18.78,53.3,0
1783524306.4171882,1912,25,person,0,538,1,737,443,0.743,637,222,-3,-138,1501,1556,0.35,0,0,35.8,48.781,48.562,6249,18.96,52.8,0
1783524306.4788322,1913,25,person,0,532,2,730,440,0.822,631,221,-9,-139,1501,1558,0.35,0,0,35.8,48.781,48.562,6249,18.83,53.1,0
1783524306.5399997,1914,25,person,0,522,2,715,428,0.832,618,215,-22,-145,1501,1564,0.35,0,0,35.8,48.781,48.562,6249,18.74,53.4,0
1783524306.6016245,1915,25,person,0,509,2,700,421,0.831,604,211,-36,-149,1501,1564,0.35,0,0,35.8,48.781,48.562,6249,18.94,52.8,0
1783524306.6625273,1916,25,person,0,501,1,695,424,0.797,598,212,-42,-148,1421,1560,0.35,0,0,35.8,48.781,48.562,6249,18.97,52.7,0
1783524306.723923,1917,25,person,0,490,1,687,429,0.871,588,215,-52,-145,1457,1557,0.35,0,0,35.8,48.656,48.437,6209,19.0,52.6,0
1783524306.785359,1918,25,person,0,481,1,680,425,0.858,580,213,-60,-147,1454,1562,0.35,0,0,35.8,48.656,48.437,6209,19.03,52.6,0
1783524306.847857,1919,25,person,0,473,2,679,438,0.669,576,220,-64,-140,1457,1552,0.35,0,0,35.8,48.656,48.437,6209,19.61,51.0,0
1783524306.911964,1920,25,person,0,464,2,671,434,0.812,567,218,-73,-142,1445,1560,0.35,0,0,35.8,48.656,48.437,6209,21.67,46.1,0
1783524306.97313,1921,25,person,0,454,2,655,423,0.805,554,212,-86,-148,1432,1566,0.35,0,0,35.8,48.656,48.437,6209,19.07,52.4,0
1783524307.0192504,1922,25,person,0,448,2,662,451,0.855,555,226,-85,-134,1451,1540,0.35,0,0,35.8,48.656,48.437,6209,19.13,52.3,0
1783524307.0760975,1923,,,,,,,,,,,,,1500,1500,0.35,0,0,35.8,48.656,48.437,6209,16.08,62.2,1
1783524307.1385043,1924,25,person,0,433,2,644,451,0.75,538,226,-102,-134,1300,1650,0.35,0,0,35.8,48.656,48.437,6209,18.83,53.1,0
1783524307.200692,1925,25,person,0,426,2,632,444,0.619,529,223,-111,-137,1421,1557,0.35,0,0,35.8,48.812,48.625,6288,18.83,53.1,0
1783524307.262224,1926,25,person,0,414,1,623,453,0.746,518,227,-122,-133,1411,1550,0.35,0,0,35.8,48.812,48.625,6288,18.7,53.5,0
1783524307.3235927,1927,25,person,0,398,2,610,462,0.738,504,232,-136,-128,1399,1547,0.35,0,0,35.8,48.812,48.625,6288,19.08,52.4,0
1783524307.3854454,1928,25,person,0,390,2,597,450,0.837,493,226,-147,-134,1396,1559,0.35,0,0,35.8,48.812,48.625,6288,18.95,52.8,0
1783524307.447612,1929,25,person,0,391,4,594,446,0.708,492,225,-148,-135,1408,1555,0.35,0,0,35.8,48.812,48.625,6288,19.53,51.2,0
1783524307.5097063,1930,25,person,0,387,6,591,454,0.853,489,230,-151,-130,1403,1549,0.35,0,0,35.8,48.812,48.625,6288,19.01,52.6,0
1783524307.5708673,1931,25,person,0,393,5,578,407,0.719,485,206,-155,-154,1399,1582,0.35,0,0,35.8,48.812,48.625,6288,19.08,52.4,0
1783524307.632704,1932,25,person,0,389,7,581,427,0.835,485,217,-155,-143,1404,1549,0.35,0,0,35.8,48.812,48.625,6288,18.81,53.2,0
1783524307.693715,1933,25,person,0,391,6,581,421,0.865,486,213,-154,-147,1406,1563,0.35,0,0,35.8,48.593,48.437,6249,18.9,52.9,0
1783524307.739505,1934,25,person,0,391,6,581,419,0.868,486,212,-154,-148,1404,1562,0.35,0,0,35.8,48.593,48.437,6249,19.1,52.3,0
1783524307.7998812,1935,25,person,0,396,4,588,426,0.795,492,215,-148,-145,1416,1557,0.35,0,0,35.8,48.593,48.437,6249,18.86,53.0,0
1783524307.8607097,1936,25,person,0,399,4,586,414,0.86,492,209,-148,-151,1408,1567,0.35,0,0,35.8,48.593,48.437,6249,18.86,53.0,0
1783524307.9222927,1937,25,person,0,412,4,596,404,0.832,504,204,-136,-156,1430,1568,0.35,0,0,35.8,48.593,48.437,6249,19.03,52.6,0
1783524307.9839818,1938,25,person,0,424,4,605,395,0.825,514,199,-126,-161,1434,1570,0.35,0,0,35.8,48.593,48.437,6249,19.33,51.7,0
1783524308.0467675,1939,25,person,0,437,3,626,410,0.773,531,206,-109,-154,1453,1558,0.35,0,0,35.8,48.593,48.437,6249,20.14,49.7,0
1783524308.107868,1940,25,person,0,449,3,640,410,0.774,544,206,-96,-154,1456,1563,0.35,0,0,35.8,48.593,48.437,6249,19.04,52.5,0
1783524308.1696737,1941,25,person,0,461,2,653,408,0.859,557,205,-83,-155,1464,1564,0.35,0,0,35.8,48.593,48.437,6249,19.13,52.3,0
1783524308.2309675,1942,25,person,0,479,1,669,403,0.841,574,202,-66,-158,1479,1567,0.35,0,0,35.8,48.562,48.75,6249,18.81,53.2,0
1783524308.292486,1943,25,person,0,486,2,680,405,0.74,583,203,-57,-157,1474,1563,0.35,0,0,35.8,48.562,48.75,6249,18.79,53.2,0
1783524308.353523,1944,25,person,0,505,2,699,408,0.756,602,205,-38,-155,1571,1562,0.35,0,0,35.8,48.562,48.75,6249,18.8,53.2,0
1783524308.4152632,1945,25,person,0,523,4,716,409,0.698,619,206,-21,-154,1497,1562,0.35,0,0,35.8,48.562,48.75,6249,19.06,52.5,0
1783524308.4608626,1946,25,person,0,534,3,725,407,0.819,629,205,-11,-155,1497,1565,0.35,0,0,35.8,48.562,48.75,6249,18.81,53.2,0
1783524308.522121,1947,25,person,0,539,2,735,423,0.861,637,212,-3,-148,1497,1555,0.35,0,0,35.8,48.562,48.75,6249,19.04,52.5,0
1783524308.5841844,1948,25,person,0,547,2,741,424,0.798,644,213,4,-147,1497,1559,0.35,0,0,35.8,48.562,48.75,6249,19.14,52.3,0
1783524308.6468813,1949,25,person,0,553,3,747,430,0.831,650,216,10,-144,1497,1557,0.35,0,0,35.8,48.562,48.75,6249,20.48,48.8,0
1783524308.7112823,1950,25,person,0,558,3,749,428,0.827,653,215,13,-145,1497,1560,0.35,0,0,35.8,48.593,48.531,6249,21.69,46.1,0
1783524308.7722027,1951,25,person,0,562,3,752,433,0.817,657,218,17,-142,1497,1556,0.35,0,0,35.8,48.593,48.531,6249,18.81,53.2,0
1783524308.8332267,1952,25,person,0,565,4,753,433,0.785,659,218,19,-142,1497,1558,0.35,0,0,35.8,48.593,48.531,6249,18.78,53.2,0
1783524308.893985,1953,25,person,0,565,4,753,437,0.703,659,220,19,-140,1497,1556,0.35,0,0,35.8,48.593,48.531,6249,18.77,53.3,0
1783524308.9544568,1954,25,person,0,567,3,754,437,0.807,660,220,20,-140,1497,1558,0.35,0,0,35.8,48.593,48.531,6249,18.81,53.2,0
1783524309.015585,1955,25,person,0,565,4,754,446,0.746,659,225,19,-135,1497,1551,0.35,0,0,35.8,48.593,48.531,6249,18.9,52.9,0
1783524309.076682,1956,25,person,0,565,5,753,449,0.81,659,227,19,-133,1497,1553,0.35,0,0,35.8,48.593,48.531,6249,18.97,52.7,0
1783524309.1383226,1957,25,person,0,570,4,748,424,0.796,659,214,19,-146,1497,1570,0.35,0,0,35.8,48.593,48.531,6249,19.12,52.3,0
1783524309.183852,1958,25,person,0,564,4,747,437,0.849,655,220,15,-140,1497,1551,0.35,0,0,35.8,48.593,48.531,6249,18.97,52.7,0
1783524309.2479053,1959,25,person,0,556,3,747,455,0.812,651,229,11,-131,1497,1547,0.35,0,0,35.8,48.593,48.562,6249,21.52,46.5,0
1783524309.309196,1960,25,person,0,547,4,742,465,0.811,644,234,4,-126,1497,1548,0.35,0,0,35.8,48.593,48.562,6249,19.12,52.3,0
1783524309.3709786,1961,25,person,0,542,3,737,460,0.526,639,231,-1,-129,1497,1556,0.35,0,0,35.8,48.593,48.562,6249,19.06,52.5,0
1783524309.4320714,1962,25,person,0,535,3,734,466,0.714,634,234,-6,-126,1497,1549,0.35,0,0,35.8,48.593,48.562,6249,18.85,53.0,0
1783524309.4931114,1963,25,person,0,526,2,730,471,0.749,628,236,-12,-124,1497,1549,0.35,0,0,35.8,48.593,48.562,6249,18.8,53.2,0
1783524309.554524,1964,25,person,0,521,2,726,471,0.738,623,236,-17,-124,1497,1551,0.35,0,0,35.8,48.593,48.562,6249,18.93,52.8,0
1783524309.6157823,1965,25,person,0,515,2,725,475,0.844,620,238,-20,-122,1497,1549,0.35,0,0,35.8,48.593,48.562,6249,18.97,52.7,0
1783524309.6778665,1966,25,person,0,510,1,724,477,0.826,617,239,-23,-121,1497,1549,0.35,0,0,35.8,48.593,48.562,6249,19.05,52.5,0
1783524309.739025,1967,25,person,0,504,1,724,480,0.771,614,240,-26,-120,1497,1549,0.35,0,0,35.8,48.593,48.468,6249,18.82,53.1,0
1783524309.8005893,1968,25,person,0,504,1,728,478,0.853,616,239,-24,-121,1497,1551,0.35,0,0,35.8,48.593,48.468,6249,18.95,52.8,0
1783524309.8628085,1969,25,person,0,501,2,730,480,0.77,615,241,-25,-119,1497,1547,0.35,0,0,35.8,48.593,48.468,6249,20.24,49.4,0
1783524309.9086757,1970,25,person,0,499,1,734,479,0.607,616,240,-24,-120,1497,1551,0.35,0,0,35.8,48.593,48.468,6249,19.0,52.6,0
1783524309.9698536,1971,25,person,0,483,1,727,490,0.588,605,245,-35,-115,1497,1543,0.35,0,0,35.8,48.593,48.468,6249,18.69,53.5,0
1783524310.032071,1972,25,person,0,453,2,718,528,0.52,585,265,-55,-95,1393,1523,0.35,0,0,35.8,48.593,48.468,6249,18.82,53.1,0
1783524310.0937927,1973,25,person,0,449,2,726,544,0.676,587,273,-53,-87,1467,1530,0.35,0,0,35.8,48.593,48.468,6249,18.72,53.4,0
1783524310.1563663,1974,25,person,0,439,2,722,551,0.772,580,276,-60,-84,1452,1533,0.35,0,0,35.8,48.593,48.468,6249,19.26,51.9,0
1783524310.2179675,1975,25,person,0,434,2,723,561,0.86,578,281,-62,-79,1457,1529,0.35,0,0,35.8,48.781,48.75,6249,19.02,52.6,0
1783524310.2796202,1976,25,person,0,428,1,736,589,0.783,582,295,-58,-65,1467,1516,0.35,0,0,35.8,48.781,48.75,6249,19.0,52.6,0
1783524310.342314,1977,25,person,0,417,1,740,607,0.758,578,304,-62,-56,1454,1517,0.35,0,0,35.8,48.781,48.75,6249,19.28,51.9,0
1783524310.3995543,1978,,,,,,,,,,,,,1500,1500,0.35,0,0,35.8,48.781,48.75,6249,16.11,62.1,1
1783524310.4637926,1979,25,person,0,395,2,725,617,0.795,560,309,-80,-51,1300,1597,0.35,0,0,35.8,48.781,48.75,6249,20.07,49.8,0
1783524310.525481,1980,,,,,,,,,,,,,1500,1500,0.35,0,0,35.8,48.781,48.75,6249,19.54,51.2,1
1783524310.5846474,1981,,,,,,,,,,,,,1500,1500,0.35,0,0,35.8,48.781,48.75,6249,16.51,60.6,1
1783524310.630378,1982,25,person,0,343,4,684,631,0.55,513,317,-127,-43,1300,1582,0.35,0,0,35.8,48.781,48.75,6249,19.12,52.3,0
1783524310.6902666,1983,,,,,,,,,,,,,1500,1500,0.35,0,0,35.8,48.781,48.75,6249,16.43,60.9,1
1783524310.7495925,1984,,,,,,,,,,,,,1500,1500,0.35,0,0,35.8,48.656,48.843,6288,16.45,60.8,1
1783524310.8079479,1985,,,,,,,,,,,,,1500,1500,0.35,0,0,35.8,48.656,48.843,6288,16.0,62.5,1
1783524310.866078,1986,,,,,,,,,,,,,1500,1500,0.35,0,0,35.8,48.656,48.843,6288,15.93,62.8,1
1783524310.9252088,1987,,,,,,,,,,,,,1500,1500,0.35,0,0,35.8,48.656,48.843,6288,16.01,62.4,1
1783524310.9824386,1988,,,,,,,,,,,,,1500,1500,0.35,0,0,35.8,48.656,48.843,6288,15.28,65.5,1
1783524311.0446937,1989,,,,,,,,,,,,,1500,1500,0.35,0,0,35.8,48.656,48.843,6288,18.78,53.2,1
1783524311.1042168,1990,,,,,,,,,,,,,1500,1500,0.35,0,0,35.8,48.656,48.843,6288,15.08,66.3,1
1783524311.1623263,1991,,,,,,,,,,,,,1500,1500,0.35,0,0,35.8,48.656,48.843,6288,14.71,68.0,1
1783524311.2217722,1992,,,,,,,,,,,,,1500,1500,0.35,0,0,35.8,48.781,48.843,6209,16.11,62.1,1
1783524311.2808828,1993,,,,,,,,,,,,,1500,1500,0.35,0,0,35.8,48.781,48.843,6209,16.73,59.8,1
1783524311.3183675,1994,,,,,,,,,,,,,1500,1500,0.35,0,0,35.8,48.781,48.843,6209,16.25,61.5,1
1783524311.3733668,1995,,,,,,,,,,,,,1500,1500,0.35,0,0,35.8,48.781,48.843,6209,15.91,62.9,1
1783524311.4294345,1996,,,,,,,,,,,,,1500,1500,0.35,0,0,35.8,48.781,48.843,6209,15.82,63.2,1
1783524311.4845858,1997,,,,,,,,,,,,,1500,1500,0.35,0,0,35.8,48.781,48.843,6209,16.5,60.6,1
1783524311.5396204,1998,,,,,,,,,,,,,1500,1500,0.35,0,0,35.8,48.781,48.843,6209,16.59,60.3,1
1783524311.5941093,1999,,,,,,,,,,,,,1500,1500,0.35,0,0,35.8,48.781,48.843,6209,16.03,62.4,1
1783524311.6560953,2000,,,,,,,,,,,,,1500,1500,0.35,0,0,35.8,48.781,48.843,6209,17.39,57.5,1
1783524311.713971,2001,,,,,,,,,,,,,1500,1500,0.35,0,0,35.8,48.781,48.843,6209,16.02,62.4,1
1783524311.7724404,2002,,,,,,,,,,,,,1500,1500,0.35,0,0,35.8,48.656,48.468,6249,16.08,62.2,1
1783524311.8287287,2003,,,,,,,,,,,,,1500,1500,0.35,0,0,35.8,48.656,48.468,6249,15.73,63.6,1
1783524311.8862455,2004,,,,,,,,,,,,,1500,1500,0.35,0,0,35.8,48.656,48.468,6249,15.92,62.8,1
1783524311.9426255,2005,,,,,,,,,,,,,1500,1500,0.35,0,0,35.8,48.656,48.468,6249,16.11,62.1,1
1783524311.9828455,2006,,,,,,,,,,,,,1500,1500,0.35,0,0,35.8,48.656,48.468,6249,15.91,62.8,1
1783524312.039908,2007,,,,,,,,,,,,,1500,1500,0.35,0,0,35.8,48.656,48.468,6249,16.25,61.5,1
1783524312.0964599,2008,,,,,,,,,,,,,1500,1500,0.35,0,0,35.8,48.656,48.468,6249,15.95,62.7,1
1783524312.153935,2009,,,,,,,,,,,,,1500,1500,0.35,0,0,35.8,48.656,48.468,6249,15.9,62.9,1
1783524312.2146332,2010,,,,,,,,,,,,,1500,1500,0.35,0,0,35.8,48.656,48.468,6249,19.37,51.6,1
1783524312.2741628,2011,,,,,,,,,,,,,1500,1500,0.35,0,0,35.8,48.843,48.781,6249,17.21,58.1,1
1783524312.3312612,2012,,,,,,,,,,,,,1500,1500,0.35,0,0,35.8,48.843,48.781,6249,15.7,63.7,1
1783524312.388839,2013,,,,,,,,,,,,,1500,1500,0.35,0,0,35.8,48.843,48.781,6249,15.71,63.7,1
1783524312.4469988,2014,,,,,,,,,,,,,1500,1500,0.35,0,0,35.8,48.843,48.781,6249,15.93,62.8,1
1783524312.5040867,2015,,,,,,,,,,,,,1500,1500,0.35,0,0,35.8,48.843,48.781,6249,15.43,64.8,1
1783524312.5613496,2016,,,,,,,,,,,,,1500,1500,0.35,0,0,35.8,48.843,48.781,6249,15.24,65.6,1
1783524312.6188796,2017,,,,,,,,,,,,,1500,1500,0.35,0,0,35.8,48.843,48.781,6249,15.51,64.5,1
1783524312.6593668,2018,,,,,,,,,,,,,1500,1500,0.35,0,0,35.8,48.843,48.781,6249,15.41,64.9,1
1783524312.7165632,2019,,,,,,,,,,,,,1500,1500,0.35,0,0,35.8,48.843,48.781,6249,15.54,64.3,1
1783524312.7742612,2020,,,,,,,,,,,,,1500,1500,0.35,0,0,35.8,48.687,48.75,6288,15.7,63.7,1
1783524312.8323634,2021,,,,,,,,,,,,,1500,1500,0.35,0,0,35.8,48.687,48.75,6288,15.45,64.7,1
1783524312.8899386,2022,,,,,,,,,,,,,1500,1500,0.35,0,0,35.8,48.687,48.75,6288,15.39,65.0,1
1783524312.9484637,2023,,,,,,,,,,,,,1500,1500,0.35,0,0,35.8,48.687,48.75,6288,15.64,63.9,1
1783524313.0066872,2024,,,,,,,,,,,,,1500,1500,0.35,0,0,35.8,48.687,48.75,6288,15.43,64.8,1
1783524313.070641,2025,,,,,,,,,,,,,1500,1500,0.35,0,0,35.8,48.687,48.75,6288,15.69,63.7,1
1783524313.135156,2026,,,,,,,,,,,,,1500,1500,0.35,0,0,35.8,48.687,48.75,6288,15.44,64.8,1
1783524313.2028995,2027,,,,,,,,,,,,,1500,1500,0.35,0,0,35.8,48.687,48.75,6288,15.44,64.8,1
1783524313.2672956,2028,,,,,,,,,,,,,1500,1500,0.35,0,0,35.8,48.625,48.75,6249,15.58,64.2,1
1783524313.3306463,2029,,,,,,,,,,,,,1500,1500,0.35,0,0,35.8,48.625,48.75,6249,15.69,63.8,1
1783524313.3727043,2030,,,,,,,,,,,,,1500,1500,0.35,0,0,35.8,48.625,48.75,6249,15.41,64.9,1
1783524313.431425,2031,,,,,,,,,,,,,1500,1500,0.35,0,0,35.8,48.625,48.75,6249,15.42,64.8,1
1783524313.4896884,2032,,,,,,,,,,,,,1500,1500,0.35,0,0,35.8,48.625,48.75,6249,15.48,64.6,1
1783524313.5475178,2033,,,,,,,,,,,,,1500,1500,0.35,0,0,35.8,48.625,48.75,6249,15.56,64.3,1
1783524313.6053405,2034,,,,,,,,,,,,,1500,1500,0.35,0,0,35.8,48.625,48.75,6249,15.36,65.1,1
1783524313.663255,2035,,,,,,,,,,,,,1500,1500,0.35,0,0,35.8,48.625,48.75,6249,15.33,65.2,1
1783524313.7207973,2036,,,,,,,,,,,,,1500,1500,0.35,0,0,35.8,48.625,48.75,6249,15.36,65.1,1
1783524313.7790844,2037,,,,,,,,,,,,,1500,1500,0.35,0,0,35.8,48.75,48.562,6288,15.55,64.3,1
1783524313.8374376,2038,,,,,,,,,,,,,1500,1500,0.35,0,0,35.8,48.75,48.562,6288,15.49,64.6,1
1783524313.8952932,2039,,,,,,,,,,,,,1500,1500,0.35,0,0,35.8,48.75,48.562,6288,15.28,65.4,1
1783524313.954818,2040,,,,,,,,,,,,,1500,1500,0.35,0,0,35.8,48.75,48.562,6288,18.66,53.6,1
1783524314.0109458,2041,,,,,,,,,,,,,1500,1500,0.35,0,0,35.8,48.75,48.562,6288,15.58,64.2,1
1783524314.0506942,2042,,,,,,,,,,,,,1500,1500,0.35,0,0,35.8,48.75,48.562,6288,16.4,61.0,1
1783524314.1059418,2043,,,,,,,,,,,,,1500,1500,0.35,0,0,35.8,48.75,48.562,6288,15.66,63.8,1
1783524314.161247,2044,,,,,,,,,,,,,1500,1500,0.35,0,0,35.8,48.75,48.562,6288,15.25,65.6,1
1783524314.2161298,2045,,,,,,,,,,,,,1500,1500,0.35,0,0,35.8,48.75,48.562,6288,15.54,64.4,1
1783524314.2717187,2046,,,,,,,,,,,,,1500,1500,0.35,0,0,35.9,48.562,48.531,6328,15.55,64.3,1
1783524314.3264277,2047,,,,,,,,,,,,,1500,1500,0.35,0,0,35.9,48.562,48.531,6328,15.53,64.4,1
1783524314.3810072,2048,,,,,,,,,,,,,1500,1500,0.35,0,0,35.9,48.562,48.531,6328,15.53,64.4,1
1783524314.4363763,2049,,,,,,,,,,,,,1500,1500,0.35,0,0,35.9,48.562,48.531,6328,15.7,63.7,1
1783524314.4908373,2050,,,,,,,,,,,,,1500,1500,0.35,0,0,35.9,48.562,48.531,6328,15.45,64.7,1
1783524314.5456674,2051,,,,,,,,,,,,,1500,1500,0.35,0,0,35.9,48.562,48.531,6328,15.64,64.0,1
1783524314.6011474,2052,,,,,,,,,,,,,1500,1500,0.35,0,0,35.9,48.562,48.531,6328,15.6,64.1,1
1783524314.6571465,2053,,,,,,,,,,,,,1500,1500,0.35,0,0,35.9,48.562,48.531,6328,16.77,59.6,1
1783524314.695978,2054,,,,,,,,,,,,,1500,1500,0.35,0,0,35.9,48.562,48.531,6328,15.38,65.0,1
1783524314.7513313,2055,,,,,,,,,,,,,1500,1500,0.35,0,0,35.9,48.968,48.437,6328,15.69,63.7,1
1783524314.8063705,2056,,,,,,,,,,,,,1500,1500,0.35,0,0,35.9,48.968,48.437,6328,15.47,64.7,1
1783524314.8615565,2057,,,,,,,,,,,,,1500,1500,0.35,0,0,35.9,48.968,48.437,6328,15.18,65.9,1
1783524314.916397,2058,,,,,,,,,,,,,1500,1500,0.35,0,0,35.9,48.968,48.437,6328,15.58,64.2,1
1783524314.9777772,2059,,,,,,,,,,,,,1500,1500,0.35,0,0,35.9,48.968,48.437,6328,22.08,45.3,1
1783524315.0342546,2060,,,,,,,,,,,,,1500,1500,0.35,0,0,35.9,48.968,48.437,6328,16.5,60.6,1
1783524315.093736,2061,,,,,,,,,,,,,1500,1500,0.35,0,0,35.9,48.968,48.437,6328,20.45,48.9,1
1783524315.1506095,2062,,,,,,,,,,,,,1500,1500,0.35,0,0,35.9,48.968,48.437,6328,17.58,56.9,1
1783524315.2109003,2063,,,,,,,,,,,,,1500,1500,0.35,0,0,35.9,48.968,48.437,6328,20.55,48.7,1
1783524315.2673476,2064,,,,,,,,,,,,,1500,1500,0.35,0,0,35.9,48.75,48.781,6802,16.78,59.6,1
1783524315.3272924,2065,,,,,,,,,,,,,1500,1500,0.35,0,0,35.9,48.75,48.781,6802,20.41,49.0,1
1783524315.3673105,2066,,,,,,,,,,,,,1500,1500,0.35,0,0,35.9,48.75,48.781,6802,16.09,62.1,1
1783524315.426924,2067,,,,,,,,,,,,,1500,1500,0.35,0,0,35.9,48.75,48.781,6802,20.32,49.2,1
1783524315.4840908,2068,,,,,,,,,,,,,1500,1500,0.35,0,0,35.9,48.75,48.781,6802,17.14,58.3,1
1783524315.5440545,2069,,,,,,,,,,,,,1500,1500,0.35,0,0,35.9,48.75,48.781,6802,20.55,48.7,1
1783524315.6073084,2070,,,,,,,,,,,,,1500,1500,0.35,0,0,35.9,48.75,48.781,6802,22.59,44.3,1
1783524315.667291,2071,,,,,,,,,,,,,1500,1500,0.35,0,0,35.9,48.75,48.781,6802,20.26,49.4,1
1783524315.7268267,2072,,,,,,,,,,,,,1500,1500,0.35,0,0,35.9,48.75,48.781,6802,20.43,48.9,1
1783524315.7833853,2073,,,,,,,,,,,,,1500,1500,0.35,0,0,35.9,49.062,48.843,7040,17.25,58.0,1
1783524315.8441844,2074,,,,,,,,,,,,,1500,1500,0.35,0,0,35.9,49.062,48.843,7040,20.74,48.2,1
1783524315.900893,2075,,,,,,,,,,,,,1500,1500,0.35,0,0,35.9,49.062,48.843,7040,17.45,57.3,1
1783524315.9563074,2076,,,,,,,,,,,,,1500,1500,0.35,0,0,35.9,49.062,48.843,7040,15.57,64.2,1
1783524316.0114315,2077,,,,,,,,,,,,,1500,1500,0.35,0,0,35.9,49.062,48.843,7040,15.78,63.4,1
1783524316.050378,2078,,,,,,,,,,,,,1500,1500,0.35,0,0,35.9,49.062,48.843,7040,15.71,63.7,1
1783524316.1060598,2079,,,,,,,,,,,,,1500,1500,0.35,0,0,35.9,49.062,48.843,7040,15.4,64.9,1
1783524316.1609845,2080,,,,,,,,,,,,,1500,1500,0.35,0,0,35.9,49.062,48.843,7040,15.33,65.2,1
1783524316.216122,2081,,,,,,,,,,,,,1500,1500,0.35,0,0,35.9,49.062,48.843,7040,15.72,63.6,1
1783524316.2729173,2082,,,,,,,,,,,,,1500,1500,0.35,0,0,35.9,48.781,48.625,6644,17.03,58.7,1
1783524316.327537,2083,,,,,,,,,,,,,1500,1500,0.35,0,0,35.9,48.781,48.625,6644,15.29,65.4,1
1783524316.3822618,2084,,,,,,,,,,,,,1500,1500,0.35,0,0,35.9,48.781,48.625,6644,15.7,63.7,1
1783524316.4374006,2085,,,,,,,,,,,,,1500,1500,0.35,0,0,35.9,48.781,48.625,6644,15.39,65.0,1
1783524316.4921608,2086,,,,,,,,,,,,,1500,1500,0.35,0,0,35.9,48.781,48.625,6644,15.39,65.0,1
1783524316.5478516,2087,,,,,,,,,,,,,1500,1500,0.35,0,0,35.9,48.781,48.625,6644,15.69,63.7,1
1783524316.602439,2088,,,,,,,,,,,,,1500,1500,0.35,0,0,35.9,48.781,48.625,6644,15.43,64.8,1
1783524316.6571171,2089,,,,,,,,,,,,,1500,1500,0.35,0,0,35.9,48.781,48.625,6644,15.43,64.8,1
1783524316.6966267,2090,,,,,,,,,,,,,1500,1500,0.35,0,0,35.9,48.781,48.625,6644,15.35,65.1,1
1783524316.7513156,2091,,,,,,,,,,,,,1500,1500,0.35,0,0,35.9,48.781,48.625,6644,15.33,65.2,1
1783524316.8061826,2092,,,,,,,,,,,,,1500,1500,0.35,0,0,35.9,48.718,48.625,6526,15.66,63.9,1
1783524316.8611884,2093,,,,,,,,,,,,,1500,1500,0.35,0,0,35.9,48.718,48.625,6526,15.45,64.7,1
1783524316.916041,2094,,,,,,,,,,,,,1500,1500,0.35,0,0,35.9,48.718,48.625,6526,15.52,64.4,1
1783524316.976019,2095,,,,,,,,,,,,,1500,1500,0.35,0,0,35.9,48.718,48.625,6526,20.2,49.5,1
1783524317.0355022,2096,,,,,,,,,,,,,1500,1500,0.35,0,0,35.9,48.718,48.625,6526,20.56,48.6,1
1783524317.0950809,2097,,,,,,,,,,,,,1500,1500,0.35,0,0,35.9,48.718,48.625,6526,20.32,49.2,1
1783524317.153761,2098,,,,,,,,,,,,,1500,1500,0.35,0,0,35.9,48.718,48.625,6526,19.11,52.3,1
1783524317.212928,2099,,,,,,,,,,,,,1500,1500,0.35,0,0,35.9,48.718,48.625,6526,19.89,50.3,1
1783524317.2711709,2100,,,,,,,,,,,,,1500,1500,0.35,0,0,35.9,48.718,48.625,6526,18.75,53.3,1
1783524317.3302498,2101,,,,,,,,,,,,,1500,1500,0.35,0,0,35.9,48.843,48.75,6486,19.14,52.2,1
1783524317.3710477,2102,,,,,,,,,,,,,1500,1500,0.35,0,0,35.9,48.843,48.75,6486,17.46,57.3,1
1783524317.4296336,2103,,,,,,,,,,,,,1500,1500,0.35,0,0,35.9,48.843,48.75,6486,18.59,53.8,1
1783524317.4870653,2104,,,,,,,,,,,,,1500,1500,0.35,0,0,35.9,48.843,48.75,6486,17.99,55.6,1
1783524317.5463307,2105,,,,,,,,,,,,,1500,1500,0.35,0,0,35.9,48.843,48.75,6486,19.78,50.6,1
1783524317.6041248,2106,,,,,,,,,,,,,1500,1500,0.35,0,0,35.9,48.843,48.75,6486,18.13,55.1,1
1783524317.6623564,2107,,,,,,,,,,,,,1500,1500,0.35,0,0,35.9,48.843,48.75,6486,18.73,53.4,1
1783524317.720374,2108,,,,,,,,,,,,,1500,1500,0.35,0,0,35.9,48.843,48.75,6486,18.8,53.2,1
1783524317.7808573,2109,,,,,,,,,,,,,1500,1500,0.35,0,0,35.9,48.843,48.75,6486,20.02,50.0,1
1783524317.8382325,2110,,,,,,,,,,,,,1500,1500,0.35,0,0,35.9,48.593,48.812,6526,18.14,55.1,1
1783524317.8963687,2111,,,,,,,,,,,,,1500,1500,0.35,0,0,35.9,48.593,48.812,6526,18.87,53.0,1
1783524317.95171,2112,,,,,,,,,,,,,1500,1500,0.35,0,0,35.9,48.593,48.812,6526,15.73,63.6,1
1783524318.006394,2113,,,,,,,,,,,,,1500,1500,0.35,0,0,35.9,48.593,48.812,6526,15.56,64.3,1
1783524318.045779,2114,,,,,,,,,,,,,1500,1500,0.35,0,0,35.9,48.593,48.812,6526,15.57,64.2,1
1783524318.1005712,2115,,,,,,,,,,,,,1500,1500,0.35,0,0,35.9,48.593,48.812,6526,15.45,64.7,1
1783524318.155027,2116,,,,,,,,,,,,,1500,1500,0.35,0,0,35.9,48.593,48.812,6526,15.56,64.3,1
1783524318.2097492,2117,,,,,,,,,,,,,1500,1500,0.35,0,0,35.9,48.593,48.812,6526,15.26,65.5,1
1783524318.2642987,2118,,,,,,,,,,,,,1500,1500,0.35,0,0,35.9,48.593,48.812,6526,15.37,65.1,1
1783524318.3188722,2119,,,,,,,,,,,,,1500,1500,0.35,0,0,35.9,48.656,48.562,6486,15.48,64.6,1
1783524318.3774998,2120,,,,,,,,,,,,,1500,1500,0.35,0,0,35.9,48.656,48.562,6486,19.03,52.6,1
