timestamp,frame,track_id,class,priority,x1,y1,x2,y2,conf,target_cx,target_cy,err_x,err_y,rc_yaw,rc_throttle,conf_threshold,thermal_throttle,sahi_mode,ram_pct,gpu_temp,cpu_temp,power_mw,latency_ms,fps,target_lost
1783525544.4620662,0,1,person,0,701,76,810,386,0.816,755,231,115,-129,1700,1650,0.35,0,0,31.6,46.468,45.906,4880,878.8,1.1,0
1783525544.5044043,1,,,,,,,,,,,,,1500,1500,0.35,0,0,34.1,46.687,46.531,5902,20.09,49.8,1
1783525544.5715642,2,2,person,0,627,91,725,371,0.493,676,231,36,-129,1500,1650,0.35,0,0,34.1,46.687,46.531,5902,21.39,46.7,0
1783525544.6193252,3,2,person,0,626,93,723,370,0.56,674,231,34,-129,1500,1551,0.35,0,0,34.1,46.687,46.531,5902,19.58,51.1,0
1783525544.6661837,4,2,person,0,626,94,723,371,0.716,674,232,34,-128,1500,1550,0.35,0,0,34.1,46.687,46.531,5902,19.43,51.5,0
1783525544.7131956,5,2,person,0,627,94,724,370,0.721,675,232,35,-128,1500,1551,0.35,0,0,34.1,46.687,46.531,5902,19.11,52.3,0
1783525544.7592714,6,2,person,0,627,93,724,370,0.758,675,231,35,-129,1500,1553,0.35,0,0,37.3,46.468,46.531,6091,19.17,52.2,0
1783525544.804829,7,2,person,0,626,93,723,369,0.726,674,231,34,-129,1500,1552,0.35,0,0,37.3,46.468,46.531,6091,19.36,51.7,0
1783525544.8503618,8,2,person,0,624,91,722,372,0.838,673,231,33,-129,1500,1552,0.35,0,0,37.3,46.468,46.531,6091,18.87,53.0,0
1783525544.8963752,9,2,person,0,620,89,720,372,0.853,670,230,30,-130,1500,1554,0.35,0,0,37.3,46.468,46.531,6091,19.12,52.3,0
1783525544.9417393,10,2,person,0,619,89,718,369,0.814,668,229,28,-131,1500,1554,0.35,0,0,37.3,46.468,46.531,6091,19.36,51.7,0
1783525544.9870086,11,2,person,0,616,89,717,370,0.793,666,229,26,-131,1500,1553,0.35,0,0,37.3,46.468,46.531,6091,18.99,52.7,0
1783525545.0326421,12,2,person,0,615,88,716,370,0.82,665,229,25,-131,1500,1553,0.35,0,0,37.3,46.468,46.531,6091,19.4,51.5,0
1783525545.07465,13,2,person,0,614,88,718,372,0.777,666,230,26,-130,1500,1552,0.35,0,0,37.3,46.468,46.531,6091,19.26,51.9,0
1783525545.1218925,14,2,person,0,615,88,719,371,0.799,667,229,27,-131,1500,1554,0.35,0,0,37.3,46.468,46.531,6091,19.07,52.4,0
1783525545.1688309,15,2,person,0,615,88,720,372,0.823,667,230,27,-130,1500,1552,0.35,0,0,37.3,46.468,46.531,6091,19.41,51.5,0
1783525545.2139807,16,2,person,0,616,88,721,372,0.851,668,230,28,-130,1500,1553,0.35,0,0,37.3,46.468,46.531,6091,18.88,53.0,0
1783525545.2596617,17,2,person,0,620,90,722,366,0.843,671,228,31,-132,1500,1556,0.35,0,0,37.3,46.843,46.343,6328,19.32,51.8,0
1783525545.305502,18,2,person,0,622,90,723,362,0.801,672,226,32,-134,1500,1557,0.35,0,0,37.3,46.843,46.343,6328,19.44,51.4,0
1783525545.3508701,19,2,person,0,624,90,725,365,0.734,674,227,34,-133,1500,1554,0.35,0,0,37.3,46.843,46.343,6328,19.07,52.4,0
1783525545.3974414,20,2,person,0,625,90,726,367,0.71,675,228,35,-132,1500,1553,0.35,0,0,37.3,46.843,46.343,6328,20.19,49.5,0
1783525545.442627,21,2,person,0,625,91,725,366,0.751,675,228,35,-132,1500,1554,0.35,0,0,37.3,46.843,46.343,6328,19.13,52.3,0
1783525545.4879358,22,2,person,0,626,92,725,365,0.615,675,228,35,-132,1500,1554,0.35,0,0,37.3,46.843,46.343,6328,19.22,52.0,0
1783525545.5333672,23,2,person,0,626,93,725,365,0.617,675,229,35,-131,1500,1553,0.35,0,0,37.3,46.843,46.343,6328,19.47,51.4,0
1783525545.5781925,24,2,person,0,626,95,724,365,0.613,675,230,35,-130,1500,1552,0.35,0,0,37.3,46.843,46.343,6328,19.06,52.5,0
1783525545.6194386,25,2,person,0,627,101,724,367,0.669,675,234,35,-126,1500,1547,0.35,0,0,37.3,46.843,46.343,6328,18.84,53.1,0
1783525545.6676767,26,2,person,0,627,106,724,373,0.476,675,239,35,-121,1500,1545,0.35,0,0,37.3,46.843,46.343,6328,20.13,49.7,0
1783525545.7155755,27,2,person,0,627,113,723,375,0.493,675,244,35,-116,1500,1543,0.35,0,0,37.3,46.843,46.343,6328,19.86,50.4,0
1783525545.7618084,28,2,person,0,628,125,721,377,0.456,674,251,34,-109,1500,1538,0.35,0,0,37.2,46.656,46.531,6407,19.21,52.1,0
1783525545.8085754,29,2,person,0,628,132,720,377,0.441,674,254,34,-106,1500,1541,0.35,0,0,37.2,46.656,46.531,6407,19.3,51.8,0
1783525545.8598485,30,2,person,0,629,147,714,372,0.528,671,259,31,-101,1500,1537,0.35,0,0,37.2,46.656,46.531,6407,24.58,40.7,0
1783525545.906017,31,2,person,0,629,153,711,368,0.445,670,260,30,-100,1500,1540,0.35,0,0,37.2,46.656,46.531,6407,19.27,51.9,0
1783525545.946449,32,,,,,,,,,,,,,1500,1500,0.35,0,0,37.2,46.656,46.531,6407,15.87,63.0,1
1783525545.995301,33,2,person,0,638,166,699,314,0.366,668,240,28,-120,1500,1650,0.35,0,0,37.2,46.656,46.531,6407,21.77,45.9,0
1783525546.0364294,34,,,,,,,,,,,,,1500,1500,0.35,0,0,37.2,46.656,46.531,6407,15.95,62.7,1
1783525546.0773776,35,,,,,,,,,,,,,1500,1500,0.35,0,0,37.2,46.656,46.531,6407,15.93,62.8,1
1783525546.1173391,36,,,,,,,,,,,,,1500,1500,0.35,0,0,37.2,46.656,46.531,6407,15.88,63.0,1
1783525546.1540716,37,,,,,,,,,,,,,1500,1500,0.35,0,0,37.2,46.656,46.531,6407,15.82,63.2,1
1783525546.1956844,38,,,,,,,,,,,,,1500,1500,0.35,0,0,37.2,46.656,46.531,6407,15.98,62.6,1
1783525546.2366023,39,,,,,,,,,,,,,1500,1500,0.35,0,0,37.3,46.562,46.593,6446,15.99,62.5,1
1783525546.2766147,40,,,,,,,,,,,,,1500,1500,0.35,0,0,37.3,46.562,46.593,6446,15.88,63.0,1
1783525546.3168275,41,,,,,,,,,,,,,1500,1500,0.35,0,0,37.3,46.562,46.593,6446,16.02,62.4,1
1783525546.3566282,42,,,,,,,,,,,,,1500,1500,0.35,0,0,37.3,46.562,46.593,6446,15.99,62.5,1
1783525546.3962827,43,,,,,,,,,,,,,1500,1500,0.35,0,0,37.3,46.562,46.593,6446,16.18,61.8,1
1783525546.4358313,44,,,,,,,,,,,,,1500,1500,0.35,0,0,37.3,46.562,46.593,6446,15.94,62.7,1
1783525546.4752352,45,,,,,,,,,,,,,1500,1500,0.35,0,0,37.3,46.562,46.593,6446,15.92,62.8,1
1783525546.5141535,46,,,,,,,,,,,,,1500,1500,0.35,0,0,37.3,46.562,46.593,6446,15.72,63.6,1
1783525546.5537913,47,,,,,,,,,,,,,1500,1500,0.35,0,0,37.3,46.562,46.593,6446,16.08,62.2,1
1783525546.5930705,48,,,,,,,,,,,,,1500,1500,0.35,0,0,37.3,46.562,46.593,6446,16.03,62.4,1
1783525546.6297073,49,,,,,,,,,,,,,1500,1500,0.35,0,0,37.3,46.562,46.593,6446,16.12,62.0,1
1783525546.6714847,50,,,,,,,,,,,,,1500,1500,0.35,0,0,37.3,46.562,46.593,6446,15.91,62.9,1
1783525546.7122233,51,,,,,,,,,,,,,1500,1500,0.35,0,0,37.3,46.562,46.593,6446,15.8,63.3,1
1783525546.7525403,52,,,,,,,,,,,,,1500,1500,0.35,0,0,37.3,46.687,46.75,6526,15.81,63.3,1
1783525546.792764,53,,,,,,,,,,,,,1500,1500,0.35,0,0,37.3,46.687,46.75,6526,16.06,62.3,1
1783525546.8325238,54,,,,,,,,,,,,,1500,1500,0.35,0,0,37.3,46.687,46.75,6526,16.07,62.2,1
1783525546.8723607,55,,,,,,,,,,,,,1500,1500,0.35,0,0,37.3,46.687,46.75,6526,15.84,63.1,1
1783525546.9116971,56,,,,,,,,,,,,,1500,1500,0.35,0,0,37.3,46.687,46.75,6526,15.97,62.6,1
1783525546.9510243,57,,,,,,,,,,,,,1500,1500,0.35,0,0,37.3,46.687,46.75,6526,15.92,62.8,1
1783525546.989915,58,,,,,,,,,,,,,1500,1500,0.35,0,0,37.3,46.687,46.75,6526,15.94,62.7,1
1783525547.0290399,59,,,,,,,,,,,,,1500,1500,0.35,0,0,37.3,46.687,46.75,6526,16.15,61.9,1
1783525547.0745206,60,,,,,,,,,,,,,1500,1500,0.35,0,0,37.3,46.687,46.75,6526,22.48,44.5,1
1783525547.113959,61,,,,,,,,,,,,,1500,1500,0.35,0,0,37.3,46.687,46.75,6526,15.86,63.1,1
1783525547.15585,62,,,,,,,,,,,,,1500,1500,0.35,0,0,37.3,46.687,46.75,6526,15.99,62.5,1
1783525547.1987102,63,,,,,,,,,,,,,1500,1500,0.35,0,0,37.3,46.687,46.75,6526,16.44,60.8,1
1783525547.2397158,64,,,,,,,,,,,,,1500,1500,0.35,0,0,37.3,46.687,46.75,6526,16.52,60.5,1
1783525547.2798269,65,,,,,,,,,,,,,1500,1500,0.35,0,0,37.3,46.531,46.593,6526,15.64,63.9,1
1783525547.3194351,66,,,,,,,,,,,,,1500,1500,0.35,0,0,37.3,46.531,46.593,6526,15.83,63.2,1
1783525547.3591309,67,,,,,,,,,,,,,1500,1500,0.35,0,0,37.3,46.531,46.593,6526,15.81,63.3,1
1783525547.3983083,68,,,,,,,,,,,,,1500,1500,0.35,0,0,37.3,46.531,46.593,6526,15.84,63.1,1
1783525547.437745,69,,,,,,,,,,,,,1500,1500,0.35,0,0,37.3,46.531,46.593,6526,15.71,63.7,1
1783525547.4769814,70,,,,,,,,,,,,,1500,1500,0.35,0,0,37.3,46.531,46.593,6526,15.41,64.9,1
1783525547.515845,71,,,,,,,,,,,,,1500,1500,0.35,0,0,37.3,46.531,46.593,6526,15.37,65.1,1
1783525547.5551276,72,,,,,,,,,,,,,1500,1500,0.35,0,0,37.3,46.531,46.593,6526,15.86,63.1,1
1783525547.592095,73,,,,,,,,,,,,,1500,1500,0.35,0,0,37.3,46.531,46.593,6526,15.92,62.8,1
1783525547.633534,74,,,,,,,,,,,,,1500,1500,0.35,0,0,37.3,46.531,46.593,6526,15.97,62.6,1
1783525547.6744812,75,,,,,,,,,,,,,1500,1500,0.35,0,0,37.3,46.531,46.593,6526,15.69,63.8,1
1783525547.714485,76,,,,,,,,,,,,,1500,1500,0.35,0,0,37.3,46.531,46.593,6526,15.4,65.0,1
1783525547.7547684,77,,,,,,,,,,,,,1500,1500,0.35,0,0,37.3,46.531,46.656,6526,15.81,63.3,1
1783525547.79595,78,,,,,,,,,,,,,1500,1500,0.35,0,0,37.3,46.531,46.656,6526,16.17,61.8,1
1783525547.8361633,79,,,,,,,,,,,,,1500,1500,0.35,0,0,37.3,46.531,46.656,6526,15.88,63.0,1
1783525547.8750513,80,,,,,,,,,,,,,1500,1500,0.35,0,0,37.3,46.531,46.656,6526,15.69,63.7,1
1783525547.9144778,81,,,,,,,,,,,,,1500,1500,0.35,0,0,37.3,46.531,46.656,6526,15.34,65.2,1
1783525547.9539263,82,,,,,,,,,,,,,1500,1500,0.35,0,0,37.3,46.531,46.656,6526,15.87,63.0,1
1783525547.9932718,83,,,,,,,,,,,,,1500,1500,0.35,0,0,37.3,46.531,46.656,6526,15.97,62.6,1
1783525548.032701,84,,,,,,,,,,,,,1500,1500,0.35,0,0,37.3,46.531,46.656,6526,15.97,62.6,1
1783525548.069346,85,,,,,,,,,,,,,1500,1500,0.35,0,0,37.3,46.531,46.656,6526,15.69,63.7,1
1783525548.1110303,86,,,,,,,,,,,,,1500,1500,0.35,0,0,37.3,46.531,46.656,6526,15.58,64.2,1
1783525548.152045,87,,,,,,,,,,,,,1500,1500,0.35,0,0,37.3,46.531,46.656,6526,15.59,64.2,1
1783525548.1922503,88,,,,,,,,,,,,,1500,1500,0.35,0,0,37.3,46.531,46.656,6526,15.91,62.9,1
1783525548.2323754,89,,,,,,,,,,,,,1500,1500,0.35,0,0,37.3,46.531,46.656,6526,15.99,62.5,1
1783525548.2787364,90,,,,,,,,,,,,,1500,1500,0.35,0,0,37.3,46.718,46.593,6526,21.57,46.4,1
1783525548.321732,91,,,,,,,,,,,,,1500,1500,0.35,0,0,37.3,46.718,46.593,6526,15.95,62.7,1
1783525548.3610165,92,,,,,,,,,,,,,1500,1500,0.35,0,0,37.3,46.718,46.593,6526,15.81,63.2,1
1783525548.4025855,93,,,,,,,,,,,,,1500,1500,0.35,0,0,37.3,46.718,46.593,6526,16.95,59.0,1
1783525548.4417024,94,,,,,,,,,,,,,1500,1500,0.35,0,0,37.3,46.718,46.593,6526,15.55,64.3,1
1783525548.4806333,95,,,,,,,,,,,,,1500,1500,0.35,0,0,37.3,46.718,46.593,6526,15.32,65.3,1
1783525548.5203133,96,,,,,,,,,,,,,1500,1500,0.35,0,0,37.3,46.718,46.593,6526,15.86,63.1,1
1783525548.5568855,97,,,,,,,,,,,,,1500,1500,0.35,0,0,37.3,46.718,46.593,6526,15.73,63.6,1
1783525548.598228,98,,,,,,,,,,,,,1500,1500,0.35,0,0,37.3,46.718,46.593,6526,15.76,63.5,1
1783525548.6384592,99,,,,,,,,,,,,,1500,1500,0.35,0,0,37.3,46.718,46.593,6526,15.38,65.0,1
1783525548.6776826,100,,,,,,,,,,,,,1500,1500,0.35,0,0,37.3,46.718,46.593,6526,15.4,64.9,1
1783525548.717493,101,,,,,,,,,,,,,1500,1500,0.35,0,0,37.3,46.718,46.593,6526,15.43,64.8,1
1783525548.755935,102,,,,,,,,,,,,,1500,1500,0.35,0,0,37.3,46.718,46.593,6526,14.46,69.1,1
1783525548.7947679,103,,,,,,,,,,,,,1500,1500,0.35,0,0,37.3,46.562,46.656,6526,15.47,64.6,1
1783525548.8365655,104,,,,,,,,,,,,,1500,1500,0.35,0,0,37.3,46.562,46.656,6526,17.58,56.9,1
1783525548.8813896,105,4,person,0,617,141,723,310,0.446,670,225,30,-135,1500,1650,0.35,0,0,37.3,46.562,46.656,6526,18.7,53.5,0
1783525548.9284496,106,4,person,0,602,129,744,358,0.533,673,243,33,-117,1500,1527,0.35,0,0,37.3,46.562,46.656,6526,19.45,51.4,0
1783525548.9753616,107,4,person,0,596,120,753,374,0.794,674,247,34,-113,1500,1541,0.35,0,0,37.3,46.562,46.656,6526,19.34,51.7,0
1783525549.0227554,108,4,person,0,593,108,756,378,0.779,674,243,34,-117,1500,1551,0.35,0,0,37.3,46.562,46.656,6526,19.38,51.6,0
1783525549.0647895,109,4,person,0,591,100,757,378,0.774,674,239,34,-121,1500,1553,0.35,0,0,37.3,46.562,46.656,6526,19.48,51.3,0
1783525549.1121402,110,4,person,0,590,95,756,377,0.777,673,236,33,-124,1500,1553,0.35,0,0,37.3,46.562,46.656,6526,18.84,53.1,0
1783525549.1585333,111,4,person,0,589,88,755,375,0.75,672,231,32,-129,1500,1557,0.35,0,0,37.3,46.562,46.656,6526,18.96,52.7,0
1783525549.2044723,112,4,person,0,590,86,753,374,0.777,671,230,31,-130,1500,1553,0.35,0,0,37.3,46.562,46.656,6526,19.1,52.3,0
1783525549.250341,113,4,person,0,590,85,751,374,0.721,670,229,30,-131,1500,1554,0.35,0,0,37.3,46.562,46.656,6526,18.82,53.1,0
1783525549.2950816,114,4,person,0,592,85,749,373,0.714,670,229,30,-131,1500,1553,0.35,0,0,37.3,46.968,46.875,6486,19.06,52.5,0
1783525549.3401163,115,4,person,0,593,85,747,371,0.696,670,228,30,-132,1500,1555,0.35,0,0,37.3,46.968,46.875,6486,19.08,52.4,0
1783525549.3852222,116,4,person,0,595,86,745,370,0.706,670,228,30,-132,1500,1554,0.35,0,0,37.3,46.968,46.875,6486,18.76,53.3,0
1783525549.4312274,117,4,person,0,597,86,744,369,0.686,670,227,30,-133,1500,1555,0.35,0,0,37.3,46.968,46.875,6486,19.51,51.3,0
1783525549.4764495,118,4,person,0,599,86,742,368,0.694,670,227,30,-133,1500,1554,0.35,0,0,37.3,46.968,46.875,6486,19.2,52.1,0
1783525549.5220516,119,4,person,0,601,87,742,370,0.677,671,228,31,-132,1500,1553,0.35,0,0,37.3,46.968,46.875,6486,19.28,51.9,0
1783525549.5729582,120,4,person,0,604,87,742,371,0.726,673,229,33,-131,1500,1553,0.35,0,0,37.3,46.968,46.875,6486,25.05,39.9,0
1783525549.6243749,121,4,person,0,607,88,740,369,0.449,673,228,33,-132,1500,1555,0.35,0,0,37.3,46.968,46.875,6486,25.62,39.0,0
1783525549.6721618,122,4,person,0,609,90,739,370,0.629,674,230,34,-130,1500,1551,0.35,0,0,37.3,46.968,46.875,6486,19.27,51.9,0
1783525549.718359,123,4,person,0,611,90,738,371,0.61,674,230,34,-130,1500,1554,0.35,0,0,37.3,46.968,46.875,6486,18.93,52.8,0
1783525549.764087,124,4,person,0,612,90,737,371,0.528,674,230,34,-130,1500,1554,0.35,0,0,37.3,46.968,46.875,6486,19.56,51.1,0
1783525549.8087742,125,4,person,0,613,90,736,371,0.623,674,230,34,-130,1500,1554,0.35,0,0,37.3,46.687,46.656,6486,18.72,53.4,0
1783525549.8530664,126,4,person,0,631,91,720,287,0.515,675,189,35,-171,1500,1616,0.35,0,0,37.3,46.687,46.656,6486,18.85,53.1,0
1783525549.898482,127,4,person,0,639,93,713,252,0.479,676,172,36,-188,1500,1595,0.35,0,0,37.3,46.687,46.656,6486,18.94,52.8,0
1783525549.94336,128,4,person,0,640,94,712,242,0.517,676,168,36,-192,1500,1583,0.35,0,0,37.3,46.687,46.656,6486,18.82,53.1,0
1783525549.9877636,129,4,person,0,639,94,712,240,0.464,675,167,35,-193,1500,1580,0.35,0,0,37.3,46.687,46.656,6486,18.66,53.6,0
1783525550.0324752,130,4,person,0,638,95,713,240,0.521,675,167,35,-193,1500,1579,0.35,0,0,37.3,46.687,46.656,6486,18.88,53.0,0
1783525550.076236,131,4,person,0,637,97,713,240,0.504,675,168,35,-192,1500,1577,0.35,0,0,37.3,46.687,46.656,6486,18.67,53.6,0
1783525550.120537,132,4,person,0,616,101,732,328,0.634,674,214,34,-146,1500,1508,0.35,0,0,37.3,46.687,46.656,6486,18.57,53.8,0
1783525550.1614969,133,4,person,0,613,106,736,351,0.565,674,228,34,-132,1500,1537,0.35,0,0,37.3,46.687,46.656,6486,18.66,53.6,0
1783525550.2096694,134,4,person,0,611,110,737,366,0.688,674,238,34,-122,1500,1540,0.35,0,0,37.3,46.687,46.656,6486,20.01,50.0,0
1783525550.255194,135,4,person,0,613,123,735,375,0.466,674,249,34,-111,1500,1534,0.35,0,0,37.3,46.687,46.656,6486,18.8,53.2,0
1783525550.296297,136,,,,,,,,,,,,,1500,1500,0.35,0,0,37.3,46.937,46.687,6486,15.88,63.0,1
1783525550.3383727,137,,,,,,,,,,,,,1500,1500,0.35,0,0,37.3,46.937,46.687,6486,15.65,63.9,1
1783525550.3823338,138,4,person,0,615,148,724,375,0.403,669,261,29,-99,1500,1650,0.35,0,0,37.3,46.937,46.687,6486,18.53,54.0,0
1783525550.4281385,139,4,person,0,619,161,718,373,0.511,668,267,28,-93,1500,1530,0.35,0,0,37.3,46.937,46.687,6486,18.82,53.1,0
1783525550.4734194,140,4,person,0,618,152,720,373,0.512,669,262,29,-98,1500,1544,0.35,0,0,37.3,46.937,46.687,6486,18.77,53.3,0
1783525550.5135741,141,,,,,,,,,,,,,1500,1500,0.35,0,0,37.3,46.937,46.687,6486,15.66,63.9,1
1783525550.5541034,142,,,,,,,,,,,,,1500,1500,0.35,0,0,37.3,46.937,46.687,6486,15.74,63.5,1
1783525550.593188,143,,,,,,,,,,,,,1500,1500,0.35,0,0,37.3,46.937,46.687,6486,15.63,64.0,1
1783525550.6326087,144,,,,,,,,,,,,,1500,1500,0.35,0,0,37.3,46.937,46.687,6486,15.76,63.5,1
1783525550.669421,145,,,,,,,,,,,,,1500,1500,0.35,0,0,37.3,46.937,46.687,6486,15.81,63.3,1
1783525550.7101414,146,,,,,,,,,,,,,1500,1500,0.35,0,0,37.3,46.937,46.687,6486,15.61,64.1,1
1783525550.7506654,147,,,,,,,,,,,,,1500,1500,0.35,0,0,37.3,46.937,46.687,6486,15.74,63.5,1
1783525550.7944217,148,,,,,,,,,,,,,1500,1500,0.35,0,0,37.3,46.75,46.625,6486,19.67,50.8,1
1783525550.8341684,149,,,,,,,,,,,,,1500,1500,0.35,0,0,37.3,46.75,46.625,6486,15.84,63.1,1
1783525550.8793461,150,,,,,,,,,,,,,1500,1500,0.35,0,0,37.3,46.75,46.625,6486,21.85,45.8,1
1783525550.9187284,151,,,,,,,,,,,,,1500,1500,0.35,0,0,37.3,46.75,46.625,6486,15.69,63.7,1
1783525550.9577804,152,,,,,,,,,,,,,1500,1500,0.35,0,0,37.3,46.75,46.625,6486,15.7,63.7,1
1783525550.99725,153,,,,,,,,,,,,,1500,1500,0.35,0,0,37.3,46.75,46.625,6486,16.07,62.2,1
1783525551.0362751,154,,,,,,,,,,,,,1500,1500,0.35,0,0,37.3,46.75,46.625,6486,15.74,63.5,1
1783525551.075045,155,,,,,,,,,,,,,1500,1500,0.35,0,0,37.3,46.75,46.625,6486,15.73,63.6,1
1783525551.1132169,156,,,,,,,,,,,,,1500,1500,0.35,0,0,37.3,46.75,46.625,6486,15.66,63.9,1
1783525551.1495812,157,,,,,,,,,,,,,1500,1500,0.35,0,0,37.3,46.75,46.625,6486,15.64,63.9,1
1783525551.1906724,158,,,,,,,,,,,,,1500,1500,0.35,0,0,37.3,46.75,46.625,6486,15.71,63.7,1
1783525551.2310836,159,,,,,,,,,,,,,1500,1500,0.35,0,0,37.3,46.75,46.625,6486,15.92,62.8,1
1783525551.2701688,160,,,,,,,,,,,,,1500,1500,0.35,0,0,37.3,46.75,46.625,6486,15.68,63.8,1
1783525551.309839,161,,,,,,,,,,,,,1500,1500,0.35,0,0,37.3,46.843,46.843,6565,15.58,64.2,1
1783525551.3489811,162,,,,,,,,,,,,,1500,1500,0.35,0,0,37.3,46.843,46.843,6565,15.64,63.9,1
1783525551.391381,163,,,,,,,,,,,,,1500,1500,0.35,0,0,37.3,46.843,46.843,6565,19.13,52.3,1
1783525551.4301615,164,,,,,,,,,,,,,1500,1500,0.35,0,0,37.3,46.843,46.843,6565,15.74,63.5,1
1783525551.469275,165,,,,,,,,,,,,,1500,1500,0.35,0,0,37.3,46.843,46.843,6565,15.78,63.4,1
1783525551.5077069,166,,,,,,,,,,,,,1500,1500,0.35,0,0,37.3,46.843,46.843,6565,15.64,63.9,1
1783525551.5454097,167,,,,,,,,,,,,,1500,1500,0.35,0,0,37.3,46.843,46.843,6565,14.67,68.2,1
1783525551.5841765,168,,,,,,,,,,,,,1500,1500,0.35,0,0,37.3,46.843,46.843,6565,15.64,63.9,1
1783525551.6204627,169,,,,,,,,,,,,,1500,1500,0.35,0,0,37.3,46.843,46.843,6565,15.78,63.4,1
1783525551.6608562,170,,,,,,,,,,,,,1500,1500,0.35,0,0,37.3,46.843,46.843,6565,14.75,67.8,1
1783525551.70161,171,,,,,,,,,,,,,1500,1500,0.35,0,0,37.3,46.843,46.843,6565,15.87,63.0,1
1783525551.7400253,172,,,,,,,,,,,,,1500,1500,0.35,0,0,37.3,46.843,46.843,6565,14.64,68.3,1
1783525551.779467,173,,,,,,,,,,,,,1500,1500,0.35,0,0,37.3,46.843,46.843,6565,15.2,65.8,1
1783525551.8182795,174,,,,,,,,,,,,,1500,1500,0.35,0,0,37.3,46.937,46.687,6565,15.23,65.6,1
1783525551.8569615,175,,,,,,,,,,,,,1500,1500,0.35,0,0,37.3,46.937,46.687,6565,15.38,65.0,1
1783525551.8955758,176,,,,,,,,,,,,,1500,1500,0.35,0,0,37.3,46.937,46.687,6565,15.43,64.8,1
1783525551.9340303,177,,,,,,,,,,,,,1500,1500,0.35,0,0,37.3,46.937,46.687,6565,15.45,64.7,1
1783525551.9720669,178,,,,,,,,,,,,,1500,1500,0.35,0,0,37.3,46.937,46.687,6565,15.2,65.8,1
1783525552.01062,179,,,,,,,,,,,,,1500,1500,0.35,0,0,37.3,46.937,46.687,6565,15.2,65.8,1
1783525552.0525606,180,,,,,,,,,,,,,1500,1500,0.35,0,0,37.3,46.937,46.687,6565,18.73,53.4,1
1783525552.0895677,181,,,,,,,,,,,,,1500,1500,0.35,0,0,37.3,46.937,46.687,6565,16.56,60.4,1
1783525552.130616,182,,,,,,,,,,,,,1500,1500,0.35,0,0,37.3,46.937,46.687,6565,15.43,64.8,1
1783525552.1706772,183,,,,,,,,,,,,,1500,1500,0.35,0,0,37.3,46.937,46.687,6565,15.35,65.1,1
1783525552.2088037,184,,,,,,,,,,,,,1500,1500,0.35,0,0,37.3,46.937,46.687,6565,14.21,70.4,1
1783525552.2478178,185,,,,,,,,,,,,,1500,1500,0.35,0,0,37.3,46.937,46.687,6565,15.36,65.1,1
1783525552.2860408,186,,,,,,,,,,,,,1500,1500,0.35,0,0,37.3,46.937,46.687,6565,14.35,69.7,1
1783525552.3246598,187,,,,,,,,,,,,,1500,1500,0.35,0,0,37.3,46.843,46.812,6605,15.27,65.5,1
1783525552.366555,188,,,,,,,,,,,,,1500,1500,0.35,0,0,37.3,46.843,46.812,6605,17.34,57.7,1
1783525552.4108145,189,5,person,0,626,140,712,337,0.461,669,238,29,-122,1500,1650,0.35,0,0,37.3,46.843,46.812,6605,18.57,53.9,0
1783525552.4518917,190,,,,,,,,,,,,,1500,1500,0.35,0,0,37.3,46.843,46.812,6605,15.92,62.8,1
1783525552.4975986,191,5,person,0,621,122,727,368,0.684,674,245,34,-115,1500,1650,0.35,0,0,37.3,46.843,46.812,6605,18.87,53.0,0
1783525552.5432477,192,5,person,0,619,113,731,372,0.774,675,242,35,-118,1500,1550,0.35,0,0,37.3,46.843,46.812,6605,18.8,53.2,0
1783525552.5843244,193,5,person,0,618,104,732,370,0.665,675,237,35,-123,1500,1555,0.35,0,0,37.3,46.843,46.812,6605,18.71,53.5,0
1783525552.631993,194,5,person,0,618,98,732,367,0.739,675,232,35,-128,1500,1556,0.35,0,0,37.3,46.843,46.812,6605,19.32,51.8,0
1783525552.6783338,195,5,person,0,622,94,728,341,0.657,675,217,35,-143,1500,1573,0.35,0,0,37.3,46.843,46.812,6605,18.95,52.8,0
1783525552.725665,196,5,person,0,620,89,729,343,0.63,674,216,34,-144,1500,1559,0.35,0,0,37.3,46.843,46.812,6605,18.9,52.9,0
1783525552.771002,197,5,person,0,617,86,730,349,0.591,673,217,33,-143,1500,1556,0.35,0,0,37.3,46.843,46.812,6605,18.8,53.2,0
1783525552.815767,198,5,person,0,616,85,731,352,0.602,673,218,33,-142,1500,1556,0.35,0,0,37.3,46.718,46.812,6446,18.65,53.6,0
1783525552.8603623,199,5,person,0,614,85,734,363,0.632,674,224,34,-136,1500,1548,0.35,0,0,37.3,46.718,46.812,6446,18.61,53.7,0
1783525552.9047596,200,5,person,0,613,85,735,368,0.746,674,226,34,-134,1500,1552,0.35,0,0,37.3,46.718,46.812,6446,18.54,53.9,0
1783525552.9491518,201,5,person,0,613,86,734,369,0.803,673,227,33,-133,1500,1553,0.35,0,0,37.3,46.718,46.812,6446,18.44,54.2,0
1783525552.993955,202,5,person,0,613,87,733,370,0.607,673,228,33,-132,1500,1553,0.35,0,0,37.3,46.718,46.812,6446,18.67,53.6,0
1783525553.0382333,203,5,person,0,613,87,732,370,0.742,672,228,32,-132,1500,1554,0.35,0,0,37.3,46.718,46.812,6446,18.68,53.5,0
1783525553.0823078,204,5,person,0,614,87,732,372,0.611,673,229,33,-131,1500,1552,0.35,0,0,37.3,46.718,46.812,6446,18.63,53.7,0
1783525553.1240342,205,5,person,0,630,90,717,288,0.521,673,189,33,-171,1500,1618,0.35,0,0,37.3,46.718,46.812,6446,18.84,53.1,0
1783525553.171088,206,5,person,0,637,91,710,250,0.476,673,170,33,-190,1500,1598,0.35,0,0,37.3,46.718,46.812,6446,18.7,53.5,0
1783525553.2155976,207,,,,,,,,,,,,,1500,1500,0.35,0,0,37.3,46.718,46.812,6446,17.67,56.6,1
1783525553.2627127,208,6,person,0,625,93,718,369,0.446,671,231,31,-129,1500,1650,0.35,0,0,37.3,46.718,46.812,6446,19.09,52.4,0
1783525553.3091593,209,6,person,0,624,93,716,367,0.716,670,230,30,-130,1500,1553,0.35,0,0,37.3,46.718,46.812,6446,18.63,53.7,0
1783525553.3601613,210,6,person,0,624,94,715,362,0.709,669,228,29,-132,1500,1555,0.35,0,0,37.3,46.843,46.906,6446,23.96,41.7,0
1783525553.4048994,211,6,person,0,625,94,716,361,0.713,670,227,30,-133,1500,1554,0.35,0,0,37.3,46.843,46.906,6446,18.84,53.1,0
1783525553.4493608,212,6,person,0,625,96,715,360,0.677,670,228,30,-132,1500,1552,0.35,0,0,37.3,46.843,46.906,6446,18.64,53.6,0
1783525553.4942229,213,6,person,0,626,96,716,359,0.582,671,227,31,-133,1500,1555,0.35,0,0,37.3,46.843,46.906,6446,18.75,53.3,0
1783525553.538739,214,6,person,0,626,98,715,357,0.725,670,227,30,-133,1500,1554,0.35,0,0,37.3,46.843,46.906,6446,18.77,53.3,0
1783525553.582734,215,6,person,0,628,99,716,356,0.648,672,227,32,-133,1500,1554,0.35,0,0,37.3,46.843,46.906,6446,18.64,53.7,0
1783525553.62744,216,6,person,0,628,101,717,355,0.623,672,228,32,-132,1500,1552,0.35,0,0,37.3,46.843,46.906,6446,18.84,53.1,0
1783525553.668928,217,6,person,0,628,102,719,360,0.624,673,231,33,-129,1500,1549,0.35,0,0,37.3,46.843,46.906,6446,18.79,53.2,0
1783525553.71529,218,6,person,0,629,104,720,361,0.555,674,232,34,-128,1500,1551,0.35,0,0,37.3,46.843,46.906,6446,18.69,53.5,0
1783525553.7612576,219,6,person,0,630,107,721,363,0.523,675,235,35,-125,1500,1548,0.35,0,0,37.3,46.843,46.906,6446,18.71,53.5,0
1783525553.8048422,220,,,,,,,,,,,,,1500,1500,0.35,0,0,37.3,46.843,46.906,6446,18.46,54.2,1
1783525553.8509197,221,6,person,0,630,110,722,365,0.39,676,237,36,-123,1500,1650,0.35,0,0,37.3,46.843,47.031,6486,18.75,53.3,0
1783525553.8951223,222,,,,,,,,,,,,,1500,1500,0.35,0,0,37.3,46.843,47.031,6486,17.86,56.0,1
1783525553.9364092,223,,,,,,,,,,,,,1500,1500,0.35,0,0,37.3,46.843,47.031,6486,15.71,63.7,1
1783525553.9787242,224,,,,,,,,,,,,,1500,1500,0.35,0,0,37.3,46.843,47.031,6486,17.75,56.3,1
1783525554.0189366,225,,,,,,,,,,,,,1500,1500,0.35,0,0,37.3,46.843,47.031,6486,15.79,63.3,1
1783525554.0642366,226,6,person,0,650,112,737,361,0.357,693,236,53,-124,1660,1650,0.35,0,0,37.3,46.843,47.031,6486,18.8,53.2,0
1783525554.1055145,227,,,,,,,,,,,,,1500,1500,0.35,0,0,37.3,46.843,47.031,6486,15.71,63.6,1
1783525554.1506379,228,6,person,0,657,113,741,357,0.528,699,235,59,-125,1678,1650,0.35,0,0,37.3,46.843,47.031,6486,18.8,53.2,0
1783525554.1922374,229,6,person,0,645,113,732,356,0.613,688,234,48,-126,1507,1551,0.35,0,0,37.3,46.843,47.031,6486,18.96,52.7,0
1783525554.2395523,230,6,person,0,654,114,740,353,0.511,697,233,57,-127,1549,1552,0.35,0,0,37.3,46.843,47.031,6486,18.98,52.7,0
1783525554.2861893,231,6,person,0,667,114,746,337,0.549,706,225,66,-135,1555,1563,0.35,0,0,37.3,46.843,47.031,6486,18.74,53.4,0
1783525554.3321724,232,6,person,0,673,116,750,330,0.499,711,223,71,-137,1551,1557,0.35,0,0,37.3,46.968,46.843,6407,18.87,53.0,0
1783525554.3774674,233,6,person,0,676,115,753,330,0.612,714,222,74,-138,1550,1556,0.35,0,0,37.3,46.968,46.843,6407,18.69,53.5,0
1783525554.4226148,234,6,person,0,680,115,760,340,0.616,720,227,80,-133,1559,1548,0.35,0,0,37.3,46.968,46.843,6407,18.81,53.2,0
1783525554.4673877,235,6,person,0,683,114,764,346,0.708,723,230,83,-130,1555,1549,0.35,0,0,37.3,46.968,46.843,6407,18.9,52.9,0
1783525554.5119712,236,6,person,0,685,113,768,353,0.749,726,233,86,-127,1557,1548,0.35,0,0,37.3,46.968,46.843,6407,18.71,53.4,0
1783525554.5567114,237,6,person,0,690,115,772,351,0.721,731,233,91,-127,1564,1551,0.35,0,0,37.3,46.968,46.843,6407,18.82,53.1,0
1783525554.601482,238,6,person,0,694,116,775,353,0.726,734,234,94,-126,1562,1550,0.35,0,0,37.3,46.968,46.843,6407,18.77,53.3,0
1783525554.64594,239,6,person,0,696,117,777,355,0.678,736,236,96,-124,1562,1548,0.35,0,0,37.3,46.968,46.843,6407,18.45,54.2,0
1783525554.6962383,240,6,person,0,702,121,779,346,0.663,740,233,100,-127,1567,1555,0.35,0,0,37.3,46.968,46.843,6407,23.82,42.0,0
1783525554.7370203,241,6,person,0,706,122,782,341,0.74,744,231,104,-129,1571,1555,0.35,0,0,37.3,46.968,46.843,6407,18.57,53.8,0
1783525554.7836547,242,6,person,0,711,124,786,342,0.668,748,233,108,-127,1573,1550,0.35,0,0,37.3,46.968,46.843,6407,18.62,53.7,0
1783525554.8298035,243,6,person,0,717,124,791,340,0.663,754,232,114,-128,1580,1554,0.35,0,0,37.3,46.968,46.843,6407,18.7,53.5,0
1783525554.8751798,244,6,person,0,720,124,794,342,0.644,757,233,117,-127,1577,1551,0.35,0,0,37.3,46.906,46.75,6446,18.51,54.0,0
1783525554.9200914,245,6,person,0,725,126,800,344,0.655,762,235,122,-125,1584,1549,0.35,0,0,37.3,46.906,46.75,6446,18.53,54.0,0
1783525554.9654367,246,6,person,0,727,126,804,345,0.639,765,235,125,-125,1582,1552,0.35,0,0,37.3,46.906,46.75,6446,18.65,53.6,0
1783525555.0118241,247,6,person,0,728,128,807,348,0.686,767,238,127,-122,1582,1547,0.35,0,0,37.3,46.906,46.75,6446,20.12,49.7,0
1783525555.0566845,248,6,person,0,730,130,809,347,0.555,769,238,129,-122,1583,1550,0.35,0,0,37.3,46.906,46.75,6446,18.69,53.5,0
1783525555.1013978,249,6,person,0,734,130,813,343,0.421,773,236,133,-124,1589,1553,0.35,0,0,37.3,46.906,46.75,6446,18.7,53.5,0
1783525555.1459196,250,6,person,0,729,131,811,352,0.779,770,241,130,-119,1575,1543,0.35,0,0,37.3,46.906,46.75,6446,18.38,54.4,0
1783525555.19052,251,6,person,0,737,132,818,351,0.496,777,241,137,-119,1597,1549,0.35,0,0,37.3,46.906,46.75,6446,18.61,53.7,0
1783525555.2351158,252,6,person,0,742,132,820,349,0.48,781,240,141,-120,1594,1551,0.35,0,0,37.3,46.906,46.75,6446,18.71,53.5,0
1783525555.2767475,253,6,person,0,745,132,822,346,0.58,783,239,143,-121,1592,1551,0.35,0,0,37.3,46.906,46.75,6446,18.51,54.0,0
1783525555.323608,254,6,person,0,752,132,827,346,0.63,789,239,149,-121,1602,1550,0.35,0,0,37.3,46.906,46.75,6446,18.8,53.2,0
1783525555.3694286,255,6,person,0,757,133,831,344,0.603,794,238,154,-122,1604,1551,0.35,0,0,37.3,47.156,46.812,6486,18.7,53.5,0
1783525555.4146633,256,6,person,0,760,135,834,349,0.751,797,242,157,-118,1602,1544,0.35,0,0,37.3,47.156,46.812,6486,18.57,53.8,0
1783525555.4600747,257,6,person,0,763,136,837,349,0.769,800,242,160,-118,1604,1549,0.35,0,0,37.3,47.156,46.812,6486,18.56,53.9,0
1783525555.5049171,258,6,person,0,764,137,838,350,0.743,801,243,161,-117,1601,1547,0.35,0,0,37.3,47.156,46.812,6486,18.58,53.8,0
1783525555.5478745,259,,,,,,,,,,,,,1500,1500,0.35,0,0,37.3,47.156,46.812,6486,17.71,56.5,1
1783525555.5937605,260,9,person,0,792,142,851,260,0.415,821,201,181,-159,1700,1650,0.35,0,0,37.3,47.156,46.812,6486,18.93,52.8,0
1783525555.6400616,261,9,person,0,794,145,851,260,0.607,822,202,182,-158,1611,1562,0.35,0,0,37.3,47.156,46.812,6486,18.74,53.4,0
1783525555.6852162,262,9,person,0,799,154,852,258,0.532,825,206,185,-154,1616,1557,0.35,0,0,37.3,47.156,46.812,6486,18.88,53.0,0
1783525555.7305694,263,9,person,0,802,159,857,266,0.471,829,212,189,-148,1621,1553,0.35,0,0,37.3,47.156,46.812,6486,19.16,52.2,0
1783525555.7736056,264,,,,,,,,,,,,,1500,1500,0.35,0,0,37.3,47.156,46.812,6486,18.0,55.6,1
1783525555.8093798,265,,,,,,,,,,,,,1500,1500,0.35,0,0,37.3,47.156,46.812,6486,15.79,63.4,1
1783525555.8542187,266,,,,,,,,,,,,,1500,1500,0.35,0,0,37.3,46.968,46.843,6446,17.92,55.8,1
1783525555.9001772,267,11,person,0,862,198,898,248,0.399,880,223,240,-137,1700,1650,0.35,0,0,37.3,46.968,46.843,6446,19.15,52.2,0
1783525555.942084,268,,,,,,,,,,,,,1500,1500,0.35,0,0,37.3,46.968,46.843,6446,15.76,63.5,1
1783525555.9831936,269,,,,,,,,,,,,,1500,1500,0.35,0,0,37.3,46.968,46.843,6446,15.72,63.6,1
1783525556.0263538,270,,,,,,,,,,,,,1500,1500,0.35,0,0,37.3,46.968,46.843,6446,19.42,51.5,1
1783525556.0655637,271,,,,,,,,,,,,,1500,1500,0.35,0,0,37.3,46.968,46.843,6446,15.84,63.1,1
1783525556.1047053,272,,,,,,,,,,,,,1500,1500,0.35,0,0,37.3,46.968,46.843,6446,15.65,63.9,1
1783525556.1435337,273,,,,,,,,,,,,,1500,1500,0.35,0,0,37.3,46.968,46.843,6446,15.61,64.0,1
1783525556.1824534,274,,,,,,,,,,,,,1500,1500,0.35,0,0,37.3,46.968,46.843,6446,15.66,63.9,1
1783525556.2227054,275,,,,,,,,,,,,,1500,1500,0.35,0,0,37.3,46.968,46.843,6446,17.02,58.7,1
1783525556.261521,276,,,,,,,,,,,,,1500,1500,0.35,0,0,37.3,46.968,46.843,6446,15.76,63.4,1
1783525556.2976563,277,,,,,,,,,,,,,1500,1500,0.35,0,0,37.3,46.968,46.843,6446,15.76,63.5,1
1783525556.3389137,278,,,,,,,,,,,,,1500,1500,0.35,0,0,37.3,46.968,46.843,6446,15.74,63.5,1
1783525556.379175,279,,,,,,,,,,,,,1500,1500,0.35,0,0,37.3,46.843,47.062,6526,15.68,63.8,1
1783525556.4188733,280,,,,,,,,,,,,,1500,1500,0.35,0,0,37.3,46.843,47.062,6526,15.76,63.4,1
1783525556.458307,281,,,,,,,,,,,,,1500,1500,0.35,0,0,37.3,46.843,47.062,6526,15.78,63.4,1
1783525556.4972615,282,,,,,,,,,,,,,1500,1500,0.35,0,0,37.3,46.843,47.062,6526,15.8,63.3,1
1783525556.536489,283,,,,,,,,,,,,,1500,1500,0.35,0,0,37.3,46.843,47.062,6526,15.76,63.4,1
1783525556.5752683,284,,,,,,,,,,,,,1500,1500,0.35,0,0,37.3,46.843,47.062,6526,15.69,63.7,1
1783525556.6140435,285,,,,,,,,,,,,,1500,1500,0.35,0,0,37.3,46.843,47.062,6526,15.68,63.8,1
1783525556.6529167,286,,,,,,,,,,,,,1500,1500,0.35,0,0,37.3,46.843,47.062,6526,15.83,63.2,1
1783525556.6919956,287,,,,,,,,,,,,,1500,1500,0.35,0,0,37.3,46.843,47.062,6526,15.81,63.3,1
1783525556.730738,288,,,,,,,,,,,,,1500,1500,0.35,0,0,37.3,46.843,47.062,6526,15.75,63.5,1
1783525556.767325,289,,,,,,,,,,,,,1500,1500,0.35,0,0,37.3,46.843,47.062,6526,15.87,63.0,1
1783525556.8096857,290,,,,,,,,,,,,,1500,1500,0.35,0,0,37.3,46.843,47.062,6526,16.88,59.2,1
1783525556.850243,291,,,,,,,,,,,,,1500,1500,0.35,0,0,37.3,46.843,47.062,6526,15.98,62.6,1
1783525556.8897536,292,,,,,,,,,,,,,1500,1500,0.35,0,0,37.3,46.906,47.093,6526,15.77,63.4,1
1783525556.9293268,293,,,,,,,,,,,,,1500,1500,0.35,0,0,37.3,46.906,47.093,6526,15.9,62.9,1
1783525556.9685864,294,,,,,,,,,,,,,1500,1500,0.35,0,0,37.3,46.906,47.093,6526,15.85,63.1,1
1783525557.0074842,295,,,,,,,,,,,,,1500,1500,0.35,0,0,37.3,46.906,47.093,6526,15.6,64.1,1
1783525557.046563,296,,,,,,,,,,,,,1500,1500,0.35,0,0,37.3,46.906,47.093,6526,15.6,64.1,1
1783525557.0858595,297,,,,,,,,,,,,,1500,1500,0.35,0,0,37.3,46.906,47.093,6526,15.67,63.8,1
1783525557.1248782,298,,,,,,,,,,,,,1500,1500,0.35,0,0,37.3,46.906,47.093,6526,15.66,63.9,1
1783525557.1639936,299,,,,,,,,,,,,,1500,1500,0.35,0,0,37.3,46.906,47.093,6526,15.67,63.8,1
1783525557.2061713,300,,,,,,,,,,,,,1500,1500,0.35,0,0,37.3,46.906,47.093,6526,18.83,53.1,1
1783525557.2421677,301,,,,,,,,,,,,,1500,1500,0.35,0,0,37.3,46.906,47.093,6526,15.53,64.4,1
1783525557.2858443,302,,,,,,,,,,,,,1500,1500,0.35,0,0,37.3,46.906,47.093,6526,17.11,58.5,1
1783525557.3314564,303,12,person,0,880,144,951,244,0.747,915,194,275,-166,1700,1650,0.35,0,0,37.3,46.906,47.093,6526,18.6,53.8,0
1783525557.3777835,304,12,person,0,880,143,953,246,0.791,916,194,276,-166,1667,1566,0.35,0,0,37.3,47.031,46.906,6565,18.4,54.3,0
1783525557.4244862,305,12,person,0,880,142,954,248,0.731,917,195,277,-165,1668,1565,0.35,0,0,37.3,47.031,46.906,6565,19.67,50.8,0
1783525557.469564,306,12,person,0,881,140,956,248,0.719,918,194,278,-166,1669,1568,0.35,0,0,37.3,47.031,46.906,6565,18.79,53.2,0
1783525557.5144982,307,12,person,0,884,137,959,247,0.76,921,192,281,-168,1675,1570,0.35,0,0,37.3,47.031,46.906,6565,18.53,54.0,0
1783525557.559004,308,12,person,0,886,136,961,246,0.766,923,191,283,-169,1675,1569,0.35,0,0,37.3,47.031,46.906,6565,18.84,53.1,0
1783525557.6040034,309,12,person,0,888,136,961,246,0.75,924,191,284,-169,1674,1568,0.35,0,0,37.3,47.031,46.906,6565,18.63,53.7,0
1783525557.648789,310,12,person,0,893,137,964,244,0.785,928,190,288,-170,1682,1570,0.35,0,0,37.3,47.031,46.906,6565,18.71,53.4,0
1783525557.6938202,311,12,person,0,897,138,965,244,0.774,931,191,291,-169,1682,1567,0.35,0,0,37.3,47.031,46.906,6565,18.71,53.5,0
1783525557.7380915,312,12,person,0,901,139,967,243,0.753,934,191,294,-169,1684,1569,0.35,0,0,37.3,47.031,46.906,6565,18.56,53.9,0
1783525557.779051,313,12,person,0,903,140,968,242,0.781,935,191,295,-169,1681,1569,0.35,0,0,37.3,47.031,46.906,6565,18.57,53.8,0
1783525557.8255076,314,12,person,0,906,141,970,242,0.802,938,191,298,-169,1686,1569,0.35,0,0,37.3,47.031,46.906,6565,18.62,53.7,0
1783525557.8713136,315,12,person,0,908,140,973,242,0.796,940,191,300,-169,1686,1569,0.35,0,0,37.3,46.843,46.843,6446,18.92,52.8,0
1783525557.9168277,316,12,person,0,909,140,975,244,0.819,942,192,302,-168,1687,1568,0.35,0,0,37.3,46.843,46.843,6446,18.53,54.0,0
1783525557.9625003,317,12,person,0,909,139,976,243,0.804,942,191,302,-169,1684,1570,0.35,0,0,37.3,46.843,46.843,6446,18.89,52.9,0
1783525558.0112605,318,12,person,0,908,138,977,243,0.8,942,190,302,-170,1684,1571,0.35,0,0,37.3,46.843,46.843,6446,22.46,44.5,0
1783525558.0561974,319,12,person,0,905,138,974,243,0.778,939,190,299,-170,1677,1570,0.35,0,0,37.3,46.843,46.843,6446,18.98,52.7,0
1783525558.1011019,320,12,person,0,901,139,972,244,0.765,936,191,296,-169,1675,1568,0.35,0,0,37.3,46.843,46.843,6446,18.89,52.9,0
1783525558.146313,321,12,person,0,897,139,970,245,0.791,933,192,293,-168,1673,1568,0.35,0,0,37.3,46.843,46.843,6446,18.74,53.4,0
1783525558.191052,322,12,person,0,894,139,969,245,0.797,931,192,291,-168,1674,1569,0.35,0,0,37.3,46.843,46.843,6446,18.96,52.7,0
1783525558.2352655,323,12,person,0,892,138,969,244,0.777,930,191,290,-169,1675,1570,0.35,0,0,37.3,46.843,46.843,6446,18.87,53.0,0
1783525558.279926,324,12,person,0,888,139,966,246,0.757,927,192,287,-168,1669,1568,0.35,0,0,37.3,46.843,46.843,6446,18.69,53.5,0
1783525558.3215275,325,12,person,0,886,140,964,246,0.75,925,193,285,-167,1670,1567,0.35,0,0,37.3,46.843,46.843,6446,18.64,53.6,0
1783525558.3684275,326,12,person,0,884,140,961,245,0.785,922,192,282,-168,1667,1570,0.35,0,0,37.3,46.843,46.843,6446,18.76,53.3,0
1783525558.4139264,327,12,person,0,878,139,957,247,0.744,917,193,277,-167,1660,1567,0.35,0,0,37.3,46.875,47.093,6407,18.64,53.7,0
1783525558.4601772,328,12,person,0,874,140,953,249,0.68,913,194,273,-166,1659,1567,0.35,0,0,37.3,46.875,47.093,6407,19.0,52.6,0
1783525558.5053504,329,12,person,0,874,141,950,247,0.696,912,194,272,-166,1664,1568,0.35,0,0,37.3,46.875,47.093,6407,18.66,53.6,0
1783525558.555788,330,12,person,0,868,140,946,250,0.736,907,195,267,-165,1655,1567,0.35,0,0,37.3,46.875,47.093,6407,24.03,41.6,0
1783525558.604775,331,12,person,0,866,140,943,250,0.742,904,195,264,-165,1656,1568,0.35,0,0,37.3,46.875,47.093,6407,21.85,45.8,0
1783525558.649476,332,12,person,0,863,139,939,250,0.693,901,194,261,-166,1654,1569,0.35,0,0,37.3,46.875,47.093,6407,18.73,53.4,0
1783525558.6951418,333,12,person,0,860,140,934,250,0.729,897,195,257,-165,1650,1566,0.35,0,0,37.3,46.875,47.093,6407,18.62,53.7,0
1783525558.7395613,334,12,person,0,858,140,931,249,0.759,894,194,254,-166,1649,1569,0.35,0,0,37.3,46.875,47.093,6407,18.55,53.9,0
1783525558.7845614,335,12,person,0,856,140,927,248,0.775,891,194,251,-166,1648,1568,0.35,0,0,37.3,46.875,47.093,6407,18.53,54.0,0
1783525558.8288372,336,12,person,0,855,141,923,247,0.731,889,194,249,-166,1648,1568,0.35,0,0,37.3,46.875,47.093,6407,18.78,53.3,0
1783525558.8698137,337,12,person,0,854,140,921,247,0.719,887,193,247,-167,1647,1570,0.35,0,0,37.3,46.875,47.093,6407,18.82,53.1,0
1783525558.9165204,338,12,person,0,847,140,915,248,0.742,881,194,241,-166,1637,1567,0.35,0,0,37.3,47.406,47.156,6446,18.51,54.0,0
1783525558.9627564,339,12,person,0,845,140,910,248,0.731,877,194,237,-166,1638,1568,0.35,0,0,37.3,47.406,47.156,6446,18.7,53.5,0
1783525559.0080774,340,12,person,0,841,141,905,248,0.703,873,194,233,-166,1635,1568,0.35,0,0,37.3,47.406,47.156,6446,18.64,53.6,0
1783525559.0530996,341,12,person,0,832,140,899,253,0.623,865,196,225,-164,1623,1565,0.35,0,0,37.3,47.406,47.156,6446,18.68,53.5,0
1783525559.0979862,342,12,person,0,828,139,895,255,0.649,861,197,221,-163,1628,1566,0.35,0,0,37.3,47.406,47.156,6446,18.73,53.4,0
1783525559.1427462,343,12,person,0,827,138,892,254,0.656,859,196,219,-164,1630,1568,0.35,0,0,37.3,47.406,47.156,6446,18.46,54.2,0
1783525559.1871483,344,12,person,0,822,136,887,254,0.557,854,195,214,-165,1622,1569,0.35,0,0,37.3,47.406,47.156,6446,18.59,53.8,0
1783525559.2320642,345,12,person,0,820,135,883,252,0.591,851,193,211,-167,1624,1571,0.35,0,0,37.3,47.406,47.156,6446,18.8,53.2,0
1783525559.2767162,346,12,person,0,817,135,878,250,0.581,847,192,207,-168,1620,1570,0.35,0,0,37.3,47.406,47.156,6446,18.52,54.0,0
1783525559.3217793,347,12,person,0,802,135,866,254,0.503,834,194,194,-166,1596,1566,0.35,0,0,37.3,47.406,47.156,6446,18.69,53.5,0
1783525559.366909,348,12,person,0,792,133,860,258,0.477,826,195,186,-165,1600,1566,0.35,0,0,37.3,47.406,47.156,6446,18.78,53.2,0
1783525559.4081972,349,12,person,0,787,133,856,259,0.607,821,196,181,-164,1601,1566,0.35,0,0,37.3,47.312,47.187,6486,18.52,54.0,0
1783525559.4553804,350,12,person,0,769,132,864,312,0.751,816,222,176,-138,1600,1529,0.35,0,0,37.3,47.312,47.187,6486,18.9,52.9,0
1783525559.5021884,351,12,person,0,762,133,864,331,0.756,813,232,173,-128,1601,1542,0.35,0,0,37.3,47.312,47.187,6486,18.88,53.0,0
1783525559.5476482,352,12,person,0,753,135,856,340,0.721,804,237,164,-123,1585,1545,0.35,0,0,37.3,47.312,47.187,6486,18.62,53.7,0
1783525559.5936892,353,12,person,0,750,135,851,338,0.743,800,236,160,-124,1592,1552,0.35,0,0,37.3,47.312,47.187,6486,18.84,53.1,0
1783525559.6384487,354,12,person,0,747,135,848,343,0.827,797,239,157,-121,1591,1547,0.35,0,0,37.3,47.312,47.187,6486,18.71,53.4,0
1783525559.6842897,355,12,person,0,745,135,845,348,0.826,795,241,155,-119,1592,1547,0.35,0,0,37.3,47.312,47.187,6486,18.93,52.8,0
1783525559.7291062,356,12,person,0,745,133,841,345,0.753,793,239,153,-121,1591,1552,0.35,0,0,37.3,47.312,47.187,6486,18.78,53.2,0
1783525559.7736576,357,12,person,0,743,133,837,345,0.779,790,239,150,-121,1587,1550,0.35,0,0,37.3,47.312,47.187,6486,18.67,53.6,0
1783525559.8192477,358,12,person,0,742,131,833,348,0.701,787,239,147,-121,1585,1550,0.35,0,0,37.3,47.312,47.187,6486,19.25,52.0,0
1783525559.8640773,359,12,person,0,738,130,828,349,0.71,783,239,143,-121,1581,1550,0.35,0,0,37.3,47.312,47.187,6486,18.78,53.2,0
1783525559.9140966,360,12,person,0,736,130,824,346,0.72,780,238,140,-122,1582,1551,0.35,0,0,37.3,47.312,46.937,6446,24.18,41.3,0
1783525559.9556265,361,12,person,0,732,129,817,344,0.763,774,236,134,-124,1571,1554,0.35,0,0,37.3,47.312,46.937,6446,18.8,53.2,0
1783525560.0030177,362,12,person,0,727,128,813,348,0.765,770,238,130,-122,1574,1548,0.35,0,0,37.3,47.312,46.937,6446,18.93,52.8,0
1783525560.0494683,363,12,person,0,718,126,805,345,0.759,761,235,121,-125,1560,1555,0.35,0,0,37.3,47.312,46.937,6446,18.74,53.4,0
1783525560.0954764,364,12,person,0,713,125,803,350,0.75,758,237,118,-123,1568,1549,0.35,0,0,37.3,47.312,46.937,6446,18.89,53.0,0
1783525560.14103,365,12,person,0,710,125,801,352,0.727,755,238,115,-122,1566,1549,0.35,0,0,37.3,47.312,46.937,6446,18.97,52.7,0
1783525560.1856434,366,12,person,0,709,124,802,354,0.685,755,239,115,-121,1572,1549,0.35,0,0,37.3,47.312,46.937,6446,18.54,53.9,0
1783525560.2306948,367,12,person,0,705,123,799,358,0.657,752,240,112,-120,1564,1548,0.35,0,0,37.3,47.312,46.937,6446,18.8,53.2,0
1783525560.2757401,368,12,person,0,700,121,794,360,0.652,747,240,107,-120,1558,1550,0.35,0,0,37.3,47.312,46.937,6446,18.77,53.3,0
1783525560.3207092,369,12,person,0,695,117,790,360,0.65,742,238,102,-122,1555,1553,0.35,0,0,37.3,47.312,46.937,6446,18.84,53.1,0
1783525560.3661277,370,12,person,0,692,115,787,360,0.698,739,237,99,-123,1557,1552,0.35,0,0,37.3,47.312,46.937,6446,18.96,52.7,0
1783525560.414435,371,12,person,0,691,114,786,362,0.755,738,238,98,-122,1560,1549,0.35,0,0,37.3,47.187,46.937,6446,22.01,45.4,0
1783525560.4586434,372,12,person,0,691,113,783,356,0.667,737,234,97,-126,1559,1556,0.35,0,0,37.3,47.187,46.937,6446,18.8,53.2,0
1783525560.4996872,373,12,person,0,691,113,779,345,0.735,735,229,95,-131,1556,1560,0.35,0,0,37.3,47.187,46.937,6446,18.8,53.2,0
1783525560.5462244,374,12,person,0,685,112,778,364,0.694,731,238,91,-122,1550,1541,0.35,0,0,37.3,47.187,46.937,6446,18.73,53.4,0
1783525560.5927613,375,12,person,0,682,111,774,366,0.681,728,238,88,-122,1550,1550,0.35,0,0,37.3,47.187,46.937,6446,18.68,53.5,0
1783525560.6387002,376,12,person,0,681,111,770,359,0.667,725,235,85,-125,1548,1555,0.35,0,0,37.3,47.187,46.937,6446,18.57,53.9,0
1783525560.6843338,377,12,person,0,678,112,766,358,0.672,722,235,82,-125,1546,1552,0.35,0,0,37.3,47.187,46.937,6446,18.8,53.2,0
1783525560.729329,378,12,person,0,672,111,762,366,0.649,717,238,77,-122,1540,1547,0.35,0,0,37.3,47.187,46.937,6446,18.84,53.1,0
1783525560.7742984,379,12,person,0,670,111,760,366,0.654,715,238,75,-122,1544,1550,0.35,0,0,37.3,47.187,46.937,6446,18.6,53.7,0
1783525560.81846,380,12,person,0,667,112,757,368,0.513,712,240,72,-120,1540,1547,0.35,0,0,37.3,47.187,46.937,6446,18.63,53.7,0
1783525560.8639848,381,12,person,0,669,112,753,352,0.519,711,232,71,-128,1543,1561,0.35,0,0,37.3,47.187,46.937,6446,18.99,52.7,0
1783525560.9089506,382,12,person,0,665,113,751,356,0.609,708,234,68,-126,1538,1550,0.35,0,0,37.3,47.031,46.906,6407,19.03,52.5,0
1783525560.9535496,383,12,person,0,656,112,743,358,0.473,699,235,59,-125,1522,1550,0.35,0,0,37.3,47.031,46.906,6407,18.85,53.0,0
1783525560.9982827,384,12,person,0,655,112,739,349,0.555,697,230,57,-130,1533,1559,0.35,0,0,37.3,47.031,46.906,6407,18.9,52.9,0
1783525561.0398798,385,12,person,0,655,112,732,324,0.409,693,218,53,-142,1527,1573,0.35,0,0,37.3,47.031,46.906,6407,18.66,53.6,0
1783525561.086406,386,12,person,0,638,112,727,355,0.401,682,233,42,-127,1509,1536,0.35,0,0,37.3,47.031,46.906,6407,18.67,53.6,0
1783525561.1330054,387,12,person,0,633,113,725,361,0.474,679,237,39,-123,1430,1546,0.35,0,0,37.3,47.031,46.906,6407,18.64,53.7,0
1783525561.1780367,388,12,person,0,644,116,713,283,0.441,678,199,38,-161,1503,1608,0.35,0,0,37.3,47.031,46.906,6407,18.46,54.2,0
1783525561.2190201,389,,,,,,,,,,,,,1500,1500,0.35,0,0,37.3,47.031,46.906,6407,15.82,63.2,1
1783525561.2642415,390,,,,,,,,,,,,,1500,1500,0.35,0,0,37.3,47.031,46.906,6407,19.57,51.1,1
1783525561.30556,391,,,,,,,,,,,,,1500,1500,0.35,0,0,37.3,47.031,46.906,6407,17.01,58.8,1
1783525561.348192,392,,,,,,,,,,,,,1500,1500,0.35,0,0,37.3,47.031,46.906,6407,17.93,55.8,1
1783525561.3883033,393,,,,,,,,,,,,,1500,1500,0.35,0,0,37.3,47.031,46.906,6407,15.78,63.4,1
1783525561.428,394,,,,,,,,,,,,,1500,1500,0.35,0,0,37.3,47.281,47.156,6526,15.89,62.9,1
1783525561.467375,395,,,,,,,,,,,,,1500,1500,0.35,0,0,37.3,47.281,47.156,6526,15.8,63.3,1
1783525561.5061538,396,,,,,,,,,,,,,1500,1500,0.35,0,0,37.3,47.281,47.156,6526,15.68,63.8,1
1783525561.5416193,397,,,,,,,,,,,,,1500,1500,0.35,0,0,37.3,47.281,47.156,6526,15.65,63.9,1
1783525561.583461,398,,,,,,,,,,,,,1500,1500,0.35,0,0,37.3,47.281,47.156,6526,16.04,62.3,1
1783525561.6253014,399,,,,,,,,,,,,,1500,1500,0.35,0,0,37.3,47.281,47.156,6526,17.25,58.0,1
1783525561.6656423,400,,,,,,,,,,,,,1500,1500,0.35,0,0,37.3,47.281,47.156,6526,15.94,62.7,1
1783525561.7053723,401,,,,,,,,,,,,,1500,1500,0.35,0,0,37.3,47.281,47.156,6526,15.7,63.7,1
1783525561.7442873,402,,,,,,,,,,,,,1500,1500,0.35,0,0,37.3,47.281,47.156,6526,15.6,64.1,1
1783525561.7831657,403,,,,,,,,,,,,,1500,1500,0.35,0,0,37.3,47.281,47.156,6526,15.66,63.8,1
1783525561.8222911,404,,,,,,,,,,,,,1500,1500,0.35,0,0,37.3,47.281,47.156,6526,15.89,62.9,1
1783525561.8615437,405,,,,,,,,,,,,,1500,1500,0.35,0,0,37.3,47.281,47.156,6526,15.94,62.7,1
1783525561.9002736,406,,,,,,,,,,,,,1500,1500,0.35,0,0,37.3,47.281,47.156,6526,15.84,63.1,1
1783525561.9381459,407,,,,,,,,,,,,,1500,1500,0.35,0,0,37.3,47.125,47.312,6526,14.73,67.9,1
1783525561.9761395,408,,,,,,,,,,,,,1500,1500,0.35,0,0,37.3,47.125,47.312,6526,14.61,68.4,1
1783525562.0106783,409,,,,,,,,,,,,,1500,1500,0.35,0,0,37.3,47.125,47.312,6526,14.65,68.3,1
1783525562.0520003,410,,,,,,,,,,,,,1500,1500,0.35,0,0,37.3,47.125,47.312,6526,15.77,63.4,1
1783525562.0925798,411,,,,,,,,,,,,,1500,1500,0.35,0,0,37.3,47.125,47.312,6526,15.78,63.4,1
1783525562.1319413,412,,,,,,,,,,,,,1500,1500,0.35,0,0,37.3,47.125,47.312,6526,15.66,63.9,1
1783525562.1719892,413,,,,,,,,,,,,,1500,1500,0.35,0,0,37.3,47.125,47.312,6526,15.52,64.4,1
1783525562.2147207,414,,,,,,,,,,,,,1500,1500,0.35,0,0,37.3,47.125,47.312,6526,19.75,50.6,1
1783525562.2538838,415,,,,,,,,,,,,,1500,1500,0.35,0,0,37.3,47.125,47.312,6526,15.92,62.8,1
1783525562.292533,416,,,,,,,,,,,,,1500,1500,0.35,0,0,37.3,47.125,47.312,6526,15.81,63.3,1
1783525562.3315058,417,,,,,,,,,,,,,1500,1500,0.35,0,0,37.3,47.125,47.312,6526,15.74,63.5,1
1783525562.3701172,418,,,,,,,,,,,,,1500,1500,0.35,0,0,37.3,47.125,47.312,6526,15.91,62.9,1
1783525562.408823,419,,,,,,,,,,,,,1500,1500,0.35,0,0,37.3,47.125,47.312,6526,15.58,64.2,1
1783525562.451488,420,,,,,,,,,,,,,1500,1500,0.35,0,0,37.3,47.0,47.312,6526,19.36,51.7,1
1783525562.4883308,421,,,,,,,,,,,,,1500,1500,0.35,0,0,37.3,47.0,47.312,6526,16.78,59.6,1
1783525562.5287945,422,,,,,,,,,,,,,1500,1500,0.35,0,0,37.3,47.0,47.312,6526,15.35,65.2,1
1783525562.5688107,423,,,,,,,,,,,,,1500,1500,0.35,0,0,37.3,47.0,47.312,6526,15.32,65.3,1
1783525562.6081483,424,,,,,,,,,,,,,1500,1500,0.35,0,0,37.3,47.0,47.312,6526,15.2,65.8,1
1783525562.6485066,425,,,,,,,,,,,,,1500,1500,0.35,0,0,37.3,47.0,47.312,6526,15.4,64.9,1
1783525562.6869678,426,,,,,,,,,,,,,1500,1500,0.35,0,0,37.3,47.0,47.312,6526,15.36,65.1,1
1783525562.7261622,427,,,,,,,,,,,,,1500,1500,0.35,0,0,37.3,47.0,47.312,6526,15.66,63.9,1
1783525562.7648108,428,,,,,,,,,,,,,1500,1500,0.35,0,0,37.3,47.0,47.312,6526,15.52,64.4,1
1783525562.8037229,429,,,,,,,,,,,,,1500,1500,0.35,0,0,37.3,47.0,47.312,6526,15.42,64.9,1
1783525562.8417168,430,,,,,,,,,,,,,1500,1500,0.35,0,0,37.3,47.0,47.312,6526,15.15,66.0,1
1783525562.8802497,431,,,,,,,,,,,,,1500,1500,0.35,0,0,37.3,47.0,47.312,6526,15.32,65.3,1
1783525562.918686,432,,,,,,,,,,,,,1500,1500,0.35,0,0,37.3,47.0,47.312,6526,15.48,64.6,1
1783525562.9541378,433,,,,,,,,,,,,,1500,1500,0.35,0,0,37.3,47.156,47.062,6526,15.53,64.4,1
1783525562.994965,434,,,,,,,,,,,,,1500,1500,0.35,0,0,37.3,47.156,47.062,6526,15.44,64.8,1
1783525563.034906,435,,,,,,,,,,,,,1500,1500,0.35,0,0,37.3,47.156,47.062,6526,15.4,64.9,1
1783525563.0743678,436,,,,,,,,,,,,,1500,1500,0.35,0,0,37.3,47.156,47.062,6526,15.24,65.6,1
1783525563.113909,437,,,,,,,,,,,,,1500,1500,0.35,0,0,37.3,47.156,47.062,6526,15.21,65.7,1
1783525563.152472,438,,,,,,,,,,,,,1500,1500,0.35,0,0,37.3,47.156,47.062,6526,15.26,65.5,1
1783525563.191645,439,,,,,,,,,,,,,1500,1500,0.35,0,0,37.3,47.156,47.062,6526,15.38,65.0,1
1783525563.233137,440,,,,,,,,,,,,,1500,1500,0.35,0,0,37.3,47.156,47.062,6526,17.2,58.1,1
1783525563.2772233,441,14,person,0,630,153,708,302,0.531,669,227,29,-133,1500,1650,0.35,0,0,37.3,47.156,47.062,6526,18.38,54.4,0
1783525563.3177004,442,,,,,,,,,,,,,1500,1500,0.35,0,0,37.3,47.156,47.062,6526,15.84,63.1,1
1783525563.3628683,443,14,person,0,614,132,735,364,0.505,674,248,34,-112,1500,1650,0.35,0,0,37.3,47.156,47.062,6526,18.78,53.2,0
1783525563.4087205,444,14,person,0,611,123,741,375,0.619,676,249,36,-111,1500,1543,0.35,0,0,37.3,47.156,47.062,6526,18.83,53.1,0
1783525563.4498727,445,14,person,0,609,112,743,375,0.693,676,243,36,-117,1500,1554,0.35,0,0,37.3,47.156,47.062,6526,18.42,54.3,0
1783525563.4967556,446,14,person,0,607,106,744,376,0.605,675,241,35,-119,1500,1550,0.35,0,0,37.3,47.156,47.062,6526,18.72,53.4,0
1783525563.542476,447,14,person,0,607,101,744,377,0.649,675,239,35,-121,1500,1551,0.35,0,0,37.3,47.156,47.062,6526,18.48,54.1,0
1783525563.5878692,448,14,person,0,607,97,744,377,0.731,675,237,35,-123,1500,1552,0.35,0,0,37.3,47.156,47.062,6526,18.76,53.3,0
1783525563.6327405,449,14,person,0,607,95,744,378,0.694,675,236,35,-124,1500,1551,0.35,0,0,37.3,47.156,47.062,6526,18.93,52.8,0
1783525563.6840131,450,14,person,0,609,94,743,376,0.684,676,235,36,-125,1500,1551,0.35,0,0,37.3,47.156,47.062,6526,25.08,39.9,0
1783525563.728915,451,14,person,0,618,92,733,334,0.587,675,213,35,-147,1500,1584,0.35,0,0,37.3,47.156,47.062,6526,18.96,52.7,0
1783525563.7739596,452,14,person,0,613,92,738,360,0.672,675,226,35,-134,1500,1540,0.35,0,0,37.3,47.156,47.062,6526,18.57,53.8,0
1783525563.8191938,453,14,person,0,612,90,739,367,0.633,675,228,35,-132,1500,1551,0.35,0,0,37.3,47.156,47.062,6526,18.69,53.5,0
1783525563.8640358,454,14,person,0,627,92,725,301,0.532,676,196,36,-164,1500,1602,0.35,0,0,37.3,47.156,47.062,6526,18.84,53.1,0
1783525563.9097536,455,14,person,0,636,93,717,261,0.606,676,177,36,-183,1500,1595,0.35,0,0,37.3,47.156,47.062,6526,18.51,54.0,0
1783525563.9545896,456,14,person,0,639,94,715,248,0.597,677,171,37,-189,1500,1583,0.35,0,0,37.3,47.468,47.218,6486,18.68,53.5,0
1783525563.995869,457,14,person,0,640,94,716,245,0.609,678,169,38,-191,1500,1580,0.35,0,0,37.3,47.468,47.218,6486,18.96,52.8,0
1783525564.0429099,458,14,person,0,640,94,716,244,0.693,678,169,38,-191,1500,1578,0.35,0,0,37.3,47.468,47.218,6486,18.67,53.6,0
1783525564.0884962,459,14,person,0,639,94,716,243,0.622,677,168,37,-192,1500,1579,0.35,0,0,37.3,47.468,47.218,6486,18.96,52.7,0
1783525564.1330621,460,14,person,0,639,94,717,243,0.636,678,168,38,-192,1500,1578,0.35,0,0,37.3,47.468,47.218,6486,18.72,53.4,0
1783525564.1770928,461,14,person,0,639,95,718,243,0.694,678,169,38,-191,1500,1577,0.35,0,0,37.3,47.468,47.218,6486,18.61,53.7,0
1783525564.2209656,462,14,person,0,638,95,718,244,0.649,678,169,38,-191,1500,1578,0.35,0,0,37.3,47.468,47.218,6486,18.53,54.0,0
1783525564.2651675,463,14,person,0,637,95,719,244,0.605,678,169,38,-191,1500,1578,0.35,0,0,37.3,47.468,47.218,6486,18.77,53.3,0
1783525564.3086329,464,14,person,0,636,95,719,245,0.609,677,170,37,-190,1500,1576,0.35,0,0,37.3,47.468,47.218,6486,18.59,53.8,0
1783525564.3521223,465,14,person,0,635,95,720,247,0.692,677,171,37,-189,1500,1576,0.35,0,0,37.3,47.468,47.218,6486,18.57,53.9,0
1783525564.3963513,466,14,person,0,635,95,720,247,0.623,677,171,37,-189,1500,1577,0.35,0,0,37.3,47.468,47.218,6486,18.95,52.8,0
1783525564.4398239,467,14,person,0,634,95,721,248,0.67,677,171,37,-189,1500,1577,0.35,0,0,37.3,47.468,47.218,6486,18.63,53.7,0
1783525564.4831364,468,14,person,0,633,95,722,252,0.598,677,173,37,-187,1500,1574,0.35,0,0,37.3,47.093,47.093,6446,18.81,53.2,0
1783525564.524543,469,14,person,0,626,94,730,282,0.549,678,188,38,-172,1500,1552,0.35,0,0,37.3,47.093,47.093,6446,18.62,53.7,0
1783525564.571684,470,14,person,0,624,94,733,294,0.525,678,194,38,-166,1500,1562,0.35,0,0,37.3,47.093,47.093,6446,18.67,53.6,0
1783525564.622037,471,14,person,0,623,93,734,298,0.575,678,195,38,-165,1500,1567,0.35,0,0,37.3,47.093,47.093,6446,23.46,42.6,0
1783525564.6673205,472,14,person,0,616,93,743,335,0.614,679,214,39,-146,1500,1539,0.35,0,0,37.3,47.093,47.093,6446,18.79,53.2,0
1783525564.7137094,473,14,person,0,613,93,749,360,0.758,681,226,41,-134,1595,1542,0.35,0,0,37.3,47.093,47.093,6446,18.88,53.0,0
1783525564.759102,474,14,person,0,614,93,751,368,0.778,682,230,42,-130,1527,1549,0.35,0,0,37.3,47.093,47.093,6446,18.87,53.0,0
1783525564.80406,475,14,person,0,616,95,752,373,0.805,684,234,44,-126,1530,1547,0.35,0,0,37.3,47.093,47.093,6446,18.81,53.2,0
1783525564.8492656,476,14,person,0,627,96,760,374,0.763,693,235,53,-125,1547,1550,0.35,0,0,37.3,47.093,47.093,6446,18.75,53.3,0
1783525564.8949323,477,14,person,0,635,96,766,377,0.753,700,236,60,-124,1548,1550,0.35,0,0,37.3,47.093,47.093,6446,19.09,52.4,0
1783525564.9398222,478,14,person,0,641,97,768,379,0.785,704,238,64,-122,1545,1548,0.35,0,0,37.3,47.093,47.093,6446,18.74,53.4,0
1783525564.9847393,479,14,person,0,647,97,771,377,0.794,709,237,69,-123,1550,1552,0.35,0,0,37.3,47.437,47.156,6407,18.7,53.5,0
1783525565.0352552,480,14,person,0,653,97,772,372,0.802,712,234,72,-126,1548,1555,0.35,0,0,37.3,47.437,47.156,6407,24.05,41.6,0
1783525565.0779908,481,14,person,0,659,97,775,370,0.769,717,233,77,-127,1556,1553,0.35,0,0,37.3,47.437,47.156,6407,20.31,49.2,0
1783525565.1256437,482,14,person,0,668,97,780,368,0.796,724,232,84,-128,1562,1554,0.35,0,0,37.3,47.437,47.156,6407,19.0,52.6,0
1783525565.171898,483,14,person,0,673,96,785,367,0.82,729,231,89,-129,1563,1554,0.35,0,0,37.3,47.437,47.156,6407,18.65,53.6,0
1783525565.222439,484,14,person,0,678,96,789,368,0.797,733,232,93,-128,1563,1552,0.35,0,0,37.3,47.437,47.156,6407,23.49,42.6,0
1783525565.2673504,485,14,person,0,682,96,792,370,0.801,737,233,97,-127,1566,1551,0.35,0,0,37.3,47.437,47.156,6407,18.66,53.6,0
1783525565.3121834,486,14,person,0,687,94,797,372,0.763,742,233,102,-127,1571,1552,0.35,0,0,37.3,47.437,47.156,6407,18.57,53.9,0
1783525565.3573666,487,14,person,0,692,93,800,371,0.774,746,232,106,-128,1572,1554,0.35,0,0,37.3,47.437,47.156,6407,18.82,53.1,0
1783525565.4020681,488,14,person,0,696,93,803,369,0.78,749,231,109,-129,1572,1554,0.35,0,0,37.3,47.437,47.156,6407,18.73,53.4,0
1783525565.447129,489,14,person,0,697,92,805,371,0.797,751,231,111,-129,1571,1553,0.35,0,0,37.3,47.437,47.156,6407,18.97,52.7,0
1783525565.491378,490,14,person,0,699,92,807,373,0.787,753,232,113,-128,1573,1552,0.35,0,0,37.4,47.218,47.093,6407,18.6,53.8,0
1783525565.5359607,491,14,person,0,699,91,807,375,0.803,753,233,113,-127,1569,1551,0.35,0,0,37.4,47.218,47.093,6407,18.7,53.5,0
1783525565.5810435,492,14,person,0,700,91,809,377,0.804,754,234,114,-126,1572,1551,0.35,0,0,37.4,47.218,47.093,6407,18.84,53.1,0
1783525565.622077,493,14,person,0,701,90,810,380,0.803,755,235,115,-125,1573,1550,0.35,0,0,37.4,47.218,47.093,6407,18.7,53.5,0
1783525565.6688306,494,14,person,0,702,90,810,380,0.815,756,235,116,-125,1573,1552,0.35,0,0,37.4,47.218,47.093,6407,18.71,53.5,0
1783525565.7142334,495,14,person,0,705,87,813,379,0.779,759,233,119,-127,1579,1555,0.35,0,0,37.4,47.218,47.093,6407,18.6,53.8,0
1783525565.7602522,496,14,person,0,707,85,815,379,0.799,761,232,121,-128,1578,1554,0.35,0,0,37.4,47.218,47.093,6407,18.85,53.0,0
1783525565.8052602,497,14,person,0,709,82,817,377,0.797,763,229,123,-131,1580,1557,0.35,0,0,37.4,47.218,47.093,6407,18.66,53.6,0
1783525565.850806,498,14,person,0,711,79,819,376,0.842,765,227,125,-133,1581,1557,0.35,0,0,37.4,47.218,47.093,6407,18.48,54.1,0
1783525565.8960485,499,14,person,0,712,78,819,375,0.833,765,226,125,-134,1578,1556,0.35,0,0,37.4,47.218,47.093,6407,18.93,52.8,0
1783525565.9408112,500,14,person,0,713,77,821,376,0.852,767,226,127,-134,1582,1555,0.35,0,0,37.4,47.218,47.093,6407,18.68,53.5,0
1783525565.986016,501,14,person,0,716,76,824,377,0.845,770,226,130,-134,1586,1555,0.35,0,0,37.4,47.5,47.062,6446,19.13,52.3,0
1783525566.0311794,502,14,person,0,717,74,827,379,0.854,772,226,132,-134,1585,1555,0.35,0,0,37.4,47.5,47.062,6446,18.95,52.8,0
1783525566.0761938,503,14,person,0,718,74,829,381,0.85,773,227,133,-133,1584,1554,0.35,0,0,37.4,47.5,47.062,6446,18.7,53.5,0
1783525566.1213224,504,14,person,0,720,73,833,387,0.857,776,230,136,-130,1589,1550,0.35,0,0,37.4,47.5,47.062,6446,18.73,53.4,0
1783525566.16275,505,14,person,0,723,73,837,390,0.873,780,231,140,-129,1594,1552,0.35,0,0,37.4,47.5,47.062,6446,18.74,53.4,0
1783525566.209526,506,14,person,0,725,73,840,391,0.858,782,232,142,-128,1591,1552,0.35,0,0,37.4,47.5,47.062,6446,18.55,53.9,0
1783525566.255351,507,14,person,0,727,73,844,392,0.85,785,232,145,-128,1595,1553,0.35,0,0,37.4,47.5,47.062,6446,18.7,53.5,0
1783525566.3010054,508,14,person,0,728,72,847,396,0.845,787,234,147,-126,1594,1550,0.35,0,0,37.4,47.5,47.062,6446,18.69,53.5,0
1783525566.3464003,509,14,person,0,732,72,851,397,0.859,791,234,151,-126,1600,1552,0.35,0,0,37.4,47.5,47.062,6446,18.46,54.2,0
1783525566.3978813,510,14,person,0,734,70,854,397,0.879,794,233,154,-127,1600,1553,0.35,0,0,37.4,47.5,47.062,6446,24.18,41.4,0
1783525566.446789,511,14,person,0,735,68,857,397,0.873,796,232,156,-128,1599,1554,0.35,0,0,37.4,47.5,47.062,6446,22.68,44.1,0
1783525566.49238,512,14,person,0,735,66,859,399,0.896,797,232,157,-128,1598,1553,0.35,0,0,37.4,47.375,47.093,6486,19.06,52.5,0
1783525566.5379922,513,14,person,0,734,63,860,399,0.907,797,231,157,-129,1597,1554,0.35,0,0,37.4,47.375,47.093,6486,18.6,53.8,0
1783525566.5839047,514,14,person,0,732,59,860,396,0.906,796,227,156,-133,1594,1559,0.35,0,0,37.4,47.375,47.093,6486,18.59,53.8,0
1783525566.6294744,515,14,person,0,730,58,861,400,0.901,795,229,155,-131,1594,1552,0.35,0,0,37.4,47.375,47.093,6486,18.77,53.3,0
1783525566.6747897,516,14,person,0,729,56,863,402,0.886,796,229,156,-131,1598,1554,0.35,0,0,37.4,47.375,47.093,6486,18.45,54.2,0
1783525566.715775,517,14,person,0,727,54,863,403,0.891,795,228,155,-132,1594,1556,0.35,0,0,37.4,47.375,47.093,6486,18.61,53.7,0
1783525566.7622924,518,14,person,0,724,53,862,405,0.891,793,229,153,-131,1591,1553,0.35,0,0,37.4,47.375,47.093,6486,18.73,53.4,0
1783525566.808418,519,14,person,0,722,53,862,406,0.882,792,229,152,-131,1592,1554,0.35,0,0,37.4,47.375,47.093,6486,18.61,53.7,0
1783525566.8542113,520,14,person,0,722,52,862,406,0.9,792,229,152,-131,1594,1554,0.35,0,0,37.4,47.375,47.093,6486,18.99,52.7,0
1783525566.9000354,521,14,person,0,720,48,862,408,0.893,791,228,151,-132,1591,1555,0.35,0,0,37.4,47.375,47.093,6486,18.78,53.2,0
1783525566.945527,522,14,person,0,719,46,862,405,0.888,790,225,150,-135,1591,1559,0.35,0,0,37.4,47.375,47.093,6486,18.53,54.0,0
1783525566.9919224,523,14,person,0,718,44,860,404,0.88,789,224,149,-136,1590,1557,0.35,0,0,37.4,47.5,47.468,6446,19.15,52.2,0
1783525567.0383399,524,14,person,0,716,44,858,404,0.868,787,224,147,-136,1587,1556,0.35,0,0,37.4,47.5,47.468,6446,19.65,50.9,0
1783525567.0851526,525,14,person,0,714,41,856,404,0.876,785,222,145,-138,1586,1559,0.35,0,0,37.4,47.5,47.468,6446,18.93,52.8,0
1783525567.130749,526,14,person,0,713,40,856,404,0.878,784,222,144,-138,1587,1557,0.35,0,0,37.4,47.5,47.468,6446,18.92,52.8,0
1783525567.1758757,527,14,person,0,713,41,855,407,0.876,784,224,144,-136,1589,1554,0.35,0,0,37.4,47.5,47.468,6446,18.62,53.7,0
1783525567.2209554,528,14,person,0,711,37,855,409,0.888,783,223,143,-137,1587,1557,0.35,0,0,37.4,47.5,47.468,6446,18.84,53.1,0
1783525567.262729,529,14,person,0,711,36,854,411,0.886,782,223,142,-137,1586,1556,0.35,0,0,37.4,47.5,47.468,6446,18.89,52.9,0
1783525567.3094316,530,14,person,0,711,35,854,411,0.884,782,223,142,-137,1588,1556,0.35,0,0,37.4,47.5,47.468,6446,18.66,53.6,0
1783525567.3553252,531,14,person,0,711,34,854,412,0.875,782,223,142,-137,1588,1556,0.35,0,0,37.4,47.5,47.468,6446,18.76,53.3,0
1783525567.4012153,532,14,person,0,712,34,854,412,0.879,783,223,143,-137,1590,1556,0.35,0,0,37.4,47.5,47.468,6446,18.94,52.8,0
1783525567.4475217,533,14,person,0,714,32,856,412,0.889,785,222,145,-138,1593,1558,0.35,0,0,37.4,47.5,47.468,6446,18.89,52.9,0
1783525567.4940138,534,14,person,0,715,32,857,413,0.896,786,222,146,-138,1592,1557,0.35,0,0,37.4,47.343,47.187,6644,19.1,52.4,0
1783525567.539084,535,14,person,0,716,32,856,412,0.891,786,222,146,-138,1590,1557,0.35,0,0,37.4,47.343,47.187,6644,18.58,53.8,0
1783525567.5838838,536,14,person,0,715,33,856,413,0.893,785,223,145,-137,1588,1555,0.35,0,0,37.4,47.343,47.187,6644,18.52,54.0,0
1783525567.631574,537,14,person,0,717,33,856,412,0.892,786,222,146,-138,1592,1558,0.35,0,0,37.4,47.343,47.187,6644,20.33,49.2,0
1783525567.676287,538,14,person,0,720,34,858,412,0.884,789,223,149,-137,1597,1555,0.35,0,0,37.4,47.343,47.187,6644,18.57,53.9,0
1783525567.721801,539,14,person,0,727,36,864,412,0.861,795,224,155,-136,1606,1555,0.35,0,0,37.4,47.343,47.187,6644,18.72,53.4,0
1783525567.7731354,540,14,person,0,734,37,867,409,0.839,800,223,160,-137,1606,1557,0.35,0,0,37.4,47.343,47.187,6644,24.5,40.8,0
1783525567.8140793,541,14,person,0,740,42,868,406,0.825,804,224,164,-136,1609,1555,0.35,0,0,37.4,47.343,47.187,6644,18.5,54.0,0
1783525567.8619223,542,14,person,0,744,45,870,407,0.833,807,226,167,-134,1608,1553,0.35,0,0,37.4,47.343,47.187,6644,18.97,52.7,0
1783525567.9089673,543,14,person,0,747,49,869,406,0.85,808,227,168,-133,1605,1554,0.35,0,0,37.4,47.343,47.187,6644,18.55,53.9,0
1783525567.9546053,544,14,person,0,747,52,868,409,0.846,807,230,167,-130,1601,1550,0.35,0,0,37.4,47.343,47.187,6644,18.73,53.4,0
1783525568.0009685,545,14,person,0,748,55,867,409,0.847,807,232,167,-128,1603,1551,0.35,0,0,37.4,47.281,47.312,6526,18.7,53.5,0
1783525568.0461624,546,14,person,0,748,57,866,409,0.872,807,233,167,-127,1603,1551,0.35,0,0,37.4,47.281,47.312,6526,18.69,53.5,0
1783525568.0922036,547,14,person,0,749,58,866,410,0.878,807,234,167,-126,1603,1551,0.35,0,0,37.4,47.281,47.312,6526,18.93,52.8,0
1783525568.1369388,548,14,person,0,749,60,865,409,0.882,807,234,167,-126,1603,1552,0.35,0,0,37.4,47.281,47.312,6526,18.58,53.8,0
1783525568.1817496,549,14,person,0,750,61,865,405,0.885,807,233,167,-127,1603,1553,0.35,0,0,37.4,47.281,47.312,6526,18.57,53.8,0
1783525568.2312837,550,14,person,0,751,63,864,401,0.879,807,232,167,-128,1603,1554,0.35,0,0,37.4,47.281,47.312,6526,22.71,44.0,0
1783525568.2766788,551,14,person,0,752,65,864,398,0.887,808,231,168,-129,1605,1554,0.35,0,0,37.4,47.281,47.312,6526,18.49,54.1,0
1783525568.3219974,552,14,person,0,750,65,862,397,0.847,806,231,166,-129,1599,1553,0.35,0,0,37.4,47.281,47.312,6526,18.66,53.6,0
1783525568.3632832,553,14,person,0,748,66,860,396,0.854,804,231,164,-129,1597,1553,0.35,0,0,37.4,47.281,47.312,6526,18.66,53.6,0
1783525568.4100692,554,14,person,0,742,68,855,394,0.843,798,231,158,-129,1587,1553,0.35,0,0,37.4,47.281,47.312,6526,18.67,53.6,0
1783525568.456716,555,14,person,0,738,72,852,395,0.875,795,233,155,-127,1590,1550,0.35,0,0,37.4,47.281,47.312,6526,18.64,53.7,0
1783525568.502384,556,14,person,0,736,74,849,394,0.87,792,234,152,-126,1588,1551,0.35,0,0,37.4,47.25,47.062,6446,18.67,53.6,0
1783525568.548249,557,14,person,0,730,76,845,394,0.877,787,235,147,-125,1582,1550,0.35,0,0,37.4,47.25,47.062,6446,18.79,53.2,0
1783525568.5944197,558,14,person,0,728,78,844,396,0.865,786,237,146,-123,1588,1549,0.35,0,0,37.4,47.25,47.062,6446,18.87,53.0,0
1783525568.6405604,559,14,person,0,728,80,843,397,0.875,785,238,145,-122,1588,1549,0.35,0,0,37.4,47.25,47.062,6446,18.77,53.3,0
1783525568.685973,560,14,person,0,726,83,838,393,0.861,782,238,142,-122,1582,1550,0.35,0,0,37.4,47.25,47.062,6446,18.75,53.3,0
1783525568.7322004,561,14,person,0,725,84,836,392,0.846,780,238,140,-122,1583,1550,0.35,0,0,37.4,47.25,47.062,6446,18.71,53.4,0
1783525568.7772994,562,14,person,0,722,85,832,390,0.818,777,237,137,-123,1579,1552,0.35,0,0,37.4,47.25,47.062,6446,18.51,54.0,0
1783525568.826862,563,14,person,0,720,85,829,389,0.833,774,237,134,-123,1578,1551,0.35,0,0,37.4,47.25,47.062,6446,22.12,45.2,0
1783525568.8721426,564,14,person,0,718,85,826,387,0.841,772,236,132,-124,1578,1552,0.35,0,0,37.4,47.25,47.062,6446,18.75,53.3,0
1783525568.9131544,565,14,person,0,717,85,824,386,0.829,770,235,130,-125,1577,1553,0.35,0,0,37.4,47.25,47.062,6446,18.7,53.5,0
1783525568.9606493,566,14,person,0,716,85,822,387,0.84,769,236,129,-124,1578,1550,0.35,0,0,37.4,47.25,47.062,6446,18.91,52.9,0
1783525569.0065343,567,14,person,0,715,85,820,387,0.854,767,236,127,-124,1575,1551,0.35,0,0,37.4,47.312,47.281,6407,18.67,53.6,0
1783525569.0519738,568,14,person,0,714,87,818,383,0.86,766,235,126,-125,1576,1553,0.35,0,0,37.4,47.312,47.281,6407,18.71,53.4,0
1783525569.0978537,569,14,person,0,712,89,814,380,0.851,763,234,123,-126,1571,1553,0.35,0,0,37.4,47.312,47.281,6407,18.77,53.3,0
1783525569.149302,570,14,person,0,709,91,809,377,0.833,759,234,119,-126,1568,1552,0.35,0,0,37.4,47.312,47.281,6407,24.45,40.9,0
1783525569.196733,571,14,person,0,706,92,806,377,0.83,756,234,116,-126,1567,1552,0.35,0,0,37.4,47.312,47.281,6407,20.2,49.5,0
1783525569.2427552,572,14,person,0,705,94,804,377,0.825,754,235,114,-125,1567,1550,0.35,0,0,37.4,47.312,47.281,6407,18.45,54.2,0
1783525569.288383,573,14,person,0,703,97,802,377,0.832,752,237,112,-123,1566,1549,0.35,0,0,37.4,47.312,47.281,6407,19.23,52.0,0
1783525569.3339646,574,14,person,0,700,99,799,375,0.814,749,237,109,-123,1563,1551,0.35,0,0,37.4,47.312,47.281,6407,19.19,52.1,0
1783525569.3805501,575,14,person,0,699,100,797,374,0.787,748,237,108,-123,1566,1551,0.35,0,0,37.4,47.312,47.281,6407,18.8,53.2,0
1783525569.4293182,576,14,person,0,698,100,796,374,0.785,747,237,107,-123,1565,1551,0.35,0,0,37.4,47.312,47.281,6407,22.29,44.9,0
1783525569.4702926,577,14,person,0,696,101,793,369,0.763,744,235,104,-125,1559,1554,0.35,0,0,37.4,47.312,47.281,6407,18.78,53.3,0
1783525569.5170915,578,14,person,0,693,102,789,367,0.794,741,234,101,-126,1558,1553,0.35,0,0,37.4,47.281,47.343,6446,18.8,53.2,0
1783525569.5636213,579,14,person,0,693,102,788,367,0.797,740,234,100,-126,1561,1552,0.35,0,0,37.4,47.281,47.343,6446,19.05,52.5,0
1783525569.6088426,580,14,person,0,693,103,786,366,0.808,739,234,99,-126,1560,1552,0.35,0,0,37.4,47.281,47.343,6446,18.76,53.3,0
1783525569.6547735,581,14,person,0,690,103,783,367,0.826,736,235,96,-125,1555,1550,0.35,0,0,37.4,47.281,47.343,6446,18.78,53.2,0
1783525569.7000551,582,14,person,0,688,103,780,367,0.818,734,235,94,-125,1555,1552,0.35,0,0,37.4,47.281,47.343,6446,18.95,52.8,0
1783525569.7444172,583,14,person,0,684,105,773,365,0.816,728,235,88,-125,1544,1552,0.35,0,0,37.4,47.281,47.343,6446,18.7,53.5,0
1783525569.7896478,584,14,person,0,683,108,770,365,0.785,726,236,86,-124,1551,1550,0.35,0,0,37.4,47.281,47.343,6446,18.84,53.1,0
1783525569.8345003,585,14,person,0,680,109,767,368,0.803,723,238,83,-122,1547,1548,0.35,0,0,37.4,47.281,47.343,6446,18.77,53.3,0
1783525569.8788524,586,14,person,0,676,112,761,367,0.748,718,239,78,-121,1540,1549,0.35,0,0,37.4,47.281,47.343,6446,18.7,53.5,0
1783525569.9241872,587,14,person,0,673,113,757,366,0.703,715,239,75,-121,1542,1550,0.35,0,0,37.4,47.281,47.343,6446,18.85,53.0,0
1783525569.9689124,588,14,person,0,671,113,754,365,0.688,712,239,72,-121,1540,1550,0.35,0,0,37.4,47.281,47.343,6446,18.82,53.1,0
1783525570.0102403,589,14,person,0,666,113,750,366,0.716,708,239,68,-121,1536,1550,0.35,0,0,37.4,47.468,47.281,6446,18.78,53.3,0
1783525570.0574021,590,14,person,0,666,113,743,341,0.655,704,227,64,-133,1534,1567,0.35,0,0,37.4,47.468,47.281,6446,18.87,53.0,0
1783525570.103254,591,14,person,0,665,113,740,332,0.698,702,222,62,-138,1536,1562,0.35,0,0,37.4,47.468,47.281,6446,18.77,53.3,0
1783525570.1485374,592,14,person,0,663,113,741,336,0.709,702,224,62,-136,1540,1554,0.35,0,0,37.4,47.468,47.281,6446,18.74,53.4,0
1783525570.193931,593,14,person,0,660,114,741,347,0.618,700,230,60,-130,1535,1547,0.35,0,0,37.4,47.468,47.281,6446,19.0,52.6,0
1783525570.238581,594,14,person,0,659,115,736,331,0.445,697,223,57,-137,1531,1564,0.35,0,0,37.4,47.468,47.281,6446,18.86,53.0,0
1783525570.2837443,595,14,person,0,662,115,725,282,0.39,693,198,53,-162,1527,1594,0.35,0,0,37.4,47.468,47.281,6446,18.86,53.0,0
1783525570.3289795,596,14,person,0,659,116,719,261,0.447,689,188,49,-172,1525,1581,0.35,0,0,37.4,47.468,47.281,6446,19.02,52.6,0
1783525570.3742917,597,14,person,0,657,116,716,250,0.402,686,183,46,-177,1525,1578,0.35,0,0,37.4,47.468,47.281,6446,18.79,53.2,0
1783525570.4143288,598,,,,,,,,,,,,,1500,1500,0.35,0,0,37.4,47.468,47.281,6446,15.94,62.7,1
1783525570.4552212,599,,,,,,,,,,,,,1500,1500,0.35,0,0,37.4,47.468,47.281,6446,16.02,62.4,1
1783525570.4984703,600,,,,,,,,,,,,,1500,1500,0.35,0,0,37.4,47.468,47.281,6446,19.5,51.3,1
1783525570.537415,601,,,,,,,,,,,,,1500,1500,0.35,0,0,37.4,47.343,47.375,6486,18.08,55.3,1
1783525570.584305,602,15,person,0,655,125,740,263,0.429,697,194,57,-166,1672,1650,0.35,0,0,37.4,47.343,47.375,6486,19.1,52.3,0
1783525570.6372042,603,15,person,0,657,126,739,261,0.354,698,193,58,-167,1536,1568,0.35,0,0,37.4,47.343,47.375,6486,24.12,41.5,0
1783525570.67771,604,,,,,,,,,,,,,1500,1500,0.35,0,0,37.4,47.343,47.375,6486,15.7,63.7,1
1783525570.72403,605,15,person,0,650,128,742,280,0.369,696,204,56,-156,1669,1650,0.35,0,0,37.4,47.343,47.375,6486,18.91,52.9,0
1783525570.7701018,606,15,person,0,648,128,746,289,0.391,697,208,57,-152,1536,1556,0.35,0,0,37.4,47.343,47.375,6486,18.75,53.3,0
1783525570.8151755,607,15,person,0,657,127,743,270,0.428,700,198,60,-162,1541,1576,0.35,0,0,37.4,47.343,47.375,6486,18.8,53.2,0
1783525570.860436,608,15,person,0,655,128,749,284,0.43,702,206,62,-154,1541,1553,0.35,0,0,37.4,47.343,47.375,6486,18.93,52.8,0
1783525570.9052517,609,15,person,0,651,130,751,299,0.39,701,214,61,-146,1535,1550,0.35,0,0,37.4,47.343,47.375,6486,18.73,53.4,0
1783525570.9502842,610,15,person,0,656,131,759,309,0.404,707,220,67,-140,1551,1550,0.35,0,0,37.4,47.343,47.375,6486,19.08,52.4,0
1783525570.9953651,611,15,person,0,665,129,756,284,0.392,710,206,70,-154,1547,1578,0.35,0,0,37.4,47.343,47.375,6486,18.91,52.9,0
1783525571.0403183,612,15,person,0,664,132,761,300,0.366,712,216,72,-144,1547,1547,0.35,0,0,37.4,47.5,47.187,6486,18.7,53.5,0
1783525571.0814812,613,15,person,0,674,133,758,278,0.484,716,205,76,-155,1554,1576,0.35,0,0,37.4,47.5,47.187,6486,18.82,53.1,0
1783525571.128678,614,15,person,0,679,133,758,268,0.451,718,200,78,-160,1551,1570,0.35,0,0,37.4,47.5,47.187,6486,18.92,52.9,0
1783525571.174982,615,15,person,0,684,134,763,270,0.423,723,202,83,-158,1559,1562,0.35,0,0,37.4,47.5,47.187,6486,18.73,53.4,0
1783525571.215957,616,,,,,,,,,,,,,1500,1500,0.35,0,0,37.4,47.5,47.187,6486,15.89,62.9,1
1783525571.2582595,617,,,,,,,,,,,,,1500,1500,0.35,0,0,37.4,47.5,47.187,6486,15.9,62.9,1
1783525571.3021305,618,15,person,0,673,133,770,307,0.437,721,220,81,-140,1700,1650,0.35,0,0,37.4,47.5,47.187,6486,18.82,53.1,0
1783525571.3483198,619,15,person,0,673,132,771,316,0.545,722,224,82,-136,1551,1550,0.35,0,0,37.4,47.5,47.187,6486,19.06,52.5,0
1783525571.3929434,620,15,person,0,673,132,772,327,0.472,722,229,82,-131,1549,1547,0.35,0,0,37.4,47.5,47.187,6486,18.89,52.9,0
1783525571.4328687,621,,,,,,,,,,,,,1500,1500,0.35,0,0,37.4,47.5,47.187,6486,15.93,62.8,1
1783525571.478538,622,15,person,0,682,132,784,341,0.38,733,236,93,-124,1700,1650,0.35,0,0,37.4,47.5,47.187,6486,18.69,53.5,0
1783525571.5197678,623,,,,,,,,,,,,,1500,1500,0.35,0,0,37.4,47.5,47.187,6486,16.07,62.2,1
1783525571.5654538,624,15,person,0,686,132,784,339,0.408,735,235,95,-125,1700,1650,0.35,0,0,37.4,47.281,47.468,6446,18.89,52.9,0
1783525571.6068614,625,15,person,0,689,134,782,338,0.354,735,236,95,-124,1557,1548,0.35,0,0,37.4,47.281,47.468,6446,18.65,53.6,0
1783525571.6536884,626,15,person,0,692,134,782,339,0.423,737,236,97,-124,1561,1549,0.35,0,0,37.4,47.281,47.468,6446,18.96,52.7,0
1783525571.6995037,627,15,person,0,694,133,781,338,0.474,737,235,97,-125,1558,1551,0.35,0,0,37.4,47.281,47.468,6446,18.82,53.1,0
1783525571.7449431,628,15,person,0,695,134,778,336,0.544,736,235,96,-125,1556,1550,0.35,0,0,37.4,47.281,47.468,6446,18.61,53.7,0
1783525571.7899349,629,15,person,0,696,133,775,332,0.446,735,232,95,-128,1555,1555,0.35,0,0,37.4,47.281,47.468,6446,18.78,53.3,0
1783525571.83493,630,15,person,0,696,132,775,337,0.528,735,234,95,-126,1557,1548,0.35,0,0,37.4,47.281,47.468,6446,18.75,53.3,0
1783525571.8804379,631,15,person,0,696,132,773,339,0.62,734,235,94,-125,1555,1549,0.35,0,0,37.4,47.281,47.468,6446,18.71,53.5,0
1783525571.9248276,632,15,person,0,697,133,771,335,0.703,734,234,94,-126,1557,1552,0.35,0,0,37.4,47.281,47.468,6446,18.85,53.0,0
1783525571.9695227,633,15,person,0,698,133,771,337,0.746,734,235,94,-125,1557,1549,0.35,0,0,37.4,47.281,47.468,6446,18.65,53.6,0
1783525572.013827,634,15,person,0,699,133,771,338,0.78,735,235,95,-125,1560,1551,0.35,0,0,37.4,47.281,47.468,6446,18.74,53.4,0
1783525572.0588307,635,15,person,0,700,133,772,337,0.799,736,235,96,-125,1560,1551,0.35,0,0,37.4,47.625,47.468,6486,19.02,52.6,0
1783525572.1027803,636,15,person,0,700,134,771,337,0.797,735,235,95,-125,1556,1551,0.35,0,0,37.4,47.625,47.468,6486,18.59,53.8,0
1783525572.1437447,637,15,person,0,699,134,772,341,0.774,735,237,95,-123,1558,1548,0.35,0,0,37.4,47.625,47.468,6486,18.64,53.7,0
1783525572.1909196,638,15,person,0,698,134,772,342,0.787,735,238,95,-122,1558,1549,0.35,0,0,37.4,47.625,47.468,6486,18.73,53.4,0
1783525572.2364676,639,15,person,0,696,134,772,345,0.796,734,239,94,-121,1556,1549,0.35,0,0,37.4,47.625,47.468,6486,18.62,53.7,0
1783525572.281471,640,15,person,0,692,132,770,351,0.765,731,241,91,-119,1551,1547,0.35,0,0,37.4,47.625,47.468,6486,18.97,52.7,0
1783525572.3266206,641,15,person,0,691,132,769,352,0.771,730,242,90,-118,1554,1548,0.35,0,0,37.4,47.625,47.468,6486,18.77,53.3,0
1783525572.3714943,642,15,person,0,687,132,768,357,0.733,727,244,87,-116,1549,1546,0.35,0,0,37.4,47.625,47.468,6486,18.64,53.6,0
1783525572.41602,643,15,person,0,684,131,764,354,0.727,724,242,84,-118,1547,1551,0.35,0,0,37.4,47.625,47.468,6486,18.61,53.7,0
1783525572.4608433,644,15,person,0,682,132,760,350,0.726,721,241,81,-119,1545,1550,0.35,0,0,37.4,47.625,47.468,6486,18.96,52.7,0
1783525572.5054092,645,15,person,0,681,132,758,347,0.696,719,239,79,-121,1546,1552,0.35,0,0,37.4,47.625,47.468,6486,18.49,54.1,0
1783525572.549123,646,15,person,0,680,132,757,346,0.729,718,239,78,-121,1547,1550,0.35,0,0,37.4,47.437,47.437,6446,18.54,54.0,0
1783525572.5934858,647,15,person,0,678,131,755,346,0.727,716,238,76,-122,1544,1551,0.35,0,0,37.4,47.437,47.437,6446,18.69,53.5,0
1783525572.6380455,648,15,person,0,676,131,753,346,0.698,714,238,74,-122,1543,1550,0.35,0,0,37.4,47.437,47.437,6446,18.65,53.6,0
1783525572.6788845,649,15,person,0,672,129,748,341,0.707,710,235,70,-125,1537,1555,0.35,0,0,37.4,47.437,47.437,6446,18.62,53.7,0
1783525572.7259305,650,15,person,0,670,130,745,342,0.746,707,236,67,-124,1538,1550,0.35,0,0,37.4,47.437,47.437,6446,19.01,52.6,0
1783525572.7722864,651,15,person,0,670,127,744,340,0.726,707,233,67,-127,1543,1556,0.35,0,0,37.4,47.437,47.437,6446,18.77,53.3,0
1783525572.8170922,652,15,person,0,669,126,744,342,0.707,706,234,66,-126,1540,1551,0.35,0,0,37.4,47.437,47.437,6446,18.71,53.5,0
1783525572.8619366,653,15,person,0,669,125,743,337,0.73,706,231,66,-129,1542,1556,0.35,0,0,37.4,47.437,47.437,6446,18.84,53.1,0
1783525572.9063675,654,15,person,0,668,124,742,333,0.686,705,228,65,-132,1540,1558,0.35,0,0,37.4,47.437,47.437,6446,18.62,53.7,0
1783525572.9507074,655,15,person,0,666,123,741,335,0.722,703,229,63,-131,1537,1553,0.35,0,0,37.4,47.437,47.437,6446,18.62,53.7,0
1783525572.995448,656,15,person,0,664,123,739,334,0.704,701,228,61,-132,1536,1555,0.35,0,0,37.4,47.437,47.437,6446,18.94,52.8,0
1783525573.0438502,657,15,person,0,662,123,739,338,0.681,700,230,60,-130,1537,1551,0.35,0,0,37.4,47.437,47.437,6446,22.8,43.9,0
1783525573.0885706,658,15,person,0,661,121,736,330,0.677,698,225,58,-135,1534,1561,0.35,0,0,37.4,47.343,47.312,6407,18.91,52.9,0
1783525573.1331527,659,15,person,0,662,121,736,324,0.683,699,222,59,-138,1540,1560,0.35,0,0,37.4,47.343,47.312,6407,18.67,53.5,0
1783525573.1833105,660,15,person,0,662,119,735,319,0.743,698,219,58,-141,1536,1561,0.35,0,0,37.4,47.343,47.312,6407,24.3,41.2,0
1783525573.2267184,661,15,person,0,663,118,735,313,0.674,699,215,59,-145,1540,1564,0.35,0,0,37.4,47.343,47.312,6407,20.18,49.5,0
1783525573.273147,662,15,person,0,664,116,736,309,0.718,700,212,60,-148,1540,1564,0.35,0,0,37.4,47.343,47.312,6407,18.54,53.9,0
1783525573.3193245,663,15,person,0,663,115,737,311,0.69,700,213,60,-147,1539,1559,0.35,0,0,37.4,47.343,47.312,6407,18.75,53.3,0
1783525573.3646557,664,15,person,0,662,113,738,314,0.669,700,213,60,-147,1539,1560,0.35,0,0,37.4,47.343,47.312,6407,18.88,53.0,0
1783525573.409268,665,15,person,0,660,112,738,317,0.673,699,214,59,-146,1536,1559,0.35,0,0,37.4,47.343,47.312,6407,18.59,53.8,0
1783525573.4543881,666,15,person,0,659,111,739,320,0.585,699,215,59,-145,1538,1558,0.35,0,0,37.4,47.343,47.312,6407,18.77,53.3,0
1783525573.4991019,667,15,person,0,655,111,739,334,0.601,697,222,57,-138,1533,1549,0.35,0,0,37.4,47.343,47.312,6407,18.87,53.0,0
1783525573.543461,668,15,person,0,654,111,739,336,0.624,696,223,56,-137,1534,1555,0.35,0,0,37.4,47.343,47.312,6407,18.58,53.8,0
1783525573.588035,669,15,person,0,653,112,736,330,0.471,694,221,54,-139,1531,1559,0.35,0,0,37.4,47.343,47.312,6446,18.74,53.4,0
1783525573.6358805,670,15,person,0,649,112,733,332,0.397,691,222,51,-138,1528,1556,0.35,0,0,37.4,47.343,47.312,6446,22.1,45.2,0
1783525573.6808681,671,15,person,0,636,111,731,356,0.52,683,233,43,-127,1514,1540,0.35,0,0,37.4,47.343,47.312,6446,18.55,53.9,0
1783525573.726384,672,15,person,0,631,110,729,362,0.511,680,236,40,-124,1427,1548,0.35,0,0,37.4,47.343,47.312,6446,19.38,51.6,0
1783525573.7675896,673,15,person,0,642,109,717,288,0.484,679,198,39,-162,1503,1612,0.35,0,0,37.4,47.343,47.312,6446,18.94,52.8,0
1783525573.8149812,674,15,person,0,645,107,711,253,0.549,678,180,38,-180,1503,1592,0.35,0,0,37.4,47.343,47.312,6446,18.66,53.6,0
1783525573.8619163,675,15,person,0,644,104,711,248,0.578,677,176,37,-184,1503,1579,0.35,0,0,37.4,47.343,47.312,6446,19.12,52.3,0
1783525573.9072988,676,15,person,0,644,104,711,242,0.671,677,173,37,-187,1503,1580,0.35,0,0,37.4,47.343,47.312,6446,18.5,54.1,0
1783525573.9522166,677,15,person,0,643,103,711,240,0.597,677,171,37,-189,1503,1579,0.35,0,0,37.4,47.343,47.312,6446,18.74,53.4,0
1783525573.997059,678,15,person,0,641,104,712,241,0.594,676,172,36,-188,1503,1576,0.35,0,0,37.4,47.343,47.312,6446,18.97,52.7,0
1783525574.0415387,679,15,person,0,620,107,730,324,0.758,675,215,35,-145,1503,1511,0.35,0,0,37.4,47.343,47.312,6446,18.78,53.3,0
1783525574.0869293,680,15,person,0,615,112,734,350,0.667,674,231,34,-129,1503,1535,0.35,0,0,37.4,47.437,47.718,6446,18.69,53.5,0
1783525574.131893,681,15,person,0,631,118,720,289,0.621,675,203,35,-157,1503,1595,0.35,0,0,37.4,47.437,47.718,6446,18.91,52.9,0
1783525574.171216,682,,,,,,,,,,,,,1500,1500,0.35,0,0,37.4,47.437,47.718,6446,14.63,68.3,1
1783525574.2122726,683,,,,,,,,,,,,,1500,1500,0.35,0,0,37.4,47.437,47.718,6446,15.92,62.8,1
1783525574.252067,684,,,,,,,,,,,,,1500,1500,0.35,0,0,37.4,47.437,47.718,6446,16.29,61.4,1
1783525574.288266,685,,,,,,,,,,,,,1500,1500,0.35,0,0,37.4,47.437,47.718,6446,15.81,63.3,1
1783525574.3297327,686,,,,,,,,,,,,,1500,1500,0.35,0,0,37.4,47.437,47.718,6446,16.08,62.2,1
1783525574.370211,687,,,,,,,,,,,,,1500,1500,0.35,0,0,37.4,47.437,47.718,6446,15.61,64.0,1
1783525574.4102306,688,,,,,,,,,,,,,1500,1500,0.35,0,0,37.4,47.437,47.718,6446,15.75,63.5,1
1783525574.44992,689,,,,,,,,,,,,,1500,1500,0.35,0,0,37.4,47.437,47.718,6446,15.71,63.6,1
1783525574.493293,690,,,,,,,,,,,,,1500,1500,0.35,0,0,37.4,47.437,47.718,6446,19.62,51.0,1
1783525574.532641,691,,,,,,,,,,,,,1500,1500,0.35,0,0,37.4,47.437,47.718,6446,15.69,63.7,1
1783525574.571575,692,,,,,,,,,,,,,1500,1500,0.35,0,0,37.4,47.906,47.718,6565,15.51,64.5,1
1783525574.610833,693,,,,,,,,,,,,,1500,1500,0.35,0,0,37.4,47.906,47.718,6565,15.63,64.0,1
1783525574.649488,694,,,,,,,,,,,,,1500,1500,0.35,0,0,37.4,47.906,47.718,6565,15.62,64.0,1
1783525574.6884935,695,,,,,,,,,,,,,1500,1500,0.35,0,0,37.4,47.906,47.718,6565,15.72,63.6,1
1783525574.7272468,696,,,,,,,,,,,,,1500,1500,0.35,0,0,37.4,47.906,47.718,6565,15.77,63.4,1
1783525574.7636926,697,,,,,,,,,,,,,1500,1500,0.35,0,0,37.4,47.906,47.718,6565,15.67,63.8,1
1783525574.8046377,698,,,,,,,,,,,,,1500,1500,0.35,0,0,37.4,47.906,47.718,6565,15.57,64.2,1
1783525574.8450518,699,,,,,,,,,,,,,1500,1500,0.35,0,0,37.4,47.906,47.718,6565,15.7,63.7,1
1783525574.8845055,700,,,,,,,,,,,,,1500,1500,0.35,0,0,37.4,47.906,47.718,6565,15.76,63.5,1
1783525574.9239814,701,,,,,,,,,,,,,1500,1500,0.35,0,0,37.4,47.906,47.718,6565,15.7,63.7,1
1783525574.9631894,702,,,,,,,,,,,,,1500,1500,0.35,0,0,37.4,47.906,47.718,6565,15.66,63.8,1
1783525575.002151,703,,,,,,,,,,,,,1500,1500,0.35,0,0,37.4,47.906,47.718,6565,15.51,64.5,1
1783525575.0410693,704,,,,,,,,,,,,,1500,1500,0.35,0,0,37.4,47.906,47.718,6565,15.6,64.1,1
1783525575.0803566,705,,,,,,,,,,,,,1500,1500,0.35,0,0,37.4,47.531,47.5,6565,15.9,62.9,1
1783525575.1190577,706,,,,,,,,,,,,,1500,1500,0.35,0,0,37.4,47.531,47.5,6565,15.78,63.4,1
1783525575.1579068,707,,,,,,,,,,,,,1500,1500,0.35,0,0,37.4,47.531,47.5,6565,15.79,63.3,1
1783525575.19644,708,,,,,,,,,,,,,1500,1500,0.35,0,0,37.4,47.531,47.5,6565,15.88,63.0,1
1783525575.232532,709,,,,,,,,,,,,,1500,1500,0.35,0,0,37.4,47.531,47.5,6565,15.69,63.7,1
1783525575.2737207,710,,,,,,,,,,,,,1500,1500,0.35,0,0,37.4,47.531,47.5,6565,15.6,64.1,1
1783525575.3142428,711,,,,,,,,,,,,,1500,1500,0.35,0,0,37.4,47.531,47.5,6565,16.01,62.4,1
1783525575.3536723,712,,,,,,,,,,,,,1500,1500,0.35,0,0,37.4,47.531,47.5,6565,15.77,63.4,1
1783525575.3933985,713,,,,,,,,,,,,,1500,1500,0.35,0,0,37.4,47.531,47.5,6565,15.74,63.5,1
1783525575.435673,714,,,,,,,,,,,,,1500,1500,0.35,0,0,37.4,47.531,47.5,6565,18.69,53.5,1
1783525575.4742167,715,,,,,,,,,,,,,1500,1500,0.35,0,0,37.4,47.531,47.5,6565,15.31,65.3,1
1783525575.5130637,716,,,,,,,,,,,,,1500,1500,0.35,0,0,37.4,47.531,47.5,6565,15.29,65.4,1
1783525575.5520086,717,,,,,,,,,,,,,1500,1500,0.35,0,0,37.4,47.531,47.5,6565,15.39,65.0,1
1783525575.5906188,718,,,,,,,,,,,,,1500,1500,0.35,0,0,37.4,47.968,47.406,6565,15.47,64.7,1
1783525575.6295784,719,,,,,,,,,,,,,1500,1500,0.35,0,0,37.4,47.968,47.406,6565,15.52,64.4,1
1783525575.6723042,720,,,,,,,,,,,,,1500,1500,0.35,0,0,37.4,47.968,47.406,6565,19.2,52.1,1
1783525575.7113879,721,,,,,,,,,,,,,1500,1500,0.35,0,0,37.4,47.968,47.406,6565,17.77,56.3,1
1783525575.7580802,722,16,person,0,630,122,724,291,0.548,677,206,37,-154,1500,1650,0.35,0,0,37.4,47.968,47.406,6565,18.72,53.4,0
1783525575.8050404,723,16,person,0,616,114,740,337,0.502,678,225,38,-135,1500,1533,0.35,0,0,37.4,47.968,47.406,6565,18.59,53.8,0
1783525575.851498,724,16,person,0,613,108,745,346,0.649,679,227,39,-133,1500,1551,0.35,0,0,37.4,47.968,47.406,6565,18.66,53.6,0
1783525575.8970635,725,16,person,0,609,102,752,361,0.736,680,231,40,-129,1500,1547,0.35,0,0,37.4,47.968,47.406,6565,18.65,53.6,0
1783525575.9420927,726,16,person,0,610,97,758,367,0.75,684,232,44,-128,1604,1550,0.35,0,0,37.4,47.968,47.406,6565,18.6,53.8,0
1783525575.987722,727,16,person,0,611,94,761,372,0.744,686,233,46,-127,1531,1550,0.35,0,0,37.4,47.968,47.406,6565,18.89,52.9,0
1783525576.0342023,728,16,person,0,613,93,765,375,0.774,689,234,49,-126,1534,1550,0.35,0,0,37.4,47.968,47.406,6565,20.08,49.8,0
1783525576.0791042,729,16,person,0,618,93,770,376,0.757,694,234,54,-126,1541,1551,0.35,0,0,37.4,47.625,47.5,6486,18.53,54.0,0
1783525576.124279,730,16,person,0,622,92,773,374,0.698,697,233,57,-127,1539,1552,0.35,0,0,37.4,47.625,47.5,6486,18.95,52.8,0
1783525576.1688745,731,16,person,0,623,91,773,374,0.766,698,232,58,-128,1537,1553,0.35,0,0,37.4,47.625,47.5,6486,18.61,53.7,0
1783525576.2139294,732,16,person,0,632,92,780,378,0.749,706,235,66,-125,1554,1547,0.35,0,0,37.4,47.625,47.5,6486,18.89,52.9,0
1783525576.2563915,733,16,person,0,639,93,782,377,0.786,710,235,70,-125,1550,1551,0.35,0,0,37.4,47.625,47.5,6486,19.31,51.8,0
1783525576.3031356,734,16,person,0,645,92,784,376,0.812,714,234,74,-126,1551,1552,0.35,0,0,37.4,47.625,47.5,6486,18.61,53.7,0
1783525576.349871,735,16,person,0,654,90,788,375,0.798,721,232,81,-128,1561,1554,0.35,0,0,37.4,47.625,47.5,6486,19.01,52.6,0
1783525576.39563,736,16,person,0,661,89,791,373,0.781,726,231,86,-129,1561,1554,0.35,0,0,37.4,47.625,47.5,6486,18.89,53.0,0
1783525576.4412017,737,16,person,0,668,89,795,373,0.798,731,231,91,-129,1564,1553,0.35,0,0,37.4,47.625,47.5,6486,18.58,53.8,0
1783525576.4864736,738,16,person,0,672,88,797,373,0.776,734,230,94,-130,1562,1555,0.35,0,0,37.4,47.625,47.5,6486,18.79,53.2,0
1783525576.5316155,739,16,person,0,676,87,798,374,0.808,737,230,97,-130,1564,1554,0.35,0,0,37.4,47.625,47.5,6486,18.72,53.4,0
1783525576.5765884,740,16,person,0,680,85,801,375,0.766,740,230,100,-130,1566,1554,0.35,0,0,37.4,47.625,47.5,6486,18.65,53.6,0
1783525576.6220868,741,16,person,0,683,84,802,375,0.752,742,229,102,-131,1566,1555,0.35,0,0,37.4,47.75,47.656,6407,18.77,53.3,0
1783525576.6672993,742,16,person,0,688,84,805,373,0.71,746,228,106,-132,1572,1555,0.35,0,0,37.4,47.75,47.656,6407,18.73,53.4,0
1783525576.714614,743,16,person,0,693,84,809,375,0.729,751,229,111,-131,1576,1553,0.35,0,0,37.4,47.75,47.656,6407,19.25,52.0,0
1783525576.7603881,744,16,person,0,697,84,811,377,0.791,754,230,114,-130,1575,1552,0.35,0,0,37.4,47.75,47.656,6407,19.41,51.5,0
1783525576.8018448,745,16,person,0,697,83,811,377,0.777,754,230,114,-130,1570,1554,0.35,0,0,37.4,47.75,47.656,6407,18.95,52.8,0
1783525576.848865,746,16,person,0,697,84,810,379,0.812,753,231,113,-129,1568,1552,0.35,0,0,37.4,47.75,47.656,6407,19.09,52.4,0
1783525576.8958135,747,16,person,0,696,83,810,382,0.838,753,232,113,-128,1570,1552,0.35,0,0,37.4,47.75,47.656,6407,19.39,51.6,0
1783525576.942098,748,16,person,0,696,82,810,383,0.85,753,232,113,-128,1570,1553,0.35,0,0,37.4,47.75,47.656,6407,18.91,52.9,0
1783525576.987962,749,16,person,0,696,81,809,383,0.851,752,232,112,-128,1568,1553,0.35,0,0,37.4,47.75,47.656,6407,19.46,51.4,0
1783525577.0399346,750,16,person,0,696,79,810,383,0.842,753,231,113,-129,1572,1554,0.35,0,0,37.4,47.75,47.656,6407,25.49,39.2,0
1783525577.0855374,751,16,person,0,698,75,812,382,0.844,755,228,115,-132,1575,1558,0.35,0,0,37.4,47.75,47.656,6407,19.1,52.3,0
1783525577.1312892,752,16,person,0,699,73,814,381,0.847,756,227,116,-133,1574,1556,0.35,0,0,37.4,47.625,47.718,6446,19.23,52.0,0
1783525577.1767292,753,16,person,0,699,70,815,381,0.855,757,225,117,-135,1574,1558,0.35,0,0,37.4,47.625,47.718,6446,18.69,53.5,0
1783525577.2226639,754,16,person,0,699,68,815,381,0.861,757,224,117,-136,1573,1557,0.35,0,0,37.4,47.625,47.718,6446,19.32,51.8,0
1783525577.267945,755,16,person,0,699,65,816,380,0.853,757,222,117,-138,1573,1559,0.35,0,0,37.4,47.625,47.718,6446,19.05,52.5,0
1783525577.3133683,756,16,person,0,698,63,816,381,0.879,757,222,117,-138,1573,1557,0.35,0,0,37.4,47.625,47.718,6446,18.79,53.2,0
1783525577.355582,757,16,person,0,697,61,816,384,0.885,756,222,116,-138,1570,1557,0.35,0,0,37.4,47.625,47.718,6446,19.08,52.4,0
1783525577.4024625,758,16,person,0,696,60,816,387,0.882,756,223,116,-137,1572,1555,0.35,0,0,37.4,47.625,47.718,6446,18.88,53.0,0
1783525577.4486961,759,16,person,0,694,58,816,393,0.87,755,225,115,-135,1570,1553,0.35,0,0,37.4,47.625,47.718,6446,18.86,53.0,0
1783525577.4948628,760,16,person,0,694,57,816,396,0.865,755,226,115,-134,1572,1554,0.35,0,0,37.4,47.625,47.718,6446,19.24,52.0,0
1783525577.5406964,761,16,person,0,693,56,816,398,0.893,754,227,114,-133,1569,1554,0.35,0,0,37.4,47.625,47.718,6446,18.77,53.3,0
1783525577.5868158,762,16,person,0,692,56,816,400,0.899,754,228,114,-132,1571,1553,0.35,0,0,37.4,47.625,47.718,6446,19.19,52.1,0
1783525577.6325269,763,16,person,0,692,55,816,400,0.89,754,227,114,-133,1571,1556,0.35,0,0,37.4,47.812,47.687,6407,18.95,52.8,0
1783525577.677528,764,16,person,0,692,52,817,402,0.854,754,227,114,-133,1571,1555,0.35,0,0,37.4,47.812,47.687,6407,18.49,54.1,0
1783525577.724391,765,16,person,0,694,50,819,403,0.839,756,226,116,-134,1576,1556,0.35,0,0,37.4,47.812,47.687,6407,19.32,51.8,0
1783525577.7699203,766,16,person,0,695,48,820,403,0.849,757,225,117,-135,1574,1557,0.35,0,0,37.4,47.812,47.687,6407,18.93,52.8,0
1783525577.8156574,767,16,person,0,693,44,819,401,0.835,756,222,116,-138,1570,1560,0.35,0,0,37.4,47.812,47.687,6407,18.9,52.9,0
1783525577.8630397,768,16,person,0,691,42,816,398,0.86,753,220,113,-140,1565,1560,0.35,0,0,37.4,47.812,47.687,6407,20.46,48.9,0
1783525577.9043136,769,16,person,0,689,37,816,395,0.858,752,216,112,-144,1568,1564,0.35,0,0,37.4,47.812,47.687,6407,18.85,53.1,0
1783525577.9520345,770,16,person,0,684,30,813,397,0.874,748,213,108,-147,1561,1563,0.35,0,0,37.4,47.812,47.687,6407,18.99,52.7,0
1783525578.0002174,771,16,person,0,678,28,809,398,0.905,743,213,103,-147,1556,1560,0.35,0,0,37.4,47.812,47.687,6407,19.22,52.0,0
1783525578.0478213,772,16,person,0,667,27,801,399,0.9,734,213,94,-147,1544,1560,0.35,0,0,37.4,47.812,47.687,6407,19.52,51.2,0
1783525578.0960858,773,16,person,0,660,27,796,400,0.901,728,213,88,-147,1545,1560,0.35,0,0,37.4,47.812,47.687,6407,19.81,50.5,0
1783525578.1423414,774,16,person,0,655,29,794,402,0.901,724,215,84,-145,1546,1557,0.35,0,0,37.4,47.562,47.75,6367,18.6,53.8,0
1783525578.1884131,775,16,person,0,652,28,794,403,0.89,723,215,83,-145,1551,1560,0.35,0,0,37.4,47.562,47.75,6367,19.0,52.6,0
1783525578.233804,776,16,person,0,649,26,793,404,0.894,721,215,81,-145,1548,1560,0.35,0,0,37.4,47.562,47.75,6367,18.81,53.2,0
1783525578.2787805,777,16,person,0,642,20,789,406,0.9,715,213,75,-147,1537,1563,0.35,0,0,37.4,47.562,47.75,6367,18.53,54.0,0
1783525578.325372,778,16,person,0,638,17,785,406,0.895,711,211,71,-149,1538,1563,0.35,0,0,37.4,47.562,47.75,6367,18.75,53.3,0
1783525578.3708272,779,16,person,0,634,15,781,406,0.893,707,210,67,-150,1536,1563,0.35,0,0,37.4,47.562,47.75,6367,18.63,53.7,0
1783525578.421463,780,16,person,0,629,12,778,406,0.914,703,209,63,-151,1534,1563,0.35,0,0,37.4,47.562,47.75,6367,23.3,42.9,0
1783525578.4668255,781,16,person,0,624,10,774,408,0.905,699,209,59,-151,1531,1562,0.35,0,0,37.4,47.562,47.75,6367,23.16,43.2,0
1783525578.514125,782,16,person,0,613,6,768,414,0.892,690,210,50,-150,1517,1560,0.35,0,0,37.4,47.562,47.75,6367,18.59,53.8,0
1783525578.5613778,783,16,person,0,607,4,765,417,0.908,686,210,46,-150,1523,1562,0.35,0,0,37.4,47.562,47.75,6367,18.77,53.3,0
1783525578.6073837,784,16,person,0,599,2,761,423,0.891,680,212,40,-148,1423,1559,0.35,0,0,37.4,47.562,47.75,6367,18.77,53.3,0
1783525578.654282,785,16,person,0,594,1,759,426,0.884,676,213,36,-147,1503,1559,0.35,0,0,37.4,47.5,47.468,6446,18.69,53.5,0
1783525578.700239,786,16,person,0,590,2,758,430,0.884,674,216,34,-144,1503,1556,0.35,0,0,37.4,47.5,47.468,6446,18.64,53.6,0
1783525578.7454169,787,16,person,0,586,2,756,433,0.885,671,217,31,-143,1503,1558,0.35,0,0,37.4,47.5,47.468,6446,18.49,54.1,0
1783525578.7912886,788,16,person,0,585,1,756,434,0.885,670,217,30,-143,1503,1559,0.35,0,0,37.4,47.5,47.468,6446,18.74,53.4,0
1783525578.8364859,789,16,person,0,584,0,757,435,0.89,670,217,30,-143,1503,1559,0.35,0,0,37.4,47.5,47.468,6446,18.57,53.9,0
1783525578.8816125,790,16,person,0,585,0,758,435,0.879,671,217,31,-143,1503,1559,0.35,0,0,37.4,47.5,47.468,6446,18.67,53.6,0
1783525578.9276257,791,16,person,0,586,1,759,436,0.888,672,218,32,-142,1503,1557,0.35,0,0,37.4,47.5,47.468,6446,18.8,53.2,0
1783525578.9732673,792,16,person,0,586,1,758,434,0.887,672,217,32,-143,1503,1560,0.35,0,0,37.4,47.5,47.468,6446,18.57,53.8,0
1783525579.014678,793,16,person,0,585,1,757,434,0.884,671,217,31,-143,1503,1559,0.35,0,0,37.4,47.5,47.468,6446,18.51,54.0,0
1783525579.0633194,794,16,person,0,584,1,755,431,0.888,669,216,29,-144,1503,1560,0.35,0,0,37.4,47.5,47.468,6446,19.88,50.3,0
1783525579.1098015,795,16,person,0,575,2,749,430,0.896,662,216,22,-144,1503,1559,0.35,0,0,37.4,47.5,47.468,6446,18.49,54.1,0
1783525579.1570423,796,16,person,0,569,2,746,434,0.89,657,218,17,-142,1503,1556,0.35,0,0,37.4,47.593,47.5,6446,18.67,53.6,0
1783525579.2031882,797,16,person,0,563,2,744,436,0.885,653,219,13,-141,1503,1557,0.35,0,0,37.4,47.593,47.5,6446,18.67,53.6,0
1783525579.2487164,798,16,person,0,557,2,741,439,0.905,649,220,9,-140,1503,1556,0.35,0,0,37.4,47.593,47.5,6446,18.59,53.8,0
1783525579.2952585,799,16,person,0,554,2,741,437,0.905,647,219,7,-141,1503,1559,0.35,0,0,37.4,47.593,47.5,6446,18.74,53.4,0
1783525579.3416035,800,16,person,0,551,2,741,439,0.91,646,220,6,-140,1503,1556,0.35,0,0,37.4,47.593,47.5,6446,18.6,53.8,0
1783525579.3879719,801,16,person,0,550,2,741,438,0.918,645,220,5,-140,1503,1558,0.35,0,0,37.4,47.593,47.5,6446,18.64,53.7,0
1783525579.43314,802,16,person,0,546,2,738,438,0.898,642,220,2,-140,1503,1558,0.35,0,0,37.4,47.593,47.5,6446,18.61,53.7,0
1783525579.4783962,803,16,person,0,536,1,727,438,0.89,631,219,-9,-141,1503,1559,0.35,0,0,37.4,47.593,47.5,6446,18.6,53.8,0
1783525579.5252395,804,16,person,0,531,1,720,438,0.848,625,219,-15,-141,1503,1558,0.35,0,0,37.4,47.593,47.5,6446,18.6,53.8,0
1783525579.5663137,805,16,person,0,529,0,716,436,0.857,622,218,-18,-142,1503,1560,0.35,0,0,37.4,47.593,47.5,6446,18.6,53.8,0
1783525579.6138246,806,16,person,0,528,1,713,437,0.836,620,219,-20,-141,1503,1557,0.35,0,0,37.4,47.593,47.5,6446,18.55,53.9,0
1783525579.66218,807,16,person,0,528,1,710,436,0.831,619,218,-21,-142,1503,1559,0.35,0,0,37.4,47.5,47.656,6407,19.93,50.2,0
1783525579.707872,808,16,person,0,528,1,707,435,0.832,617,218,-23,-142,1503,1558,0.35,0,0,37.4,47.5,47.656,6407,18.56,53.9,0
1783525579.7537959,809,16,person,0,535,0,714,434,0.854,624,217,-16,-143,1503,1560,0.35,0,0,37.4,47.5,47.656,6407,18.59,53.8,0
1783525579.804429,810,16,person,0,538,1,718,435,0.86,628,218,-12,-142,1503,1557,0.35,0,0,37.4,47.5,47.656,6407,23.16,43.2,0
1783525579.8503273,811,16,person,0,543,1,723,433,0.884,633,217,-7,-143,1503,1560,0.35,0,0,37.4,47.5,47.656,6407,18.62,53.7,0
1783525579.8963377,812,16,person,0,545,2,727,432,0.891,636,217,-4,-143,1503,1559,0.35,0,0,37.4,47.5,47.656,6407,18.67,53.6,0
1783525579.9418283,813,16,person,0,547,3,730,431,0.884,638,217,-2,-143,1503,1559,0.35,0,0,37.4,47.5,47.656,6407,18.54,53.9,0
1783525579.987501,814,16,person,0,549,3,732,430,0.872,640,216,0,-144,1503,1560,0.35,0,0,37.4,47.5,47.656,6407,18.65,53.6,0
1783525580.0330737,815,16,person,0,548,2,732,434,0.868,640,218,0,-142,1503,1556,0.35,0,0,37.4,47.5,47.656,6407,18.53,54.0,0
1783525580.0784502,816,16,person,0,553,3,734,430,0.854,643,216,3,-144,1503,1561,0.35,0,0,37.4,47.5,47.656,6407,18.55,53.9,0
1783525580.1193464,817,16,person,0,560,3,735,421,0.864,647,212,7,-148,1503,1566,0.35,0,0,37.4,47.5,47.656,6407,18.67,53.6,0
1783525580.166607,818,16,person,0,566,3,741,426,0.871,653,214,13,-146,1503,1558,0.35,0,0,37.4,47.468,47.656,6407,18.67,53.6,0
1783525580.212983,819,16,person,0,572,2,744,428,0.866,658,215,18,-145,1503,1558,0.35,0,0,37.4,47.468,47.656,6407,18.52,54.0,0
1783525580.2609487,820,16,person,0,576,2,745,427,0.861,660,214,20,-146,1503,1561,0.35,0,0,37.4,47.468,47.656,6407,20.03,49.9,0
1783525580.3073463,821,16,person,0,579,3,743,422,0.885,661,212,21,-148,1503,1563,0.35,0,0,37.4,47.468,47.656,6407,18.85,53.0,0
1783525580.3535676,822,16,person,0,582,5,741,419,0.886,661,212,21,-148,1503,1561,0.35,0,0,37.4,47.468,47.656,6407,18.62,53.7,0
1783525580.3991842,823,16,person,0,586,8,741,416,0.886,663,212,23,-148,1503,1561,0.35,0,0,37.4,47.468,47.656,6407,18.62,53.7,0
1783525580.444255,824,16,person,0,591,13,743,413,0.896,667,213,27,-147,1503,1559,0.35,0,0,37.4,47.468,47.656,6407,18.52,54.0,0
1783525580.4905362,825,16,person,0,594,16,744,411,0.89,669,213,29,-147,1503,1560,0.35,0,0,37.4,47.468,47.656,6407,18.74,53.4,0
1783525580.536092,826,16,person,0,596,21,744,410,0.897,670,215,30,-145,1503,1557,0.35,0,0,37.4,47.468,47.656,6407,18.6,53.8,0
1783525580.5815184,827,16,person,0,600,25,746,409,0.913,673,217,33,-143,1503,1556,0.35,0,0,37.4,47.468,47.656,6407,18.69,53.5,0
1783525580.6281729,828,16,person,0,604,27,750,409,0.894,677,218,37,-142,1503,1557,0.35,0,0,37.4,47.468,47.656,6407,18.81,53.2,0
1783525580.6693418,829,16,person,0,608,29,754,409,0.884,681,219,41,-141,1607,1557,0.35,0,0,37.4,47.812,47.5,6407,18.58,53.8,0
1783525580.7163072,830,16,person,0,616,28,762,409,0.902,689,218,49,-142,1546,1559,0.35,0,0,37.4,47.812,47.5,6407,18.64,53.6,0
1783525580.7631078,831,16,person,0,623,28,769,407,0.901,696,217,56,-143,1548,1560,0.35,0,0,37.4,47.812,47.5,6407,18.67,53.6,0
1783525580.8094163,832,16,person,0,632,28,778,405,0.903,705,216,65,-144,1557,1560,0.35,0,0,37.4,47.812,47.5,6407,18.46,54.2,0
1783525580.8570921,833,16,person,0,635,27,781,404,0.902,708,215,68,-145,1548,1561,0.35,0,0,37.4,47.812,47.5,6407,20.0,50.0,0
1783525580.9028292,834,16,person,0,641,26,788,403,0.903,714,214,74,-146,1557,1561,0.35,0,0,37.4,47.812,47.5,6407,18.69,53.5,0
1783525580.9485269,835,16,person,0,650,27,796,403,0.883,723,215,83,-145,1568,1558,0.35,0,0,37.4,47.812,47.5,6407,18.54,53.9,0
1783525580.9950128,836,16,person,0,657,29,801,404,0.86,729,216,89,-144,1566,1558,0.35,0,0,37.4,47.812,47.5,6407,18.68,53.5,0
1783525581.0409963,837,16,person,0,663,35,805,403,0.855,734,219,94,-141,1568,1555,0.35,0,0,37.4,47.812,47.5,6407,18.48,54.1,0
1783525581.087472,838,16,person,0,671,42,809,402,0.848,740,222,100,-138,1573,1553,0.35,0,0,37.4,47.812,47.5,6407,18.72,53.4,0
1783525581.1331446,839,16,person,0,674,46,809,401,0.842,741,223,101,-137,1565,1555,0.35,0,0,37.4,47.812,47.5,6407,18.64,53.7,0
1783525581.183209,840,16,person,0,676,49,809,401,0.873,742,225,102,-135,1565,1554,0.35,0,0,37.4,47.5,47.437,6367,23.2,43.1,0
1783525581.2251832,841,16,person,0,678,51,809,401,0.896,743,226,103,-134,1566,1554,0.35,0,0,37.4,47.5,47.437,6367,19.64,50.9,0
1783525581.2722158,842,16,person,0,681,55,810,400,0.904,745,227,105,-133,1569,1554,0.35,0,0,37.4,47.5,47.437,6367,18.56,53.9,0
1783525581.318455,843,16,person,0,686,58,811,398,0.85,748,228,108,-132,1572,1553,0.35,0,0,37.4,47.5,47.437,6367,18.68,53.5,0
1783525581.3647726,844,16,person,0,689,59,810,391,0.807,749,225,109,-135,1570,1559,0.35,0,0,37.4,47.5,47.437,6367,18.63,53.7,0
1783525581.4106977,845,16,person,0,692,61,811,388,0.859,751,224,111,-136,1573,1557,0.35,0,0,37.4,47.5,47.437,6367,18.56,53.9,0
1783525581.458175,846,16,person,0,693,61,811,388,0.856,752,224,112,-136,1571,1556,0.35,0,0,37.4,47.5,47.437,6367,20.28,49.3,0
1783525581.5032594,847,16,person,0,696,65,812,389,0.844,754,227,114,-133,1574,1551,0.35,0,0,37.4,47.5,47.437,6367,18.7,53.5,0
1783525581.5484738,848,16,person,0,697,68,812,389,0.844,754,228,114,-132,1571,1553,0.35,0,0,37.4,47.5,47.437,6367,18.61,53.7,0
1783525581.594023,849,16,person,0,698,71,812,389,0.844,755,230,115,-130,1573,1551,0.35,0,0,37.4,47.5,47.437,6367,18.79,53.2,0
1783525581.6387875,850,16,person,0,701,73,812,388,0.826,756,230,116,-130,1574,1554,0.35,0,0,37.4,47.5,47.437,6367,18.51,54.0,0
1783525581.6846914,851,16,person,0,703,76,812,385,0.808,757,230,117,-130,1574,1554,0.35,0,0,37.4,47.812,47.781,6407,18.6,53.8,0
1783525581.7298856,852,16,person,0,703,78,812,387,0.808,757,232,117,-128,1573,1550,0.35,0,0,37.4,47.812,47.781,6407,18.7,53.5,0
1783525581.7704859,853,16,person,0,703,80,811,386,0.813,757,233,117,-127,1573,1551,0.35,0,0,37.4,47.812,47.781,6407,18.46,54.2,0
1783525581.8171003,854,16,person,0,705,82,811,384,0.826,758,233,118,-127,1575,1552,0.35,0,0,37.4,47.812,47.781,6407,18.49,54.1,0
1783525581.8633852,855,16,person,0,706,83,810,382,0.845,758,232,118,-128,1573,1554,0.35,0,0,37.4,47.812,47.781,6407,18.69,53.5,0
1783525581.9085968,856,16,person,0,707,84,810,379,0.851,758,231,118,-129,1573,1554,0.35,0,0,37.4,47.812,47.781,6407,18.5,54.1,0
1783525581.9547882,857,16,person,0,706,85,808,378,0.852,757,231,117,-129,1571,1553,0.35,0,0,37.4,47.812,47.781,6407,18.67,53.6,0
1783525582.0001426,858,16,person,0,706,85,807,377,0.844,756,231,116,-129,1570,1553,0.35,0,0,37.4,47.812,47.781,6407,18.58,53.8,0
1783525582.048004,859,16,person,0,705,87,806,376,0.804,755,231,115,-129,1570,1553,0.35,0,0,37.4,47.812,47.781,6407,21.5,46.5,0
1783525582.0930033,860,16,person,0,703,88,803,376,0.813,753,232,113,-128,1567,1552,0.35,0,0,37.4,47.812,47.781,6407,18.73,53.4,0
1783525582.138209,861,16,person,0,700,89,801,376,0.815,750,232,110,-128,1563,1553,0.35,0,0,37.4,47.812,47.781,6407,18.55,53.9,0
1783525582.183189,862,16,person,0,695,91,797,379,0.845,746,235,106,-125,1559,1548,0.35,0,0,37.4,47.593,47.843,6407,18.61,53.7,0
1783525582.2282763,863,16,person,0,691,93,793,379,0.823,742,236,102,-124,1557,1550,0.35,0,0,37.4,47.593,47.843,6407,18.61,53.7,0
1783525582.2725189,864,16,person,0,688,96,789,379,0.808,738,237,98,-123,1554,1550,0.35,0,0,37.4,47.593,47.843,6407,18.45,54.2,0
1783525582.3138766,865,16,person,0,687,97,787,378,0.798,737,237,97,-123,1559,1551,0.35,0,0,37.4,47.593,47.843,6407,18.56,53.9,0
1783525582.3603377,866,16,person,0,689,98,788,375,0.761,738,236,98,-124,1563,1552,0.35,0,0,37.4,47.593,47.843,6407,18.75,53.3,0
1783525582.4063153,867,16,person,0,687,99,785,376,0.799,736,237,96,-123,1557,1550,0.35,0,0,37.4,47.593,47.843,6407,18.54,54.0,0
1783525582.4521341,868,16,person,0,683,101,781,375,0.802,732,238,92,-122,1551,1549,0.35,0,0,37.4,47.593,47.843,6407,18.66,53.6,0
1783525582.497572,869,16,person,0,682,100,777,372,0.791,729,236,89,-124,1551,1553,0.35,0,0,37.4,47.593,47.843,6407,18.62,53.7,0
1783525582.5474935,870,16,person,0,679,99,772,364,0.761,725,231,85,-129,1547,1558,0.35,0,0,37.4,47.593,47.843,6407,23.12,43.3,0
1783525582.5926328,871,16,person,0,676,99,770,370,0.767,723,234,83,-126,1549,1549,0.35,0,0,37.4,47.593,47.843,6407,18.7,53.5,0
1783525582.6376479,872,16,person,0,673,100,767,372,0.784,720,236,80,-124,1545,1549,0.35,0,0,37.4,47.593,47.843,6407,18.71,53.5,0
1783525582.6835015,873,16,person,0,673,101,766,370,0.777,719,235,79,-125,1548,1553,0.35,0,0,37.4,47.906,47.781,6486,18.63,53.7,0
1783525582.7283664,874,16,person,0,672,102,765,371,0.767,718,236,78,-124,1548,1550,0.35,0,0,37.4,47.906,47.781,6486,18.68,53.5,0
1783525582.7725472,875,16,person,0,671,105,764,373,0.752,717,239,77,-121,1547,1547,0.35,0,0,37.4,47.906,47.781,6486,18.55,53.9,0
1783525582.817266,876,16,person,0,673,108,764,370,0.69,718,239,78,-121,1551,1550,0.35,0,0,37.4,47.906,47.781,6486,18.57,53.8,0
1783525582.8582904,877,16,person,0,672,109,762,368,0.606,717,238,77,-122,1547,1552,0.35,0,0,37.4,47.906,47.781,6486,18.8,53.2,0
1783525582.9047472,878,16,person,0,672,110,761,365,0.589,716,237,76,-123,1546,1552,0.35,0,0,37.4,47.906,47.781,6486,18.56,53.9,0
1783525582.9512303,879,16,person,0,671,110,761,366,0.618,716,238,76,-122,1548,1549,0.35,0,0,37.4,47.906,47.781,6486,18.63,53.7,0
1783525582.9964845,880,16,person,0,673,111,761,365,0.665,717,238,77,-122,1550,1550,0.35,0,0,37.4,47.906,47.781,6486,18.65,53.6,0
1783525583.0410576,881,16,person,0,673,112,759,357,0.66,716,234,76,-126,1546,1556,0.35,0,0,37.4,47.906,47.781,6486,18.47,54.1,0
1783525583.0856388,882,16,person,0,675,113,759,352,0.704,717,232,77,-128,1550,1555,0.35,0,0,37.4,47.906,47.781,6486,18.53,54.0,0
1783525583.1304967,883,16,person,0,678,113,761,348,0.727,719,230,79,-130,1553,1556,0.35,0,0,37.4,47.906,47.781,6486,18.65,53.6,0
1783525583.174502,884,16,person,0,679,113,762,348,0.7,720,230,80,-130,1552,1554,0.35,0,0,37.4,47.781,47.656,6446,18.46,54.2,0
1783525583.2187998,885,16,person,0,679,113,763,348,0.698,721,230,81,-130,1553,1554,0.35,0,0,37.4,47.781,47.656,6446,18.67,53.6,0
1783525583.263491,886,16,person,0,679,113,765,353,0.672,722,233,82,-127,1553,1549,0.35,0,0,37.4,47.781,47.656,6446,19.55,51.1,0
1783525583.307724,887,16,person,0,681,113,766,349,0.688,723,231,83,-129,1554,1555,0.35,0,0,37.4,47.781,47.656,6446,18.59,53.8,0
1783525583.3524144,888,16,person,0,681,114,768,355,0.665,724,234,84,-126,1555,1549,0.35,0,0,37.4,47.781,47.656,6446,18.58,53.8,0
1783525583.3937657,889,16,person,0,683,114,768,345,0.708,725,229,85,-131,1555,1560,0.35,0,0,37.4,47.781,47.656,6446,18.66,53.6,0
1783525583.4402397,890,16,person,0,686,117,772,354,0.65,729,235,89,-125,1563,1545,0.35,0,0,37.4,47.781,47.656,6446,18.65,53.6,0
1783525583.4865847,891,16,person,0,689,120,775,357,0.753,732,238,92,-122,1563,1547,0.35,0,0,37.4,47.781,47.656,6446,18.66,53.6,0
1783525583.531788,892,16,person,0,693,122,777,356,0.772,735,239,95,-121,1565,1549,0.35,0,0,37.4,47.781,47.656,6446,18.61,53.7,0
1783525583.5765502,893,16,person,0,699,123,780,353,0.765,739,238,99,-122,1569,1551,0.35,0,0,37.4,47.781,47.656,6446,18.51,54.0,0
1783525583.6214743,894,16,person,0,704,125,781,341,0.648,742,233,102,-127,1569,1558,0.35,0,0,37.4,47.781,47.656,6446,18.63,53.7,0
1783525583.6663828,895,16,person,0,709,127,781,330,0.631,745,228,105,-132,1571,1560,0.35,0,0,37.4,47.5,47.562,6407,18.6,53.7,0
1783525583.7113864,896,16,person,0,711,127,785,336,0.625,748,231,108,-129,1573,1550,0.35,0,0,37.4,47.5,47.562,6407,18.5,54.1,0
1783525583.7560785,897,16,person,0,711,127,789,345,0.708,750,236,110,-124,1572,1546,0.35,0,0,37.4,47.5,47.562,6407,18.75,53.3,0
1783525583.8005285,898,16,person,0,713,127,792,348,0.711,752,237,112,-123,1573,1550,0.35,0,0,37.4,47.5,47.562,6407,18.65,53.6,0
1783525583.8472545,899,16,person,0,716,127,796,351,0.723,756,239,116,-121,1579,1548,0.35,0,0,37.4,47.5,47.562,6407,21.02,47.6,0
1783525583.8963218,900,16,person,0,716,128,796,348,0.71,756,238,116,-122,1572,1551,0.35,0,0,37.4,47.5,47.562,6407,23.4,42.7,0
1783525583.9370515,901,16,person,0,718,128,798,348,0.723,758,238,118,-122,1577,1550,0.35,0,0,37.4,47.5,47.562,6407,18.39,54.4,0
1783525583.984031,902,16,person,0,723,129,804,345,0.706,763,237,123,-123,1585,1552,0.35,0,0,37.4,47.5,47.562,6407,18.73,53.4,0
1783525584.0303135,903,16,person,0,724,131,807,347,0.824,765,239,125,-121,1581,1548,0.35,0,0,37.4,47.5,47.562,6407,18.67,53.6,0
1783525584.0755944,904,16,person,0,726,133,812,355,0.764,769,244,129,-116,1587,1542,0.35,0,0,37.4,47.5,47.562,6407,18.64,53.7,0
1783525584.1207764,905,16,person,0,729,135,814,351,0.708,771,243,131,-117,1585,1549,0.35,0,0,37.4,47.5,47.562,6407,18.62,53.7,0
1783525584.1654298,906,16,person,0,729,136,816,351,0.776,772,243,132,-117,1583,1548,0.35,0,0,37.4,47.5,47.562,6407,18.6,53.8,0
1783525584.209879,907,16,person,0,738,138,825,349,0.708,781,243,141,-117,1603,1548,0.35,0,0,37.4,47.531,47.718,6446,18.52,54.0,0
1783525584.2550201,908,16,person,0,752,139,837,348,0.787,794,243,154,-117,1618,1548,0.35,0,0,37.4,47.531,47.718,6446,18.8,53.2,0
1783525584.3002572,909,16,person,0,754,142,839,349,0.607,796,245,156,-115,1600,1545,0.35,0,0,37.4,47.531,47.718,6446,18.92,52.9,0
1783525584.3452666,910,16,person,0,767,148,844,333,0.597,805,240,165,-120,1617,1555,0.35,0,0,37.4,47.531,47.718,6446,18.6,53.8,0
1783525584.391761,911,16,person,0,777,154,850,324,0.576,813,239,173,-121,1620,1551,0.35,0,0,37.4,47.531,47.718,6446,19.09,52.4,0
1783525584.4363046,912,16,person,0,791,161,846,275,0.645,818,218,178,-142,1618,1582,0.35,0,0,37.4,47.531,47.718,6446,18.66,53.6,0
1783525584.4772706,913,16,person,0,802,173,849,258,0.677,825,215,185,-145,1627,1563,0.35,0,0,37.4,47.531,47.718,6446,18.66,53.6,0
1783525584.522747,914,,,,,,,,,,,,,1500,1500,0.35,0,0,37.4,47.531,47.718,6446,18.0,55.6,1
1783525584.5699205,915,18,person,0,780,188,880,262,0.381,830,225,190,-135,1700,1650,0.35,0,0,37.4,47.531,47.718,6446,18.88,53.0,0
1783525584.6123402,916,,,,,,,,,,,,,1500,1500,0.35,0,0,37.4,47.531,47.718,6446,15.99,62.5,1
1783525584.6537497,917,,,,,,,,,,,,,1500,1500,0.35,0,0,37.4,47.531,47.718,6446,16.01,62.5,1
1783525584.6932795,918,,,,,,,,,,,,,1500,1500,0.35,0,0,37.4,47.75,47.5,6486,15.92,62.8,1
1783525584.7325227,919,,,,,,,,,,,,,1500,1500,0.35,0,0,37.4,47.75,47.5,6486,15.61,64.1,1
1783525584.7719269,920,,,,,,,,,,,,,1500,1500,0.35,0,0,37.4,47.75,47.5,6486,15.67,63.8,1
1783525584.8113804,921,,,,,,,,,,,,,1500,1500,0.35,0,0,37.4,47.75,47.5,6486,15.85,63.1,1
1783525584.8504124,922,,,,,,,,,,,,,1500,1500,0.35,0,0,37.4,47.75,47.5,6486,15.8,63.3,1
1783525584.889387,923,,,,,,,,,,,,,1500,1500,0.35,0,0,37.4,47.75,47.5,6486,15.79,63.3,1
1783525584.9277413,924,,,,,,,,,,,,,1500,1500,0.35,0,0,37.4,47.75,47.5,6486,15.68,63.8,1
1783525584.9633021,925,,,,,,,,,,,,,1500,1500,0.35,0,0,37.4,47.75,47.5,6486,15.68,63.8,1
1783525585.0048552,926,,,,,,,,,,,,,1500,1500,0.35,0,0,37.4,47.75,47.5,6486,15.7,63.7,1
1783525585.0453563,927,,,,,,,,,,,,,1500,1500,0.35,0,0,37.4,47.75,47.5,6486,15.77,63.4,1
1783525585.085071,928,,,,,,,,,,,,,1500,1500,0.35,0,0,37.4,47.75,47.5,6486,15.82,63.2,1
1783525585.1243968,929,,,,,,,,,,,,,1500,1500,0.35,0,0,37.4,47.75,47.5,6486,15.77,63.4,1
1783525585.167477,930,,,,,,,,,,,,,1500,1500,0.35,0,0,37.4,47.75,47.5,6486,19.46,51.4,1
1783525585.2078202,931,,,,,,,,,,,,,1500,1500,0.35,0,0,37.4,47.656,47.75,6526,16.91,59.1,1
1783525585.2468615,932,,,,,,,,,,,,,1500,1500,0.35,0,0,37.4,47.656,47.75,6526,15.84,63.1,1
1783525585.2863345,933,,,,,,,,,,,,,1500,1500,0.35,0,0,37.4,47.656,47.75,6526,15.93,62.8,1
1783525585.3254805,934,,,,,,,,,,,,,1500,1500,0.35,0,0,37.4,47.656,47.75,6526,15.79,63.3,1
1783525585.364564,935,,,,,,,,,,,,,1500,1500,0.35,0,0,37.4,47.656,47.75,6526,15.73,63.6,1
1783525585.40319,936,,,,,,,,,,,,,1500,1500,0.35,0,0,37.4,47.656,47.75,6526,15.6,64.1,1
1783525585.4387028,937,,,,,,,,,,,,,1500,1500,0.35,0,0,37.4,47.656,47.75,6526,15.62,64.0,1
1783525585.4802477,938,,,,,,,,,,,,,1500,1500,0.35,0,0,37.4,47.656,47.75,6526,15.79,63.3,1
1783525585.520624,939,,,,,,,,,,,,,1500,1500,0.35,0,0,37.4,47.656,47.75,6526,15.87,63.0,1
1783525585.5600615,940,,,,,,,,,,,,,1500,1500,0.35,0,0,37.4,47.656,47.75,6526,15.7,63.7,1
1783525585.5991416,941,,,,,,,,,,,,,1500,1500,0.35,0,0,37.4,47.656,47.75,6526,15.64,63.9,1
1783525585.6378496,942,,,,,,,,,,,,,1500,1500,0.35,0,0,37.4,47.656,47.75,6526,15.63,64.0,1
1783525585.6766243,943,,,,,,,,,,,,,1500,1500,0.35,0,0,37.4,47.656,47.75,6526,15.55,64.3,1
1783525585.7154365,944,,,,,,,,,,,,,1500,1500,0.35,0,0,37.4,47.906,47.562,6526,15.69,63.7,1
1783525585.7545595,945,,,,,,,,,,,,,1500,1500,0.35,0,0,37.4,47.906,47.562,6526,15.81,63.2,1
1783525585.7932491,946,,,,,,,,,,,,,1500,1500,0.35,0,0,37.4,47.906,47.562,6526,15.6,64.1,1
1783525585.831673,947,,,,,,,,,,,,,1500,1500,0.35,0,0,37.4,47.906,47.562,6526,15.47,64.6,1
1783525585.8697178,948,,,,,,,,,,,,,1500,1500,0.35,0,0,37.4,47.906,47.562,6526,15.15,66.0,1
1783525585.9048817,949,,,,,,,,,,,,,1500,1500,0.35,0,0,37.4,47.906,47.562,6526,15.22,65.7,1
1783525585.9457462,950,,,,,,,,,,,,,1500,1500,0.35,0,0,37.4,47.906,47.562,6526,15.32,65.3,1
1783525585.9865015,951,,,,,,,,,,,,,1500,1500,0.35,0,0,37.4,47.906,47.562,6526,15.34,65.2,1
1783525586.0250697,952,,,,,,,,,,,,,1500,1500,0.35,0,0,37.4,47.906,47.562,6526,15.31,65.3,1
1783525586.0641646,953,,,,,,,,,,,,,1500,1500,0.35,0,0,37.4,47.906,47.562,6526,15.43,64.8,1
1783525586.1027043,954,,,,,,,,,,,,,1500,1500,0.35,0,0,37.4,47.906,47.562,6526,15.19,65.8,1
1783525586.1413832,955,,,,,,,,,,,,,1500,1500,0.35,0,0,37.4,47.906,47.562,6526,15.33,65.2,1
1783525586.179785,956,,,,,,,,,,,,,1500,1500,0.35,0,0,37.4,47.906,47.562,6526,15.29,65.4,1
1783525586.2181373,957,,,,,,,,,,,,,1500,1500,0.35,0,0,37.4,47.625,47.656,6526,15.36,65.1,1
1783525586.2602022,958,,,,,,,,,,,,,1500,1500,0.35,0,0,37.4,47.625,47.656,6526,19.07,52.4,1
1783525586.2984824,959,,,,,,,,,,,,,1500,1500,0.35,0,0,37.4,47.625,47.656,6526,15.28,65.5,1
1783525586.3402457,960,,,,,,,,,,,,,1500,1500,0.35,0,0,37.4,47.625,47.656,6526,19.1,52.3,1
1783525586.37577,961,,,,,,,,,,,,,1500,1500,0.35,0,0,37.4,47.625,47.656,6526,15.5,64.5,1
1783525586.4164014,962,,,,,,,,,,,,,1500,1500,0.35,0,0,37.4,47.625,47.656,6526,15.31,65.3,1
1783525586.45683,963,,,,,,,,,,,,,1500,1500,0.35,0,0,37.4,47.625,47.656,6526,15.4,64.9,1
1783525586.4961662,964,,,,,,,,,,,,,1500,1500,0.35,0,0,37.4,47.625,47.656,6526,15.3,65.4,1
1783525586.5352015,965,,,,,,,,,,,,,1500,1500,0.35,0,0,37.4,47.625,47.656,6526,15.21,65.7,1
1783525586.5738704,966,,,,,,,,,,,,,1500,1500,0.35,0,0,37.4,47.625,47.656,6526,15.24,65.6,1
1783525586.612626,967,,,,,,,,,,,,,1500,1500,0.35,0,0,37.4,47.625,47.656,6526,15.33,65.2,1
1783525586.650663,968,,,,,,,,,,,,,1500,1500,0.35,0,0,37.4,47.625,47.656,6526,15.23,65.7,1
1783525586.6889596,969,,,,,,,,,,,,,1500,1500,0.35,0,0,37.4,47.625,47.656,6526,15.34,65.2,1
1783525586.7275128,970,,,,,,,,,,,,,1500,1500,0.35,0,0,37.4,47.843,47.562,6565,15.28,65.4,1
1783525586.765969,971,,,,,,,,,,,,,1500,1500,0.35,0,0,37.4,47.843,47.562,6565,15.21,65.8,1
1783525586.8067994,972,,,,,,,,,,,,,1500,1500,0.35,0,0,37.4,47.843,47.562,6565,17.08,58.6,1
1783525586.8470733,973,19,person,0,758,240,822,349,0.578,790,294,150,-66,1700,1626,0.35,0,0,37.4,47.843,47.562,6565,18.46,54.2,0
1783525586.8948903,974,19,person,0,751,240,822,360,0.597,786,300,146,-60,1581,1517,0.35,0,0,37.4,47.843,47.562,6565,18.7,53.5,0
1783525586.9404964,975,19,person,0,751,240,817,350,0.603,784,295,144,-65,1583,1531,0.35,0,0,37.4,47.843,47.562,6565,18.58,53.8,0
1783525586.9858186,976,19,person,0,748,238,819,357,0.454,783,297,143,-63,1584,1523,0.35,0,0,37.4,47.843,47.562,6565,18.71,53.5,0
1783525587.0311131,977,19,person,0,748,235,816,349,0.432,782,292,142,-68,1584,1532,0.35,0,0,37.4,47.843,47.562,6565,18.75,53.3,0
1783525587.0759258,978,19,person,0,743,228,813,343,0.484,778,285,138,-75,1576,1538,0.35,0,0,37.4,47.843,47.562,6565,18.59,53.8,0
1783525587.1212337,979,19,person,0,738,222,812,343,0.602,775,282,135,-78,1577,1534,0.35,0,0,37.4,47.843,47.562,6565,18.78,53.2,0
1783525587.165489,980,19,person,0,734,214,812,344,0.619,773,279,133,-81,1577,1536,0.35,0,0,37.4,47.843,47.562,6565,18.84,53.1,0
1783525587.2102065,981,19,person,0,728,207,813,346,0.413,770,276,130,-84,1574,1537,0.35,0,0,37.4,47.812,47.75,6486,18.67,53.6,0
1783525587.2552848,982,19,person,0,726,202,815,349,0.482,770,275,130,-85,1579,1535,0.35,0,0,37.4,47.812,47.75,6486,18.95,52.8,0
1783525587.2955692,983,,,,,,,,,,,,,1500,1500,0.35,0,0,37.4,47.812,47.75,6486,15.83,63.2,1
1783525587.3409283,984,19,person,0,715,190,815,355,0.706,765,272,125,-88,1700,1650,0.35,0,0,37.4,47.812,47.75,6486,18.69,53.5,0
1783525587.3821208,985,19,person,0,712,184,817,357,0.687,764,270,124,-90,1572,1538,0.35,0,0,37.4,47.812,47.75,6486,18.85,53.0,0
1783525587.429097,986,19,person,0,710,179,817,357,0.533,763,268,123,-92,1572,1539,0.35,0,0,37.4,47.812,47.75,6486,18.84,53.1,0
1783525587.4704897,987,,,,,,,,,,,,,1500,1500,0.35,0,0,37.4,47.812,47.75,6486,15.73,63.6,1
1783525587.512401,988,,,,,,,,,,,,,1500,1500,0.35,0,0,37.4,47.812,47.75,6486,15.68,63.8,1
1783525587.5579798,989,19,person,0,700,165,806,350,0.354,753,257,113,-103,1700,1650,0.35,0,0,37.4,47.812,47.75,6486,18.79,53.2,0
1783525587.6083965,990,19,person,0,698,160,802,352,0.361,750,256,110,-104,1561,1542,0.35,0,0,37.4,47.812,47.75,6486,23.04,43.4,0
1783525587.6537821,991,19,person,0,690,150,797,354,0.53,743,252,103,-108,1549,1547,0.35,0,0,37.4,47.812,47.75,6486,18.67,53.5,0
1783525587.6991444,992,19,person,0,685,144,791,353,0.52,738,248,98,-112,1550,1549,0.35,0,0,37.4,47.812,47.75,6486,18.61,53.7,0
1783525587.7441344,993,19,person,0,684,138,785,347,0.54,734,242,94,-118,1549,1554,0.35,0,0,37.4,48.031,47.875,6526,18.59,53.8,0
1783525587.7891707,994,19,person,0,683,135,780,344,0.486,731,239,91,-121,1550,1552,0.35,0,0,37.4,48.031,47.875,6526,18.69,53.5,0
1783525587.8343801,995,19,person,0,682,133,776,346,0.427,729,239,89,-121,1550,1549,0.35,0,0,37.4,48.031,47.875,6526,18.61,53.7,0
1783525587.8743267,996,,,,,,,,,,,,,1500,1500,0.35,0,0,37.4,48.031,47.875,6526,15.79,63.3,1
1783525587.9106693,997,,,,,,,,,,,,,1500,1500,0.35,0,0,37.4,48.031,47.875,6526,15.9,62.9,1
1783525587.9567666,998,19,person,0,678,124,763,326,0.56,720,225,80,-135,1700,1650,0.35,0,0,37.4,48.031,47.875,6526,18.8,53.2,0
1783525588.0039086,999,19,person,0,677,122,757,319,0.576,717,220,77,-140,1541,1561,0.35,0,0,37.4,48.031,47.875,6526,18.59,53.8,0
1783525588.0491126,1000,19,person,0,668,121,750,325,0.589,709,223,69,-137,1527,1551,0.35,0,0,37.4,48.031,47.875,6526,18.66,53.6,0
1783525588.0945892,1001,19,person,0,668,119,747,322,0.58,707,220,67,-140,1537,1559,0.35,0,0,37.4,48.031,47.875,6526,18.73,53.4,0
1783525588.1390896,1002,19,person,0,664,116,743,321,0.545,703,218,63,-142,1531,1559,0.35,0,0,37.4,48.031,47.875,6526,18.58,53.8,0
1783525588.1843314,1003,19,person,0,661,116,740,322,0.529,700,219,60,-141,1531,1556,0.35,0,0,37.4,48.031,47.875,6526,18.72,53.4,0
1783525588.2300172,1004,19,person,0,654,115,734,323,0.476,694,219,54,-141,1522,1557,0.35,0,0,37.4,47.812,47.687,6486,19.79,50.5,0
1783525588.2747815,1005,19,person,0,641,116,727,334,0.563,684,225,44,-135,1509,1548,0.35,0,0,37.4,47.812,47.687,6486,18.76,53.3,0
1783525588.3201978,1006,19,person,0,634,115,726,345,0.63,680,230,40,-130,1423,1547,0.35,0,0,37.4,47.812,47.687,6486,18.67,53.6,0
1783525588.3655758,1007,19,person,0,634,114,724,335,0.485,679,224,39,-136,1500,1562,0.35,0,0,37.4,47.812,47.687,6486,18.94,52.8,0
1783525588.4102683,1008,19,person,0,633,112,722,329,0.384,677,220,37,-140,1500,1561,0.35,0,0,37.4,47.812,47.687,6486,18.76,53.3,0
1783525588.4519005,1009,19,person,0,642,112,714,275,0.52,678,193,38,-167,1500,1600,0.35,0,0,37.4,47.812,47.687,6486,18.86,53.0,0
1783525588.498621,1010,19,person,0,645,110,711,252,0.544,678,181,38,-179,1500,1586,0.35,0,0,37.4,47.812,47.687,6486,18.63,53.7,0
1783525588.5432637,1011,,,,,,,,,,,,,1500,1500,0.35,0,0,37.4,47.812,47.687,6486,17.75,56.4,1
1783525588.5901542,1012,19,person,0,643,106,713,252,0.546,678,179,38,-181,1500,1650,0.35,0,0,37.4,47.812,47.687,6486,18.85,53.0,0
1783525588.6363008,1013,19,person,0,642,104,715,250,0.619,678,177,38,-183,1500,1575,0.35,0,0,37.4,47.812,47.687,6486,18.56,53.9,0
1783525588.6814923,1014,19,person,0,624,103,732,323,0.544,678,213,38,-147,1500,1519,0.35,0,0,37.4,47.812,47.687,6486,18.93,52.8,0
1783525588.7271729,1015,19,person,0,619,102,737,350,0.633,678,226,38,-134,1500,1539,0.35,0,0,37.4,47.656,47.625,6446,18.81,53.2,0
1783525588.772879,1016,19,person,0,617,102,740,365,0.728,678,233,38,-127,1500,1543,0.35,0,0,37.4,47.656,47.625,6446,18.58,53.8,0
1783525588.817418,1017,19,person,0,617,103,741,373,0.736,679,238,39,-122,1500,1543,0.35,0,0,37.4,47.656,47.625,6446,18.52,54.0,0
1783525588.862291,1018,19,person,0,618,102,741,373,0.721,679,237,39,-123,1500,1551,0.35,0,0,37.4,47.656,47.625,6446,18.82,53.1,0
1783525588.9065585,1019,19,person,0,626,101,744,368,0.423,685,234,45,-126,1608,1554,0.35,0,0,37.4,47.656,47.625,6446,18.74,53.4,0
1783525588.9544365,1020,,,,,,,,,,,,,1500,1500,0.35,0,0,37.4,47.656,47.625,6446,22.4,44.6,1
1783525588.9964535,1021,19,person,0,647,99,741,312,0.526,694,205,54,-155,1663,1650,0.35,0,0,37.4,47.656,47.625,6446,19.98,50.1,0
1783525589.0448158,1022,19,person,0,657,98,745,299,0.595,701,198,61,-162,1548,1572,0.35,0,0,37.4,47.656,47.625,6446,18.58,53.8,0
1783525589.0915873,1023,19,person,0,661,98,748,299,0.596,704,198,64,-162,1543,1565,0.35,0,0,37.4,47.656,47.625,6446,18.93,52.8,0
1783525589.136938,1024,19,person,0,662,97,753,308,0.586,707,202,67,-158,1545,1559,0.35,0,0,37.4,47.656,47.625,6446,18.42,54.3,0
1783525589.182601,1025,19,person,0,665,96,757,312,0.55,711,204,71,-156,1550,1560,0.35,0,0,37.4,47.656,47.625,6446,18.91,52.9,0
1783525589.227748,1026,19,person,0,669,96,758,304,0.489,713,200,73,-160,1547,1569,0.35,0,0,37.4,47.656,47.843,6446,18.77,53.3,0
1783525589.2724197,1027,19,person,0,664,94,771,349,0.56,717,221,77,-139,1553,1533,0.35,0,0,37.4,47.656,47.843,6446,18.7,53.5,0
1783525589.3183436,1028,19,person,0,666,95,776,359,0.6,721,227,81,-133,1556,1547,0.35,0,0,37.4,47.656,47.843,6446,18.86,53.0,0
1783525589.3636668,1029,19,person,0,670,94,779,360,0.676,724,227,84,-133,1556,1554,0.35,0,0,37.4,47.656,47.843,6446,18.62,53.7,0
1783525589.4119163,1030,19,person,0,673,93,785,372,0.716,729,232,89,-128,1562,1547,0.35,0,0,37.4,47.656,47.843,6446,21.64,46.2,0
1783525589.4571679,1031,19,person,0,676,92,789,378,0.684,732,235,92,-125,1561,1548,0.35,0,0,37.4,47.656,47.843,6446,18.82,53.1,0
1783525589.502057,1032,19,person,0,678,90,789,378,0.741,733,234,93,-126,1558,1553,0.35,0,0,37.4,47.656,47.843,6446,18.59,53.8,0
1783525589.543024,1033,19,person,0,682,88,793,379,0.724,737,233,97,-127,1567,1553,0.35,0,0,37.4,47.656,47.843,6446,18.64,53.7,0
1783525589.5900939,1034,19,person,0,687,86,794,376,0.667,740,231,100,-129,1566,1555,0.35,0,0,37.4,47.656,47.843,6446,18.75,53.3,0
1783525589.63652,1035,19,person,0,692,84,800,378,0.647,746,231,106,-129,1575,1553,0.35,0,0,37.4,47.656,47.843,6446,18.47,54.1,0
1783525589.6830745,1036,19,person,0,699,81,806,377,0.784,752,229,112,-131,1579,1556,0.35,0,0,37.4,47.656,47.843,6446,18.84,53.1,0
1783525589.7291021,1037,19,person,0,704,78,811,376,0.731,757,227,117,-133,1580,1557,0.35,0,0,37.4,47.656,47.843,6446,18.75,53.3,0
1783525589.7746518,1038,19,person,0,707,76,815,379,0.793,761,227,121,-133,1581,1555,0.35,0,0,37.4,47.687,48.031,6407,18.74,53.4,0
1783525589.820182,1039,19,person,0,710,75,818,382,0.812,764,228,124,-132,1581,1553,0.35,0,0,37.4,47.687,48.031,6407,18.84,53.1,0
1783525589.865254,1040,19,person,0,713,74,821,384,0.809,767,229,127,-131,1583,1553,0.35,0,0,37.4,47.687,48.031,6407,18.57,53.8,0
1783525589.910433,1041,19,person,0,714,74,821,384,0.808,767,229,127,-131,1578,1554,0.35,0,0,37.4,47.687,48.031,6407,18.68,53.5,0
1783525589.9555535,1042,19,person,0,714,73,821,386,0.835,767,229,127,-131,1579,1554,0.35,0,0,37.4,47.687,48.031,6407,18.81,53.2,0
1783525590.0000036,1043,19,person,0,716,72,823,388,0.844,769,230,129,-130,1583,1552,0.35,0,0,37.4,47.687,48.031,6407,18.67,53.6,0
1783525590.045106,1044,19,person,0,718,70,826,388,0.863,772,229,132,-131,1587,1555,0.35,0,0,37.4,47.687,48.031,6407,18.56,53.9,0
1783525590.0868511,1045,19,person,0,721,70,829,390,0.87,775,230,135,-130,1589,1552,0.35,0,0,37.4,47.687,48.031,6407,18.67,53.6,0
1783525590.134026,1046,19,person,0,722,66,832,390,0.868,777,228,137,-132,1588,1556,0.35,0,0,37.4,47.687,48.031,6407,18.53,54.0,0
1783525590.1806076,1047,19,person,0,723,63,835,390,0.862,779,226,139,-134,1589,1557,0.35,0,0,37.4,47.687,48.031,6407,18.86,53.0,0
1783525590.2271419,1048,19,person,0,724,60,839,389,0.875,781,224,141,-136,1591,1558,0.35,0,0,37.4,47.687,48.031,6407,18.83,53.1,0
1783525590.2730956,1049,19,person,0,725,57,844,392,0.879,784,224,144,-136,1594,1556,0.35,0,0,37.4,48.062,47.781,6407,18.54,53.9,0
1783525590.3238313,1050,19,person,0,727,55,849,395,0.869,788,225,148,-135,1598,1555,0.35,0,0,37.4,48.062,47.781,6407,23.44,42.7,0
1783525590.3698187,1051,19,person,0,728,53,853,397,0.865,790,225,150,-135,1596,1556,0.35,0,0,37.4,48.062,47.781,6407,18.45,54.2,0
1783525590.4151359,1052,19,person,0,727,52,854,398,0.89,790,225,150,-135,1593,1556,0.35,0,0,37.4,48.062,47.781,6407,18.89,52.9,0
1783525590.4606853,1053,19,person,0,727,53,855,400,0.884,791,226,151,-134,1595,1554,0.35,0,0,37.4,48.062,47.781,6407,18.81,53.2,0
1783525590.5062733,1054,19,person,0,726,52,856,401,0.892,791,226,151,-134,1593,1555,0.35,0,0,37.4,48.062,47.781,6407,18.75,53.3,0
1783525590.5522738,1055,19,person,0,724,46,858,403,0.884,791,224,151,-136,1593,1558,0.35,0,0,37.4,48.062,47.781,6407,18.9,52.9,0
1783525590.5976543,1056,19,person,0,724,47,858,404,0.893,791,225,151,-135,1593,1554,0.35,0,0,37.4,48.062,47.781,6407,18.7,53.5,0
1783525590.638631,1057,19,person,0,719,39,857,404,0.872,788,221,148,-139,1585,1562,0.35,0,0,37.4,48.062,47.781,6407,18.74,53.4,0
1783525590.6877291,1058,19,person,0,718,32,859,408,0.883,788,220,148,-140,1591,1559,0.35,0,0,37.4,48.062,47.781,6407,18.98,52.7,0
1783525590.7345984,1059,19,person,0,717,29,859,407,0.896,788,218,148,-142,1591,1560,0.35,0,0,37.4,48.062,47.781,6407,18.61,53.7,0
1783525590.7810512,1060,19,person,0,716,25,860,412,0.908,788,218,148,-142,1591,1558,0.35,0,0,37.4,47.843,47.812,6446,18.81,53.2,0
1783525590.8269434,1061,19,person,0,714,23,859,414,0.906,786,218,146,-142,1587,1558,0.35,0,0,37.4,47.843,47.812,6446,18.94,52.8,0
1783525590.873225,1062,19,person,0,712,20,859,417,0.903,785,218,145,-142,1588,1558,0.35,0,0,37.4,47.843,47.812,6446,18.75,53.3,0
1783525590.9193695,1063,19,person,0,711,18,858,419,0.911,784,218,144,-142,1587,1558,0.35,0,0,37.4,47.843,47.812,6446,18.89,53.0,0
1783525590.964406,1064,19,person,0,710,18,858,421,0.911,784,219,144,-141,1589,1557,0.35,0,0,37.4,47.843,47.812,6446,18.59,53.8,0
1783525591.0098674,1065,19,person,0,711,17,860,426,0.911,785,221,145,-139,1591,1555,0.35,0,0,37.4,47.843,47.812,6446,18.93,52.8,0
1783525591.0561855,1066,19,person,0,711,15,862,429,0.914,786,222,146,-138,1592,1556,0.35,0,0,37.4,47.843,47.812,6446,18.75,53.3,0
1783525591.1023638,1067,19,person,0,711,13,863,431,0.923,787,222,147,-138,1592,1557,0.35,0,0,37.4,47.843,47.812,6446,18.56,53.9,0
1783525591.1476533,1068,19,person,0,713,8,866,432,0.925,789,220,149,-140,1595,1560,0.35,0,0,37.4,47.843,47.812,6446,18.62,53.7,0
1783525591.1888702,1069,19,person,0,714,3,869,432,0.914,791,217,151,-143,1597,1562,0.35,0,0,37.4,47.843,47.812,6446,18.92,52.9,0
1783525591.2360508,1070,19,person,0,716,0,871,432,0.913,793,216,153,-144,1598,1560,0.35,0,0,37.4,47.843,47.812,6446,18.45,54.2,0
1783525591.2824206,1071,19,person,0,718,0,875,431,0.894,796,215,156,-145,1601,1561,0.35,0,0,37.4,48.25,47.656,6446,18.76,53.3,0
1783525591.3290088,1072,19,person,0,720,0,877,430,0.89,798,215,158,-145,1601,1560,0.35,0,0,37.4,48.25,47.656,6446,18.63,53.7,0
1783525591.3753486,1073,19,person,0,723,2,881,429,0.897,802,215,162,-145,1607,1560,0.35,0,0,37.4,48.25,47.656,6446,18.48,54.1,0
1783525591.4218647,1074,19,person,0,725,3,885,431,0.908,805,217,165,-143,1607,1557,0.35,0,0,37.4,48.25,47.656,6446,18.84,53.1,0
1783525591.4678693,1075,19,person,0,725,3,888,434,0.9,806,218,166,-142,1604,1557,0.35,0,0,37.4,48.25,47.656,6446,18.62,53.7,0
1783525591.5135105,1076,19,person,0,726,3,891,437,0.909,808,220,168,-140,1607,1555,0.35,0,0,37.4,48.25,47.656,6446,19.0,52.6,0
1783525591.5596797,1077,19,person,0,726,3,894,442,0.921,810,222,170,-138,1608,1555,0.35,0,0,37.4,48.25,47.656,6446,18.77,53.3,0
1783525591.605236,1078,19,person,0,724,3,897,450,0.913,810,226,170,-134,1605,1551,0.35,0,0,37.4,48.25,47.656,6446,18.48,54.1,0
1783525591.6513147,1079,19,person,0,723,3,899,453,0.914,811,228,171,-132,1607,1552,0.35,0,0,37.4,48.25,47.656,6446,18.91,52.9,0
1783525591.7024314,1080,19,person,0,723,3,901,456,0.914,812,229,172,-131,1607,1553,0.35,0,0,37.4,48.25,47.656,6446,23.65,42.3,0
1783525591.7451928,1081,19,person,0,721,3,901,458,0.92,811,230,171,-130,1603,1552,0.35,0,0,37.4,48.25,47.656,6446,19.85,50.4,0
1783525591.7930045,1082,19,person,0,720,3,902,460,0.912,811,231,171,-129,1605,1552,0.35,0,0,37.4,47.968,48.031,6486,18.72,53.4,0
1783525591.8394854,1083,19,person,0,719,3,902,459,0.913,810,231,170,-129,1603,1553,0.35,0,0,37.4,47.968,48.031,6486,18.53,54.0,0
1783525591.886264,1084,19,person,0,718,3,903,459,0.915,810,231,170,-129,1605,1553,0.35,0,0,37.4,47.968,48.031,6486,18.85,53.0,0
1783525591.9321647,1085,19,person,0,717,3,904,461,0.919,810,232,170,-128,1605,1552,0.35,0,0,37.4,47.968,48.031,6486,18.66,53.6,0
1783525591.9778717,1086,19,person,0,716,3,908,473,0.908,812,238,172,-122,1609,1544,0.35,0,0,37.4,47.968,48.031,6486,18.61,53.7,0
1783525592.0247207,1087,19,person,0,715,3,912,484,0.914,813,243,173,-117,1608,1543,0.35,0,0,37.4,47.968,48.031,6486,18.81,53.2,0
1783525592.071309,1088,19,person,0,717,3,917,492,0.919,817,247,177,-113,1616,1542,0.35,0,0,37.4,47.968,48.031,6486,18.75,53.3,0
1783525592.1183298,1089,19,person,0,719,2,920,497,0.919,819,249,179,-111,1613,1544,0.35,0,0,37.4,47.968,48.031,6486,19.07,52.5,0
1783525592.164101,1090,19,person,0,721,3,925,505,0.917,823,254,183,-106,1619,1538,0.35,0,0,37.4,47.968,48.031,6486,18.66,53.6,0
1783525592.2101543,1091,19,person,0,728,3,933,511,0.92,830,257,190,-103,1629,1539,0.35,0,0,37.4,47.968,48.031,6486,18.52,54.0,0
1783525592.2569594,1092,19,person,0,734,3,940,514,0.919,837,258,197,-102,1633,1541,0.35,0,0,37.4,47.968,48.031,6486,18.79,53.2,0
1783525592.2979116,1093,19,person,0,740,3,946,514,0.914,843,258,203,-102,1636,1542,0.35,0,0,37.4,47.812,47.812,6407,18.56,53.9,0
1783525592.3461082,1094,19,person,0,748,4,956,515,0.903,852,259,212,-101,1645,1541,0.35,0,0,37.4,47.812,47.812,6407,18.98,52.7,0
1783525592.3943794,1095,19,person,0,754,3,965,516,0.906,859,259,219,-101,1646,1542,0.35,0,0,37.4,47.812,47.812,6407,18.73,53.4,0
1783525592.4411354,1096,19,person,0,763,3,978,516,0.913,870,259,230,-101,1659,1542,0.35,0,0,37.4,47.812,47.812,6407,18.67,53.6,0
1783525592.4891245,1097,19,person,0,770,3,989,516,0.915,879,259,239,-101,1661,1542,0.35,0,0,37.4,47.812,47.812,6407,18.96,52.7,0
1783525592.5358305,1098,19,person,0,773,3,997,517,0.913,885,260,245,-100,1660,1540,0.35,0,0,37.4,47.812,47.812,6407,18.61,53.7,0
1783525592.5822706,1099,19,person,0,776,2,1014,530,0.899,895,266,255,-94,1673,1533,0.35,0,0,37.4,47.812,47.812,6407,18.78,53.2,0
1783525592.6310978,1100,19,person,0,776,2,1028,544,0.901,902,273,262,-87,1671,1529,0.35,0,0,37.4,47.812,47.812,6407,18.57,53.8,0
1783525592.6783657,1101,19,person,0,777,1,1044,561,0.915,910,281,270,-79,1678,1525,0.35,0,0,37.4,47.812,47.812,6407,18.7,53.5,0
1783525592.7269871,1102,19,person,0,776,1,1056,572,0.914,916,286,276,-74,1678,1526,0.35,0,0,37.4,47.812,47.812,6407,18.71,53.4,0
1783525592.774189,1103,19,person,0,775,1,1064,577,0.908,919,289,279,-71,1675,1527,0.35,0,0,37.4,47.937,47.843,6407,18.7,53.5,0
1783525592.8222425,1104,19,person,0,773,2,1069,580,0.911,921,291,281,-69,1674,1527,0.35,0,0,37.4,47.937,47.843,6407,18.84,53.1,0
1783525592.8633235,1105,19,person,0,767,2,1069,581,0.914,918,291,278,-69,1663,1529,0.35,0,0,37.4,47.937,47.843,6407,18.59,53.8,0
1783525592.9114413,1106,19,person,0,764,1,1070,582,0.92,917,291,277,-69,1667,1529,0.35,0,0,37.4,47.937,47.843,6407,18.71,53.4,0
1783525592.9605978,1107,19,person,0,764,1,1074,583,0.914,919,292,279,-68,1673,1528,0.35,0,0,37.4,47.937,47.843,6407,18.73,53.4,0
1783525593.0082593,1108,19,person,0,768,1,1079,584,0.91,923,292,283,-68,1679,1529,0.35,0,0,37.4,47.937,47.843,6407,18.59,53.8,0
1783525593.057128,1109,19,person,0,772,1,1088,595,0.913,930,298,290,-62,1688,1520,0.35,0,0,37.4,47.937,47.843,6407,18.72,53.4,0
1783525593.1107273,1110,19,person,0,778,2,1100,614,0.901,939,308,299,-52,1695,1513,0.35,0,0,37.4,47.937,47.843,6407,23.74,42.1,0
1783525593.160667,1111,19,person,0,785,3,1106,619,0.881,945,311,305,-49,1695,1518,0.35,0,0,37.4,47.937,47.843,6407,18.53,54.0,0
1783525593.2091622,1112,19,person,0,797,3,1131,650,0.894,964,326,324,-34,1700,1500,0.35,0,0,37.4,47.937,47.843,6407,18.48,54.1,0
1783525593.2606585,1113,19,person,0,802,2,1135,654,0.884,968,328,328,-32,1700,1512,0.35,0,0,37.4,47.937,47.843,6407,18.73,53.4,0
1783525593.310548,1114,19,person,0,814,3,1142,645,0.889,978,324,338,-36,1700,1520,0.35,0,0,37.4,47.875,47.781,6407,18.46,54.2,0
1783525593.367906,1115,19,person,0,822,3,1154,646,0.885,988,324,348,-36,1700,1516,0.35,0,0,37.4,47.875,47.781,6407,18.5,54.1,0
1783525593.4248226,1116,19,person,0,869,3,1199,648,0.654,1034,325,394,-35,1700,1515,0.35,0,0,37.4,47.875,47.781,6407,19.71,50.7,0
1783525593.4675274,1117,22,person,0,835,8,1055,606,0.39,945,307,305,-53,1519,1544,0.35,0,0,37.4,47.875,47.781,6407,19.01,52.6,0
1783525593.5283914,1118,19,person,0,900,3,1236,644,0.79,1068,323,428,-37,1700,1503,0.35,0,0,37.4,47.875,47.781,6407,18.74,53.4,0
1783525593.5968149,1119,19,person,0,913,3,1249,637,0.675,1081,320,441,-40,1700,1520,0.35,0,0,37.4,47.875,47.781,6407,18.73,53.4,0
1783525593.6677172,1120,19,person,0,937,3,1273,646,0.791,1105,324,465,-36,1700,1513,0.35,0,0,37.4,47.875,47.781,6407,18.68,53.5,0
1783525593.7316034,1121,19,person,0,959,3,1280,656,0.858,1119,329,479,-31,1700,1510,0.35,0,0,37.4,47.875,47.781,6407,18.74,53.4,0
1783525593.7886448,1122,19,person,0,971,2,1280,668,0.909,1125,335,485,-25,1700,1474,0.35,0,0,37.4,47.718,47.781,6288,18.87,53.0,0
1783525593.8489845,1123,19,person,0,981,3,1280,668,0.886,1130,335,490,-25,1700,1502,0.35,0,0,37.4,47.718,47.781,6288,18.78,53.2,0
1783525593.9044485,1124,19,person,0,1003,3,1280,668,0.65,1141,335,501,-25,1700,1502,0.35,0,0,37.4,47.718,47.781,6288,18.62,53.7,0
1783525593.9583595,1125,19,person,0,1016,2,1280,659,0.578,1148,330,508,-30,1700,1502,0.35,0,0,37.4,47.718,47.781,6288,18.78,53.3,0
1783525594.020218,1126,19,person,0,1023,3,1280,657,0.518,1151,330,511,-30,1700,1502,0.35,0,0,37.4,47.718,47.781,6288,18.82,53.1,0
1783525594.081867,1127,19,person,0,1024,3,1280,680,0.475,1152,341,512,-19,1700,1502,0.35,0,0,37.4,47.718,47.781,6288,18.95,52.8,0
1783525594.1405768,1128,19,person,0,1033,3,1280,673,0.438,1156,338,516,-22,1700,1502,0.35,0,0,37.4,47.718,47.781,6288,18.62,53.7,0
1783525594.1825948,1129,19,person,0,1043,3,1280,664,0.39,1161,333,521,-27,1700,1502,0.35,0,0,37.4,47.718,47.781,6288,18.81,53.2,0
1783525594.2354877,1130,19,person,0,1051,3,1280,658,0.381,1165,330,525,-30,1700,1502,0.35,0,0,37.4,47.718,47.781,6288,18.57,53.8,0
1783525594.2818122,1131,,,,,,,,,,,,,1500,1500,0.35,0,0,37.4,47.812,47.781,6288,15.73,63.6,1
1783525594.3301523,1132,,,,,,,,,,,,,1500,1500,0.35,0,0,37.4,47.812,47.781,6288,15.65,63.9,1
1783525594.378258,1133,,,,,,,,,,,,,1500,1500,0.35,0,0,37.4,47.812,47.781,6288,15.7,63.7,1
1783525594.4214382,1134,,,,,,,,,,,,,1500,1500,0.35,0,0,37.4,47.812,47.781,6288,15.81,63.2,1
1783525594.4635873,1135,,,,,,,,,,,,,1500,1500,0.35,0,0,37.4,47.812,47.781,6288,15.59,64.2,1
1783525594.5052605,1136,,,,,,,,,,,,,1500,1500,0.35,0,0,37.4,47.812,47.781,6288,15.58,64.2,1
1783525594.548236,1137,,,,,,,,,,,,,1500,1500,0.35,0,0,37.4,47.812,47.781,6288,15.72,63.6,1
1783525594.5898283,1138,,,,,,,,,,,,,1500,1500,0.35,0,0,37.4,47.812,47.781,6288,15.69,63.7,1
1783525594.630926,1139,,,,,,,,,,,,,1500,1500,0.35,0,0,37.4,47.812,47.781,6288,15.58,64.2,1
1783525594.6747105,1140,,,,,,,,,,,,,1500,1500,0.35,0,0,37.4,47.812,47.781,6288,17.93,55.8,1
1783525594.7107244,1141,,,,,,,,,,,,,1500,1500,0.35,0,0,37.4,47.812,47.781,6288,15.81,63.2,1
1783525594.7533667,1142,,,,,,,,,,,,,1500,1500,0.35,0,0,37.4,47.812,47.781,6288,15.89,62.9,1
1783525594.7953463,1143,,,,,,,,,,,,,1500,1500,0.35,0,0,37.4,47.781,47.906,6486,15.8,63.3,1
1783525594.836828,1144,,,,,,,,,,,,,1500,1500,0.35,0,0,37.4,47.781,47.906,6486,15.62,64.0,1
1783525594.8782198,1145,,,,,,,,,,,,,1500,1500,0.35,0,0,37.4,47.781,47.906,6486,15.74,63.5,1
1783525594.9191344,1146,,,,,,,,,,,,,1500,1500,0.35,0,0,37.4,47.781,47.906,6486,15.85,63.1,1
1783525594.9608545,1147,,,,,,,,,,,,,1500,1500,0.35,0,0,37.4,47.781,47.906,6486,15.81,63.2,1
1783525595.0015678,1148,,,,,,,,,,,,,1500,1500,0.35,0,0,37.4,47.781,47.906,6486,15.66,63.9,1
1783525595.0422337,1149,,,,,,,,,,,,,1500,1500,0.35,0,0,37.4,47.781,47.906,6486,15.88,63.0,1
1783525595.0828314,1150,,,,,,,,,,,,,1500,1500,0.35,0,0,37.4,47.781,47.906,6486,15.88,63.0,1
1783525595.123037,1151,,,,,,,,,,,,,1500,1500,0.35,0,0,37.4,47.781,47.906,6486,15.83,63.2,1
1783525595.1633692,1152,,,,,,,,,,,,,1500,1500,0.35,0,0,37.4,47.781,47.906,6486,15.57,64.2,1
1783525595.1990812,1153,,,,,,,,,,,,,1500,1500,0.35,0,0,37.4,47.781,47.906,6486,15.55,64.3,1
1783525595.2416754,1154,,,,,,,,,,,,,1500,1500,0.35,0,0,37.4,47.781,47.906,6486,15.8,63.3,1
1783525595.2834961,1155,,,,,,,,,,,,,1500,1500,0.35,0,0,37.4,47.781,47.906,6486,15.92,62.8,1
1783525595.3247545,1156,,,,,,,,,,,,,1500,1500,0.35,0,0,37.4,48.062,47.812,6486,15.72,63.6,1
1783525595.366276,1157,,,,,,,,,,,,,1500,1500,0.35,0,0,37.4,48.062,47.812,6486,15.59,64.1,1
1783525595.4072504,1158,,,,,,,,,,,,,1500,1500,0.35,0,0,37.4,48.062,47.812,6486,15.82,63.2,1
1783525595.4486823,1159,,,,,,,,,,,,,1500,1500,0.35,0,0,37.4,48.062,47.812,6486,16.46,60.8,1
1783525595.4895947,1160,,,,,,,,,,,,,1500,1500,0.35,0,0,37.4,48.062,47.812,6486,15.78,63.4,1
1783525595.5300364,1161,,,,,,,,,,,,,1500,1500,0.35,0,0,37.4,48.062,47.812,6486,15.55,64.3,1
1783525595.570327,1162,,,,,,,,,,,,,1500,1500,0.35,0,0,37.4,48.062,47.812,6486,15.55,64.3,1
1783525595.610718,1163,,,,,,,,,,,,,1500,1500,0.35,0,0,37.4,48.062,47.812,6486,15.37,65.1,1
1783525595.6512094,1164,,,,,,,,,,,,,1500,1500,0.35,0,0,37.4,48.062,47.812,6486,15.42,64.8,1
1783525595.6908793,1165,,,,,,,,,,,,,1500,1500,0.35,0,0,37.4,48.062,47.812,6486,19.54,51.2,1
1783525595.7333233,1166,,,,,,,,,,,,,1500,1500,0.35,0,0,37.4,48.062,47.812,6486,15.17,65.9,1
1783525595.7747512,1167,,,,,,,,,,,,,1500,1500,0.35,0,0,37.4,48.062,47.812,6486,15.41,64.9,1
1783525595.8156488,1168,,,,,,,,,,,,,1500,1500,0.35,0,0,37.4,47.812,47.75,6526,15.44,64.8,1
1783525595.8566284,1169,,,,,,,,,,,,,1500,1500,0.35,0,0,37.4,47.812,47.75,6526,15.34,65.2,1
1783525595.8993013,1170,,,,,,,,,,,,,1500,1500,0.35,0,0,37.4,47.812,47.75,6526,17.49,57.2,1
1783525595.940973,1171,,,,,,,,,,,,,1500,1500,0.35,0,0,37.4,47.812,47.75,6526,16.45,60.8,1
1783525595.981384,1172,,,,,,,,,,,,,1500,1500,0.35,0,0,37.4,47.812,47.75,6526,15.43,64.8,1
1783525596.0219612,1173,,,,,,,,,,,,,1500,1500,0.35,0,0,37.4,47.812,47.75,6526,15.54,64.4,1
1783525596.0620453,1174,,,,,,,,,,,,,1500,1500,0.35,0,0,37.4,47.812,47.75,6526,15.24,65.6,1
1783525596.1022067,1175,,,,,,,,,,,,,1500,1500,0.35,0,0,37.4,47.812,47.75,6526,15.3,65.4,1
1783525596.1426442,1176,,,,,,,,,,,,,1500,1500,0.35,0,0,37.4,47.812,47.75,6526,15.54,64.4,1
1783525596.1785116,1177,,,,,,,,,,,,,1500,1500,0.35,0,0,37.4,47.812,47.75,6526,15.26,65.5,1
1783525596.2208738,1178,,,,,,,,,,,,,1500,1500,0.35,0,0,37.4,47.812,47.75,6526,15.42,64.9,1
1783525596.262211,1179,,,,,,,,,,,,,1500,1500,0.35,0,0,37.4,47.812,47.75,6526,15.28,65.4,1
1783525596.3044105,1180,,,,,,,,,,,,,1500,1500,0.35,0,0,37.4,48.125,47.718,6526,16.56,60.4,1
1783525596.3456736,1181,,,,,,,,,,,,,1500,1500,0.35,0,0,37.4,48.125,47.718,6526,15.36,65.1,1
1783525596.3865013,1182,,,,,,,,,,,,,1500,1500,0.35,0,0,37.4,48.125,47.718,6526,15.3,65.4,1
1783525596.427372,1183,,,,,,,,,,,,,1500,1500,0.35,0,0,37.4,48.125,47.718,6526,15.2,65.8,1
1783525596.4688487,1184,,,,,,,,,,,,,1500,1500,0.35,0,0,37.4,48.125,47.718,6526,15.21,65.8,1
1783525596.5143902,1185,,,,,,,,,,,,,1500,1500,0.35,0,0,37.4,48.125,47.718,6526,17.14,58.4,1
1783525596.562758,1186,23,person,0,1077,5,1275,640,0.537,1176,322,536,-38,1700,1572,0.35,0,0,37.4,48.125,47.718,6526,18.36,54.5,0
1783525596.6096704,1187,,,,,,,,,,,,,1500,1500,0.35,0,0,37.4,48.125,47.718,6526,16.04,62.3,1
1783525596.6560564,1188,,,,,,,,,,,,,1500,1500,0.35,0,0,37.4,48.125,47.718,6526,15.74,63.5,1
1783525596.691565,1189,,,,,,,,,,,,,1500,1500,0.35,0,0,37.4,48.125,47.718,6526,15.63,64.0,1
1783525596.742148,1190,23,person,0,1037,3,1243,653,0.638,1140,328,500,-32,1700,1561,0.35,0,0,37.4,48.125,47.718,6526,18.56,53.9,0
1783525596.797997,1191,23,person,0,1012,3,1230,672,0.769,1121,337,481,-23,1700,1471,0.35,0,0,37.4,48.125,47.718,6526,18.71,53.4,0
1783525596.8462033,1192,,,,,,,,,,,,,1500,1500,0.35,0,0,37.4,48.031,48.031,6486,15.88,63.0,1
1783525596.9028468,1193,23,person,0,914,4,1129,629,0.649,1021,316,381,-44,1700,1584,0.35,0,0,37.4,48.031,48.031,6486,19.27,51.9,0
1783525596.9706788,1194,23,person,0,846,5,1069,618,0.62,957,311,317,-49,1615,1523,0.35,0,0,37.4,48.031,48.031,6486,18.68,53.5,0
1783525597.0348005,1195,,,,,,,,,,,,,1500,1500,0.35,0,0,37.4,48.031,48.031,6486,17.8,56.2,1
1783525597.106906,1196,24,person,0,587,3,1109,697,0.758,848,350,208,-10,1700,1500,0.35,0,0,37.4,48.031,48.031,6486,18.98,52.7,0
1783525597.1823967,1197,24,person,0,578,8,1110,706,0.818,844,357,204,-3,1618,1500,0.35,0,0,37.4,48.031,48.031,6486,19.25,51.9,0
1783525597.2551725,1198,24,person,0,588,7,1132,710,0.917,860,358,220,-2,1650,1500,0.35,0,0,37.4,48.031,48.031,6486,19.0,52.6,0
1783525597.3252835,1199,24,person,0,599,6,1154,712,0.925,876,359,236,-1,1661,1500,0.35,0,0,37.4,48.031,48.125,6249,18.76,53.3,0
1783525597.395794,1200,24,person,0,603,10,1165,710,0.913,884,360,244,0,1657,1500,0.35,0,0,37.4,48.031,48.125,6249,23.34,42.8,0
1783525597.4369576,1201,24,person,0,598,6,1174,709,0.937,886,357,246,-3,1653,1500,0.35,0,0,37.4,48.031,48.125,6249,18.75,53.3,0
1783525597.5039916,1202,24,person,0,596,4,1184,707,0.935,890,355,250,-5,1657,1500,0.35,0,0,37.4,48.031,48.125,6249,25.22,39.7,0
1783525597.567036,1203,24,person,0,600,3,1199,707,0.943,899,355,259,-5,1669,1500,0.35,0,0,37.4,48.031,48.125,6249,22.2,45.0,0
1783525597.624904,1204,24,person,0,598,3,1208,707,0.94,903,355,263,-5,1666,1500,0.35,0,0,37.4,48.031,48.125,6249,18.88,53.0,0
1783525597.6883335,1205,24,person,0,593,3,1214,707,0.946,903,355,263,-5,1660,1500,0.35,0,0,37.4,48.031,48.125,6249,23.89,41.9,0
1783525597.7449853,1206,24,person,0,585,3,1216,708,0.935,900,355,260,-5,1654,1500,0.35,0,0,37.4,48.031,48.125,6249,18.94,52.8,0
1783525597.801025,1207,24,person,0,578,4,1220,708,0.94,899,356,259,-4,1656,1500,0.35,0,0,37.4,48.031,48.125,6249,18.95,52.8,0
1783525597.8544521,1208,24,person,0,572,4,1223,708,0.946,897,356,257,-4,1654,1500,0.35,0,0,37.4,47.937,47.875,6407,19.05,52.5,0
1783525597.9078298,1209,24,person,0,566,4,1227,708,0.955,896,356,256,-4,1655,1500,0.35,0,0,37.4,47.937,47.875,6407,18.93,52.8,0
1783525597.9671397,1210,24,person,0,561,4,1232,708,0.958,896,356,256,-4,1656,1500,0.35,0,0,37.4,47.937,47.875,6407,25.73,38.9,0
1783525598.0193574,1211,24,person,0,558,4,1237,708,0.95,897,356,257,-4,1658,1500,0.35,0,0,37.4,47.937,47.875,6407,19.14,52.2,0
1783525598.0724955,1212,24,person,0,555,4,1242,708,0.958,898,356,258,-4,1659,1500,0.35,0,0,37.4,47.937,47.875,6407,18.65,53.6,0
1783525598.113924,1213,24,person,0,552,5,1244,708,0.955,898,356,258,-4,1657,1500,0.35,0,0,37.4,47.937,47.875,6407,18.75,53.3,0
1783525598.1669788,1214,24,person,0,547,5,1245,708,0.954,896,356,256,-4,1653,1500,0.35,0,0,37.4,47.937,47.875,6407,18.68,53.5,0
1783525598.2198713,1215,24,person,0,542,4,1247,708,0.953,894,356,254,-4,1652,1500,0.35,0,0,37.4,47.937,47.875,6407,19.0,52.6,0
1783525598.2738159,1216,24,person,0,535,4,1247,708,0.955,891,356,251,-4,1649,1500,0.35,0,0,37.4,47.937,47.875,6407,19.08,52.4,0
1783525598.326704,1217,24,person,0,531,4,1249,707,0.951,890,355,250,-5,1651,1500,0.35,0,0,37.4,47.937,47.875,6407,18.9,52.9,0
1783525598.3796055,1218,24,person,0,513,4,1241,708,0.951,877,356,237,-4,1625,1500,0.35,0,0,37.4,47.781,47.937,6684,18.73,53.4,0
1783525598.4352226,1219,24,person,0,502,4,1239,708,0.937,870,356,230,-4,1630,1500,0.35,0,0,37.4,47.781,47.937,6684,18.76,53.3,0
1783525598.4920251,1220,24,person,0,497,4,1241,707,0.929,869,355,229,-5,1638,1500,0.35,0,0,37.4,47.781,47.937,6684,19.02,52.6,0
1783525598.5512922,1221,24,person,0,486,4,1240,708,0.939,863,356,223,-4,1628,1500,0.35,0,0,37.4,47.781,47.937,6684,22.94,43.6,0
1783525598.6098168,1222,24,person,0,478,5,1240,708,0.928,859,356,219,-4,1628,1500,0.35,0,0,37.4,47.781,47.937,6684,18.75,53.3,0
1783525598.671317,1223,24,person,0,502,5,1256,700,0.919,879,352,239,-8,1672,1500,0.35,0,0,37.4,47.781,47.937,6684,18.92,52.8,0
1783525598.7342396,1224,24,person,0,535,5,1275,689,0.886,905,347,265,-13,1695,1500,0.35,0,0,37.4,47.781,47.937,6684,18.68,53.5,0
1783525598.7759626,1225,24,person,0,562,5,1280,682,0.906,921,343,281,-17,1700,1500,0.35,0,0,37.4,47.781,47.937,6684,18.63,53.7,0
1783525598.8385723,1226,24,person,0,572,5,1280,699,0.947,926,352,286,-8,1680,1500,0.35,0,0,37.4,47.875,47.812,6367,18.54,53.9,0
1783525598.9001193,1227,24,person,0,579,3,1280,705,0.95,929,354,289,-6,1680,1500,0.35,0,0,37.4,47.875,47.812,6367,18.53,54.0,0
1783525598.9564462,1228,24,person,0,590,4,1280,706,0.951,935,355,295,-5,1688,1500,0.35,0,0,37.4,47.875,47.812,6367,18.69,53.5,0
1783525599.0127094,1229,24,person,0,603,4,1280,696,0.942,941,350,301,-10,1692,1500,0.35,0,0,37.4,47.875,47.812,6367,19.22,52.0,0
1783525599.0700295,1230,24,person,0,603,6,1280,705,0.934,941,355,301,-5,1683,1500,0.35,0,0,37.4,47.875,47.812,6367,20.75,48.2,0
1783525599.123296,1231,24,person,0,613,5,1280,689,0.938,946,347,306,-13,1694,1500,0.35,0,0,37.4,47.875,47.812,6367,18.87,53.0,0
1783525599.1781807,1232,24,person,0,610,5,1280,700,0.939,945,352,305,-8,1684,1500,0.35,0,0,37.4,47.875,47.812,6367,18.69,53.5,0
1783525599.2333708,1233,24,person,0,611,5,1280,704,0.939,945,354,305,-6,1686,1500,0.35,0,0,37.4,47.875,47.812,6367,18.52,54.0,0
1783525599.2862263,1234,24,person,0,614,5,1280,707,0.899,947,356,307,-4,1690,1500,0.35,0,0,37.4,47.875,47.812,6367,18.85,53.1,0
1783525599.3405988,1235,24,person,0,645,4,1280,650,0.85,962,327,322,-33,1700,1543,0.35,0,0,37.4,47.875,47.812,6367,18.89,52.9,0
1783525599.3959997,1236,24,person,0,659,4,1275,625,0.853,967,314,327,-46,1700,1530,0.35,0,0,37.4,47.812,47.687,6367,18.7,53.5,0
1783525599.4380593,1237,24,person,0,650,4,1280,655,0.817,965,329,325,-31,1694,1494,0.35,0,0,37.4,47.812,47.687,6367,18.61,53.7,0
1783525599.4921808,1238,24,person,0,662,4,1280,635,0.841,971,319,331,-41,1700,1525,0.35,0,0,37.4,47.812,47.687,6367,18.69,53.5,0
1783525599.546315,1239,24,person,0,659,4,1280,652,0.808,969,328,329,-32,1697,1504,0.35,0,0,37.4,47.812,47.687,6367,18.94,52.8,0
1783525599.5993042,1240,24,person,0,655,4,1280,671,0.849,967,337,327,-23,1696,1469,0.35,0,0,37.4,47.812,47.687,6367,18.58,53.8,0
1783525599.6570048,1241,24,person,0,661,4,1280,664,0.844,970,334,330,-26,1700,1500,0.35,0,0,37.4,47.812,47.687,6367,24.28,41.2,0
1783525599.7097142,1242,24,person,0,662,4,1280,669,0.828,971,336,331,-24,1700,1500,0.35,0,0,37.4,47.812,47.687,6367,18.6,53.8,0
1783525599.7613113,1243,24,person,0,683,4,1280,624,0.878,981,314,341,-46,1700,1563,0.35,0,0,37.4,47.812,47.687,6367,18.56,53.9,0
1783525599.8137352,1244,24,person,0,695,4,1265,591,0.833,980,297,340,-63,1700,1541,0.35,0,0,37.4,47.812,47.687,6367,18.61,53.7,0
1783525599.867523,1245,24,person,0,703,4,1255,567,0.804,979,285,339,-75,1700,1541,0.35,0,0,37.4,47.687,47.875,6367,18.62,53.7,0
1783525599.9206302,1246,24,person,0,697,4,1260,575,0.818,978,289,338,-71,1700,1525,0.35,0,0,37.4,47.687,47.875,6367,18.66,53.6,0
1783525599.9791348,1247,24,person,0,698,4,1257,566,0.811,977,285,337,-75,1700,1533,0.35,0,0,37.4,47.687,47.875,6367,18.9,52.9,0
1783525600.0380917,1248,24,person,0,645,4,1280,659,0.844,962,331,322,-29,1675,1436,0.35,0,0,37.4,47.687,47.875,6367,18.75,53.3,0
1783525600.0797946,1249,24,person,0,652,4,1278,637,0.856,965,320,325,-40,1700,1564,0.35,0,0,37.4,47.687,47.875,6367,18.62,53.7,0
1783525600.136407,1250,24,person,0,658,4,1269,617,0.886,963,310,323,-50,1693,1529,0.35,0,0,37.4,47.687,47.875,6367,18.78,53.2,0
1783525600.1930435,1251,24,person,0,661,4,1271,615,0.861,966,309,326,-51,1700,1521,0.35,0,0,37.4,47.687,47.875,6367,18.55,53.9,0
1783525600.250835,1252,24,person,0,684,4,1264,582,0.785,974,293,334,-67,1700,1541,0.35,0,0,37.4,47.687,47.875,6367,22.12,45.2,0
1783525600.3066862,1253,24,person,0,700,4,1265,565,0.87,982,284,342,-76,1700,1539,0.35,0,0,37.4,47.687,47.875,6367,18.54,53.9,0
1783525600.361033,1254,24,person,0,709,3,1265,552,0.75,987,277,347,-83,1700,1540,0.35,0,0,37.4,48.062,47.875,6328,18.48,54.1,0
1783525600.414393,1255,24,person,0,715,3,1267,546,0.795,991,274,351,-86,1700,1538,0.35,0,0,37.4,48.062,47.875,6328,18.64,53.6,0
