timestamp,frame,track_id,class,priority,x1,y1,x2,y2,conf,target_cx,target_cy,err_x,err_y,rc_yaw,rc_throttle,conf_threshold,thermal_throttle,sahi_mode,ram_pct,gpu_temp,cpu_temp,power_mw,latency_ms,fps,target_lost
1783525931.7667727,0,1,person,0,474,3,741,558,0.844,607,280,-33,-80,1500,1650,0.35,0,0,32.3,46.343,45.875,4840,885.83,1.1,0
1783525931.8131576,1,1,person,0,354,1,626,569,0.887,490,285,-150,-75,1300,1524,0.35,0,0,34.1,46.312,46.5,5863,21.99,45.5,0
1783525931.8911474,2,2,person,0,616,2,961,643,0.879,788,322,148,-38,1700,1491,0.35,0,0,34.1,46.312,46.5,5863,21.49,46.5,0
1783525931.9522412,3,2,person,0,596,2,944,643,0.884,770,322,130,-38,1554,1515,0.35,0,0,34.1,46.312,46.5,5863,20.78,48.1,0
1783525932.010397,4,2,person,0,584,2,935,642,0.897,759,322,119,-38,1556,1515,0.35,0,0,34.1,46.312,46.5,5863,20.76,48.2,0
1783525932.0700486,5,2,person,0,573,2,924,638,0.892,748,320,108,-40,1550,1518,0.35,0,0,37.5,46.281,46.593,6051,20.06,49.9,0
1783525932.1307764,6,2,person,0,559,2,910,638,0.861,734,320,94,-40,1539,1516,0.35,0,0,37.5,46.281,46.593,6051,20.14,49.7,0
1783525932.1915295,7,2,person,0,547,2,900,639,0.901,723,320,83,-40,1536,1516,0.35,0,0,37.5,46.281,46.593,6051,20.01,50.0,0
1783525932.2513118,8,2,person,0,532,2,882,636,0.922,707,319,67,-41,1520,1517,0.35,0,0,37.5,46.281,46.593,6051,19.57,51.1,0
1783525932.3109622,9,2,person,0,523,2,871,633,0.896,697,317,57,-43,1522,1519,0.35,0,0,37.5,46.281,46.593,6051,20.18,49.6,0
1783525932.3680718,10,2,person,0,507,3,848,619,0.798,677,311,37,-49,1421,1525,0.35,0,0,37.5,46.281,46.593,6051,19.98,50.1,0
1783525932.4281027,11,2,person,0,492,2,831,614,0.786,661,308,21,-52,1501,1523,0.35,0,0,37.5,46.281,46.593,6051,20.24,49.4,0
1783525932.4857342,12,2,person,0,480,3,819,612,0.756,649,307,9,-53,1501,1522,0.35,0,0,37.5,46.281,46.593,6051,19.24,52.0,0
1783525932.5428116,13,2,person,0,473,3,813,611,0.76,643,307,3,-53,1501,1521,0.35,0,0,37.5,46.343,46.281,6130,19.72,50.7,0
1783525932.5864308,14,2,person,0,446,2,789,607,0.873,617,304,-23,-56,1501,1526,0.35,0,0,37.5,46.343,46.281,6130,19.52,51.2,0
1783525932.6434693,15,2,person,0,430,1,778,607,0.923,604,304,-36,-56,1501,1523,0.35,0,0,37.5,46.343,46.281,6130,19.64,50.9,0
1783525932.6991343,16,2,person,0,402,1,756,606,0.937,579,303,-61,-57,1377,1524,0.35,0,0,37.5,46.343,46.281,6130,20.8,48.1,0
1783525932.7560034,17,2,person,0,380,2,739,605,0.937,559,303,-81,-57,1424,1523,0.35,0,0,37.5,46.343,46.281,6130,19.37,51.6,0
1783525932.8134608,18,2,person,0,366,3,730,605,0.931,548,304,-92,-56,1430,1522,0.35,0,0,37.5,46.343,46.281,6130,19.22,52.0,0
1783525932.8680356,19,2,person,0,354,3,721,601,0.896,537,302,-103,-58,1422,1526,0.35,0,0,37.5,46.343,46.281,6130,19.63,50.9,0
1783525932.9245775,20,2,person,0,341,4,710,601,0.715,525,302,-115,-58,1414,1524,0.35,0,0,37.5,46.343,46.281,6130,19.36,51.7,0
1783525932.9824984,21,2,person,0,331,5,702,600,0.871,516,302,-124,-58,1413,1524,0.35,0,0,37.5,46.343,46.281,6130,19.14,52.2,0
1783525933.038095,22,2,person,0,316,3,693,598,0.909,504,300,-136,-60,1401,1527,0.35,0,0,37.5,46.281,46.218,6209,19.58,51.1,0
1783525933.0955446,23,2,person,0,305,3,687,596,0.904,496,299,-144,-61,1402,1526,0.35,0,0,37.5,46.281,46.218,6209,19.45,51.4,0
1783525933.151033,24,2,person,0,307,3,692,593,0.896,499,298,-141,-62,1419,1527,0.35,0,0,37.5,46.281,46.218,6209,19.08,52.4,0
1783525933.206885,25,2,person,0,312,3,700,592,0.903,506,297,-134,-63,1429,1527,0.35,0,0,37.5,46.281,46.218,6209,19.74,50.7,0
1783525933.250637,26,2,person,0,314,3,705,590,0.914,509,296,-131,-64,1426,1528,0.35,0,0,37.5,46.281,46.218,6209,19.4,51.6,0
1783525933.3075547,27,2,person,0,311,3,706,588,0.918,508,295,-132,-65,1418,1528,0.35,0,0,37.5,46.281,46.218,6209,19.99,50.0,0
1783525933.3619854,28,2,person,0,299,3,696,588,0.916,497,295,-143,-65,1396,1527,0.35,0,0,37.5,46.281,46.218,6209,20.18,49.6,0
1783525933.4171245,29,2,person,0,292,2,693,590,0.879,492,296,-148,-64,1402,1526,0.35,0,0,37.5,46.281,46.218,6209,19.21,52.0,0
1783525933.4803557,30,2,person,0,289,2,692,589,0.875,490,295,-150,-65,1405,1528,0.35,0,0,37.5,46.281,46.218,6209,25.42,39.3,0
1783525933.5374317,31,2,person,0,303,2,710,589,0.893,506,295,-134,-65,1439,1527,0.35,0,0,37.5,46.281,46.218,6209,20.75,48.2,0
1783525933.5964746,32,2,person,0,311,2,721,589,0.804,516,295,-124,-65,1436,1528,0.35,0,0,37.5,46.562,46.625,6288,20.41,49.0,0
1783525933.6538298,33,2,person,0,315,2,726,588,0.848,520,295,-120,-65,1431,1528,0.35,0,0,37.5,46.562,46.625,6288,19.79,50.5,0
1783525933.7106826,34,2,person,0,307,1,715,588,0.901,511,294,-129,-66,1407,1529,0.35,0,0,37.5,46.562,46.625,6288,19.6,51.0,0
1783525933.7666607,35,2,person,0,309,1,713,588,0.902,511,294,-129,-66,1419,1528,0.35,0,0,37.5,46.562,46.625,6288,20.44,48.9,0
1783525933.823136,36,2,person,0,315,1,715,588,0.897,515,294,-125,-66,1427,1528,0.35,0,0,37.5,46.562,46.625,6288,19.78,50.6,0
1783525933.8808413,37,2,person,0,327,1,723,588,0.892,525,294,-115,-66,1441,1528,0.35,0,0,37.5,46.562,46.625,6288,20.91,47.8,0
1783525933.925947,38,2,person,0,335,2,727,588,0.874,531,295,-109,-65,1442,1526,0.35,0,0,37.5,46.562,46.625,6288,19.81,50.5,0
1783525933.9826758,39,2,person,0,341,1,729,588,0.876,535,294,-105,-66,1439,1529,0.35,0,0,37.5,46.562,46.625,6288,19.5,51.3,0
1783525934.0384371,40,2,person,0,346,0,733,587,0.89,539,293,-101,-67,1442,1529,0.35,0,0,37.5,46.562,46.625,6288,19.92,50.2,0
1783525934.0962253,41,2,person,0,358,2,742,589,0.909,550,295,-90,-65,1458,1526,0.35,0,0,37.5,46.437,46.593,6328,19.73,50.7,0
1783525934.1533003,42,2,person,0,372,3,752,590,0.94,562,296,-78,-64,1467,1526,0.35,0,0,37.5,46.437,46.593,6328,19.56,51.1,0
1783525934.2101092,43,2,person,0,381,3,756,590,0.942,568,296,-72,-64,1462,1527,0.35,0,0,37.5,46.437,46.593,6328,19.68,50.8,0
1783525934.2648087,44,2,person,0,393,3,762,589,0.926,577,296,-63,-64,1472,1527,0.35,0,0,37.5,46.437,46.593,6328,19.9,50.2,0
1783525934.3212712,45,2,person,0,403,3,764,588,0.921,583,295,-57,-65,1471,1528,0.35,0,0,37.5,46.437,46.593,6328,19.65,50.9,0
1783525934.3767798,46,2,person,0,406,3,762,588,0.909,584,295,-56,-65,1464,1528,0.35,0,0,37.5,46.437,46.593,6328,19.48,51.3,0
1783525934.4311156,47,2,person,0,415,2,764,589,0.908,589,295,-51,-65,1473,1528,0.35,0,0,37.5,46.437,46.593,6328,19.74,50.7,0
1783525934.491126,48,2,person,0,422,2,764,591,0.913,593,296,-47,-64,1474,1526,0.35,0,0,37.5,46.437,46.593,6328,24.44,40.9,0
1783525934.5464318,49,2,person,0,426,2,759,591,0.913,592,296,-48,-64,1466,1527,0.35,0,0,37.5,46.437,46.593,6328,19.57,51.1,0
1783525934.5914354,50,2,person,0,431,2,754,590,0.914,592,296,-48,-64,1468,1527,0.35,0,0,37.5,46.718,46.875,6249,19.5,51.3,0
1783525934.6470768,51,2,person,0,435,1,747,587,0.905,591,294,-49,-66,1466,1530,0.35,0,0,37.5,46.718,46.875,6249,19.34,51.7,0
1783525934.7017384,52,2,person,0,434,1,740,590,0.906,587,295,-53,-65,1459,1527,0.35,0,0,37.5,46.718,46.875,6249,19.78,50.6,0
1783525934.7571964,53,2,person,0,433,0,730,588,0.919,581,294,-59,-66,1452,1529,0.35,0,0,37.5,46.718,46.875,6249,19.58,51.1,0
1783525934.8121567,54,2,person,0,434,0,723,585,0.915,578,292,-62,-68,1455,1531,0.35,0,0,37.5,46.718,46.875,6249,19.74,50.7,0
1783525934.8672304,55,2,person,0,436,0,713,572,0.913,574,286,-66,-74,1451,1537,0.35,0,0,37.5,46.718,46.875,6249,20.3,49.3,0
1783525934.9224463,56,2,person,0,438,0,705,560,0.915,571,280,-69,-80,1451,1539,0.35,0,0,37.5,46.718,46.875,6249,20.03,49.9,0
1783525934.9777303,57,2,person,0,441,0,700,552,0.918,570,276,-70,-84,1453,1539,0.35,0,0,37.5,46.718,46.875,6249,19.82,50.5,0
1783525935.0313625,58,2,person,0,445,0,698,546,0.914,571,273,-69,-87,1457,1539,0.35,0,0,37.5,46.718,46.875,6249,19.82,50.5,0
1783525935.090079,59,2,person,0,448,0,697,543,0.92,572,271,-68,-89,1457,1539,0.35,0,0,37.5,46.625,46.625,6288,24.09,41.5,0
1783525935.149547,60,2,person,0,451,0,698,543,0.913,574,271,-66,-89,1460,1537,0.35,0,0,37.5,46.625,46.625,6288,25.01,40.0,0
1783525935.2023256,61,2,person,0,461,1,707,543,0.902,584,272,-56,-88,1478,1536,0.35,0,0,37.5,46.625,46.625,6288,19.94,50.1,0
1783525935.2469838,62,2,person,0,467,1,714,543,0.905,590,272,-50,-88,1477,1537,0.35,0,0,37.5,46.625,46.625,6288,19.47,51.4,0
1783525935.300312,63,2,person,0,476,1,723,543,0.915,599,272,-41,-88,1485,1537,0.35,0,0,37.5,46.625,46.625,6288,19.86,50.4,0
1783525935.3544078,64,2,person,0,487,2,733,539,0.901,610,270,-30,-90,1557,1539,0.35,0,0,37.5,46.625,46.625,6288,19.29,51.8,0
1783525935.408339,65,2,person,0,494,2,739,534,0.91,616,268,-24,-92,1497,1540,0.35,0,0,37.5,46.625,46.625,6288,19.66,50.9,0
1783525935.4617748,66,2,person,0,502,2,747,528,0.916,624,265,-16,-95,1497,1542,0.35,0,0,37.5,46.625,46.625,6288,19.56,51.1,0
1783525935.515077,67,2,person,0,507,1,753,522,0.908,630,261,-10,-99,1497,1545,0.35,0,0,37.5,46.625,46.625,6288,19.44,51.4,0
1783525935.5671399,68,2,person,0,514,2,759,511,0.925,636,256,-4,-104,1497,1548,0.35,0,0,37.6,46.531,46.625,6288,19.61,51.0,0
1783525935.6203377,69,2,person,0,529,2,772,497,0.926,650,249,10,-111,1497,1552,0.35,0,0,37.6,46.531,46.625,6288,19.25,51.9,0
1783525935.6743524,70,2,person,0,541,3,783,490,0.934,662,246,22,-114,1497,1550,0.35,0,0,37.6,46.531,46.625,6288,19.6,51.0,0
1783525935.7278957,71,2,person,0,554,3,796,486,0.933,675,244,35,-116,1497,1550,0.35,0,0,37.6,46.531,46.625,6288,19.9,50.3,0
1783525935.7817075,72,2,person,0,564,2,805,484,0.926,684,243,44,-117,1588,1549,0.35,0,0,37.6,46.531,46.625,6288,19.27,51.9,0
1783525935.8350816,73,2,person,0,576,2,819,485,0.918,697,243,57,-117,1550,1548,0.35,0,0,37.6,46.531,46.625,6288,19.75,50.6,0
1783525935.8790667,74,2,person,0,581,2,824,484,0.925,702,243,62,-117,1543,1548,0.35,0,0,37.6,46.531,46.625,6288,19.4,51.5,0
1783525935.9320233,75,2,person,0,588,2,832,484,0.922,710,243,70,-117,1551,1548,0.35,0,0,37.6,46.531,46.625,6288,19.64,50.9,0
1783525935.9858866,76,2,person,0,592,3,836,484,0.922,714,243,74,-117,1547,1548,0.35,0,0,37.6,46.531,46.625,6288,19.28,51.9,0
1783525936.0391989,77,2,person,0,592,3,836,487,0.925,714,245,74,-115,1541,1546,0.35,0,0,37.6,46.531,46.625,6288,19.68,50.8,0
1783525936.091168,78,2,person,0,595,3,838,486,0.925,716,244,76,-116,1546,1549,0.35,0,0,37.6,46.562,46.656,6328,19.61,51.0,0
1783525936.1445346,79,2,person,0,596,3,837,485,0.923,716,244,76,-116,1543,1548,0.35,0,0,37.6,46.562,46.656,6328,19.69,50.8,0
1783525936.1963453,80,2,person,0,596,3,833,484,0.928,714,243,74,-117,1539,1549,0.35,0,0,37.6,46.562,46.656,6328,19.84,50.4,0
1783525936.2490845,81,2,person,0,598,3,830,482,0.914,714,242,74,-118,1542,1550,0.35,0,0,37.6,46.562,46.656,6328,19.56,51.1,0
1783525936.302561,82,2,person,0,601,3,827,479,0.905,714,241,74,-119,1542,1550,0.35,0,0,37.6,46.562,46.656,6328,19.99,50.0,0
1783525936.354132,83,2,person,0,603,3,824,474,0.885,713,238,73,-122,1540,1553,0.35,0,0,37.6,46.562,46.656,6328,19.15,52.2,0
1783525936.4075024,84,2,person,0,606,3,820,464,0.884,713,233,73,-127,1542,1557,0.35,0,0,37.6,46.562,46.656,6328,19.56,51.1,0
1783525936.4608037,85,2,person,0,612,3,816,447,0.875,714,225,74,-135,1544,1563,0.35,0,0,37.6,46.562,46.656,6328,19.7,50.8,0
1783525936.50458,86,2,person,0,613,3,815,449,0.884,714,226,74,-134,1543,1554,0.35,0,0,37.6,46.562,46.656,6328,19.69,50.8,0
1783525936.5572107,87,2,person,0,617,3,814,447,0.895,715,225,75,-135,1545,1556,0.35,0,0,37.6,46.562,46.656,6328,19.53,51.2,0
1783525936.6106405,88,2,person,0,620,3,814,446,0.89,717,224,77,-136,1548,1557,0.35,0,0,37.6,46.593,46.843,6367,19.48,51.3,0
1783525936.6626403,89,2,person,0,625,3,816,444,0.895,720,223,80,-137,1551,1557,0.35,0,0,37.6,46.593,46.843,6367,19.76,50.6,0
1783525936.721135,90,2,person,0,634,2,823,442,0.855,728,222,88,-138,1562,1558,0.35,0,0,37.6,46.593,46.843,6367,25.18,39.7,0
1783525936.7739184,91,2,person,0,642,2,831,442,0.855,736,222,96,-138,1569,1557,0.35,0,0,37.6,46.593,46.843,6367,19.68,50.8,0
1783525936.8252892,92,2,person,0,647,2,836,441,0.845,741,221,101,-139,1567,1558,0.35,0,0,37.6,46.593,46.843,6367,19.43,51.5,0
1783525936.8775628,93,2,person,0,650,3,837,438,0.847,743,220,103,-140,1564,1558,0.35,0,0,37.6,46.593,46.843,6367,19.61,51.0,0
1783525936.9294415,94,2,person,0,652,4,839,439,0.865,745,221,105,-139,1565,1556,0.35,0,0,37.6,46.593,46.843,6367,19.54,51.2,0
1783525936.981075,95,2,person,0,655,3,843,437,0.873,749,220,109,-140,1571,1558,0.35,0,0,37.6,46.593,46.843,6367,19.12,52.3,0
1783525937.0325422,96,2,person,0,662,3,851,437,0.863,756,220,116,-140,1580,1558,0.35,0,0,37.6,46.593,46.843,6367,19.63,50.9,0
1783525937.084556,97,2,person,0,671,2,862,436,0.895,766,219,126,-141,1591,1559,0.35,0,0,37.6,46.531,47.0,6328,19.23,52.0,0
1783525937.1286776,98,2,person,0,677,2,869,431,0.893,773,216,133,-144,1592,1562,0.35,0,0,37.6,46.531,47.0,6328,19.55,51.1,0
1783525937.1799743,99,2,person,0,680,3,873,429,0.87,776,216,136,-144,1586,1559,0.35,0,0,37.6,46.531,47.0,6328,18.9,52.9,0
1783525937.2311404,100,2,person,0,695,3,889,431,0.886,792,217,152,-143,1617,1558,0.35,0,0,37.6,46.531,47.0,6328,19.57,51.1,0
1783525937.282683,101,2,person,0,704,4,899,431,0.898,801,217,161,-143,1611,1559,0.35,0,0,37.6,46.531,47.0,6328,19.07,52.4,0
1783525937.3347175,102,2,person,0,716,4,909,431,0.901,812,217,172,-143,1621,1559,0.35,0,0,37.6,46.531,47.0,6328,19.78,50.6,0
1783525937.386816,103,2,person,0,723,3,917,432,0.916,820,217,180,-143,1622,1559,0.35,0,0,37.6,46.531,47.0,6328,19.29,51.8,0
1783525937.438581,104,2,person,0,728,3,921,432,0.915,824,217,184,-143,1618,1559,0.35,0,0,37.6,46.531,47.0,6328,19.68,50.8,0
1783525937.4941359,105,8,person,0,678,117,756,281,0.609,717,199,77,-161,1394,1582,0.35,0,0,37.6,46.531,47.0,6328,23.2,43.1,0
1783525937.5470932,106,8,person,0,677,118,755,281,0.735,716,199,76,-161,1546,1566,0.35,0,0,37.6,46.531,47.0,6328,19.33,51.7,0
1783525937.598926,107,8,person,0,675,116,753,281,0.732,714,198,74,-162,1543,1567,0.35,0,0,37.6,46.625,46.812,6328,19.73,50.7,0
1783525937.6515038,108,8,person,0,675,117,753,283,0.654,714,200,74,-160,1546,1564,0.35,0,0,37.6,46.625,46.812,6328,19.37,51.6,0
1783525937.7038412,109,8,person,0,674,115,753,284,0.66,713,199,73,-161,1544,1567,0.35,0,0,37.6,46.625,46.812,6328,19.9,50.2,0
1783525937.7475333,110,8,person,0,673,114,751,282,0.704,712,198,72,-162,1544,1567,0.35,0,0,37.6,46.625,46.812,6328,19.39,51.6,0
1783525937.799521,111,8,person,0,671,112,751,282,0.806,711,197,71,-163,1543,1568,0.35,0,0,37.6,46.625,46.812,6328,19.83,50.4,0
1783525937.8511112,112,8,person,0,669,110,748,280,0.776,708,195,68,-165,1539,1569,0.35,0,0,37.6,46.625,46.812,6328,19.31,51.8,0
1783525937.9024744,113,8,person,0,666,109,746,280,0.745,706,194,66,-166,1539,1569,0.35,0,0,37.6,46.625,46.812,6328,19.73,50.7,0
1783525937.9528818,114,8,person,0,663,108,742,280,0.81,702,194,62,-166,1533,1568,0.35,0,0,37.6,46.625,46.812,6328,19.47,51.4,0
1783525938.0039132,115,8,person,0,661,108,740,278,0.811,700,193,60,-167,1535,1569,0.35,0,0,37.6,46.625,46.812,6328,19.57,51.1,0
1783525938.0541544,116,8,person,0,658,107,737,280,0.839,697,193,57,-167,1532,1568,0.35,0,0,37.6,46.625,46.812,6328,19.49,51.3,0
1783525938.10604,117,8,person,0,656,107,736,281,0.83,696,194,56,-166,1535,1567,0.35,0,0,37.6,46.531,46.687,6328,20.89,47.9,0
1783525938.1558824,118,8,person,0,654,104,735,282,0.811,694,193,54,-167,1532,1569,0.35,0,0,37.6,46.531,46.687,6328,19.43,51.5,0
1783525938.2068748,119,8,person,0,652,102,735,284,0.808,693,193,53,-167,1533,1568,0.35,0,0,37.6,46.531,46.687,6328,19.66,50.9,0
1783525938.2628765,120,8,person,0,649,99,734,287,0.827,691,193,51,-167,1530,1568,0.35,0,0,37.6,46.531,46.687,6328,25.33,39.5,0
1783525938.3127978,121,8,person,0,650,98,735,286,0.808,692,192,52,-168,1535,1570,0.35,0,0,37.6,46.531,46.687,6328,19.22,52.0,0
1783525938.3560987,122,8,person,0,651,97,735,284,0.834,693,190,53,-170,1536,1572,0.35,0,0,37.6,46.531,46.687,6328,19.37,51.6,0
1783525938.4079854,123,8,person,0,648,96,733,284,0.822,690,190,50,-170,1528,1570,0.35,0,0,37.6,46.531,46.687,6328,19.34,51.7,0
1783525938.4586754,124,8,person,0,649,94,734,283,0.826,691,188,51,-172,1535,1572,0.35,0,0,37.6,46.531,46.687,6328,19.52,51.2,0
1783525938.508811,125,8,person,0,649,94,733,282,0.812,691,188,51,-172,1533,1570,0.35,0,0,37.6,46.531,46.687,6328,19.52,51.2,0
1783525938.5589046,126,8,person,0,647,93,732,283,0.798,689,188,49,-172,1529,1570,0.35,0,0,37.6,46.531,46.687,6328,19.55,51.2,0
1783525938.6089582,127,8,person,0,644,91,730,284,0.762,687,187,47,-173,1528,1572,0.35,0,0,37.6,46.843,46.812,6328,19.54,51.2,0
1783525938.6587682,128,8,person,0,642,91,727,284,0.783,684,187,44,-173,1524,1571,0.35,0,0,37.6,46.843,46.812,6328,19.32,51.8,0
1783525938.7092755,129,8,person,0,640,90,725,284,0.808,682,187,42,-173,1525,1571,0.35,0,0,37.6,46.843,46.812,6328,20.2,49.5,0
1783525938.7599778,130,8,person,0,637,90,723,287,0.841,680,188,40,-172,1436,1569,0.35,0,0,37.6,46.843,46.812,6328,19.68,50.8,0
1783525938.810436,131,8,person,0,634,88,720,288,0.858,677,188,37,-172,1503,1570,0.35,0,0,37.6,46.843,46.812,6328,19.52,51.2,0
1783525938.861021,132,8,person,0,628,87,716,289,0.836,672,188,32,-172,1503,1570,0.35,0,0,37.6,46.843,46.812,6328,19.63,50.9,0
1783525938.911191,133,8,person,0,626,86,714,290,0.837,670,188,30,-172,1503,1570,0.35,0,0,37.6,46.843,46.812,6328,19.36,51.7,0
1783525938.9548934,134,8,person,0,623,83,712,292,0.803,667,187,27,-173,1503,1572,0.35,0,0,37.6,46.843,46.812,6328,19.37,51.6,0
1783525939.0067012,135,8,person,0,622,81,711,292,0.818,666,186,26,-174,1503,1572,0.35,0,0,37.6,46.843,46.812,6328,19.51,51.3,0
1783525939.0572207,136,8,person,0,619,79,709,291,0.834,664,185,24,-175,1503,1572,0.35,0,0,37.6,46.843,46.812,6328,19.46,51.4,0
1783525939.1073165,137,8,person,0,616,77,708,291,0.836,662,184,22,-176,1503,1573,0.35,0,0,37.6,46.968,46.906,6328,19.55,51.2,0
1783525939.1578908,138,8,person,0,615,75,707,290,0.824,661,182,21,-178,1503,1575,0.35,0,0,37.6,46.968,46.906,6328,19.89,50.3,0
1783525939.208334,139,8,person,0,613,74,705,289,0.799,659,181,19,-179,1503,1574,0.35,0,0,37.6,46.968,46.906,6328,19.94,50.1,0
1783525939.2604935,140,8,person,0,613,73,705,289,0.812,659,181,19,-179,1503,1573,0.35,0,0,37.6,46.968,46.906,6328,20.13,49.7,0
1783525939.313228,141,8,person,0,612,72,704,289,0.806,658,180,18,-180,1503,1574,0.35,0,0,37.6,46.968,46.906,6328,20.61,48.5,0
1783525939.363892,142,8,person,0,611,69,705,292,0.81,658,180,18,-180,1503,1574,0.35,0,0,37.6,46.968,46.906,6328,19.57,51.1,0
1783525939.4138658,143,8,person,0,610,67,705,293,0.79,657,180,17,-180,1503,1574,0.35,0,0,37.6,46.968,46.906,6328,19.09,52.4,0
1783525939.4641802,144,8,person,0,608,64,705,295,0.809,656,179,16,-181,1503,1575,0.35,0,0,37.6,46.968,46.906,6328,19.77,50.6,0
1783525939.5147443,145,8,person,0,606,60,705,296,0.801,655,178,15,-182,1503,1575,0.35,0,0,37.6,46.968,46.906,6328,19.17,52.2,0
1783525939.558506,146,8,person,0,605,58,704,296,0.788,654,177,14,-183,1503,1576,0.35,0,0,37.6,46.968,46.906,6328,19.16,52.2,0
1783525939.6096568,147,8,person,0,602,57,702,298,0.777,652,177,12,-183,1503,1575,0.35,0,0,37.6,46.968,46.906,6328,19.79,50.5,0
1783525939.6614351,148,8,person,0,597,55,702,307,0.774,649,181,9,-179,1503,1569,0.35,0,0,37.6,46.812,46.906,6328,19.91,50.2,0
1783525939.713583,149,8,person,0,597,53,699,299,0.77,648,176,8,-184,1503,1580,0.35,0,0,37.6,46.812,46.906,6328,19.28,51.9,0
1783525939.771806,150,8,person,0,595,54,696,295,0.787,645,174,5,-186,1503,1578,0.35,0,0,37.6,46.812,46.906,6328,26.85,37.2,0
1783525939.823283,151,8,person,0,583,55,697,333,0.632,640,194,0,-166,1503,1548,0.35,0,0,37.6,46.812,46.906,6328,19.69,50.8,0
1783525939.874806,152,8,person,0,588,53,694,310,0.71,641,181,1,-179,1503,1586,0.35,0,0,37.6,46.812,46.906,6328,19.86,50.4,0
1783525939.927044,153,8,person,0,584,50,690,308,0.679,637,179,-3,-181,1503,1576,0.35,0,0,37.6,46.812,46.906,6328,19.87,50.3,0
1783525939.9790053,154,8,person,0,579,48,689,318,0.723,634,183,-6,-177,1503,1568,0.35,0,0,37.6,46.812,46.906,6328,19.54,51.2,0
1783525940.03085,155,8,person,0,570,46,689,346,0.819,629,196,-11,-164,1503,1555,0.35,0,0,37.6,46.812,46.906,6328,20.04,49.9,0
1783525940.0823872,156,8,person,0,564,40,688,357,0.785,626,198,-14,-162,1503,1564,0.35,0,0,37.6,46.812,46.906,6328,19.5,51.3,0
1783525940.1353831,157,8,person,0,561,36,686,361,0.779,623,198,-17,-162,1503,1566,0.35,0,0,37.6,46.75,46.843,6367,20.19,49.5,0
1783525940.179281,158,8,person,0,559,33,685,363,0.799,622,198,-18,-162,1503,1566,0.35,0,0,37.6,46.75,46.843,6367,19.46,51.4,0
1783525940.232464,159,8,person,0,555,29,681,363,0.816,618,196,-22,-164,1503,1569,0.35,0,0,37.6,46.75,46.843,6367,20.28,49.3,0
1783525940.285764,160,8,person,0,553,26,679,365,0.87,616,195,-24,-165,1503,1568,0.35,0,0,37.6,46.75,46.843,6367,19.51,51.3,0
1783525940.3379178,161,8,person,0,551,24,677,368,0.864,614,196,-26,-164,1503,1566,0.35,0,0,37.6,46.75,46.843,6367,19.76,50.6,0
1783525940.3896837,162,8,person,0,549,24,676,373,0.874,612,198,-28,-162,1503,1564,0.35,0,0,37.6,46.75,46.843,6367,19.97,50.1,0
1783525940.4412687,163,8,person,0,548,23,675,377,0.892,611,200,-29,-160,1503,1564,0.35,0,0,37.6,46.75,46.843,6367,20.09,49.8,0
1783525940.4975793,164,8,person,0,545,19,672,377,0.882,608,198,-32,-162,1503,1568,0.35,0,0,37.6,46.75,46.843,6367,23.62,42.3,0
1783525940.5501611,165,10,person,0,703,131,789,341,0.406,746,236,106,-124,1700,1515,0.35,0,0,37.6,46.75,46.843,6367,19.88,50.3,0
1783525940.6044357,166,8,person,0,542,12,670,377,0.892,606,194,-34,-166,1346,1607,0.35,0,0,37.6,46.75,46.843,6367,21.05,47.5,0
1783525940.6577313,167,8,person,0,540,8,669,376,0.882,604,192,-36,-168,1503,1571,0.35,0,0,37.6,46.75,46.75,6367,20.24,49.4,0
1783525940.7103744,168,8,person,0,539,6,668,375,0.896,603,190,-37,-170,1503,1571,0.35,0,0,37.6,46.75,46.75,6367,20.03,49.9,0
1783525940.7628644,169,10,person,0,696,133,760,283,0.711,728,208,88,-152,1689,1545,0.35,0,0,37.6,46.75,46.75,6367,20.28,49.3,0
1783525940.8086617,170,10,person,0,694,133,759,281,0.682,726,207,86,-153,1551,1564,0.35,0,0,37.6,46.75,46.75,6367,20.25,49.4,0
1783525940.8623362,171,10,person,0,695,133,759,280,0.648,727,206,87,-154,1556,1564,0.35,0,0,37.6,46.75,46.75,6367,20.22,49.5,0
1783525940.914881,172,10,person,0,691,132,756,280,0.683,723,206,83,-154,1546,1563,0.35,0,0,37.6,46.75,46.75,6367,19.49,51.3,0
1783525940.9670644,173,10,person,0,687,132,751,281,0.655,719,206,79,-154,1544,1563,0.35,0,0,37.6,46.75,46.75,6367,20.12,49.7,0
1783525941.019237,174,10,person,0,681,131,746,283,0.729,713,207,73,-153,1537,1562,0.35,0,0,37.6,46.75,46.75,6367,19.68,50.8,0
1783525941.0719786,175,10,person,0,678,130,743,282,0.713,710,206,70,-154,1540,1564,0.35,0,0,37.6,46.75,46.75,6367,20.16,49.6,0
1783525941.1233773,176,10,person,0,677,128,742,282,0.701,709,205,69,-155,1542,1564,0.35,0,0,37.6,46.75,46.75,6367,19.91,50.2,0
1783525941.1745987,177,10,person,0,676,126,741,283,0.707,708,204,68,-156,1542,1565,0.35,0,0,37.6,46.656,47.156,6288,19.75,50.6,0
1783525941.2254176,178,10,person,0,674,126,739,283,0.707,706,204,66,-156,1539,1564,0.35,0,0,37.6,46.656,47.156,6288,19.68,50.8,0
1783525941.2761412,179,10,person,0,672,126,736,283,0.748,704,204,64,-156,1538,1564,0.35,0,0,37.6,46.656,47.156,6288,19.51,51.3,0
1783525941.3359604,180,10,person,0,669,127,733,283,0.804,701,205,61,-155,1535,1563,0.35,0,0,37.6,46.656,47.156,6288,26.13,38.3,0
1783525941.389365,181,10,person,0,668,126,732,282,0.814,700,204,60,-156,1537,1565,0.35,0,0,37.6,46.656,47.156,6288,19.99,50.0,0
1783525941.4342575,182,10,person,0,668,126,731,282,0.848,699,204,59,-156,1536,1564,0.35,0,0,37.6,46.656,47.156,6288,19.99,50.0,0
1783525941.4862535,183,10,person,0,665,126,728,282,0.827,696,204,56,-156,1531,1564,0.35,0,0,37.6,46.656,47.156,6288,19.48,51.3,0
1783525941.5385356,184,10,person,0,664,127,727,282,0.833,695,204,55,-156,1534,1564,0.35,0,0,37.6,46.656,47.156,6288,19.76,50.6,0
1783525941.5902717,185,10,person,0,663,128,726,282,0.803,694,205,54,-155,1533,1563,0.35,0,0,37.6,46.656,47.156,6288,19.58,51.1,0
1783525941.6408777,186,10,person,0,662,127,726,283,0.792,694,205,54,-155,1535,1564,0.35,0,0,37.6,46.593,46.75,6328,19.47,51.4,0
1783525941.69458,187,10,person,0,662,127,726,283,0.789,694,205,54,-155,1535,1564,0.35,0,0,37.6,46.593,46.75,6328,22.44,44.6,0
1783525941.74549,188,8,person,0,499,1,654,417,0.924,576,209,-64,-151,1300,1558,0.35,0,0,37.6,46.593,46.75,6328,19.42,51.5,0
1783525941.7975514,189,8,person,0,508,1,665,418,0.903,586,209,-54,-151,1485,1562,0.35,0,0,37.6,46.593,46.75,6328,19.79,50.5,0
1783525941.8492484,190,8,person,0,512,1,671,419,0.914,591,210,-49,-150,1481,1561,0.35,0,0,37.6,46.593,46.75,6328,19.44,51.5,0
1783525941.901208,191,8,person,0,516,0,676,421,0.922,596,210,-44,-150,1483,1562,0.35,0,0,37.6,46.593,46.75,6328,19.71,50.7,0
1783525941.9523687,192,8,person,0,524,1,685,420,0.883,604,210,-36,-150,1571,1562,0.35,0,0,37.6,46.593,46.75,6328,19.37,51.6,0
1783525942.0035124,193,8,person,0,531,1,693,422,0.897,612,211,-28,-149,1502,1560,0.35,0,0,37.6,46.593,46.75,6328,19.55,51.1,0
1783525942.046532,194,8,person,0,536,1,702,426,0.901,619,213,-21,-147,1502,1558,0.35,0,0,37.6,46.593,46.75,6328,19.18,52.1,0
1783525942.1002991,195,8,person,0,541,1,711,431,0.868,626,216,-14,-144,1502,1556,0.35,0,0,37.6,46.593,46.75,6328,19.89,50.3,0
1783525942.1537185,196,8,person,0,549,2,723,437,0.874,636,219,-4,-141,1502,1555,0.35,0,0,37.6,47.125,46.781,6328,19.64,50.9,0
1783525942.2069237,197,8,person,0,553,2,733,445,0.871,643,223,3,-137,1502,1553,0.35,0,0,37.6,47.125,46.781,6328,19.29,51.8,0
1783525942.258703,198,8,person,0,560,2,743,449,0.882,651,225,11,-135,1502,1554,0.35,0,0,37.6,47.125,46.781,6328,19.38,51.6,0
1783525942.313661,199,8,person,0,563,1,748,452,0.878,655,226,15,-134,1502,1554,0.35,0,0,37.6,47.125,46.781,6328,20.73,48.3,0
1783525942.3661406,200,8,person,0,566,1,753,455,0.886,659,228,19,-132,1502,1552,0.35,0,0,37.6,47.125,46.781,6328,19.41,51.5,0
1783525942.4187424,201,8,person,0,575,2,759,456,0.872,667,229,27,-131,1502,1553,0.35,0,0,37.6,47.125,46.781,6328,19.2,52.1,0
1783525942.471531,202,8,person,0,583,2,764,458,0.867,673,230,33,-130,1502,1553,0.35,0,0,37.6,47.125,46.781,6328,19.27,51.9,0
1783525942.523093,203,8,person,0,598,2,777,459,0.851,687,230,47,-130,1603,1554,0.35,0,0,37.6,47.125,46.781,6328,19.42,51.5,0
1783525942.5763981,204,8,person,0,604,2,781,459,0.774,692,230,52,-130,1541,1554,0.35,0,0,37.6,47.125,46.781,6328,19.37,51.6,0
1783525942.629393,205,8,person,0,617,2,795,456,0.852,706,229,66,-131,1563,1555,0.35,0,0,37.6,47.125,46.781,6328,19.91,50.2,0
1783525942.6729789,206,8,person,0,636,3,819,457,0.808,727,230,87,-130,1593,1552,0.35,0,0,37.5,46.843,46.75,6328,19.63,51.0,0
1783525942.7264178,207,8,person,0,647,3,837,457,0.895,742,230,102,-130,1586,1554,0.35,0,0,37.5,46.843,46.75,6328,19.96,50.1,0
1783525942.7814202,208,13,person,0,628,100,689,297,0.624,658,198,18,-162,1354,1595,0.35,0,0,37.5,46.843,46.75,6328,19.75,50.6,0
1783525942.8338687,209,13,person,0,628,98,694,306,0.529,661,202,21,-158,1503,1561,0.35,0,0,37.5,46.843,46.75,6328,19.5,51.3,0
1783525942.8945708,210,13,person,0,620,95,701,355,0.499,660,225,20,-135,1503,1537,0.35,0,0,37.5,46.843,46.75,6328,25.16,39.8,0
1783525942.949514,211,13,person,0,623,93,696,323,0.658,659,208,19,-152,1503,1578,0.35,0,0,37.5,46.843,46.75,6328,19.47,51.4,0
1783525943.0030544,212,13,person,0,624,92,692,304,0.763,658,198,18,-162,1503,1576,0.35,0,0,37.5,46.843,46.75,6328,19.74,50.7,0
1783525943.0562737,213,13,person,0,623,89,691,296,0.781,657,192,17,-168,1503,1574,0.35,0,0,37.5,46.843,46.75,6328,19.94,50.1,0
1783525943.1090672,214,13,person,0,623,87,692,293,0.776,657,190,17,-170,1503,1571,0.35,0,0,37.5,46.843,46.75,6328,19.58,51.1,0
1783525943.1614833,215,13,person,0,622,86,691,291,0.82,656,188,16,-172,1503,1572,0.35,0,0,37.5,47.062,47.062,6367,19.89,50.3,0
1783525943.2142434,216,13,person,0,620,86,690,289,0.814,655,187,15,-173,1503,1572,0.35,0,0,37.5,47.062,47.062,6367,19.32,51.8,0
1783525943.2666528,217,13,person,0,618,84,689,290,0.819,653,187,13,-173,1503,1571,0.35,0,0,37.5,47.062,47.062,6367,19.91,50.2,0
1783525943.3108869,218,13,person,0,615,83,687,290,0.806,651,186,11,-174,1503,1572,0.35,0,0,37.5,47.062,47.062,6367,19.43,51.5,0
1783525943.3634722,219,13,person,0,610,83,684,292,0.78,647,187,7,-173,1503,1570,0.35,0,0,37.5,47.062,47.062,6367,19.89,50.3,0
1783525943.4161747,220,13,person,0,600,82,685,322,0.728,642,202,2,-158,1503,1550,0.35,0,0,37.5,47.062,47.062,6367,19.41,51.5,0
1783525943.468021,221,13,person,0,592,79,683,339,0.769,637,209,-3,-151,1503,1555,0.35,0,0,37.5,47.062,47.062,6367,19.63,50.9,0
1783525943.52169,222,13,person,0,587,74,682,347,0.827,634,210,-6,-150,1503,1561,0.35,0,0,37.5,47.062,47.062,6367,19.83,50.4,0
1783525943.5735466,223,13,person,0,584,72,680,350,0.845,632,211,-8,-149,1503,1560,0.35,0,0,37.5,47.062,47.062,6367,19.59,51.0,0
1783525943.6243308,224,13,person,0,579,70,676,351,0.806,627,210,-13,-150,1503,1562,0.35,0,0,37.5,47.062,47.062,6367,19.46,51.4,0
1783525943.676246,225,13,person,0,577,66,676,350,0.785,626,208,-14,-152,1503,1564,0.35,0,0,37.5,46.937,46.625,6367,19.43,51.5,0
1783525943.7274761,226,13,person,0,574,64,673,351,0.85,623,207,-17,-153,1503,1564,0.35,0,0,37.5,46.937,46.625,6367,19.6,51.0,0
1783525943.7787106,227,13,person,0,572,64,672,357,0.851,622,210,-18,-150,1503,1559,0.35,0,0,37.5,46.937,46.625,6367,19.13,52.3,0
1783525943.8303835,228,13,person,0,568,61,670,361,0.854,619,211,-21,-149,1503,1560,0.35,0,0,37.5,46.937,46.625,6367,19.58,51.1,0
1783525943.8816397,229,13,person,0,564,58,668,364,0.864,616,211,-24,-149,1503,1561,0.35,0,0,37.5,46.937,46.625,6367,19.21,52.1,0
1783525943.924979,230,13,person,0,560,56,666,367,0.873,613,211,-27,-149,1503,1561,0.35,0,0,37.5,46.937,46.625,6367,19.63,50.9,0
1783525943.9760106,231,13,person,0,558,54,664,369,0.878,611,211,-29,-149,1503,1561,0.35,0,0,37.5,46.937,46.625,6367,19.29,51.8,0
1783525944.0279431,232,13,person,0,555,52,662,370,0.879,608,211,-32,-149,1503,1561,0.35,0,0,37.5,46.937,46.625,6367,19.82,50.5,0
1783525944.0805695,233,13,person,0,554,52,661,367,0.887,607,209,-33,-151,1503,1564,0.35,0,0,37.5,46.937,46.625,6367,20.05,49.9,0
1783525944.1336644,234,13,person,0,552,46,661,369,0.886,606,207,-34,-153,1503,1565,0.35,0,0,37.5,46.937,46.625,6367,19.91,50.2,0
1783525944.186468,235,13,person,0,548,41,660,371,0.844,604,206,-36,-154,1503,1564,0.35,0,0,37.5,47.187,46.906,6367,19.66,50.9,0
1783525944.2391508,236,13,person,0,542,38,654,368,0.854,598,203,-42,-157,1414,1567,0.35,0,0,37.5,47.187,46.906,6367,19.59,51.0,0
1783525944.2919695,237,13,person,0,539,37,652,368,0.845,595,202,-45,-158,1471,1566,0.35,0,0,37.5,47.187,46.906,6367,19.78,50.5,0
1783525944.3448474,238,13,person,0,536,38,649,368,0.824,592,203,-48,-157,1469,1563,0.35,0,0,37.5,47.187,46.906,6367,19.29,51.9,0
1783525944.3971338,239,13,person,0,531,36,646,373,0.828,588,204,-52,-156,1465,1563,0.35,0,0,37.5,47.187,46.906,6367,19.91,50.2,0
1783525944.4554992,240,13,person,0,525,29,644,375,0.856,584,202,-56,-158,1463,1566,0.35,0,0,37.5,47.187,46.906,6367,25.29,39.5,0
1783525944.5071943,241,13,person,0,522,25,643,376,0.856,582,200,-58,-160,1464,1567,0.35,0,0,37.5,47.187,46.906,6367,19.22,52.0,0
1783525944.5509353,242,13,person,0,519,20,641,378,0.887,580,199,-60,-161,1462,1567,0.35,0,0,37.5,47.187,46.906,6367,19.15,52.2,0
1783525944.603541,243,13,person,0,518,16,642,379,0.886,580,197,-60,-163,1466,1569,0.35,0,0,37.5,47.187,46.906,6367,19.33,51.7,0
1783525944.6550214,244,13,person,0,515,11,640,381,0.89,577,196,-63,-164,1459,1568,0.35,0,0,37.5,47.187,46.906,6367,19.88,50.3,0
1783525944.7126431,245,13,person,0,511,9,639,387,0.901,575,198,-65,-162,1460,1565,0.35,0,0,37.6,47.062,46.812,6367,24.91,40.1,0
1783525944.764383,246,13,person,0,507,6,638,395,0.915,572,200,-68,-160,1456,1564,0.35,0,0,37.6,47.062,46.812,6367,19.79,50.5,0
1783525944.8170407,247,13,person,0,505,5,636,398,0.909,570,201,-70,-159,1456,1564,0.35,0,0,37.6,47.062,46.812,6367,19.08,52.4,0
1783525944.8693848,248,13,person,0,504,5,636,404,0.9,570,204,-70,-156,1459,1561,0.35,0,0,37.6,47.062,46.812,6367,19.72,50.7,0
1783525944.9202783,249,13,person,0,505,1,638,406,0.904,571,203,-69,-157,1461,1565,0.35,0,0,37.6,47.062,46.812,6367,19.55,51.1,0
1783525944.971422,250,13,person,0,505,0,639,406,0.903,572,203,-68,-157,1462,1564,0.35,0,0,37.6,47.062,46.812,6367,19.18,52.1,0
1783525945.0216045,251,13,person,0,506,0,639,406,0.901,572,203,-68,-157,1460,1564,0.35,0,0,37.6,47.062,46.812,6367,19.35,51.7,0
1783525945.073952,252,13,person,0,506,0,640,406,0.907,573,203,-67,-157,1462,1564,0.35,0,0,37.6,47.062,46.812,6367,19.48,51.3,0
1783525945.1234555,253,13,person,0,508,0,642,406,0.9,575,203,-65,-157,1465,1564,0.35,0,0,37.6,47.062,46.812,6367,19.01,52.6,0
1783525945.1664734,254,13,person,0,508,0,642,405,0.907,575,202,-65,-158,1462,1566,0.35,0,0,37.6,47.062,46.812,6367,19.54,51.2,0
1783525945.2179964,255,13,person,0,507,0,642,406,0.901,574,203,-66,-157,1459,1563,0.35,0,0,37.6,46.843,46.718,6328,19.18,52.1,0
1783525945.2697508,256,13,person,0,506,0,643,410,0.9,574,205,-66,-155,1461,1562,0.35,0,0,37.6,46.843,46.718,6328,19.36,51.6,0
1783525945.3210733,257,13,person,0,503,0,642,416,0.9,572,208,-68,-152,1456,1559,0.35,0,0,37.6,46.843,46.718,6328,19.42,51.5,0
1783525945.3726099,258,13,person,0,502,0,641,417,0.904,571,208,-69,-152,1457,1562,0.35,0,0,37.6,46.843,46.718,6328,19.34,51.7,0
1783525945.4231622,259,13,person,0,499,1,641,423,0.914,570,212,-70,-148,1457,1557,0.35,0,0,37.6,46.843,46.718,6328,19.39,51.6,0
1783525945.473999,260,13,person,0,497,1,640,426,0.908,568,213,-72,-147,1454,1559,0.35,0,0,37.6,46.843,46.718,6328,19.19,52.1,0
1783525945.524622,261,13,person,0,494,1,638,428,0.912,566,214,-74,-146,1452,1559,0.35,0,0,37.6,46.843,46.718,6328,19.26,51.9,0
1783525945.5761118,262,13,person,0,493,1,637,428,0.912,565,214,-75,-146,1453,1560,0.35,0,0,37.6,46.843,46.718,6328,19.07,52.4,0
1783525945.6272275,263,13,person,0,494,1,638,427,0.918,566,214,-74,-146,1457,1560,0.35,0,0,37.6,46.843,46.718,6328,19.32,51.8,0
1783525945.678112,264,13,person,0,494,1,640,428,0.92,567,214,-73,-146,1457,1560,0.35,0,0,37.6,46.843,46.718,6328,18.94,52.8,0
1783525945.7285633,265,13,person,0,495,1,644,436,0.919,569,218,-71,-142,1460,1554,0.35,0,0,37.6,46.812,46.718,6328,19.51,51.3,0
1783525945.771276,266,13,person,0,494,1,646,444,0.911,570,222,-70,-138,1459,1552,0.35,0,0,37.6,46.812,46.718,6328,19.25,52.0,0
1783525945.8238637,267,13,person,0,495,1,650,453,0.896,572,227,-68,-133,1462,1550,0.35,0,0,37.6,46.812,46.718,6328,19.44,51.4,0
1783525945.8771605,268,13,person,0,497,2,655,460,0.908,576,231,-64,-129,1467,1549,0.35,0,0,37.6,46.812,46.718,6328,19.14,52.2,0
1783525945.9311142,269,13,person,0,500,3,662,465,0.896,581,234,-59,-126,1471,1549,0.35,0,0,37.6,46.812,46.718,6328,21.17,47.2,0
1783525945.9920628,270,13,person,0,508,1,675,466,0.882,591,233,-49,-127,1483,1553,0.35,0,0,37.6,46.812,46.718,6328,25.8,38.8,0
1783525946.04655,271,13,person,0,511,2,683,469,0.884,597,235,-43,-125,1482,1550,0.35,0,0,37.6,46.812,46.718,6328,19.47,51.4,0
1783525946.0994372,272,13,person,0,508,2,685,469,0.906,596,235,-44,-125,1471,1552,0.35,0,0,37.6,46.812,46.718,6328,19.62,51.0,0
1783525946.153138,273,13,person,0,503,2,682,469,0.91,592,235,-48,-125,1464,1552,0.35,0,0,37.6,46.812,46.718,6328,19.46,51.4,0
1783525946.206561,274,13,person,0,501,3,682,469,0.905,591,236,-49,-124,1468,1550,0.35,0,0,37.6,46.843,47.0,6407,19.19,52.1,0
1783525946.2589538,275,13,person,0,505,3,688,473,0.902,596,238,-44,-122,1480,1548,0.35,0,0,37.6,46.843,47.0,6407,19.47,51.4,0
1783525946.312982,276,13,person,0,508,3,694,480,0.893,601,241,-39,-119,1564,1546,0.35,0,0,37.6,46.843,47.0,6407,19.24,52.0,0
1783525946.3676941,277,13,person,0,509,3,697,483,0.89,603,243,-37,-117,1499,1546,0.35,0,0,37.6,46.843,47.0,6407,19.63,50.9,0
1783525946.4106545,278,13,person,0,510,3,698,484,0.897,604,243,-36,-117,1499,1548,0.35,0,0,37.6,46.843,47.0,6407,19.02,52.6,0
1783525946.463161,279,13,person,0,516,2,706,491,0.869,611,246,-29,-114,1499,1544,0.35,0,0,37.6,46.843,47.0,6407,19.76,50.6,0
1783525946.5181706,280,13,person,0,519,3,712,495,0.892,615,249,-25,-111,1499,1543,0.35,0,0,37.6,46.843,47.0,6407,20.92,47.8,0
1783525946.5710561,281,13,person,0,522,3,717,495,0.882,619,249,-21,-111,1499,1546,0.35,0,0,37.6,46.843,47.0,6407,19.32,51.8,0
1783525946.6230986,282,13,person,0,538,2,732,495,0.868,635,248,-5,-112,1499,1547,0.35,0,0,37.6,46.843,47.0,6407,19.5,51.3,0
1783525946.6764219,283,13,person,0,555,2,746,495,0.865,650,248,10,-112,1499,1546,0.35,0,0,37.6,46.843,47.0,6407,19.35,51.7,0
1783525946.7283778,284,13,person,0,573,2,761,494,0.874,667,248,27,-112,1499,1546,0.35,0,0,37.6,47.0,47.062,6367,19.75,50.6,0
1783525946.7820945,285,13,person,0,589,2,777,494,0.875,683,248,43,-112,1589,1546,0.35,0,0,37.6,47.0,47.062,6367,19.44,51.5,0
1783525946.8348558,286,13,person,0,600,3,789,494,0.864,694,248,54,-112,1548,1546,0.35,0,0,37.6,47.0,47.062,6367,19.68,50.8,0
1783525946.8859766,287,13,person,0,616,3,811,494,0.891,713,248,73,-112,1572,1546,0.35,0,0,37.6,47.0,47.062,6367,19.6,51.0,0
1783525946.9379785,288,13,person,0,622,2,824,495,0.882,723,248,83,-112,1564,1546,0.35,0,0,37.6,47.0,47.062,6367,19.32,51.7,0
1783525946.9893622,289,13,person,0,633,2,842,494,0.895,737,248,97,-112,1579,1546,0.35,0,0,37.6,47.0,47.062,6367,19.53,51.2,0
1783525947.0332136,290,13,person,0,642,3,859,493,0.888,750,248,110,-112,1589,1546,0.35,0,0,37.6,47.0,47.062,6367,19.44,51.4,0
1783525947.0841928,291,13,person,0,652,3,876,493,0.9,764,248,124,-112,1596,1546,0.35,0,0,37.6,47.0,47.062,6367,19.48,51.3,0
1783525947.1354315,292,13,person,0,654,2,883,491,0.895,768,246,128,-114,1583,1549,0.35,0,0,37.6,47.0,47.062,6367,19.23,52.0,0
1783525947.1854918,293,13,person,0,679,3,903,481,0.89,791,242,151,-118,1627,1553,0.35,0,0,37.6,47.0,47.062,6367,19.74,50.7,0
1783525947.2365906,294,13,person,0,696,3,916,474,0.879,806,238,166,-122,1623,1554,0.35,0,0,37.6,47.156,46.843,6367,19.13,52.3,0
1783525947.286973,295,13,person,0,713,3,931,477,0.914,822,240,182,-120,1635,1548,0.35,0,0,37.6,47.156,46.843,6367,19.41,51.5,0
1783525947.33742,296,13,person,0,724,3,940,479,0.911,832,241,192,-119,1632,1548,0.35,0,0,37.6,47.156,46.843,6367,19.07,52.4,0
1783525947.3869147,297,13,person,0,736,4,948,477,0.917,842,240,202,-120,1638,1551,0.35,0,0,37.6,47.156,46.843,6367,19.07,52.4,0
1783525947.4369254,298,13,person,0,744,3,953,476,0.913,848,239,208,-121,1636,1551,0.35,0,0,37.6,47.156,46.843,6367,19.21,52.1,0
1783525947.4862123,299,13,person,0,754,2,963,474,0.908,858,238,218,-122,1649,1551,0.35,0,0,37.6,47.156,46.843,6367,19.48,51.3,0
1783525947.5421433,300,13,person,0,759,2,967,473,0.919,863,237,223,-123,1643,1552,0.35,0,0,37.6,47.156,46.843,6367,25.14,39.8,0
1783525947.5910523,301,13,person,0,764,2,971,471,0.917,867,236,227,-124,1645,1552,0.35,0,0,37.6,47.156,46.843,6367,19.24,52.0,0
1783525947.6337225,302,13,person,0,769,2,976,469,0.914,872,235,232,-125,1651,1553,0.35,0,0,37.6,47.156,46.843,6367,19.22,52.0,0
1783525947.6839275,303,13,person,0,782,3,988,467,0.926,885,235,245,-125,1670,1552,0.35,0,0,37.6,47.156,46.843,6367,19.46,51.4,0
1783525947.7342331,304,13,person,0,792,2,997,464,0.922,894,233,254,-127,1669,1554,0.35,0,0,37.6,46.937,46.937,6446,19.22,52.0,0
1783525947.7840571,305,13,person,0,812,2,1016,463,0.881,914,232,274,-128,1699,1554,0.35,0,0,37.6,46.937,46.937,6446,19.14,52.2,0
1783525947.8346431,306,13,person,0,826,2,1028,463,0.869,927,232,287,-128,1695,1553,0.35,0,0,37.6,46.937,46.937,6446,19.1,52.4,0
1783525947.8844953,307,13,person,0,840,2,1040,463,0.888,940,232,300,-128,1700,1553,0.35,0,0,37.6,46.937,46.937,6446,19.65,50.9,0
1783525947.9354575,308,13,person,0,846,2,1045,463,0.896,945,232,305,-128,1693,1553,0.35,0,0,37.6,46.937,46.937,6446,19.56,51.1,0
1783525947.9856334,309,13,person,0,849,2,1047,460,0.918,948,231,308,-129,1692,1554,0.35,0,0,37.6,46.937,46.937,6446,19.74,50.6,0
1783525948.0354815,310,13,person,0,850,2,1048,460,0.922,949,231,309,-129,1690,1553,0.35,0,0,37.6,46.937,46.937,6446,19.32,51.8,0
1783525948.084178,311,13,person,0,852,2,1049,460,0.914,950,231,310,-129,1690,1553,0.35,0,0,37.6,46.937,46.937,6446,19.17,52.2,0
1783525948.1334505,312,13,person,0,852,1,1049,459,0.916,950,230,310,-130,1689,1555,0.35,0,0,37.6,46.937,46.937,6446,19.18,52.1,0
1783525948.1817758,313,13,person,0,856,1,1050,457,0.904,953,229,313,-131,1695,1555,0.35,0,0,37.6,46.937,46.937,6446,18.99,52.7,0
1783525948.2243974,314,13,person,0,858,1,1049,455,0.896,953,228,313,-132,1690,1555,0.35,0,0,37.6,47.281,46.937,6407,19.39,51.6,0
1783525948.2750874,315,17,person,0,772,121,882,357,0.53,827,239,187,-121,1416,1539,0.35,0,0,37.6,47.281,46.937,6407,19.67,50.8,0
1783525948.32716,316,13,person,0,866,2,1046,438,0.907,956,220,316,-140,1700,1576,0.35,0,0,37.6,47.281,46.937,6407,20.82,48.0,0
1783525948.3774662,317,13,person,0,869,2,1045,434,0.916,957,218,317,-142,1694,1560,0.35,0,0,37.6,47.281,46.937,6407,18.85,53.0,0
1783525948.4279764,318,13,person,0,871,2,1044,433,0.911,957,217,317,-143,1693,1560,0.35,0,0,37.6,47.281,46.937,6407,19.6,51.0,0
1783525948.4764574,319,13,person,0,872,2,1042,431,0.912,957,216,317,-144,1693,1560,0.35,0,0,37.6,47.281,46.937,6407,18.82,53.1,0
1783525948.5263672,320,17,person,0,764,122,840,280,0.489,802,201,162,-159,1351,1580,0.35,0,0,37.6,47.281,46.937,6407,19.64,50.9,0
1783525948.5787075,321,17,person,0,761,121,837,276,0.541,799,198,159,-162,1593,1569,0.35,0,0,37.6,47.281,46.937,6407,19.16,52.2,0
1783525948.6282365,322,13,person,0,883,16,1041,431,0.878,962,223,322,-137,1700,1531,0.35,0,0,37.6,47.281,46.937,6407,19.31,51.8,0
1783525948.6811497,323,17,person,0,766,123,829,250,0.377,797,186,157,-174,1347,1606,0.35,0,0,37.6,47.281,46.937,6407,19.02,52.6,0
1783525948.7343469,324,17,person,0,764,123,827,248,0.429,795,185,155,-175,1592,1572,0.35,0,0,37.6,47.031,47.031,6367,19.45,51.4,0
1783525948.7853277,325,17,person,0,748,125,823,274,0.627,785,199,145,-161,1574,1552,0.35,0,0,37.6,47.031,47.031,6367,19.17,52.2,0
1783525948.8297422,326,17,person,0,742,125,821,285,0.606,781,205,141,-155,1580,1557,0.35,0,0,37.6,47.031,47.031,6367,19.64,50.9,0
1783525948.8819416,327,17,person,0,736,124,816,289,0.632,776,206,136,-154,1576,1562,0.35,0,0,37.6,47.031,47.031,6367,19.07,52.4,0
1783525948.934731,328,17,person,0,733,124,811,288,0.56,772,206,132,-154,1576,1563,0.35,0,0,37.6,47.031,47.031,6367,19.55,51.2,0
1783525948.9863188,329,17,person,0,727,123,804,288,0.581,765,205,125,-155,1567,1564,0.35,0,0,37.6,47.031,47.031,6367,19.25,51.9,0
1783525949.0445635,330,17,person,0,723,122,801,292,0.55,762,207,122,-153,1572,1561,0.35,0,0,37.6,47.031,47.031,6367,25.38,39.4,0
1783525949.0961685,331,17,person,0,718,120,793,287,0.575,755,203,115,-157,1561,1568,0.35,0,0,37.6,47.031,47.031,6367,19.65,50.9,0
1783525949.14863,332,17,person,0,710,119,785,284,0.5,747,201,107,-159,1555,1567,0.35,0,0,37.6,47.031,47.031,6367,19.34,51.7,0
1783525949.2014089,333,17,person,0,704,118,780,283,0.744,742,200,102,-160,1556,1566,0.35,0,0,37.6,47.031,47.031,6367,19.75,50.6,0
1783525949.2524254,334,17,person,0,693,117,770,282,0.714,731,199,91,-161,1540,1567,0.35,0,0,37.6,47.343,46.968,6407,19.16,52.2,0
1783525949.3036988,335,17,person,0,686,117,762,282,0.631,724,199,84,-161,1542,1566,0.35,0,0,37.6,47.343,46.968,6407,19.31,51.8,0
1783525949.3541145,336,17,person,0,681,116,758,282,0.75,719,199,79,-161,1542,1566,0.35,0,0,37.6,47.343,46.968,6407,19.12,52.3,0
1783525949.4044628,337,17,person,0,678,116,755,284,0.764,716,200,76,-160,1543,1565,0.35,0,0,37.6,47.343,46.968,6407,19.5,51.3,0
1783525949.447912,338,17,person,0,675,117,752,284,0.757,713,200,73,-160,1541,1566,0.35,0,0,37.6,47.343,46.968,6407,19.24,52.0,0
1783525949.4990203,339,17,person,0,675,116,750,283,0.749,712,199,72,-161,1544,1567,0.35,0,0,37.6,47.343,46.968,6407,19.56,51.1,0
1783525949.5487688,340,17,person,0,674,116,748,283,0.749,711,199,71,-161,1543,1566,0.35,0,0,37.6,47.343,46.968,6407,19.23,52.0,0
1783525949.5990326,341,17,person,0,674,117,747,283,0.747,710,200,70,-160,1543,1565,0.35,0,0,37.6,47.343,46.968,6407,19.64,50.9,0
1783525949.6481318,342,17,person,0,671,115,745,286,0.648,708,200,68,-160,1540,1566,0.35,0,0,37.6,47.343,46.968,6407,19.06,52.5,0
1783525949.6990252,343,17,person,0,670,116,743,286,0.697,706,201,66,-159,1539,1564,0.35,0,0,37.6,47.343,46.968,6407,19.43,51.5,0
1783525949.7480912,344,17,person,0,671,114,743,284,0.765,707,199,67,-161,1544,1568,0.35,0,0,37.6,47.125,46.937,6526,19.09,52.4,0
1783525949.7982926,345,17,person,0,671,113,744,284,0.781,707,198,67,-162,1543,1567,0.35,0,0,37.6,47.125,46.937,6526,19.56,51.1,0
1783525949.8475142,346,17,person,0,670,111,744,282,0.796,707,196,67,-164,1543,1569,0.35,0,0,37.6,47.125,46.937,6526,19.2,52.1,0
1783525949.8967566,347,17,person,0,670,110,744,281,0.813,707,195,67,-165,1543,1569,0.35,0,0,37.6,47.125,46.937,6526,19.45,51.4,0
1783525949.9454532,348,17,person,0,668,109,743,280,0.816,705,194,65,-166,1538,1569,0.35,0,0,37.6,47.125,46.937,6526,19.0,52.6,0
1783525949.9951882,349,17,person,0,667,109,744,279,0.827,705,194,65,-166,1542,1568,0.35,0,0,37.6,47.125,46.937,6526,19.42,51.5,0
1783525950.038752,350,17,person,0,667,109,745,280,0.83,706,194,66,-166,1544,1568,0.35,0,0,37.6,47.125,46.937,6526,19.35,51.7,0
1783525950.0892093,351,17,person,0,666,109,745,280,0.834,705,194,65,-166,1540,1568,0.35,0,0,37.6,47.125,46.937,6526,19.49,51.3,0
1783525950.1391172,352,17,person,0,664,109,746,281,0.839,705,195,65,-165,1542,1566,0.35,0,0,37.6,47.125,46.937,6526,19.51,51.3,0
1783525950.1883771,353,17,person,0,661,107,745,284,0.826,703,195,63,-165,1537,1568,0.35,0,0,37.6,47.125,46.937,6526,19.3,51.8,0
1783525950.2377818,354,17,person,0,657,105,742,285,0.823,699,195,59,-165,1531,1568,0.35,0,0,37.6,46.875,46.937,6407,19.27,51.9,0
1783525950.2873147,355,17,person,0,649,104,736,287,0.842,692,195,52,-165,1522,1568,0.35,0,0,37.6,46.875,46.937,6407,19.2,52.1,0
1783525950.336843,356,17,person,0,647,103,734,287,0.789,690,195,50,-165,1529,1568,0.35,0,0,37.6,46.875,46.937,6407,19.37,51.6,0
1783525950.3854218,357,17,person,0,649,102,734,284,0.806,691,193,51,-167,1535,1570,0.35,0,0,37.6,46.875,46.937,6407,19.1,52.4,0
1783525950.4345682,358,17,person,0,650,100,734,283,0.817,692,191,52,-169,1535,1571,0.35,0,0,37.6,46.875,46.937,6407,19.44,51.4,0
1783525950.483353,359,17,person,0,648,98,732,282,0.817,690,190,50,-170,1529,1571,0.35,0,0,37.6,46.875,46.937,6407,19.08,52.4,0
1783525950.5388336,360,17,person,0,646,98,730,281,0.8,688,189,48,-171,1528,1571,0.35,0,0,37.6,46.875,46.937,6407,25.36,39.4,0
1783525950.5873773,361,17,person,0,646,97,730,282,0.781,688,189,48,-171,1531,1570,0.35,0,0,37.6,46.875,46.937,6407,19.16,52.2,0
1783525950.6306868,362,17,person,0,645,97,728,283,0.782,686,190,46,-170,1526,1568,0.35,0,0,37.6,46.875,46.937,6407,19.17,52.2,0
1783525950.6806004,363,17,person,0,642,97,725,284,0.787,683,190,43,-170,1523,1570,0.35,0,0,37.6,46.875,46.937,6407,19.06,52.5,0
1783525950.7315717,364,17,person,0,639,96,723,285,0.803,681,190,41,-170,1524,1570,0.35,0,0,37.6,46.875,46.937,6407,20.64,48.5,0
1783525950.782207,365,17,person,0,636,92,722,287,0.829,679,189,39,-171,1438,1571,0.35,0,0,37.6,47.0,47.062,6407,19.76,50.6,0
1783525950.8331342,366,17,person,0,634,93,720,288,0.83,677,190,37,-170,1503,1569,0.35,0,0,37.6,47.0,47.062,6407,19.37,51.6,0
1783525950.894198,367,17,person,0,631,90,719,290,0.827,675,190,35,-170,1503,1570,0.35,0,0,37.6,47.0,47.062,6407,19.33,51.7,0
1783525950.9525113,368,17,person,0,629,87,719,290,0.783,674,188,34,-172,1503,1572,0.35,0,0,37.6,47.0,47.062,6407,19.26,51.9,0
1783525951.007894,369,17,person,0,627,86,717,291,0.764,672,188,32,-172,1503,1570,0.35,0,0,37.6,47.0,47.062,6407,19.11,52.3,0
1783525951.0645704,370,17,person,0,624,83,716,292,0.808,670,187,30,-173,1503,1572,0.35,0,0,37.6,47.0,47.062,6407,19.46,51.4,0
1783525951.1166298,371,17,person,0,619,81,712,289,0.798,665,185,25,-175,1503,1573,0.35,0,0,37.6,47.0,47.062,6407,19.76,50.6,0
1783525951.1683934,372,17,person,0,616,78,708,287,0.782,662,182,22,-178,1503,1576,0.35,0,0,37.6,47.0,47.062,6407,19.36,51.6,0
1783525951.2186592,373,17,person,0,613,77,705,287,0.761,659,182,19,-178,1503,1573,0.35,0,0,37.6,47.0,47.062,6407,19.22,52.0,0
1783525951.2631288,374,17,person,0,612,76,704,287,0.773,658,181,18,-179,1503,1574,0.35,0,0,37.6,47.0,47.031,6367,19.5,51.3,0
1783525951.3186214,375,17,person,0,610,74,704,293,0.752,657,183,17,-177,1503,1570,0.35,0,0,37.6,47.0,47.031,6367,24.2,41.3,0
1783525951.3692424,376,17,person,0,608,71,705,296,0.748,656,183,16,-177,1503,1572,0.35,0,0,37.6,47.0,47.031,6367,19.5,51.3,0
1783525951.419336,377,17,person,0,608,68,705,295,0.824,656,181,16,-179,1503,1575,0.35,0,0,37.6,47.0,47.031,6367,19.49,51.3,0
1783525951.4683821,378,17,person,0,607,66,705,294,0.813,656,180,16,-180,1503,1575,0.35,0,0,37.6,47.0,47.031,6367,19.32,51.8,0
1783525951.517085,379,17,person,0,605,63,704,295,0.808,654,179,14,-181,1503,1575,0.35,0,0,37.6,47.0,47.031,6367,19.3,51.8,0
1783525951.5654073,380,17,person,0,603,60,702,294,0.785,652,177,12,-183,1503,1577,0.35,0,0,37.6,47.0,47.031,6367,19.28,51.9,0
1783525951.6141567,381,17,person,0,599,57,700,294,0.769,649,175,9,-185,1503,1578,0.35,0,0,37.6,47.0,47.031,6367,19.22,52.0,0
1783525951.664538,382,17,person,0,598,56,698,292,0.769,648,174,8,-186,1503,1577,0.35,0,0,37.6,47.0,47.031,6367,19.56,51.1,0
1783525951.7137382,383,17,person,0,593,56,693,292,0.715,643,174,3,-186,1503,1576,0.35,0,0,37.6,47.0,47.031,6367,19.55,51.2,0
1783525951.7643425,384,17,person,0,591,56,693,296,0.729,642,176,2,-184,1503,1573,0.35,0,0,37.6,47.0,47.218,6367,19.64,50.9,0
1783525951.814237,385,17,person,0,579,55,695,333,0.683,637,194,-3,-166,1503,1550,0.35,0,0,37.6,47.0,47.218,6367,19.54,51.2,0
1783525951.8584504,386,17,person,0,576,55,695,343,0.68,635,199,-5,-161,1503,1560,0.35,0,0,37.6,47.0,47.218,6367,19.39,51.6,0
1783525951.909272,387,17,person,0,572,53,693,353,0.727,632,203,-8,-157,1503,1560,0.35,0,0,37.6,47.0,47.218,6367,19.33,51.7,0
1783525951.9596045,388,17,person,0,567,50,690,359,0.809,628,204,-12,-156,1503,1563,0.35,0,0,37.6,47.0,47.218,6367,19.43,51.5,0
1783525952.0087538,389,17,person,0,566,50,687,361,0.83,626,205,-14,-155,1503,1562,0.35,0,0,37.6,47.0,47.218,6367,19.13,52.3,0
1783525952.0643797,390,17,person,0,565,48,685,361,0.817,625,204,-15,-156,1503,1565,0.35,0,0,37.6,47.0,47.218,6367,25.09,39.9,0
1783525952.114284,391,17,person,0,563,42,684,361,0.82,623,201,-17,-159,1503,1568,0.35,0,0,37.6,47.0,47.218,6367,19.14,52.2,0
1783525952.1643605,392,17,person,0,561,36,683,361,0.736,622,198,-18,-162,1503,1569,0.35,0,0,37.6,47.0,47.218,6367,19.36,51.6,0
1783525952.214037,393,17,person,0,558,33,680,364,0.818,619,198,-21,-162,1503,1566,0.35,0,0,37.6,47.0,47.218,6367,19.26,51.9,0
1783525952.264561,394,17,person,0,556,30,679,365,0.849,617,197,-23,-163,1503,1568,0.35,0,0,37.6,47.031,47.031,6367,19.5,51.3,0
1783525952.3142974,395,17,person,0,554,27,676,368,0.855,615,197,-25,-163,1503,1567,0.35,0,0,37.6,47.031,47.031,6367,19.49,51.3,0
1783525952.3630445,396,17,person,0,553,26,676,370,0.859,614,198,-26,-162,1503,1565,0.35,0,0,37.6,47.031,47.031,6367,19.59,51.0,0
1783525952.412694,397,17,person,0,553,24,677,373,0.852,615,198,-25,-162,1503,1566,0.35,0,0,37.6,47.031,47.031,6367,19.59,51.1,0
1783525952.4568768,398,17,person,0,554,23,677,374,0.833,615,198,-25,-162,1503,1566,0.35,0,0,37.6,47.031,47.031,6367,19.4,51.5,0
1783525952.5069354,399,17,person,0,551,22,675,374,0.857,613,198,-27,-162,1503,1566,0.35,0,0,37.6,47.031,47.031,6367,19.41,51.5,0
1783525952.5565977,400,17,person,0,548,17,674,374,0.841,611,195,-29,-165,1503,1571,0.35,0,0,37.6,47.031,47.031,6367,19.2,52.1,0
1783525952.6053908,401,17,person,0,547,13,675,374,0.835,611,193,-29,-167,1503,1570,0.35,0,0,37.6,47.031,47.031,6367,19.17,52.2,0
1783525952.655086,402,17,person,0,544,9,673,373,0.884,608,191,-32,-169,1503,1571,0.35,0,0,37.6,47.031,47.031,6367,19.59,51.0,0
1783525952.705389,403,19,person,0,655,105,734,287,0.658,694,196,54,-164,1621,1562,0.35,0,0,37.6,47.031,47.031,6367,19.38,51.6,0
1783525952.7562394,404,19,person,0,654,104,731,286,0.58,692,195,52,-165,1531,1568,0.35,0,0,37.6,47.031,47.031,6367,19.71,50.7,0
1783525952.8070593,405,19,person,0,652,105,728,286,0.58,690,195,50,-165,1529,1568,0.35,0,0,37.6,46.906,46.843,6328,19.47,51.4,0
1783525952.8567822,406,19,person,0,648,102,723,288,0.574,685,195,45,-165,1521,1568,0.35,0,0,37.6,46.906,46.843,6328,19.67,50.8,0
1783525952.907029,407,19,person,0,645,100,720,289,0.567,682,194,42,-166,1523,1569,0.35,0,0,37.6,46.906,46.843,6328,19.43,51.5,0
1783525952.9569795,408,19,person,0,633,95,712,293,0.629,672,194,32,-166,1435,1568,0.35,0,0,37.6,46.906,46.843,6328,19.56,51.1,0
1783525953.007617,409,19,person,0,628,93,709,294,0.646,668,193,28,-167,1503,1569,0.35,0,0,37.6,46.906,46.843,6328,19.39,51.6,0
1783525953.0523574,410,19,person,0,628,94,707,291,0.746,667,192,27,-168,1503,1570,0.35,0,0,37.6,46.906,46.843,6328,19.31,51.8,0
1783525953.103686,411,19,person,0,626,94,706,290,0.744,666,192,26,-168,1503,1569,0.35,0,0,37.6,46.906,46.843,6328,19.4,51.5,0
1783525953.1541588,412,19,person,0,628,93,708,291,0.722,668,192,28,-168,1503,1569,0.35,0,0,37.6,46.906,46.843,6328,19.58,51.1,0
1783525953.2046824,413,17,person,0,517,0,664,392,0.893,590,196,-50,-164,1393,1563,0.35,0,0,37.6,46.906,46.843,6328,19.74,50.7,0
1783525953.2549236,414,17,person,0,518,0,665,391,0.901,591,195,-49,-165,1475,1568,0.35,0,0,37.6,46.906,46.843,6328,19.72,50.7,0
1783525953.3045192,415,17,person,0,520,0,668,391,0.873,594,195,-46,-165,1480,1568,0.35,0,0,37.6,47.281,47.218,6367,19.59,51.0,0
1783525953.3541002,416,17,person,0,525,1,674,395,0.869,599,198,-41,-162,1486,1563,0.35,0,0,37.6,47.281,47.218,6367,19.51,51.3,0
1783525953.4041188,417,17,person,0,528,1,679,400,0.885,603,200,-37,-160,1568,1564,0.35,0,0,37.6,47.281,47.218,6367,19.53,51.2,0
1783525953.453831,418,17,person,0,535,1,687,402,0.848,611,201,-29,-159,1502,1564,0.35,0,0,37.6,47.281,47.218,6367,19.53,51.2,0
1783525953.5038784,419,17,person,0,536,0,689,402,0.824,612,201,-28,-159,1502,1565,0.35,0,0,37.6,47.281,47.218,6367,19.46,51.4,0
1783525953.5592258,420,17,person,0,539,1,694,406,0.8,616,203,-24,-157,1502,1562,0.35,0,0,37.6,47.281,47.218,6367,25.81,38.7,0
1783525953.6092024,421,17,person,0,541,1,696,404,0.873,618,202,-22,-158,1502,1566,0.35,0,0,37.6,47.281,47.218,6367,19.35,51.7,0
1783525953.6530573,422,17,person,0,544,0,703,404,0.896,623,202,-17,-158,1502,1565,0.35,0,0,37.6,47.281,47.218,6367,19.62,51.0,0
1783525953.7042258,423,17,person,0,549,0,710,405,0.912,629,202,-11,-158,1502,1565,0.35,0,0,37.6,47.281,47.218,6367,19.6,51.0,0
1783525953.754552,424,17,person,0,561,1,725,407,0.869,643,204,3,-156,1502,1562,0.35,0,0,37.6,47.281,47.218,6367,19.45,51.4,0
1783525953.8052616,425,17,person,0,571,0,739,409,0.846,655,204,15,-156,1502,1564,0.35,0,0,37.6,47.593,47.468,6446,19.59,51.0,0
1783525953.8563366,426,17,person,0,592,1,763,415,0.802,677,208,37,-152,1502,1558,0.35,0,0,37.6,47.593,47.468,6446,19.71,50.7,0
1783525953.9093645,427,19,person,0,573,74,680,347,0.706,626,210,-14,-150,1502,1560,0.35,0,0,37.6,47.593,47.468,6446,19.28,51.9,0
1783525953.962686,428,19,person,0,569,73,673,351,0.771,621,212,-19,-148,1502,1559,0.35,0,0,37.6,47.593,47.468,6446,19.8,50.5,0
1783525954.0162013,429,19,person,0,567,67,673,356,0.858,620,211,-20,-149,1502,1562,0.35,0,0,37.6,47.593,47.468,6446,19.42,51.5,0
1783525954.0698454,430,19,person,0,566,64,672,357,0.837,619,210,-21,-150,1502,1562,0.35,0,0,37.6,47.593,47.468,6446,19.63,50.9,0
1783525954.1236594,431,19,person,0,564,60,671,358,0.846,617,209,-23,-151,1502,1563,0.35,0,0,37.6,47.593,47.468,6446,19.95,50.1,0
1783525954.1774147,432,19,person,0,563,57,670,358,0.84,616,207,-24,-153,1502,1565,0.35,0,0,37.6,47.593,47.468,6446,19.56,51.1,0
1783525954.2285028,433,19,person,0,562,54,669,359,0.858,615,206,-25,-154,1502,1564,0.35,0,0,37.6,47.593,47.468,6446,19.87,50.3,0
1783525954.2725973,434,19,person,0,561,54,668,359,0.847,614,206,-26,-154,1502,1563,0.35,0,0,37.6,47.593,47.468,6446,19.47,51.4,0
1783525954.330194,435,19,person,0,555,54,663,361,0.819,609,207,-31,-153,1502,1562,0.35,0,0,37.6,47.281,47.281,6328,23.6,42.4,0
1783525954.3844523,436,19,person,0,556,52,663,360,0.799,609,206,-31,-154,1502,1564,0.35,0,0,37.6,47.281,47.281,6328,19.81,50.5,0
1783525954.437452,437,19,person,0,554,51,661,361,0.806,607,206,-33,-154,1502,1563,0.35,0,0,37.6,47.281,47.281,6328,19.62,51.0,0
1783525954.4893253,438,19,person,0,547,49,657,364,0.817,602,206,-38,-154,1502,1563,0.35,0,0,37.6,47.281,47.281,6328,19.59,51.1,0
1783525954.5422385,439,19,person,0,542,49,653,366,0.882,597,207,-43,-153,1411,1562,0.35,0,0,37.6,47.281,47.281,6328,19.29,51.8,0
1783525954.5938346,440,19,person,0,538,46,650,367,0.868,594,206,-46,-154,1470,1564,0.35,0,0,37.6,47.281,47.281,6328,19.65,50.9,0
1783525954.6456509,441,19,person,0,532,40,646,368,0.881,589,204,-51,-156,1464,1566,0.35,0,0,37.6,47.281,47.281,6328,19.35,51.7,0
1783525954.6971893,442,19,person,0,528,37,644,368,0.892,586,202,-54,-158,1465,1567,0.35,0,0,37.6,47.281,47.281,6328,19.6,51.0,0
1783525954.7474387,443,19,person,0,525,31,642,369,0.87,583,200,-57,-160,1463,1567,0.35,0,0,37.6,47.281,47.281,6328,19.44,51.4,0
1783525954.7992656,444,19,person,0,522,28,641,374,0.859,581,201,-59,-159,1463,1564,0.35,0,0,37.6,47.156,47.343,6367,19.55,51.2,0
1783525954.8498082,445,19,person,0,519,25,640,379,0.869,579,202,-61,-158,1462,1564,0.35,0,0,37.6,47.156,47.343,6367,19.54,51.2,0
1783525954.8929324,446,19,person,0,518,23,639,380,0.868,578,201,-62,-159,1463,1566,0.35,0,0,37.6,47.156,47.343,6367,19.67,50.8,0
1783525954.9454207,447,19,person,0,517,21,639,383,0.867,578,202,-62,-158,1464,1564,0.35,0,0,37.6,47.156,47.343,6367,20.52,48.7,0
1783525954.9974058,448,19,person,0,515,19,638,386,0.872,576,202,-64,-158,1460,1565,0.35,0,0,37.6,47.156,47.343,6367,19.56,51.1,0
1783525955.047861,449,19,person,0,513,17,637,388,0.879,575,202,-65,-158,1461,1565,0.35,0,0,37.6,47.156,47.343,6367,19.35,51.7,0
1783525955.1045187,450,19,person,0,513,15,638,389,0.885,575,202,-65,-158,1462,1565,0.35,0,0,37.6,47.156,47.343,6367,24.94,40.1,0
1783525955.1545186,451,19,person,0,512,8,639,390,0.897,575,199,-65,-161,1462,1569,0.35,0,0,37.6,47.156,47.343,6367,19.65,50.9,0
1783525955.2050035,452,19,person,0,510,5,638,391,0.91,574,198,-66,-162,1460,1567,0.35,0,0,37.6,47.156,47.343,6367,19.29,51.8,0
1783525955.2552693,453,19,person,0,509,2,639,391,0.912,574,196,-66,-164,1461,1569,0.35,0,0,37.6,47.156,47.343,6367,19.47,51.4,0
1783525955.3056743,454,19,person,0,509,0,640,391,0.905,574,195,-66,-165,1461,1568,0.35,0,0,37.6,47.125,47.093,6407,19.17,52.2,0
1783525955.3555832,455,19,person,0,509,0,640,391,0.906,574,195,-66,-165,1461,1568,0.35,0,0,37.6,47.125,47.093,6407,19.59,51.0,0
1783525955.4054947,456,19,person,0,508,1,641,393,0.903,574,197,-66,-163,1461,1565,0.35,0,0,37.6,47.125,47.093,6407,19.23,52.0,0
1783525955.4551916,457,19,person,0,507,1,642,397,0.9,574,199,-66,-161,1461,1564,0.35,0,0,37.6,47.125,47.093,6407,19.43,51.5,0
1783525955.4979935,458,19,person,0,507,1,644,399,0.902,575,200,-65,-160,1463,1564,0.35,0,0,37.6,47.125,47.093,6407,19.48,51.3,0
1783525955.5493379,459,19,person,0,509,1,648,403,0.893,578,202,-62,-158,1468,1563,0.35,0,0,37.6,47.125,47.093,6407,19.65,50.9,0
1783525955.6010163,460,19,person,0,510,1,650,407,0.895,580,204,-60,-156,1467,1562,0.35,0,0,37.6,47.125,47.093,6407,19.36,51.6,0
1783525955.6514306,461,19,person,0,509,1,651,412,0.903,580,206,-60,-154,1464,1561,0.35,0,0,37.6,47.125,47.093,6407,19.5,51.3,0
1783525955.702135,462,19,person,0,508,0,651,415,0.907,579,207,-61,-153,1462,1562,0.35,0,0,37.6,47.125,47.093,6407,19.3,51.8,0
1783525955.7524188,463,19,person,0,508,0,651,416,0.919,579,208,-61,-152,1463,1561,0.35,0,0,37.6,47.125,47.093,6407,19.5,51.3,0
1783525955.8025587,464,19,person,0,508,0,654,417,0.923,581,208,-59,-152,1468,1562,0.35,0,0,37.6,47.218,47.406,6367,19.33,51.7,0
1783525955.852832,465,19,person,0,510,0,657,418,0.915,583,209,-57,-151,1469,1561,0.35,0,0,37.6,47.218,47.406,6367,19.62,51.0,0
1783525955.9041605,466,19,person,0,513,0,661,419,0.897,587,209,-53,-151,1474,1562,0.35,0,0,37.6,47.218,47.406,6367,19.3,51.8,0
1783525955.9550903,467,19,person,0,520,1,670,424,0.876,595,212,-45,-148,1485,1558,0.35,0,0,37.6,47.218,47.406,6367,19.59,51.0,0
1783525956.0069258,468,19,person,0,525,1,677,428,0.882,601,214,-39,-146,1569,1558,0.35,0,0,37.6,47.218,47.406,6367,19.25,52.0,0
1783525956.0577486,469,19,person,0,531,1,687,433,0.868,609,217,-31,-143,1500,1556,0.35,0,0,37.6,47.218,47.406,6367,19.56,51.1,0
1783525956.1012628,470,19,person,0,534,0,691,436,0.857,612,218,-28,-142,1500,1557,0.35,0,0,37.6,47.218,47.406,6367,19.42,51.5,0
1783525956.1524131,471,19,person,0,536,1,697,440,0.884,616,220,-24,-140,1500,1556,0.35,0,0,37.6,47.218,47.406,6367,19.35,51.7,0
1783525956.204683,472,19,person,0,538,2,701,441,0.894,619,221,-21,-139,1500,1556,0.35,0,0,37.6,47.218,47.406,6367,19.12,52.3,0
1783525956.2556486,473,19,person,0,544,2,711,444,0.911,627,223,-13,-137,1500,1554,0.35,0,0,37.6,47.218,47.406,6367,19.25,52.0,0
1783525956.3085663,474,19,person,0,552,2,720,443,0.904,636,222,-4,-138,1500,1558,0.35,0,0,37.6,47.062,47.187,6367,19.09,52.4,0
1783525956.360229,475,19,person,0,563,1,734,445,0.907,648,223,8,-137,1500,1555,0.35,0,0,37.6,47.062,47.187,6367,19.56,51.1,0
1783525956.413008,476,19,person,0,581,1,754,447,0.895,667,224,27,-136,1500,1555,0.35,0,0,37.6,47.062,47.187,6367,19.15,52.2,0
1783525956.4662764,477,19,person,0,597,1,771,449,0.894,684,225,44,-135,1592,1555,0.35,0,0,37.6,47.062,47.187,6367,19.33,51.7,0
1783525956.5180385,478,19,person,0,611,2,786,452,0.873,698,227,58,-133,1556,1553,0.35,0,0,37.6,47.062,47.187,6367,19.46,51.4,0
1783525956.5703688,479,19,person,0,620,1,797,453,0.853,708,227,68,-133,1556,1555,0.35,0,0,37.6,47.062,47.187,6367,19.23,52.0,0
1783525956.6273224,480,19,person,0,635,1,815,453,0.875,725,227,85,-133,1575,1555,0.35,0,0,37.6,47.062,47.187,6367,25.13,39.8,0
1783525956.6803575,481,19,person,0,641,0,827,453,0.881,734,226,94,-134,1570,1556,0.35,0,0,37.6,47.062,47.187,6367,19.12,52.3,0
1783525956.7269378,482,19,person,0,641,0,831,453,0.873,736,226,96,-134,1561,1555,0.35,0,0,37.6,47.062,47.187,6367,23.02,43.4,0
1783525956.7774403,483,19,person,0,642,1,836,455,0.909,739,228,99,-132,1565,1552,0.35,0,0,37.6,47.062,47.187,6367,18.98,52.7,0
1783525956.830457,484,19,person,0,643,1,840,455,0.869,741,228,101,-132,1564,1554,0.35,0,0,37.6,47.593,47.281,6407,19.48,51.3,0
1783525956.8822465,485,19,person,0,666,1,860,454,0.804,763,227,123,-133,1609,1556,0.35,0,0,37.6,47.593,47.281,6407,19.03,52.6,0
1783525956.9350476,486,19,person,0,692,0,881,456,0.835,786,228,146,-132,1623,1553,0.35,0,0,37.6,47.593,47.281,6407,19.15,52.2,0
1783525956.9867275,487,19,person,0,719,2,904,456,0.86,811,229,171,-131,1643,1553,0.35,0,0,37.6,47.593,47.281,6407,19.47,51.4,0
1783525957.0390139,488,19,person,0,735,3,917,456,0.87,826,229,186,-131,1636,1554,0.35,0,0,37.6,47.593,47.281,6407,19.19,52.1,0
1783525957.0902667,489,19,person,0,747,2,928,454,0.887,837,228,197,-132,1637,1555,0.35,0,0,37.6,47.593,47.281,6407,19.27,51.9,0
1783525957.140284,490,19,person,0,760,3,947,454,0.935,853,228,213,-132,1656,1554,0.35,0,0,37.6,47.593,47.281,6407,18.91,52.9,0
1783525957.189764,491,19,person,0,773,3,967,453,0.925,870,228,230,-132,1668,1554,0.35,0,0,37.6,47.593,47.281,6407,19.4,51.5,0
1783525957.239282,492,19,person,0,777,3,978,452,0.936,877,227,237,-133,1656,1556,0.35,0,0,37.6,47.593,47.281,6407,18.83,53.1,0
1783525957.2881014,493,19,person,0,779,3,987,452,0.923,883,227,243,-133,1658,1555,0.35,0,0,37.6,47.593,47.281,6407,19.08,52.4,0
1783525957.3344784,494,19,person,0,780,3,993,454,0.913,886,228,246,-132,1655,1553,0.35,0,0,37.6,47.218,47.0,6407,23.52,42.5,0
1783525957.384208,495,19,person,0,788,3,1000,454,0.902,894,228,254,-132,1668,1554,0.35,0,0,37.6,47.218,47.0,6407,19.34,51.7,0
1783525957.4340165,496,19,person,0,796,3,1005,450,0.903,900,226,260,-134,1668,1557,0.35,0,0,37.6,47.218,47.0,6407,19.1,52.4,0
1783525957.4828484,497,19,person,0,806,3,1008,444,0.902,907,223,267,-137,1674,1559,0.35,0,0,37.6,47.218,47.0,6407,19.25,51.9,0
1783525957.5324974,498,19,person,0,811,2,1007,442,0.912,909,222,269,-138,1667,1558,0.35,0,0,37.6,47.218,47.0,6407,19.26,51.9,0
1783525957.5811536,499,19,person,0,815,2,1008,443,0.894,911,222,271,-138,1668,1557,0.35,0,0,37.6,47.218,47.0,6407,19.27,51.9,0
1783525957.6306276,500,19,person,0,819,1,1008,442,0.901,913,221,273,-139,1670,1558,0.35,0,0,37.6,47.218,47.0,6407,19.27,51.9,0
1783525957.678759,501,19,person,0,825,1,1009,442,0.9,917,221,277,-139,1675,1557,0.35,0,0,37.6,47.218,47.0,6407,19.07,52.4,0
1783525957.7275138,502,19,person,0,829,1,1009,441,0.896,919,221,279,-139,1673,1557,0.35,0,0,37.6,47.218,47.0,6407,19.32,51.8,0
1783525957.7752004,503,19,person,0,834,1,1010,439,0.866,922,220,282,-140,1677,1559,0.35,0,0,37.6,47.218,47.0,6407,19.0,52.6,0
1783525957.8242898,504,19,person,0,843,3,1014,437,0.886,928,220,288,-140,1685,1558,0.35,0,0,37.6,47.562,47.062,6367,19.31,51.8,0
1783525957.872403,505,19,person,0,850,4,1018,437,0.878,934,220,294,-140,1689,1558,0.35,0,0,37.6,47.562,47.062,6367,19.23,52.0,0
1783525957.917672,506,19,person,0,857,5,1022,433,0.874,939,219,299,-141,1691,1559,0.35,0,0,37.6,47.562,47.062,6367,19.66,50.9,0
1783525957.9688067,507,21,person,0,817,108,880,239,0.417,848,173,208,-187,1485,1621,0.35,0,0,37.6,47.562,47.062,6367,19.57,51.1,0
1783525958.0199964,508,21,person,0,814,109,872,229,0.39,843,169,203,-191,1616,1582,0.35,0,0,37.6,47.562,47.062,6367,19.33,51.7,0
1783525958.0706153,509,21,person,0,807,111,863,226,0.387,835,168,195,-192,1607,1579,0.35,0,0,37.6,47.562,47.062,6367,19.23,52.0,0
1783525958.1285636,510,21,person,0,803,112,863,230,0.468,833,171,193,-189,1616,1575,0.35,0,0,37.6,47.562,47.062,6367,27.11,36.9,0
1783525958.1786525,511,21,person,0,803,114,863,230,0.408,833,172,193,-188,1618,1576,0.35,0,0,37.6,47.562,47.062,6367,19.27,51.9,0
1783525958.2300348,512,21,person,0,803,117,864,231,0.375,833,174,193,-186,1618,1574,0.35,0,0,37.6,47.562,47.062,6367,19.98,50.1,0
1783525958.281219,513,21,person,0,801,117,864,233,0.39,832,175,192,-185,1616,1575,0.35,0,0,37.6,47.562,47.062,6367,19.72,50.7,0
1783525958.3306417,514,19,person,0,873,35,1024,423,0.898,948,229,308,-131,1700,1499,0.35,0,0,37.7,47.343,47.156,6407,19.32,51.8,0
1783525958.3822687,515,21,person,0,792,118,856,232,0.4,824,175,184,-185,1421,1628,0.35,0,0,37.7,47.343,47.156,6407,19.74,50.7,0
1783525958.434789,516,21,person,0,788,118,853,232,0.406,820,175,180,-185,1604,1576,0.35,0,0,37.7,47.343,47.156,6407,19.67,50.8,0
1783525958.4858432,517,17,person,0,773,116,863,354,0.364,818,235,178,-125,1606,1493,0.35,0,0,37.7,47.343,47.156,6407,19.63,50.9,0
1783525958.531958,518,17,person,0,773,115,856,336,0.408,814,225,174,-135,1600,1566,0.35,0,0,37.7,47.343,47.156,6407,21.51,46.5,0
1783525958.5839913,519,17,person,0,771,115,852,330,0.415,811,222,171,-138,1600,1560,0.35,0,0,37.7,47.343,47.156,6407,19.93,50.2,0
1783525958.6350427,520,17,person,0,768,115,849,330,0.491,808,222,168,-138,1599,1557,0.35,0,0,37.7,47.343,47.156,6407,19.71,50.7,0
1783525958.6852465,521,17,person,0,763,116,841,319,0.447,802,217,162,-143,1590,1564,0.35,0,0,37.7,47.343,47.156,6407,19.85,50.4,0
1783525958.7351983,522,17,person,0,759,115,836,319,0.477,797,217,157,-143,1589,1559,0.35,0,0,37.7,47.343,47.156,6407,19.34,51.7,0
1783525958.7843587,523,17,person,0,757,114,831,314,0.617,794,214,154,-146,1590,1563,0.35,0,0,37.7,47.343,47.156,6407,19.42,51.5,0
1783525958.8338223,524,17,person,0,755,114,827,304,0.63,791,209,151,-151,1588,1567,0.35,0,0,37.7,47.343,47.25,6367,19.37,51.6,0
1783525958.8831637,525,17,person,0,752,114,820,291,0.644,786,202,146,-158,1582,1572,0.35,0,0,37.7,47.343,47.25,6367,19.68,50.8,0
1783525958.9331715,526,17,person,0,749,116,817,286,0.607,783,201,143,-159,1584,1566,0.35,0,0,37.7,47.343,47.25,6367,19.69,50.8,0
1783525958.9831133,527,17,person,0,746,119,812,286,0.406,779,202,139,-158,1579,1564,0.35,0,0,37.7,47.343,47.25,6367,19.56,51.1,0
1783525959.0331695,528,17,person,0,746,118,811,284,0.491,778,201,138,-159,1584,1566,0.35,0,0,37.7,47.343,47.25,6367,19.7,50.8,0
1783525959.083711,529,17,person,0,745,121,807,285,0.377,776,203,136,-157,1581,1562,0.35,0,0,37.7,47.343,47.25,6367,19.9,50.3,0
1783525959.1313329,530,17,person,0,742,123,802,284,0.353,772,203,132,-157,1575,1564,0.35,0,0,37.7,47.343,47.25,6367,23.27,43.0,0
1783525959.182189,531,17,person,0,730,122,805,332,0.363,767,227,127,-133,1571,1531,0.35,0,0,37.7,47.343,47.25,6367,19.68,50.8,0
1783525959.2317834,532,19,person,0,898,75,1021,399,0.784,959,237,319,-123,1700,1541,0.35,0,0,37.7,47.343,47.25,6367,19.38,51.6,0
1783525959.2835922,533,17,person,0,721,122,801,359,0.429,761,240,121,-120,1300,1547,0.35,0,0,37.7,47.343,47.25,6367,20.01,50.0,0
1783525959.3349082,534,17,person,0,719,122,799,367,0.388,759,244,119,-116,1571,1544,0.35,0,0,37.7,47.312,47.468,6367,19.72,50.7,0
1783525959.384955,535,21,person,0,711,120,794,279,0.459,752,199,112,-161,1559,1611,0.35,0,0,37.7,47.312,47.468,6367,19.96,50.1,0
1783525959.4357588,536,21,person,0,708,120,786,275,0.636,747,197,107,-163,1559,1569,0.35,0,0,37.7,47.312,47.468,6367,19.63,50.9,0
1783525959.4862049,537,21,person,0,705,119,780,269,0.556,742,194,102,-166,1556,1571,0.35,0,0,37.7,47.312,47.468,6367,19.92,50.2,0
1783525959.5363996,538,21,person,0,704,119,775,262,0.42,739,190,99,-170,1557,1573,0.35,0,0,37.7,47.312,47.468,6367,19.62,51.0,0
1783525959.5872378,539,21,person,0,703,119,772,261,0.586,737,190,97,-170,1558,1570,0.35,0,0,37.7,47.312,47.468,6367,20.05,49.9,0
1783525959.6500423,540,21,person,0,697,119,773,273,0.494,735,196,95,-164,1557,1562,0.35,0,0,37.7,47.312,47.468,6367,30.23,33.1,0
1783525959.7004144,541,21,person,0,693,118,771,279,0.48,732,198,92,-162,1553,1564,0.35,0,0,37.7,47.312,47.468,6367,19.74,50.6,0
1783525959.7465773,542,21,person,0,691,118,770,280,0.724,730,199,90,-161,1553,1565,0.35,0,0,37.7,47.312,47.468,6367,21.56,46.4,0
1783525959.7976277,543,21,person,0,688,117,768,281,0.753,728,199,88,-161,1552,1566,0.35,0,0,37.7,47.312,47.468,6367,20.11,49.7,0
1783525959.848545,544,21,person,0,686,117,767,282,0.542,726,199,86,-161,1551,1566,0.35,0,0,37.7,47.25,47.281,6407,19.65,50.9,0
1783525959.8979807,545,21,person,0,684,118,765,282,0.749,724,200,84,-160,1550,1564,0.35,0,0,37.7,47.25,47.281,6407,19.73,50.7,0
1783525959.9473293,546,21,person,0,682,118,763,281,0.75,722,199,82,-161,1548,1567,0.35,0,0,37.7,47.25,47.281,6407,19.65,50.9,0
1783525959.996806,547,21,person,0,683,118,763,280,0.734,723,199,83,-161,1554,1566,0.35,0,0,37.7,47.25,47.281,6407,20.02,49.9,0
1783525960.0454922,548,21,person,0,684,118,763,280,0.764,723,199,83,-161,1552,1566,0.35,0,0,37.7,47.25,47.281,6407,19.46,51.4,0
1783525960.0943449,549,21,person,0,685,117,763,280,0.759,724,198,84,-162,1555,1567,0.35,0,0,37.7,47.25,47.281,6407,19.92,50.2,0
1783525960.1426115,550,21,person,0,685,117,761,280,0.705,723,198,83,-162,1551,1566,0.35,0,0,37.7,47.25,47.281,6407,19.52,51.2,0
1783525960.1910098,551,21,person,0,686,116,760,279,0.74,723,197,83,-163,1552,1568,0.35,0,0,37.7,47.25,47.281,6407,19.8,50.5,0
1783525960.2390685,552,21,person,0,684,116,757,280,0.771,720,198,80,-162,1546,1565,0.35,0,0,37.7,47.25,47.281,6407,19.07,52.4,0
1783525960.2878172,553,21,person,0,680,114,753,281,0.754,716,197,76,-163,1542,1568,0.35,0,0,37.7,47.25,47.281,6407,19.29,51.8,0
1783525960.3346949,554,21,person,0,678,113,751,282,0.769,714,197,74,-163,1543,1567,0.35,0,0,37.7,47.25,47.281,6407,23.31,42.9,0
1783525960.384731,555,21,person,0,674,111,748,284,0.71,711,197,71,-163,1540,1567,0.35,0,0,37.7,47.312,47.406,6407,19.49,51.3,0
1783525960.4336903,556,21,person,0,672,109,745,283,0.746,708,196,68,-164,1538,1568,0.35,0,0,37.7,47.312,47.406,6407,19.36,51.7,0
1783525960.482335,557,21,person,0,670,109,743,282,0.769,706,195,66,-165,1539,1569,0.35,0,0,37.7,47.312,47.406,6407,19.5,51.3,0
1783525960.5318108,558,21,person,0,667,108,740,283,0.793,703,195,63,-165,1535,1568,0.35,0,0,37.7,47.312,47.406,6407,19.44,51.4,0
1783525960.5798495,559,21,person,0,666,107,739,282,0.776,702,194,62,-166,1538,1569,0.35,0,0,37.7,47.312,47.406,6407,19.34,51.7,0
1783525960.6283808,560,21,person,0,666,106,739,282,0.772,702,194,62,-166,1540,1568,0.35,0,0,37.7,47.312,47.406,6407,19.57,51.1,0
1783525960.676091,561,21,person,0,665,106,738,283,0.795,701,194,61,-166,1537,1568,0.35,0,0,37.7,47.312,47.406,6407,19.36,51.7,0
1783525960.724702,562,21,person,0,664,105,737,283,0.78,700,194,60,-166,1537,1568,0.35,0,0,37.7,47.312,47.406,6407,20.04,49.9,0
1783525960.772538,563,21,person,0,663,105,736,283,0.796,699,194,59,-166,1536,1568,0.35,0,0,37.7,47.312,47.406,6407,19.37,51.6,0
1783525960.821,564,21,person,0,660,105,734,286,0.796,697,195,57,-165,1533,1566,0.35,0,0,37.7,47.312,47.406,6407,19.61,51.0,0
1783525960.8689194,565,21,person,0,658,105,733,287,0.811,695,196,55,-164,1532,1566,0.35,0,0,37.7,47.281,47.687,6367,19.32,51.8,0
1783525960.9124503,566,21,person,0,657,105,731,286,0.834,694,195,54,-165,1533,1569,0.35,0,0,37.7,47.281,47.687,6367,19.39,51.6,0
1783525960.9627538,567,21,person,0,655,104,729,285,0.837,692,194,52,-166,1531,1569,0.35,0,0,37.7,47.281,47.687,6367,19.41,51.5,0
1783525961.0122747,568,21,person,0,653,102,730,284,0.832,691,193,51,-167,1531,1569,0.35,0,0,37.7,47.281,47.687,6367,19.31,51.8,0
1783525961.0615287,569,21,person,0,653,101,730,284,0.817,691,192,51,-168,1533,1570,0.35,0,0,37.7,47.281,47.687,6367,19.42,51.5,0
1783525961.1155329,570,21,person,0,649,97,731,287,0.82,690,192,50,-168,1531,1569,0.35,0,0,37.7,47.281,47.687,6367,24.52,40.8,0
1783525961.1656454,571,21,person,0,647,95,731,288,0.816,689,191,49,-169,1530,1570,0.35,0,0,37.7,47.281,47.687,6367,19.57,51.1,0
1783525961.2151139,572,21,person,0,645,93,730,286,0.84,687,189,47,-171,1527,1572,0.35,0,0,37.7,47.281,47.687,6367,19.72,50.7,0
1783525961.2644885,573,21,person,0,643,92,728,284,0.817,685,188,45,-172,1526,1571,0.35,0,0,37.7,47.281,47.687,6367,19.73,50.7,0
1783525961.3134584,574,21,person,0,637,89,724,286,0.84,680,187,40,-173,1429,1572,0.35,0,0,37.7,47.281,47.687,6367,19.25,52.0,0
1783525961.3633034,575,21,person,0,633,88,720,286,0.847,676,187,36,-173,1503,1571,0.35,0,0,37.7,47.25,47.562,6407,19.75,50.6,0
1783525961.4126225,576,21,person,0,630,88,716,288,0.865,673,188,33,-172,1503,1569,0.35,0,0,37.7,47.25,47.562,6407,19.28,51.9,0
1783525961.4618597,577,21,person,0,628,88,714,289,0.862,671,188,31,-172,1503,1570,0.35,0,0,37.7,47.25,47.562,6407,19.77,50.6,0
1783525961.5056477,578,21,person,0,628,88,713,289,0.855,670,188,30,-172,1503,1570,0.35,0,0,37.7,47.25,47.562,6407,19.26,51.9,0
1783525961.5556886,579,21,person,0,628,88,712,289,0.857,670,188,30,-172,1503,1570,0.35,0,0,37.7,47.25,47.562,6407,19.46,51.4,0
1783525961.6043491,580,21,person,0,627,87,712,289,0.843,669,188,29,-172,1503,1570,0.35,0,0,37.7,47.25,47.562,6407,19.3,51.8,0
1783525961.6531494,581,21,person,0,627,84,712,288,0.842,669,186,29,-174,1503,1573,0.35,0,0,37.7,47.25,47.562,6407,19.43,51.5,0
1783525961.70173,582,21,person,0,628,84,712,289,0.856,670,186,30,-174,1503,1571,0.35,0,0,37.7,47.25,47.562,6407,19.1,52.4,0
1783525961.750162,583,21,person,0,628,82,714,290,0.845,671,186,31,-174,1503,1571,0.35,0,0,37.7,47.25,47.562,6407,19.43,51.5,0
1783525961.7989714,584,21,person,0,628,80,715,290,0.848,671,185,31,-175,1503,1573,0.35,0,0,37.7,47.25,47.562,6407,19.33,51.7,0
1783525961.8477721,585,21,person,0,627,77,715,291,0.863,671,184,31,-176,1503,1573,0.35,0,0,37.7,47.25,47.562,6407,19.97,50.1,0
1783525961.8967795,586,21,person,0,627,76,715,291,0.856,671,183,31,-177,1503,1573,0.35,0,0,37.6,47.593,47.687,6407,19.48,51.3,0
1783525961.9448447,587,21,person,0,626,76,714,291,0.848,670,183,30,-177,1503,1572,0.35,0,0,37.6,47.593,47.687,6407,19.12,52.3,0
1783525961.9935744,588,21,person,0,625,74,713,290,0.845,669,182,29,-178,1503,1574,0.35,0,0,37.6,47.593,47.687,6407,19.55,51.2,0
1783525962.0419052,589,21,person,0,621,72,710,291,0.848,665,181,25,-179,1503,1574,0.35,0,0,37.6,47.593,47.687,6407,19.33,51.7,0
1783525962.0869777,590,21,person,0,618,72,707,292,0.829,662,182,22,-178,1503,1572,0.35,0,0,37.6,47.593,47.687,6407,20.1,49.7,0
1783525962.1417465,591,21,person,0,616,74,705,291,0.82,660,182,20,-178,1503,1573,0.35,0,0,37.6,47.593,47.687,6407,22.76,43.9,0
1783525962.192475,592,21,person,0,613,73,702,291,0.838,657,182,17,-178,1503,1573,0.35,0,0,37.6,47.593,47.687,6407,19.66,50.9,0
1783525962.2431483,593,21,person,0,606,69,698,292,0.78,652,180,12,-180,1503,1575,0.35,0,0,37.6,47.593,47.687,6407,19.45,51.4,0
1783525962.2944808,594,21,person,0,598,66,691,293,0.808,644,179,4,-181,1503,1575,0.35,0,0,37.6,47.593,47.687,6407,20.04,49.9,0
1783525962.3453693,595,21,person,0,595,63,691,296,0.794,643,179,3,-181,1503,1574,0.35,0,0,37.6,47.593,47.687,6407,19.46,51.4,0
1783525962.3964813,596,21,person,0,593,58,691,295,0.797,642,176,2,-184,1503,1578,0.35,0,0,37.6,47.25,47.25,6407,19.65,50.9,0
1783525962.4463735,597,21,person,0,590,56,690,299,0.811,640,177,0,-183,1503,1574,0.35,0,0,37.6,47.25,47.25,6407,19.28,51.9,0
1783525962.4956434,598,21,person,0,588,54,690,304,0.823,639,179,-1,-181,1503,1572,0.35,0,0,37.6,47.25,47.25,6407,19.53,51.2,0
1783525962.5450623,599,21,person,0,583,52,687,307,0.789,635,179,-5,-181,1503,1574,0.35,0,0,37.6,47.25,47.25,6407,19.63,51.0,0
1783525962.6000185,600,21,person,0,581,50,685,306,0.753,633,178,-7,-182,1503,1575,0.35,0,0,37.6,47.25,47.25,6407,24.41,41.0,0
1783525962.6501174,601,21,person,0,573,48,690,340,0.798,631,194,-9,-166,1503,1552,0.35,0,0,37.6,47.25,47.25,6407,19.91,50.2,0
1783525962.695202,602,21,person,0,570,47,691,353,0.811,630,200,-10,-160,1503,1559,0.35,0,0,37.6,47.25,47.25,6407,19.75,50.6,0
1783525962.7496767,603,21,person,0,568,44,690,359,0.817,629,201,-11,-159,1503,1564,0.35,0,0,37.6,47.25,47.25,6407,22.24,45.0,0
1783525962.800334,604,21,person,0,567,42,688,359,0.813,627,200,-13,-160,1503,1566,0.35,0,0,37.6,47.25,47.25,6407,19.43,51.5,0
1783525962.8513436,605,21,person,0,564,39,685,360,0.768,624,199,-16,-161,1503,1567,0.35,0,0,37.6,47.25,47.25,6407,19.83,50.4,0
1783525962.9033802,606,21,person,0,562,35,683,360,0.806,622,197,-18,-163,1503,1569,0.35,0,0,37.6,47.656,47.218,6407,19.59,51.0,0
1783525962.9544978,607,21,person,0,557,31,679,363,0.818,618,197,-22,-163,1503,1567,0.35,0,0,37.6,47.656,47.218,6407,19.63,50.9,0
1783525963.0055575,608,21,person,0,555,28,676,361,0.808,615,194,-25,-166,1503,1571,0.35,0,0,37.6,47.656,47.218,6407,19.67,50.8,0
1783525963.05581,609,21,person,0,554,26,674,360,0.8,614,193,-26,-167,1503,1569,0.35,0,0,37.6,47.656,47.218,6407,19.91,50.2,0
1783525963.1063862,610,21,person,0,552,24,671,361,0.756,611,192,-29,-168,1503,1570,0.35,0,0,37.6,47.656,47.218,6407,19.41,51.5,0
1783525963.157699,611,21,person,0,543,21,664,361,0.772,603,191,-37,-169,1503,1570,0.35,0,0,37.6,47.656,47.218,6407,19.88,50.3,0
1783525963.2084646,612,21,person,0,535,19,657,363,0.815,596,191,-44,-169,1407,1569,0.35,0,0,37.6,47.656,47.218,6407,20.02,50.0,0
1783525963.259704,613,21,person,0,535,20,657,364,0.831,596,192,-44,-168,1476,1568,0.35,0,0,37.6,47.656,47.218,6407,20.04,49.9,0
1783525963.3038769,614,21,person,0,534,17,656,364,0.838,595,190,-45,-170,1473,1572,0.35,0,0,37.6,47.656,47.218,6407,19.28,51.9,0
1783525963.3565748,615,21,person,0,527,13,651,368,0.827,589,190,-51,-170,1463,1570,0.35,0,0,37.6,47.656,47.218,6407,20.6,48.5,0
1783525963.4082468,616,21,person,0,523,11,648,366,0.817,585,188,-55,-172,1463,1572,0.35,0,0,37.6,47.468,47.437,6407,19.35,51.7,0
1783525963.4595819,617,19,person,0,674,109,751,284,0.615,712,196,72,-164,1700,1559,0.35,0,0,37.6,47.468,47.437,6407,20.12,49.7,0
1783525963.510683,618,19,person,0,672,110,748,283,0.659,710,196,70,-164,1541,1567,0.35,0,0,37.6,47.468,47.437,6407,19.55,51.1,0
1783525963.5614386,619,19,person,0,669,109,744,283,0.415,706,196,66,-164,1536,1567,0.35,0,0,37.6,47.468,47.437,6407,19.88,50.3,0
1783525963.6104748,620,21,person,0,518,1,644,376,0.865,581,188,-59,-172,1300,1578,0.35,0,0,37.6,47.468,47.437,6407,19.46,51.4,0
1783525963.6604955,621,21,person,0,517,1,644,381,0.86,580,191,-60,-169,1465,1566,0.35,0,0,37.6,47.468,47.437,6407,19.71,50.7,0
1783525963.7110014,622,19,person,0,657,99,735,285,0.599,696,192,56,-168,1700,1568,0.35,0,0,37.6,47.468,47.437,6407,19.6,51.0,0
1783525963.7620592,623,21,person,0,518,0,647,389,0.86,582,194,-58,-166,1300,1566,0.35,0,0,37.6,47.468,47.437,6407,19.77,50.6,0
1783525963.8125086,624,21,person,0,520,0,650,392,0.854,585,196,-55,-164,1474,1565,0.35,0,0,37.6,47.468,47.437,6407,19.44,51.4,0
1783525963.8636758,625,21,person,0,522,0,653,393,0.854,587,196,-53,-164,1473,1567,0.35,0,0,37.6,47.468,47.437,6407,19.86,50.4,0
1783525963.9083598,626,21,person,0,524,0,656,393,0.874,590,196,-50,-164,1477,1567,0.35,0,0,37.6,47.656,47.437,6407,19.37,51.6,0
1783525963.9610271,627,21,person,0,522,0,656,393,0.882,589,196,-51,-164,1470,1567,0.35,0,0,37.6,47.656,47.437,6407,20.77,48.2,0
1783525964.0119631,628,21,person,0,524,0,659,394,0.885,591,197,-49,-163,1476,1566,0.35,0,0,37.6,47.656,47.437,6407,19.29,51.8,0
1783525964.0627825,629,21,person,0,523,0,660,393,0.877,591,196,-49,-164,1472,1568,0.35,0,0,37.6,47.656,47.437,6407,19.76,50.6,0
1783525964.1183484,630,21,person,0,524,1,663,394,0.873,593,197,-47,-163,1476,1566,0.35,0,0,37.6,47.656,47.437,6407,24.48,40.9,0
1783525964.1697123,631,21,person,0,526,1,666,396,0.872,596,198,-44,-162,1480,1565,0.35,0,0,37.6,47.656,47.437,6407,19.67,50.8,0
1783525964.220482,632,21,person,0,532,0,675,400,0.813,603,200,-37,-160,1571,1564,0.35,0,0,37.6,47.656,47.437,6407,19.65,50.9,0
1783525964.2710304,633,21,person,0,539,0,685,404,0.87,612,202,-28,-158,1502,1563,0.35,0,0,37.6,47.656,47.437,6407,19.24,52.0,0
1783525964.3212688,634,21,person,0,544,1,695,414,0.87,619,207,-21,-153,1502,1558,0.35,0,0,37.6,47.656,47.437,6407,19.52,51.2,0
1783525964.3712862,635,21,person,0,549,1,703,420,0.896,626,210,-14,-150,1502,1559,0.35,0,0,37.6,47.656,47.437,6407,19.69,50.8,0
1783525964.4212086,636,21,person,0,557,2,711,419,0.899,634,210,-6,-150,1502,1562,0.35,0,0,37.6,47.531,47.531,6407,19.59,51.1,0
1783525964.4711692,637,21,person,0,561,1,717,421,0.893,639,211,-1,-149,1502,1560,0.35,0,0,37.6,47.531,47.531,6407,19.0,52.6,0
1783525964.5142286,638,21,person,0,568,2,723,420,0.873,645,211,5,-149,1502,1561,0.35,0,0,37.6,47.531,47.531,6407,19.6,51.0,0
1783525964.5657084,639,21,person,0,574,2,728,419,0.851,651,210,11,-150,1502,1562,0.35,0,0,37.6,47.531,47.531,6407,19.35,51.7,0
1783525964.6163743,640,21,person,0,584,3,737,419,0.865,660,211,20,-149,1502,1560,0.35,0,0,37.6,47.531,47.531,6407,19.45,51.4,0
1783525964.6683042,641,21,person,0,588,3,741,420,0.875,664,211,24,-149,1502,1561,0.35,0,0,37.6,47.531,47.531,6407,19.46,51.4,0
1783525964.7191215,642,21,person,0,593,2,746,421,0.816,669,211,29,-149,1502,1561,0.35,0,0,37.6,47.531,47.531,6407,19.59,51.1,0
1783525964.7713661,643,19,person,0,572,77,706,408,0.555,639,242,-1,-118,1502,1519,0.35,0,0,37.6,47.531,47.531,6407,19.39,51.6,0
1783525964.823946,644,19,person,0,568,74,696,410,0.569,632,242,-8,-118,1502,1549,0.35,0,0,37.6,47.531,47.531,6407,19.75,50.6,0
1783525964.8772092,645,19,person,0,572,70,686,373,0.808,629,221,-11,-139,1502,1577,0.35,0,0,37.6,47.531,47.531,6407,19.72,50.7,0
1783525964.9312558,646,19,person,0,573,66,681,356,0.849,627,211,-13,-149,1502,1570,0.35,0,0,37.6,47.437,47.562,6407,19.6,51.0,0
1783525964.9844823,647,19,person,0,571,61,679,356,0.854,625,208,-15,-152,1502,1565,0.35,0,0,37.6,47.437,47.562,6407,20.02,50.0,0
1783525965.0382142,648,19,person,0,569,58,678,356,0.845,623,207,-17,-153,1502,1564,0.35,0,0,37.6,47.437,47.562,6407,19.66,50.9,0
1783525965.0902612,649,19,person,0,566,56,676,358,0.83,621,207,-19,-153,1502,1563,0.35,0,0,37.6,47.437,47.562,6407,19.74,50.7,0
1783525965.1351237,650,19,person,0,563,55,673,359,0.82,618,207,-22,-153,1502,1563,0.35,0,0,37.6,47.437,47.562,6407,19.52,51.2,0
1783525965.1882463,651,19,person,0,553,54,664,362,0.85,608,208,-32,-152,1502,1561,0.35,0,0,37.6,47.437,47.562,6407,19.7,50.8,0
1783525965.241467,652,19,person,0,553,53,663,360,0.823,608,206,-32,-154,1502,1565,0.35,0,0,37.6,47.437,47.562,6407,19.23,52.0,0
1783525965.2943044,653,19,person,0,553,53,662,358,0.829,607,205,-33,-155,1502,1564,0.35,0,0,37.6,47.437,47.562,6407,19.75,50.6,0
1783525965.34625,654,19,person,0,544,50,657,364,0.884,600,207,-40,-153,1502,1561,0.35,0,0,37.6,47.437,47.562,6407,19.54,51.2,0
1783525965.3993049,655,19,person,0,539,47,653,366,0.886,596,206,-44,-154,1409,1564,0.35,0,0,37.6,47.437,47.562,6407,19.57,51.1,0
1783525965.4512208,656,19,person,0,534,41,649,367,0.875,591,204,-49,-156,1464,1566,0.35,0,0,37.6,47.468,47.468,6328,19.42,51.5,0
1783525965.50391,657,19,person,0,530,38,646,367,0.876,588,202,-52,-158,1466,1567,0.35,0,0,37.6,47.468,47.468,6328,19.35,51.7,0
1783525965.5554526,658,19,person,0,526,34,644,369,0.862,585,201,-55,-159,1464,1566,0.35,0,0,37.6,47.468,47.468,6328,19.53,51.2,0
1783525965.6067848,659,19,person,0,521,31,642,373,0.864,581,202,-59,-158,1460,1564,0.35,0,0,37.6,47.468,47.468,6328,19.25,51.9,0
1783525965.663326,660,19,person,0,518,26,640,375,0.863,579,200,-61,-160,1462,1567,0.35,0,0,37.6,47.468,47.468,6328,24.67,40.5,0
1783525965.7141974,661,19,person,0,515,23,638,379,0.855,576,201,-64,-159,1458,1564,0.35,0,0,37.6,47.468,47.468,6328,19.37,51.6,0
1783525965.7588246,662,19,person,0,515,22,637,382,0.859,576,202,-64,-158,1463,1564,0.35,0,0,37.6,47.468,47.468,6328,21.1,47.4,0
1783525965.8098505,663,19,person,0,510,21,633,385,0.884,571,203,-69,-157,1452,1563,0.35,0,0,37.6,47.468,47.468,6328,19.27,51.9,0
1783525965.8622816,664,19,person,0,508,20,631,387,0.876,569,203,-71,-157,1455,1564,0.35,0,0,37.6,47.468,47.468,6328,19.52,51.2,0
1783525965.9129038,665,19,person,0,504,17,628,385,0.894,566,201,-74,-159,1452,1567,0.35,0,0,37.6,47.406,47.187,6407,19.45,51.4,0
1783525965.963693,666,19,person,0,503,17,626,384,0.873,564,200,-76,-160,1452,1566,0.35,0,0,37.6,47.406,47.187,6407,19.15,52.2,0
1783525966.014023,667,19,person,0,500,14,625,385,0.883,562,199,-78,-161,1450,1567,0.35,0,0,37.6,47.406,47.187,6407,19.57,51.1,0
1783525966.0651195,668,19,person,0,499,12,625,384,0.867,562,198,-78,-162,1453,1567,0.35,0,0,37.6,47.406,47.187,6407,19.3,51.8,0
1783525966.1153352,669,19,person,0,496,5,625,383,0.881,560,194,-80,-166,1449,1572,0.35,0,0,37.6,47.406,47.187,6407,19.31,51.8,0
1783525966.1669672,670,19,person,0,495,2,626,384,0.863,560,193,-80,-167,1452,1569,0.35,0,0,37.6,47.406,47.187,6407,19.34,51.7,0
1783525966.2177784,671,19,person,0,493,0,626,386,0.879,559,193,-81,-167,1450,1568,0.35,0,0,37.6,47.406,47.187,6407,19.49,51.3,0
1783525966.268678,672,19,person,0,492,0,628,389,0.883,560,194,-80,-166,1453,1567,0.35,0,0,37.6,47.406,47.187,6407,19.42,51.5,0
1783525966.319114,673,19,person,0,493,0,631,396,0.892,562,198,-78,-162,1456,1562,0.35,0,0,37.6,47.406,47.187,6407,19.52,51.2,0
1783525966.3640382,674,19,person,0,494,0,633,400,0.893,563,200,-77,-160,1455,1563,0.35,0,0,37.6,47.406,47.187,6407,21.05,47.5,0
1783525966.4147906,675,19,person,0,493,0,635,405,0.899,564,202,-76,-158,1455,1563,0.35,0,0,37.6,47.343,47.531,6367,19.43,51.5,0
1783525966.466271,676,19,person,0,493,0,635,407,0.909,564,203,-76,-157,1454,1563,0.35,0,0,37.6,47.343,47.531,6367,19.52,51.2,0
1783525966.5159574,677,19,person,0,494,0,636,407,0.904,565,203,-75,-157,1456,1564,0.35,0,0,37.6,47.343,47.531,6367,19.18,52.1,0
1783525966.5670114,678,19,person,0,495,0,638,406,0.912,566,203,-74,-157,1456,1564,0.35,0,0,37.6,47.343,47.531,6367,19.66,50.9,0
1783525966.6175766,679,19,person,0,498,1,641,407,0.917,569,204,-71,-156,1461,1563,0.35,0,0,37.6,47.343,47.531,6367,19.45,51.4,0
1783525966.6690612,680,19,person,0,499,1,643,410,0.921,571,205,-69,-155,1461,1563,0.35,0,0,37.6,47.343,47.531,6367,19.52,51.2,0
1783525966.719329,681,19,person,0,510,1,654,411,0.878,582,206,-58,-154,1482,1562,0.35,0,0,37.6,47.343,47.531,6367,19.34,51.7,0
1783525966.7707417,682,19,person,0,518,1,666,415,0.873,592,208,-48,-152,1486,1560,0.35,0,0,37.6,47.343,47.531,6367,19.17,52.2,0
1783525966.8218133,683,19,person,0,528,0,682,420,0.873,605,210,-35,-150,1574,1560,0.35,0,0,37.6,47.343,47.531,6367,19.66,50.9,0
1783525966.872767,684,19,person,0,530,0,689,423,0.871,609,211,-31,-149,1499,1560,0.35,0,0,37.6,47.343,47.531,6367,19.14,52.2,0
1783525966.9231055,685,19,person,0,527,0,690,426,0.875,608,213,-32,-147,1499,1558,0.35,0,0,37.6,47.625,47.5,6367,19.85,50.4,0
1783525966.9667456,686,19,person,0,528,0,693,427,0.836,610,213,-30,-147,1499,1560,0.35,0,0,37.6,47.625,47.5,6367,19.51,51.3,0
1783525967.017722,687,19,person,0,537,0,703,427,0.869,620,213,-20,-147,1499,1560,0.35,0,0,37.6,47.625,47.5,6367,19.2,52.1,0
1783525967.0701253,688,19,person,0,547,0,713,428,0.873,630,214,-10,-146,1499,1559,0.35,0,0,37.6,47.625,47.5,6367,19.25,51.9,0
1783525967.1221123,689,19,person,0,568,1,732,428,0.834,650,214,10,-146,1499,1560,0.35,0,0,37.6,47.625,47.5,6367,19.89,50.3,0
1783525967.180899,690,19,person,0,595,2,758,430,0.857,676,216,36,-144,1499,1557,0.35,0,0,37.6,47.625,47.5,6367,24.6,40.7,0
1783525967.2337747,691,19,person,0,609,3,772,433,0.814,690,218,50,-142,1604,1556,0.35,0,0,37.6,47.625,47.5,6367,19.18,52.1,0
1783525967.2856646,692,19,person,0,623,3,787,434,0.878,705,218,65,-142,1561,1558,0.35,0,0,37.6,47.625,47.5,6367,19.36,51.7,0
1783525967.3379078,693,19,person,0,633,2,798,432,0.882,715,217,75,-143,1559,1560,0.35,0,0,37.6,47.625,47.5,6367,19.07,52.4,0
1783525967.3891833,694,19,person,0,642,2,811,431,0.864,726,216,86,-144,1568,1560,0.35,0,0,37.6,47.625,47.5,6367,19.51,51.3,0
1783525967.4407184,695,19,person,0,642,1,815,431,0.862,728,216,88,-144,1555,1559,0.35,0,0,37.6,47.343,47.437,6367,19.23,52.0,0
1783525967.4919393,696,19,person,0,642,1,820,432,0.895,731,216,91,-144,1559,1559,0.35,0,0,37.6,47.343,47.437,6367,19.9,50.3,0
1783525967.545416,697,19,person,0,646,2,829,429,0.875,737,215,97,-145,1567,1560,0.35,0,0,37.6,47.343,47.437,6367,22.71,44.0,0
1783525967.5888264,698,19,person,0,680,3,860,429,0.847,770,216,130,-144,1639,1558,0.35,0,0,37.6,47.343,47.437,6367,19.7,50.8,0
1783525967.640454,699,19,person,0,701,2,878,430,0.874,789,216,149,-144,1619,1559,0.35,0,0,37.6,47.343,47.437,6367,19.3,51.8,0
1783525967.69202,700,19,person,0,716,3,891,431,0.89,803,217,163,-143,1620,1558,0.35,0,0,37.6,47.343,47.437,6367,19.33,51.7,0
1783525967.7430189,701,19,person,0,727,3,901,427,0.892,814,215,174,-145,1622,1561,0.35,0,0,37.6,47.343,47.437,6367,19.29,51.8,0
1783525967.7946086,702,19,person,0,733,3,907,427,0.9,820,215,180,-145,1618,1560,0.35,0,0,37.6,47.343,47.437,6367,19.63,50.9,0
1783525967.8431706,703,19,person,0,737,5,911,427,0.896,824,216,184,-144,1618,1558,0.35,0,0,37.6,47.343,47.437,6367,19.0,52.6,0
1783525967.8936422,704,19,person,0,741,9,915,425,0.912,828,217,188,-143,1621,1558,0.35,0,0,37.6,47.343,47.437,6367,19.34,51.7,0
1783525967.941892,705,19,person,0,748,13,921,424,0.883,834,218,194,-142,1628,1557,0.35,0,0,37.6,47.656,47.25,6367,18.9,52.9,0
1783525967.9911377,706,19,person,0,754,15,927,424,0.908,840,219,200,-141,1632,1557,0.35,0,0,37.6,47.656,47.25,6367,19.43,51.5,0
1783525968.039563,707,19,person,0,763,15,932,418,0.89,847,216,207,-144,1638,1562,0.35,0,0,37.6,47.656,47.25,6367,19.08,52.4,0
1783525968.0890415,708,19,person,0,773,16,937,411,0.881,855,213,215,-147,1644,1563,0.35,0,0,37.6,47.656,47.25,6367,19.53,51.2,0
1783525968.1373956,709,19,person,0,778,16,940,409,0.884,859,212,219,-148,1641,1562,0.35,0,0,37.6,47.656,47.25,6367,19.08,52.4,0
1783525968.179157,710,19,person,0,784,16,943,408,0.873,863,212,223,-148,1644,1561,0.35,0,0,37.6,47.656,47.25,6367,19.02,52.6,0
1783525968.228899,711,19,person,0,788,19,945,408,0.872,866,213,226,-147,1643,1559,0.35,0,0,37.6,47.656,47.25,6367,19.07,52.4,0
1783525968.277852,712,19,person,0,802,24,954,408,0.869,878,216,238,-144,1665,1556,0.35,0,0,37.6,47.656,47.25,6367,19.22,52.0,0
1783525968.3275,713,19,person,0,806,20,957,408,0.875,881,214,241,-146,1652,1562,0.35,0,0,37.6,47.656,47.25,6367,19.24,52.0,0
1783525968.3757145,714,19,person,0,812,29,957,407,0.856,884,218,244,-142,1654,1554,0.35,0,0,37.6,47.656,47.25,6367,18.91,52.9,0
1783525968.4249635,715,19,person,0,815,31,959,407,0.832,887,219,247,-141,1656,1557,0.35,0,0,37.6,47.656,47.25,6367,19.46,51.4,0
1783525968.4736745,716,19,person,0,825,39,965,406,0.846,895,222,255,-138,1669,1554,0.35,0,0,37.6,47.5,47.656,6367,19.06,52.5,0
1783525968.5231917,717,19,person,0,829,42,969,405,0.87,899,223,259,-137,1664,1555,0.35,0,0,37.6,47.5,47.656,6367,19.72,50.7,0
1783525968.5708826,718,19,person,0,832,41,971,403,0.844,901,222,261,-138,1662,1558,0.35,0,0,37.6,47.5,47.656,6367,18.86,53.0,0
1783525968.6189594,719,19,person,0,841,43,978,400,0.884,909,221,269,-139,1677,1558,0.35,0,0,37.6,47.5,47.656,6367,19.6,51.0,0
1783525968.6759262,720,29,person,0,784,111,872,352,0.5,828,231,188,-129,1502,1544,0.35,0,0,37.6,47.5,47.656,6367,26.19,38.2,0
1783525968.726694,721,29,person,0,787,114,875,353,0.416,831,233,191,-127,1622,1550,0.35,0,0,37.6,47.5,47.656,6367,19.92,50.2,0
1783525968.7688963,722,19,person,0,861,49,994,402,0.877,927,225,287,-135,1700,1565,0.35,0,0,37.6,47.5,47.656,6367,18.99,52.7,0
1783525968.820543,723,29,person,0,787,119,876,359,0.423,831,239,191,-121,1468,1536,0.35,0,0,37.6,47.5,47.656,6367,19.58,51.1,0
1783525968.8715587,724,19,person,0,864,57,995,402,0.857,929,229,289,-131,1700,1564,0.35,0,0,37.6,47.5,47.656,6367,19.17,52.2,0
1783525968.920708,725,19,person,0,861,61,992,402,0.879,926,231,286,-129,1669,1551,0.35,0,0,37.6,47.5,47.656,6367,19.04,52.5,0
1783525968.969758,726,19,person,0,860,63,991,402,0.875,925,232,285,-128,1672,1552,0.35,0,0,37.6,47.687,47.593,6446,18.79,53.2,0
1783525969.017681,727,19,person,0,865,64,994,399,0.863,929,231,289,-129,1683,1554,0.35,0,0,37.6,47.687,47.593,6446,19.11,52.3,0
1783525969.0656867,728,19,person,0,867,65,995,400,0.867,931,232,291,-128,1680,1552,0.35,0,0,37.6,47.687,47.593,6446,18.75,53.3,0
1783525969.1135597,729,19,person,0,870,67,995,396,0.852,932,231,292,-129,1679,1554,0.35,0,0,37.6,47.687,47.593,6446,18.91,52.9,0
1783525969.1614168,730,19,person,0,874,68,996,390,0.852,935,229,295,-131,1685,1556,0.35,0,0,37.6,47.687,47.593,6446,18.93,52.8,0
1783525969.208989,731,19,person,0,876,71,995,387,0.859,935,229,295,-131,1680,1554,0.35,0,0,37.6,47.687,47.593,6446,18.85,53.0,0
1783525969.2565084,732,19,person,0,877,71,995,387,0.872,936,229,296,-131,1682,1554,0.35,0,0,37.6,47.687,47.593,6446,18.95,52.8,0
1783525969.3034363,733,19,person,0,878,72,994,386,0.867,936,229,296,-131,1680,1554,0.35,0,0,37.6,47.687,47.593,6446,18.81,53.2,0
1783525969.3488355,734,19,person,0,878,75,992,385,0.849,935,230,295,-130,1678,1552,0.35,0,0,37.6,47.687,47.593,6446,22.39,44.7,0
1783525969.3993168,735,30,person,0,750,121,851,285,0.593,800,203,160,-157,1385,1591,0.35,0,0,37.6,47.687,47.593,6446,19.47,51.4,0
1783525969.4499755,736,30,person,0,733,120,863,335,0.412,798,227,158,-133,1594,1531,0.35,0,0,37.6,47.562,47.5,6407,19.29,51.8,0
1783525969.5001702,737,30,person,0,727,121,869,358,0.521,798,239,158,-121,1597,1538,0.35,0,0,37.6,47.562,47.5,6407,19.22,52.0,0
1783525969.5495303,738,19,person,0,884,84,993,381,0.858,938,232,298,-128,1700,1560,0.35,0,0,37.6,47.562,47.5,6407,19.5,51.3,0
1783525969.5993295,739,30,person,0,720,128,854,355,0.516,787,241,147,-119,1348,1540,0.35,0,0,37.6,47.562,47.5,6407,19.3,51.8,0
1783525969.6494796,740,30,person,0,727,128,834,312,0.63,780,220,140,-140,1575,1578,0.35,0,0,37.6,47.562,47.5,6407,19.4,51.5,0
1783525969.6989973,741,30,person,0,714,127,838,347,0.599,776,237,136,-123,1578,1534,0.35,0,0,37.6,47.562,47.5,6407,19.2,52.1,0
1783525969.748704,742,30,person,0,719,128,819,307,0.593,769,217,129,-143,1569,1579,0.35,0,0,37.6,47.562,47.5,6407,19.48,51.3,0
1783525969.7977269,743,30,person,0,721,128,811,292,0.592,766,210,126,-150,1573,1569,0.35,0,0,37.6,47.562,47.5,6407,19.17,52.2,0
1783525969.8471687,744,30,person,0,714,126,803,289,0.482,758,207,118,-153,1560,1566,0.35,0,0,37.6,47.562,47.5,6407,19.33,51.7,0
1783525969.89623,745,30,person,0,707,124,795,285,0.477,751,204,111,-156,1558,1567,0.35,0,0,37.6,47.562,47.5,6407,19.18,52.1,0
1783525969.9392889,746,30,person,0,699,122,787,283,0.529,743,202,103,-158,1549,1567,0.35,0,0,37.6,47.562,47.5,6407,19.41,51.5,0
1783525969.9897263,747,30,person,0,691,119,779,281,0.571,735,200,95,-160,1547,1567,0.35,0,0,37.6,47.468,47.531,6407,19.51,51.2,0
1783525970.0395908,748,30,person,0,686,118,773,281,0.601,729,199,89,-161,1546,1567,0.35,0,0,37.6,47.468,47.531,6407,19.1,52.4,0
1783525970.0888865,749,30,person,0,680,116,767,281,0.658,723,198,83,-162,1543,1567,0.35,0,0,37.6,47.468,47.531,6407,19.48,51.3,0
1783525970.1427686,750,30,person,0,678,117,764,281,0.693,721,199,81,-161,1548,1565,0.35,0,0,37.6,47.468,47.531,6407,24.19,41.3,0
1783525970.1913254,751,30,person,0,674,116,760,282,0.769,717,199,77,-161,1542,1566,0.35,0,0,37.6,47.468,47.531,6407,19.54,51.2,0
1783525970.2398846,752,30,person,0,672,115,756,281,0.738,714,198,74,-162,1542,1567,0.35,0,0,37.6,47.468,47.531,6407,19.34,51.7,0
1783525970.2887897,753,30,person,0,672,115,755,281,0.749,713,198,73,-162,1545,1566,0.35,0,0,37.6,47.468,47.531,6407,19.53,51.2,0
1783525970.3366883,754,30,person,0,671,117,752,281,0.761,711,199,71,-161,1542,1565,0.35,0,0,37.6,47.468,47.531,6407,19.09,52.4,0
1783525970.3845084,755,30,person,0,670,115,749,282,0.75,709,198,69,-162,1541,1567,0.35,0,0,37.6,47.468,47.531,6407,19.09,52.4,0
1783525970.4334633,756,30,person,0,670,114,748,282,0.755,709,198,69,-162,1544,1566,0.35,0,0,37.6,47.468,47.531,6407,19.06,52.5,0
1783525970.4813194,757,30,person,0,667,113,746,285,0.695,706,199,66,-161,1537,1565,0.35,0,0,37.6,47.468,47.718,6407,19.33,51.7,0
1783525970.5242102,758,30,person,0,666,111,744,285,0.714,705,198,65,-162,1540,1567,0.35,0,0,37.6,47.468,47.718,6407,19.42,51.5,0
1783525970.575135,759,30,person,0,666,111,743,286,0.764,704,198,64,-162,1539,1566,0.35,0,0,37.6,47.468,47.718,6407,19.56,51.1,0
1783525970.626273,760,30,person,0,665,110,743,286,0.809,704,198,64,-162,1541,1566,0.35,0,0,37.6,47.468,47.718,6407,19.36,51.7,0
1783525970.6756446,761,30,person,0,662,108,740,284,0.814,701,196,61,-164,1534,1569,0.35,0,0,37.6,47.468,47.718,6407,19.11,52.3,0
1783525970.725578,762,30,person,0,660,109,737,283,0.83,698,196,58,-164,1532,1567,0.35,0,0,37.6,47.468,47.718,6407,19.4,51.5,0
1783525970.7747924,763,30,person,0,657,108,734,284,0.814,695,196,55,-164,1531,1567,0.35,0,0,37.6,47.468,47.718,6407,19.27,51.9,0
1783525970.8246496,764,30,person,0,654,107,732,284,0.823,693,195,53,-165,1531,1569,0.35,0,0,37.6,47.468,47.718,6407,19.5,51.3,0
1783525970.8740156,765,30,person,0,651,107,729,285,0.811,690,196,50,-164,1528,1566,0.35,0,0,37.6,47.468,47.718,6407,19.35,51.7,0
1783525970.923684,766,30,person,0,649,107,728,287,0.807,688,197,48,-163,1528,1566,0.35,0,0,37.6,47.468,47.718,6407,19.35,51.7,0
1783525970.973364,767,30,person,0,648,106,727,289,0.807,687,197,47,-163,1529,1567,0.35,0,0,37.6,47.562,47.375,6367,19.33,51.7,0
1783525971.0226855,768,30,person,0,648,104,727,287,0.822,687,195,47,-165,1531,1570,0.35,0,0,37.6,47.562,47.375,6367,19.83,50.4,0
1783525971.071729,769,30,person,0,647,103,726,289,0.808,686,196,46,-164,1528,1566,0.35,0,0,37.6,47.562,47.375,6367,19.14,52.2,0
1783525971.1149614,770,30,person,0,646,100,727,289,0.777,686,194,46,-166,1530,1570,0.35,0,0,37.6,47.562,47.375,6367,19.35,51.7,0
1783525971.16541,771,30,person,0,647,98,727,288,0.796,687,193,47,-167,1532,1569,0.35,0,0,37.6,47.562,47.375,6367,19.44,51.4,0
1783525971.215315,772,30,person,0,646,97,726,287,0.821,686,192,46,-168,1528,1570,0.35,0,0,37.6,47.562,47.375,6367,19.5,51.3,0
1783525971.2640214,773,30,person,0,646,95,726,287,0.818,686,191,46,-169,1530,1570,0.35,0,0,37.6,47.562,47.375,6367,19.23,52.0,0
1783525971.312192,774,30,person,0,645,94,724,286,0.81,684,190,44,-170,1526,1571,0.35,0,0,37.6,47.562,47.375,6367,19.3,51.8,0
1783525971.3603039,775,30,person,0,643,92,723,286,0.806,683,189,43,-171,1527,1571,0.35,0,0,37.6,47.562,47.375,6367,19.24,52.0,0
1783525971.4081945,776,30,person,0,641,91,722,289,0.836,681,190,41,-170,1524,1568,0.35,0,0,37.6,47.562,47.375,6367,19.59,51.1,0
1783525971.4567316,777,30,person,0,639,90,721,290,0.84,680,190,40,-170,1435,1570,0.35,0,0,37.6,47.562,47.375,6367,19.49,51.3,0
1783525971.5046935,778,30,person,0,637,90,719,290,0.862,678,190,38,-170,1503,1570,0.35,0,0,37.6,47.968,47.687,6367,19.04,52.5,0
1783525971.5525203,779,30,person,0,634,89,717,291,0.837,675,190,35,-170,1503,1570,0.35,0,0,37.6,47.968,47.687,6367,19.16,52.2,0
1783525971.6063423,780,30,person,0,632,88,714,290,0.829,673,189,33,-171,1503,1571,0.35,0,0,37.6,47.968,47.687,6367,24.33,41.1,0
1783525971.654324,781,30,person,0,628,86,711,290,0.822,669,188,29,-172,1503,1571,0.35,0,0,37.6,47.968,47.687,6367,19.55,51.1,0
1783525971.6971302,782,30,person,0,626,85,709,291,0.845,667,188,27,-172,1503,1570,0.35,0,0,37.6,47.968,47.687,6367,19.14,52.2,0
1783525971.748666,783,30,person,0,622,81,707,292,0.847,664,186,24,-174,1503,1573,0.35,0,0,37.6,47.968,47.687,6367,20.87,47.9,0
1783525971.7979443,784,30,person,0,620,79,705,291,0.844,662,185,22,-175,1503,1573,0.35,0,0,37.6,47.968,47.687,6367,19.31,51.8,0
1783525971.847051,785,30,person,0,617,75,705,291,0.825,661,183,21,-177,1503,1574,0.35,0,0,37.6,47.968,47.687,6367,19.19,52.1,0
1783525971.8956177,786,30,person,0,616,74,704,290,0.814,660,182,20,-178,1503,1574,0.35,0,0,37.6,47.968,47.687,6367,19.19,52.1,0
1783525971.9437087,787,30,person,0,615,72,704,290,0.826,659,181,19,-179,1503,1574,0.35,0,0,37.6,47.968,47.687,6367,19.13,52.3,0
1783525971.9927464,788,30,person,0,615,71,705,290,0.832,660,180,20,-180,1503,1575,0.35,0,0,37.6,47.718,47.531,6407,19.29,51.8,0
1783525972.0419853,789,30,person,0,613,70,704,291,0.816,658,180,18,-180,1503,1574,0.35,0,0,37.6,47.718,47.531,6407,19.03,52.6,0
1783525972.0910432,790,30,person,0,612,69,704,292,0.808,658,180,18,-180,1503,1574,0.35,0,0,37.6,47.718,47.531,6407,19.5,51.3,0
1783525972.1402137,791,30,person,0,611,67,704,294,0.791,657,180,17,-180,1503,1574,0.35,0,0,37.6,47.718,47.531,6407,19.23,52.0,0
1783525972.1908193,792,19,person,0,732,134,819,363,0.688,775,248,135,-112,1700,1479,0.35,0,0,37.6,47.718,47.531,6407,19.4,51.5,0
1783525972.241088,793,19,person,0,729,136,817,367,0.67,773,251,133,-109,1579,1542,0.35,0,0,37.6,47.718,47.531,6407,19.46,51.4,0
1783525972.2852066,794,19,person,0,728,136,816,368,0.633,772,252,132,-108,1580,1544,0.35,0,0,37.6,47.718,47.531,6407,19.23,52.0,0
1783525972.3359272,795,19,person,0,727,137,815,369,0.622,771,253,131,-107,1580,1543,0.35,0,0,37.6,47.718,47.531,6407,19.17,52.2,0
1783525972.3868675,796,19,person,0,727,138,813,369,0.643,770,253,130,-107,1579,1544,0.35,0,0,37.6,47.718,47.531,6407,19.53,51.2,0
1783525972.4368205,797,19,person,0,728,138,812,369,0.501,770,253,130,-107,1581,1544,0.35,0,0,37.6,47.718,47.531,6407,19.1,52.4,0
1783525972.4870827,798,19,person,0,728,137,811,368,0.445,769,252,129,-108,1578,1546,0.35,0,0,37.6,47.843,47.468,6367,19.47,51.4,0
1783525972.5369093,799,19,person,0,724,136,805,365,0.372,764,250,124,-110,1569,1548,0.35,0,0,37.6,47.843,47.468,6367,19.12,52.3,0
1783525972.5859365,800,30,person,0,577,47,695,333,0.75,636,190,-4,-170,1300,1631,0.35,0,0,37.6,47.843,47.468,6367,19.39,51.6,0
1783525972.6356692,801,30,person,0,572,46,696,351,0.712,634,198,-6,-162,1503,1558,0.35,0,0,37.6,47.843,47.468,6367,19.06,52.5,0
1783525972.6848853,802,30,person,0,567,45,693,359,0.771,630,202,-10,-158,1503,1561,0.35,0,0,37.6,47.843,47.468,6367,19.17,52.2,0
1783525972.7332168,803,30,person,0,564,44,690,363,0.809,627,203,-13,-157,1503,1563,0.35,0,0,37.6,47.843,47.468,6367,19.06,52.5,0
1783525972.7819726,804,30,person,0,561,40,688,364,0.814,624,202,-16,-158,1503,1566,0.35,0,0,37.6,47.843,47.468,6367,19.21,52.0,0
1783525972.8319042,805,30,person,0,559,37,685,363,0.829,622,200,-18,-160,1503,1568,0.35,0,0,37.6,47.843,47.468,6367,20.14,49.7,0
1783525972.875921,806,30,person,0,554,29,682,364,0.85,618,196,-22,-164,1503,1572,0.35,0,0,37.6,47.843,47.468,6367,19.39,51.6,0
1783525972.9286897,807,30,person,0,552,26,680,363,0.831,616,194,-24,-166,1503,1570,0.35,0,0,37.6,47.843,47.468,6367,20.25,49.4,0
1783525972.981373,808,30,person,0,551,23,679,364,0.854,615,193,-25,-167,1503,1569,0.35,0,0,37.6,47.843,47.468,6367,21.6,46.3,0
1783525973.0330985,809,30,person,0,549,22,677,367,0.854,613,194,-27,-166,1503,1567,0.35,0,0,37.6,47.687,47.437,6328,19.63,50.9,0
1783525973.0934258,810,30,person,0,545,19,673,372,0.879,609,195,-31,-165,1503,1567,0.35,0,0,37.6,47.687,47.437,6328,26.9,37.2,0
1783525973.1459823,811,30,person,0,541,17,671,378,0.879,606,197,-34,-163,1503,1565,0.35,0,0,37.6,47.687,47.437,6328,19.63,50.9,0
1783525973.1959627,812,30,person,0,540,15,671,379,0.872,605,197,-35,-163,1503,1567,0.35,0,0,37.6,47.687,47.437,6328,19.45,51.4,0
1783525973.246754,813,30,person,0,538,11,669,380,0.876,603,195,-37,-165,1503,1569,0.35,0,0,37.6,47.687,47.437,6328,19.32,51.8,0
1783525973.2968762,814,34,person,0,665,122,738,287,0.644,701,204,61,-156,1636,1555,0.35,0,0,37.6,47.687,47.437,6328,19.45,51.4,0
1783525973.347238,815,34,person,0,664,124,736,286,0.714,700,205,60,-155,1537,1563,0.35,0,0,37.6,47.687,47.437,6328,19.35,51.7,0
1783525973.3977036,816,34,person,0,662,125,733,286,0.711,697,205,57,-155,1532,1564,0.35,0,0,37.6,47.687,47.437,6328,19.43,51.5,0
1783525973.4481313,817,34,person,0,660,124,731,286,0.771,695,205,55,-155,1532,1564,0.35,0,0,37.6,47.687,47.437,6328,19.59,51.1,0
1783525973.4926653,818,34,person,0,656,122,728,287,0.719,692,204,52,-156,1528,1565,0.35,0,0,37.7,47.593,47.75,6367,19.44,51.4,0
1783525973.5439494,819,34,person,0,653,121,725,287,0.75,689,204,49,-156,1527,1564,0.35,0,0,37.7,47.593,47.75,6367,19.29,51.9,0
1783525973.5949163,820,34,person,0,650,119,723,287,0.696,686,203,46,-157,1525,1565,0.35,0,0,37.7,47.593,47.75,6367,19.31,51.8,0
1783525973.6454227,821,34,person,0,647,112,724,290,0.689,685,201,45,-159,1528,1567,0.35,0,0,37.7,47.593,47.75,6367,19.28,51.9,0
1783525973.696223,822,34,person,0,646,111,724,291,0.668,685,201,45,-159,1530,1565,0.35,0,0,37.7,47.593,47.75,6367,19.35,51.7,0
1783525973.7470083,823,34,person,0,642,105,722,291,0.617,682,198,42,-162,1523,1569,0.35,0,0,37.7,47.593,47.75,6367,19.4,51.5,0
1783525973.7972765,824,30,person,0,525,0,673,400,0.885,599,200,-41,-160,1346,1564,0.35,0,0,37.7,47.593,47.75,6367,19.4,51.5,0
1783525973.8477843,825,30,person,0,524,0,674,403,0.88,599,201,-41,-159,1478,1564,0.35,0,0,37.7,47.593,47.75,6367,19.26,51.9,0
1783525973.8981574,826,30,person,0,525,0,674,404,0.883,599,202,-41,-158,1478,1564,0.35,0,0,37.7,47.593,47.75,6367,19.45,51.4,0
1783525973.947153,827,30,person,0,529,0,678,404,0.882,603,202,-37,-158,1569,1565,0.35,0,0,37.7,47.593,47.75,6367,19.49,51.3,0
1783525973.996824,828,30,person,0,532,0,682,404,0.886,607,202,-33,-158,1502,1565,0.35,0,0,37.7,47.593,47.75,6367,19.36,51.7,0
1783525974.0462003,829,30,person,0,534,0,686,407,0.888,610,203,-30,-157,1502,1563,0.35,0,0,37.7,47.687,47.718,6328,19.27,51.9,0
1783525974.08926,830,30,person,0,541,1,693,407,0.893,617,204,-23,-156,1502,1563,0.35,0,0,37.7,47.687,47.718,6328,19.53,51.2,0
1783525974.1395578,831,30,person,0,546,1,701,416,0.913,623,208,-17,-152,1502,1558,0.35,0,0,37.7,47.687,47.718,6328,19.08,52.4,0
1783525974.1902664,832,30,person,0,550,1,708,422,0.888,629,211,-11,-149,1502,1558,0.35,0,0,37.7,47.687,47.718,6328,19.48,51.3,0
1783525974.2399032,833,30,person,0,555,2,713,426,0.884,634,214,-6,-146,1502,1557,0.35,0,0,37.7,47.687,47.718,6328,18.99,52.7,0
1783525974.2912169,834,30,person,0,557,3,717,429,0.89,637,216,-3,-144,1502,1557,0.35,0,0,37.7,47.687,47.718,6328,19.34,51.7,0
1783525974.3409665,835,30,person,0,560,1,721,435,0.893,640,218,0,-142,1502,1556,0.35,0,0,37.7,47.687,47.718,6328,19.18,52.1,0
1783525974.393311,836,30,person,0,563,1,726,435,0.896,644,218,4,-142,1502,1558,0.35,0,0,37.7,47.687,47.718,6328,19.21,52.1,0
1783525974.4438608,837,30,person,0,572,2,737,439,0.887,654,220,14,-140,1502,1556,0.35,0,0,37.7,47.687,47.718,6328,19.03,52.5,0
1783525974.4963489,838,30,person,0,580,2,747,442,0.887,663,222,23,-138,1502,1555,0.35,0,0,37.7,47.687,47.718,6328,19.05,52.5,0
1783525974.5468764,839,30,person,0,594,2,765,445,0.893,679,223,39,-137,1502,1555,0.35,0,0,37.7,47.687,47.718,6328,19.31,51.8,0
1783525974.6050482,840,30,person,0,603,1,776,445,0.898,689,223,49,-137,1599,1556,0.35,0,0,37.7,47.687,47.718,6328,24.46,40.9,0
1783525974.6566658,841,30,person,0,605,1,783,449,0.882,694,225,54,-135,1543,1554,0.35,0,0,37.7,47.687,47.718,6328,19.48,51.3,0
1783525974.6995425,842,30,person,0,611,2,797,459,0.9,704,230,64,-130,1560,1548,0.35,0,0,37.7,47.687,47.718,6328,19.12,52.3,0
1783525974.7529943,843,30,person,0,614,2,810,469,0.89,712,235,72,-125,1558,1547,0.35,0,0,37.7,47.687,47.718,6328,19.55,51.1,0
1783525974.8066647,844,30,person,0,621,2,831,488,0.915,726,245,86,-115,1575,1538,0.35,0,0,37.7,47.687,47.718,6328,19.23,52.0,0
1783525974.8600085,845,30,person,0,623,2,844,499,0.911,733,250,93,-110,1569,1541,0.35,0,0,37.7,47.687,47.718,6328,19.31,51.8,0
1783525974.9114373,846,30,person,0,623,2,853,505,0.912,738,253,98,-107,1569,1541,0.35,0,0,37.7,47.687,47.718,6328,19.35,51.7,0
1783525974.9638722,847,30,person,0,621,2,858,506,0.903,739,254,99,-106,1563,1543,0.35,0,0,37.7,47.687,47.718,6328,19.12,52.3,0
1783525975.0171356,848,30,person,0,625,1,865,508,0.895,745,254,105,-106,1575,1544,0.35,0,0,37.7,47.562,47.562,6328,19.51,51.3,0
1783525975.0733504,849,34,person,0,579,72,692,345,0.386,635,208,-5,-152,1353,1603,0.35,0,0,37.7,47.562,47.562,6328,20.21,49.5,0
1783525975.1300383,850,34,person,0,572,71,679,349,0.714,625,210,-15,-150,1503,1560,0.35,0,0,37.7,47.562,47.562,6328,19.54,51.2,0
1783525975.1834636,851,34,person,0,571,65,679,353,0.746,625,209,-15,-151,1503,1563,0.35,0,0,37.7,47.562,47.562,6328,19.31,51.8,0
1783525975.2373366,852,34,person,0,569,62,676,353,0.79,622,207,-18,-153,1503,1565,0.35,0,0,37.7,47.562,47.562,6328,19.28,51.9,0
1783525975.2904766,853,34,person,0,566,58,673,355,0.817,619,206,-21,-154,1503,1564,0.35,0,0,37.7,47.562,47.562,6328,19.47,51.4,0
1783525975.3347712,854,34,person,0,565,56,671,356,0.803,618,206,-22,-154,1503,1563,0.35,0,0,37.7,47.562,47.562,6328,19.23,52.0,0
1783525975.388105,855,34,person,0,558,55,666,359,0.853,612,207,-28,-153,1503,1562,0.35,0,0,37.7,47.562,47.562,6328,19.29,51.8,0
1783525975.4428868,856,34,person,0,552,54,662,362,0.872,607,208,-33,-152,1503,1561,0.35,0,0,37.7,47.562,47.562,6328,19.48,51.3,0
1783525975.4975767,857,34,person,0,548,54,660,364,0.895,604,209,-36,-151,1503,1561,0.35,0,0,37.7,47.562,47.562,6328,19.43,51.5,0
1783525975.5500007,858,34,person,0,546,54,658,364,0.848,602,209,-38,-151,1503,1562,0.35,0,0,37.7,48.0,47.781,6367,19.11,52.3,0
1783525975.6031032,859,34,person,0,545,53,657,365,0.847,601,209,-39,-151,1503,1562,0.35,0,0,37.7,48.0,47.781,6367,18.98,52.7,0
1783525975.6545546,860,34,person,0,542,51,656,366,0.902,599,208,-41,-152,1414,1563,0.35,0,0,37.7,48.0,47.781,6367,19.18,52.1,0
1783525975.7091005,861,34,person,0,539,44,654,366,0.882,596,205,-44,-155,1472,1566,0.35,0,0,37.7,48.0,47.781,6367,19.01,52.6,0
1783525975.7631483,862,34,person,0,537,41,653,366,0.879,595,203,-45,-157,1474,1566,0.35,0,0,37.7,48.0,47.781,6367,19.18,52.1,0
1783525975.8157988,863,34,person,0,535,38,650,366,0.854,592,202,-48,-158,1469,1566,0.35,0,0,37.7,48.0,47.781,6367,19.1,52.4,0
1783525975.8688304,864,34,person,0,533,34,649,367,0.875,591,200,-49,-160,1471,1567,0.35,0,0,37.7,48.0,47.781,6367,19.02,52.6,0
1783525975.9205096,865,34,person,0,529,31,647,372,0.868,588,201,-52,-159,1466,1564,0.35,0,0,37.7,48.0,47.781,6367,19.25,52.0,0
1783525975.963442,866,34,person,0,528,30,647,376,0.866,587,203,-53,-157,1468,1562,0.35,0,0,37.7,48.0,47.781,6367,19.17,52.2,0
1783525976.0157406,867,34,person,0,527,28,647,379,0.85,587,203,-53,-157,1470,1564,0.35,0,0,37.7,48.0,47.781,6367,19.32,51.7,0
1783525976.0702202,868,34,person,0,527,27,647,381,0.849,587,204,-53,-156,1470,1563,0.35,0,0,37.7,47.625,47.625,6328,19.15,52.2,0
1783525976.1231015,869,34,person,0,525,25,646,385,0.873,585,205,-55,-155,1466,1563,0.35,0,0,37.7,47.625,47.625,6328,19.17,52.2,0
1783525976.1857364,870,34,person,0,522,20,645,386,0.88,583,203,-57,-157,1465,1566,0.35,0,0,37.7,47.625,47.625,6328,24.3,41.1,0
1783525976.2538626,871,34,person,0,521,16,645,387,0.892,583,201,-57,-159,1467,1567,0.35,0,0,37.7,47.625,47.625,6328,19.25,51.9,0
1783525976.320905,872,34,person,0,521,12,646,387,0.889,583,199,-57,-161,1467,1567,0.35,0,0,37.7,47.625,47.625,6328,19.29,51.8,0
1783525976.3887982,873,34,person,0,519,8,646,386,0.887,582,197,-58,-163,1465,1568,0.35,0,0,37.7,47.625,47.625,6328,19.32,51.7,0
1783525976.4572446,874,34,person,0,518,3,647,387,0.873,582,195,-58,-165,1466,1569,0.35,0,0,37.7,47.625,47.625,6328,19.52,51.2,0
1783525976.5229516,875,34,person,0,518,0,649,391,0.879,583,195,-57,-165,1468,1568,0.35,0,0,37.7,47.625,47.625,6328,19.39,51.6,0
1783525976.5882833,876,34,person,0,520,0,652,393,0.868,586,196,-54,-164,1472,1566,0.35,0,0,37.7,47.812,47.562,6249,19.16,52.2,0
1783525976.6549814,877,34,person,0,518,0,652,397,0.879,585,198,-55,-162,1467,1565,0.35,0,0,37.7,47.812,47.562,6249,19.23,52.0,0
1783525976.698064,878,34,person,0,517,0,653,400,0.886,585,200,-55,-160,1468,1563,0.35,0,0,37.7,47.812,47.562,6249,19.08,52.4,0
1783525976.7597523,879,34,person,0,515,0,653,405,0.892,584,202,-56,-158,1466,1563,0.35,0,0,37.7,47.812,47.562,6249,19.21,52.1,0
1783525976.8265963,880,34,person,0,513,0,652,407,0.898,582,203,-58,-157,1463,1564,0.35,0,0,37.7,47.812,47.562,6249,19.13,52.3,0
1783525976.8910165,881,34,person,0,511,0,650,410,0.906,580,205,-60,-155,1462,1562,0.35,0,0,37.7,47.812,47.562,6249,19.3,51.8,0
1783525976.9538462,882,34,person,0,511,0,649,410,0.908,580,205,-60,-155,1464,1564,0.35,0,0,37.7,47.812,47.562,6249,19.18,52.1,0
1783525977.0156248,883,34,person,0,512,0,650,411,0.896,581,205,-59,-155,1466,1564,0.35,0,0,37.7,47.812,47.562,6249,21.98,45.5,0
1783525977.0776248,884,34,person,0,512,0,651,416,0.896,581,208,-59,-152,1465,1560,0.35,0,0,37.7,47.843,47.687,6249,19.57,51.1,0
1783525977.138188,885,34,person,0,513,0,652,423,0.889,582,211,-58,-149,1467,1559,0.35,0,0,37.7,47.843,47.687,6249,19.34,51.7,0
1783525977.198715,886,34,person,0,514,0,654,426,0.885,584,213,-56,-147,1469,1559,0.35,0,0,37.7,47.843,47.687,6249,19.2,52.1,0
1783525977.2576628,887,34,person,0,515,1,655,433,0.888,585,217,-55,-143,1468,1555,0.35,0,0,37.7,47.843,47.687,6249,20.23,49.4,0
1783525977.3157916,888,34,person,0,517,0,658,438,0.885,587,219,-53,-141,1471,1556,0.35,0,0,37.7,47.843,47.687,6249,19.26,51.9,0
1783525977.3753335,889,34,person,0,521,2,663,440,0.888,592,221,-48,-139,1478,1555,0.35,0,0,37.7,47.843,47.687,6249,21.37,46.8,0
1783525977.4191225,890,34,person,0,525,2,668,441,0.893,596,221,-44,-139,1480,1557,0.35,0,0,37.7,47.843,47.687,6249,19.07,52.4,0
1783525977.4752607,891,34,person,0,524,2,670,442,0.895,597,222,-43,-138,1475,1556,0.35,0,0,37.7,47.843,47.687,6249,19.29,51.8,0
1783525977.533092,892,34,person,0,521,1,669,443,0.907,595,222,-45,-138,1470,1557,0.35,0,0,37.7,47.843,47.687,6249,19.38,51.6,0
1783525977.5893178,893,34,person,0,519,1,668,443,0.908,593,222,-47,-138,1468,1557,0.35,0,0,37.7,47.843,47.562,6367,19.38,51.6,0
1783525977.6459887,894,34,person,0,513,2,667,448,0.907,590,225,-50,-135,1465,1553,0.35,0,0,37.7,47.843,47.562,6367,19.19,52.1,0
1783525977.7031717,895,34,person,0,511,2,670,453,0.916,590,227,-50,-133,1469,1553,0.35,0,0,37.7,47.843,47.562,6367,19.01,52.6,0
1783525977.7586277,896,34,person,0,508,2,672,459,0.913,590,230,-50,-130,1469,1551,0.35,0,0,37.7,47.843,47.562,6367,19.26,51.9,0
1783525977.824288,897,34,person,0,508,1,676,468,0.899,592,234,-48,-126,1473,1549,0.35,0,0,37.7,47.843,47.562,6367,19.27,51.9,0
1783525977.8867497,898,34,person,0,506,2,679,477,0.91,592,239,-48,-121,1470,1546,0.35,0,0,37.7,47.843,47.562,6367,19.35,51.7,0
1783525977.946659,899,34,person,0,505,2,680,482,0.909,592,242,-48,-118,1470,1546,0.35,0,0,37.7,47.843,47.562,6367,19.28,51.9,0
1783525978.0104384,900,34,person,0,500,3,679,485,0.904,589,244,-51,-116,1464,1546,0.35,0,0,37.7,47.843,47.562,6367,23.13,43.2,0
1783525978.0726774,901,34,person,0,498,3,679,487,0.91,588,245,-52,-115,1466,1547,0.35,0,0,37.7,47.781,47.906,6367,19.32,51.8,0
1783525978.1170523,902,34,person,0,496,3,680,486,0.91,588,244,-52,-116,1467,1549,0.35,0,0,37.7,47.781,47.906,6367,19.3,51.8,0
1783525978.1753666,903,34,person,0,495,3,682,489,0.921,588,246,-52,-114,1467,1545,0.35,0,0,37.7,47.781,47.906,6367,19.18,52.1,0
1783525978.2398508,904,34,person,0,497,3,692,507,0.925,594,255,-46,-105,1478,1537,0.35,0,0,37.7,47.781,47.906,6367,19.23,52.0,0
1783525978.3054838,905,34,person,0,500,4,701,519,0.923,600,261,-40,-99,1554,1537,0.35,0,0,37.7,47.781,47.906,6367,19.39,51.6,0
1783525978.3701541,906,34,person,0,501,4,706,528,0.923,603,266,-37,-94,1498,1535,0.35,0,0,37.7,47.781,47.906,6367,19.24,52.0,0
1783525978.43333,907,34,person,0,500,4,713,543,0.924,606,273,-34,-87,1498,1531,0.35,0,0,37.7,47.781,47.906,6367,19.2,52.1,0
1783525978.497392,908,34,person,0,501,4,719,552,0.919,610,278,-30,-82,1498,1530,0.35,0,0,37.7,47.781,47.906,6367,19.26,51.9,0
1783525978.5630138,909,34,person,0,503,3,724,555,0.919,613,279,-27,-81,1498,1533,0.35,0,0,37.7,47.625,47.562,6249,23.65,42.3,0
1783525978.6233113,910,34,person,0,506,3,729,556,0.913,617,279,-23,-81,1498,1534,0.35,0,0,37.7,47.625,47.562,6249,19.53,51.2,0
1783525978.6836083,911,34,person,0,509,3,736,555,0.924,622,279,-18,-81,1498,1534,0.35,0,0,37.7,47.625,47.562,6249,19.43,51.5,0
1783525978.7505734,912,34,person,0,511,3,742,553,0.921,626,278,-14,-82,1498,1535,0.35,0,0,37.7,47.625,47.562,6249,19.3,51.8,0
1783525978.8124716,913,34,person,0,510,3,750,568,0.919,630,285,-10,-75,1498,1526,0.35,0,0,37.7,47.625,47.562,6249,19.3,51.8,0
1783525978.8579237,914,34,person,0,511,2,756,570,0.917,633,286,-7,-74,1498,1530,0.35,0,0,37.7,47.625,47.562,6249,19.46,51.4,0
