timestamp,frame,track_id,class,priority,x1,y1,x2,y2,conf,target_cx,target_cy,err_x,err_y,rc_yaw,rc_throttle,conf_threshold,thermal_throttle,sahi_mode,ram_pct,gpu_temp,cpu_temp,power_mw,latency_ms,fps,target_lost
1783523332.4671245,0,,,,,,,,,,,,,1500,1500,0.35,0,0,28.6,46.0,46.031,4801,814.99,1.2,1
1783523332.5062392,1,,,,,,,,,,,,,1500,1500,0.35,0,0,31.2,46.062,46.125,5744,15.66,63.9,1
1783523332.574323,2,,,,,,,,,,,,,1500,1500,0.35,0,0,31.2,46.062,46.125,5744,15.25,65.6,1
1783523332.6388025,3,,,,,,,,,,,,,1500,1500,0.35,0,0,31.2,46.062,46.125,5744,35.24,28.4,1
1783523332.686165,4,,,,,,,,,,,,,1500,1500,0.35,0,0,31.2,46.062,46.125,5744,15.95,62.7,1
1783523332.7311287,5,,,,,,,,,,,,,1500,1500,0.35,0,0,31.2,46.062,46.125,5744,14.81,67.5,1
1783523332.7756586,6,,,,,,,,,,,,,1500,1500,0.35,0,0,31.2,46.062,46.125,5744,14.82,67.5,1
1783523332.8209307,7,,,,,,,,,,,,,1500,1500,0.35,0,0,34.3,46.0,46.187,6091,15.02,66.6,1
1783523332.865506,8,,,,,,,,,,,,,1500,1500,0.35,0,0,34.3,46.0,46.187,6091,14.84,67.4,1
1783523332.9132307,9,,,,,,,,,,,,,1500,1500,0.35,0,0,34.3,46.0,46.187,6091,17.3,57.8,1
1783523332.9665756,10,2,person,0,934,2,1275,649,0.369,1104,325,464,-35,1700,1567,0.35,0,0,34.3,46.0,46.187,6091,20.55,48.7,0
1783523333.0190217,11,2,person,0,939,3,1276,643,0.359,1107,323,467,-37,1700,1516,0.35,0,0,34.3,46.0,46.187,6091,18.76,53.3,0
1783523333.0705328,12,2,person,0,931,3,1279,663,0.353,1105,333,465,-27,1700,1464,0.35,0,0,34.3,46.0,46.187,6091,19.17,52.2,0
1783523333.1157796,13,,,,,,,,,,,,,1500,1500,0.35,0,0,34.3,46.0,46.187,6091,14.72,68.0,1
1783523333.1502068,14,,,,,,,,,,,,,1500,1500,0.35,0,0,34.3,46.0,46.187,6091,14.79,67.6,1
1783523333.195713,15,,,,,,,,,,,,,1500,1500,0.35,0,0,34.3,46.0,46.187,6091,14.88,67.2,1
1783523333.240563,16,,,,,,,,,,,,,1500,1500,0.35,0,0,34.3,46.0,46.187,6091,15.02,66.6,1
1783523333.2851098,17,,,,,,,,,,,,,1500,1500,0.35,0,0,34.3,46.0,46.187,6091,14.73,67.9,1
1783523333.3361568,18,2,person,0,937,3,1265,622,0.423,1101,312,461,-48,1700,1591,0.35,0,0,34.3,46.281,46.218,6288,19.32,51.8,0
1783523333.3889017,19,2,person,0,924,3,1279,674,0.384,1101,338,461,-22,1700,1454,0.35,0,0,34.3,46.281,46.218,6288,18.65,53.6,0
1783523333.4430685,20,2,person,0,935,3,1269,630,0.381,1102,316,462,-44,1700,1558,0.35,0,0,34.3,46.281,46.218,6288,20.44,48.9,0
1783523333.4896169,21,,,,,,,,,,,,,1500,1500,0.35,0,0,34.3,46.281,46.218,6288,15.13,66.1,1
1783523333.5419114,22,2,person,0,931,2,1280,689,0.451,1105,345,465,-15,1700,1500,0.35,0,0,34.3,46.281,46.218,6288,19.16,52.2,0
1783523333.5948796,23,2,person,0,945,2,1277,627,0.376,1111,314,471,-46,1700,1561,0.35,0,0,34.3,46.281,46.218,6288,19.07,52.4,0
1783523333.641269,24,,,,,,,,,,,,,1500,1500,0.35,0,0,34.3,46.281,46.218,6288,15.3,65.4,1
1783523333.6938417,25,2,person,0,934,2,1279,650,0.36,1106,326,466,-34,1700,1565,0.35,0,0,34.3,46.281,46.218,6288,19.05,52.5,0
1783523333.7294807,26,,,,,,,,,,,,,1500,1500,0.35,0,0,34.3,46.281,46.218,6288,15.11,66.2,1
1783523333.7824426,27,2,person,0,930,3,1280,668,0.43,1105,335,465,-25,1700,1500,0.35,0,0,34.3,46.281,46.218,6288,18.85,53.1,0
1783523333.8363023,28,2,person,0,951,3,1263,577,0.357,1107,290,467,-70,1700,1593,0.35,0,0,34.3,46.156,46.593,6367,19.37,51.6,0
1783523333.8831434,29,,,,,,,,,,,,,1500,1500,0.35,0,0,34.3,46.156,46.593,6367,14.89,67.2,1
1783523333.940037,30,2,person,0,963,4,1255,531,0.51,1109,267,469,-93,1700,1650,0.35,0,0,34.3,46.156,46.593,6367,22.2,45.0,0
1783523333.9934607,31,2,person,0,960,5,1272,567,0.448,1116,286,476,-74,1700,1511,0.35,0,0,34.3,46.156,46.593,6367,18.91,52.9,0
1783523334.047452,32,2,person,0,947,2,1280,649,0.429,1113,325,473,-35,1700,1478,0.35,0,0,34.3,46.156,46.593,6367,19.55,51.2,0
1783523334.1006775,33,2,person,0,947,1,1280,677,0.604,1113,339,473,-21,1700,1467,0.35,0,0,34.3,46.156,46.593,6367,19.13,52.3,0
1783523334.1540585,34,2,person,0,963,1,1280,628,0.559,1121,314,481,-46,1700,1561,0.35,0,0,34.3,46.156,46.593,6367,18.98,52.7,0
1783523334.208186,35,2,person,0,955,2,1280,673,0.591,1117,337,477,-23,1700,1457,0.35,0,0,34.3,46.156,46.593,6367,18.97,52.7,0
1783523334.2613614,36,2,person,0,958,2,1280,662,0.463,1119,332,479,-28,1700,1500,0.35,0,0,34.3,46.156,46.593,6367,18.94,52.8,0
1783523334.31519,37,2,person,0,963,2,1280,659,0.484,1121,330,481,-30,1700,1500,0.35,0,0,34.3,46.5,46.5,6328,18.75,53.3,0
1783523334.3501186,38,,,,,,,,,,,,,1500,1500,0.35,0,0,34.3,46.5,46.5,6328,14.84,67.4,1
1783523334.4003158,39,,,,,,,,,,,,,1500,1500,0.35,0,0,34.3,46.5,46.5,6328,15.36,65.1,1
1783523334.4523053,40,2,person,0,948,3,1260,601,0.634,1104,302,464,-58,1700,1611,0.35,0,0,34.3,46.5,46.5,6328,18.93,52.8,0
1783523334.5071032,41,2,person,0,944,3,1255,585,0.511,1099,294,459,-66,1700,1533,0.35,0,0,34.3,46.5,46.5,6328,19.54,51.2,0
1783523334.5535882,42,,,,,,,,,,,,,1500,1500,0.35,0,0,34.3,46.5,46.5,6328,14.97,66.8,1
1783523334.6136868,43,2,person,0,945,3,1256,574,0.388,1100,288,460,-72,1700,1637,0.35,0,0,34.3,46.5,46.5,6328,19.09,52.4,0
1783523334.6635072,44,,,,,,,,,,,,,1500,1500,0.35,0,0,34.3,46.5,46.5,6328,16.03,62.4,1
1783523334.7138903,45,,,,,,,,,,,,,1500,1500,0.35,0,0,34.3,46.5,46.5,6328,14.77,67.7,1
1783523334.759994,46,,,,,,,,,,,,,1500,1500,0.35,0,0,34.3,46.5,46.5,6328,14.94,67.0,1
1783523334.8049207,47,,,,,,,,,,,,,1500,1500,0.35,0,0,34.3,46.5,46.5,6328,15.17,65.9,1
1783523334.8495393,48,,,,,,,,,,,,,1500,1500,0.35,0,0,34.3,46.156,46.25,6328,14.78,67.6,1
1783523334.9013321,49,2,person,0,1024,3,1280,545,0.386,1152,274,512,-86,1700,1650,0.35,0,0,34.3,46.156,46.25,6328,19.13,52.3,0
1783523334.9421356,50,2,person,0,1033,3,1280,555,0.439,1156,279,516,-81,1700,1526,0.35,0,0,34.3,46.156,46.25,6328,19.02,52.6,0
1783523334.9941738,51,2,person,0,1042,4,1280,546,0.43,1161,275,521,-85,1700,1538,0.35,0,0,34.3,46.156,46.25,6328,19.1,52.4,0
1783523335.0467968,52,2,person,0,985,4,1266,556,0.414,1125,280,485,-80,1700,1527,0.35,0,0,34.3,46.156,46.25,6328,18.91,52.9,0
1783523335.0929918,53,,,,,,,,,,,,,1500,1500,0.35,0,0,34.3,46.156,46.25,6328,15.18,65.9,1
1783523335.1399057,54,,,,,,,,,,,,,1500,1500,0.35,0,0,34.3,46.156,46.25,6328,15.19,65.8,1
1783523335.1843593,55,,,,,,,,,,,,,1500,1500,0.35,0,0,34.3,46.156,46.25,6328,14.98,66.7,1
1783523335.2335997,56,,,,,,,,,,,,,1500,1500,0.35,0,0,34.3,46.156,46.25,6328,19.85,50.4,1
1783523335.2776856,57,,,,,,,,,,,,,1500,1500,0.35,0,0,34.3,46.156,46.25,6328,14.98,66.8,1
1783523335.3218584,58,,,,,,,,,,,,,1500,1500,0.35,0,0,34.3,46.437,46.375,6367,15.02,66.6,1
1783523335.3667655,59,,,,,,,,,,,,,1500,1500,0.35,0,0,34.3,46.437,46.375,6367,15.36,65.1,1
1783523335.414156,60,,,,,,,,,,,,,1500,1500,0.35,0,0,34.3,46.437,46.375,6367,17.82,56.1,1
1783523335.4581244,61,,,,,,,,,,,,,1500,1500,0.35,0,0,34.3,46.437,46.375,6367,15.21,65.7,1
1783523335.4929063,62,,,,,,,,,,,,,1500,1500,0.35,0,0,34.3,46.437,46.375,6367,15.18,65.9,1
1783523335.5376956,63,,,,,,,,,,,,,1500,1500,0.35,0,0,34.3,46.437,46.375,6367,15.21,65.7,1
1783523335.581913,64,,,,,,,,,,,,,1500,1500,0.35,0,0,34.3,46.437,46.375,6367,14.76,67.7,1
1783523335.626985,65,,,,,,,,,,,,,1500,1500,0.35,0,0,34.3,46.437,46.375,6367,15.02,66.6,1
1783523335.6714659,66,,,,,,,,,,,,,1500,1500,0.35,0,0,34.3,46.437,46.375,6367,15.19,65.8,1
1783523335.7151556,67,,,,,,,,,,,,,1500,1500,0.35,0,0,34.3,46.437,46.375,6367,14.86,67.3,1
1783523335.7590482,68,,,,,,,,,,,,,1500,1500,0.35,0,0,34.3,46.437,46.375,6367,15.14,66.0,1
1783523335.802846,69,,,,,,,,,,,,,1500,1500,0.35,0,0,34.3,46.437,46.375,6367,15.36,65.1,1
1783523335.8463461,70,,,,,,,,,,,,,1500,1500,0.35,0,0,34.3,46.531,46.406,6446,14.78,67.7,1
1783523335.889867,71,,,,,,,,,,,,,1500,1500,0.35,0,0,34.3,46.531,46.406,6446,15.01,66.6,1
1783523335.9338117,72,,,,,,,,,,,,,1500,1500,0.35,0,0,34.3,46.531,46.406,6446,15.25,65.6,1
1783523335.9777226,73,,,,,,,,,,,,,1500,1500,0.35,0,0,34.3,46.531,46.406,6446,14.94,66.9,1
1783523336.0116203,74,,,,,,,,,,,,,1500,1500,0.35,0,0,34.3,46.531,46.406,6446,14.73,67.9,1
1783523336.0564878,75,,,,,,,,,,,,,1500,1500,0.35,0,0,34.3,46.531,46.406,6446,15.09,66.3,1
1783523336.1008596,76,,,,,,,,,,,,,1500,1500,0.35,0,0,34.3,46.531,46.406,6446,15.3,65.4,1
1783523336.1452086,77,,,,,,,,,,,,,1500,1500,0.35,0,0,34.3,46.531,46.406,6446,14.79,67.6,1
1783523336.1901152,78,,,,,,,,,,,,,1500,1500,0.35,0,0,34.3,46.531,46.406,6446,14.97,66.8,1
1783523336.2349825,79,,,,,,,,,,,,,1500,1500,0.35,0,0,34.3,46.531,46.406,6446,15.37,65.1,1
1783523336.2778149,80,,,,,,,,,,,,,1500,1500,0.35,0,0,34.3,46.531,46.406,6446,14.78,67.7,1
1783523336.32128,81,,,,,,,,,,,,,1500,1500,0.35,0,0,34.3,46.531,46.406,6446,15.13,66.1,1
1783523336.3642657,82,,,,,,,,,,,,,1500,1500,0.35,0,0,34.3,46.531,46.906,6407,15.2,65.8,1
1783523336.407121,83,,,,,,,,,,,,,1500,1500,0.35,0,0,34.3,46.531,46.906,6407,15.25,65.6,1
1783523336.4498513,84,,,,,,,,,,,,,1500,1500,0.35,0,0,34.3,46.531,46.906,6407,14.8,67.6,1
1783523336.4929056,85,,,,,,,,,,,,,1500,1500,0.35,0,0,34.3,46.531,46.906,6407,14.99,66.7,1
1783523336.5266318,86,,,,,,,,,,,,,1500,1500,0.35,0,0,34.3,46.531,46.906,6407,14.63,68.3,1
1783523336.5704644,87,,,,,,,,,,,,,1500,1500,0.35,0,0,34.3,46.531,46.906,6407,14.84,67.4,1
1783523336.612938,88,,,,,,,,,,,,,1500,1500,0.35,0,0,34.3,46.531,46.906,6407,14.34,69.7,1
1783523336.6573591,89,,,,,,,,,,,,,1500,1500,0.35,0,0,34.3,46.531,46.906,6407,15.69,63.7,1
1783523336.7031953,90,,,,,,,,,,,,,1500,1500,0.35,0,0,34.3,46.531,46.906,6407,17.84,56.1,1
1783523336.7483008,91,,,,,,,,,,,,,1500,1500,0.35,0,0,34.3,46.531,46.906,6407,14.49,69.0,1
1783523336.7915797,92,,,,,,,,,,,,,1500,1500,0.35,0,0,34.3,46.531,46.906,6407,14.81,67.5,1
1783523336.8353612,93,,,,,,,,,,,,,1500,1500,0.35,0,0,34.3,46.437,46.406,6446,15.15,66.0,1
1783523336.878008,94,,,,,,,,,,,,,1500,1500,0.35,0,0,34.3,46.437,46.406,6446,14.52,68.9,1
1783523336.9214282,95,,,,,,,,,,,,,1500,1500,0.35,0,0,34.3,46.437,46.406,6446,14.76,67.8,1
1783523336.9647453,96,,,,,,,,,,,,,1500,1500,0.35,0,0,34.3,46.437,46.406,6446,15.21,65.8,1
1783523337.0091488,97,,,,,,,,,,,,,1500,1500,0.35,0,0,34.3,46.437,46.406,6446,15.68,63.8,1
1783523337.0443933,98,,,,,,,,,,,,,1500,1500,0.35,0,0,34.3,46.437,46.406,6446,14.91,67.0,1
1783523337.089543,99,,,,,,,,,,,,,1500,1500,0.35,0,0,34.3,46.437,46.406,6446,14.88,67.2,1
1783523337.134278,100,,,,,,,,,,,,,1500,1500,0.35,0,0,34.3,46.437,46.406,6446,15.29,65.4,1
1783523337.1777346,101,,,,,,,,,,,,,1500,1500,0.35,0,0,34.3,46.437,46.406,6446,14.7,68.0,1
1783523337.221632,102,,,,,,,,,,,,,1500,1500,0.35,0,0,34.3,46.437,46.406,6446,14.89,67.2,1
1783523337.2663317,103,,,,,,,,,,,,,1500,1500,0.35,0,0,34.3,46.437,46.406,6446,16.32,61.3,1
1783523337.3093455,104,,,,,,,,,,,,,1500,1500,0.35,0,0,34.3,46.437,46.406,6446,14.72,68.0,1
1783523337.3527853,105,,,,,,,,,,,,,1500,1500,0.35,0,0,34.3,46.375,46.468,6486,14.61,68.4,1
1783523337.3954298,106,,,,,,,,,,,,,1500,1500,0.35,0,0,34.3,46.375,46.468,6486,14.89,67.2,1
1783523337.4376774,107,,,,,,,,,,,,,1500,1500,0.35,0,0,34.3,46.375,46.468,6486,14.61,68.4,1
1783523337.4800076,108,,,,,,,,,,,,,1500,1500,0.35,0,0,34.3,46.375,46.468,6486,14.3,69.9,1
1783523337.5238137,109,,,,,,,,,,,,,1500,1500,0.35,0,0,34.3,46.375,46.468,6486,15.8,63.3,1
1783523337.5581439,110,,,,,,,,,,,,,1500,1500,0.35,0,0,34.3,46.375,46.468,6486,14.72,67.9,1
1783523337.6021013,111,,,,,,,,,,,,,1500,1500,0.35,0,0,34.3,46.375,46.468,6486,14.88,67.2,1
1783523337.645234,112,,,,,,,,,,,,,1500,1500,0.35,0,0,34.3,46.375,46.468,6486,14.45,69.2,1
1783523337.6882176,113,,,,,,,,,,,,,1500,1500,0.35,0,0,34.3,46.375,46.468,6486,14.71,68.0,1
1783523337.731526,114,,,,,,,,,,,,,1500,1500,0.35,0,0,34.3,46.375,46.468,6486,14.85,67.3,1
1783523337.77407,115,,,,,,,,,,,,,1500,1500,0.35,0,0,34.3,46.375,46.468,6486,14.49,69.0,1
1783523337.8164327,116,,,,,,,,,,,,,1500,1500,0.35,0,0,34.3,46.375,46.468,6486,14.46,69.2,1
1783523337.8595812,117,,,,,,,,,,,,,1500,1500,0.35,0,0,34.4,46.468,46.468,6486,14.81,67.5,1
1783523337.9023857,118,,,,,,,,,,,,,1500,1500,0.35,0,0,34.4,46.468,46.468,6486,14.79,67.6,1
1783523337.9444182,119,,,,,,,,,,,,,1500,1500,0.35,0,0,34.4,46.468,46.468,6486,14.4,69.4,1
1783523337.9904487,120,,,,,,,,,,,,,1500,1500,0.35,0,0,34.4,46.468,46.468,6486,18.18,55.0,1
1783523338.033644,121,,,,,,,,,,,,,1500,1500,0.35,0,0,34.4,46.468,46.468,6486,15.05,66.5,1
1783523338.0675766,122,,,,,,,,,,,,,1500,1500,0.35,0,0,34.4,46.468,46.468,6486,14.77,67.7,1
1783523338.1109667,123,,,,,,,,,,,,,1500,1500,0.35,0,0,34.4,46.468,46.468,6486,14.58,68.6,1
1783523338.1540556,124,,,,,,,,,,,,,1500,1500,0.35,0,0,34.4,46.468,46.468,6486,14.54,68.8,1
1783523338.1968534,125,,,,,,,,,,,,,1500,1500,0.35,0,0,34.4,46.468,46.468,6486,14.72,67.9,1
1783523338.241003,126,,,,,,,,,,,,,1500,1500,0.35,0,0,34.4,46.468,46.468,6486,16.12,62.0,1
1783523338.2833657,127,,,,,,,,,,,,,1500,1500,0.35,0,0,34.4,46.468,46.468,6486,14.5,69.0,1
1783523338.3268776,128,,,,,,,,,,,,,1500,1500,0.35,0,0,34.4,46.468,46.468,6486,15.75,63.5,1
1783523338.3696384,129,,,,,,,,,,,,,1500,1500,0.35,0,0,34.4,46.531,46.593,6526,14.9,67.1,1
1783523338.4126008,130,,,,,,,,,,,,,1500,1500,0.35,0,0,34.4,46.531,46.593,6526,14.31,69.9,1
1783523338.4549978,131,,,,,,,,,,,,,1500,1500,0.35,0,0,34.4,46.531,46.593,6526,14.37,69.6,1
1783523338.4974484,132,,,,,,,,,,,,,1500,1500,0.35,0,0,34.4,46.531,46.593,6526,14.81,67.5,1
1783523338.5399952,133,,,,,,,,,,,,,1500,1500,0.35,0,0,34.4,46.531,46.593,6526,14.75,67.8,1
1783523338.573726,134,,,,,,,,,,,,,1500,1500,0.35,0,0,34.4,46.531,46.593,6526,14.67,68.2,1
1783523338.6171398,135,,,,,,,,,,,,,1500,1500,0.35,0,0,34.4,46.531,46.593,6526,14.42,69.3,1
1783523338.6602547,136,,,,,,,,,,,,,1500,1500,0.35,0,0,34.4,46.531,46.593,6526,14.37,69.6,1
1783523338.7029653,137,,,,,,,,,,,,,1500,1500,0.35,0,0,34.4,46.531,46.593,6526,14.75,67.8,1
1783523338.7452154,138,,,,,,,,,,,,,1500,1500,0.35,0,0,34.4,46.531,46.593,6526,14.38,69.5,1
1783523338.7875283,139,,,,,,,,,,,,,1500,1500,0.35,0,0,34.4,46.531,46.593,6526,14.33,69.8,1
1783523338.8342693,140,,,,,,,,,,,,,1500,1500,0.35,0,0,34.4,46.531,46.593,6526,18.67,53.6,1
1783523338.8765862,141,,,,,,,,,,,,,1500,1500,0.35,0,0,34.4,46.843,46.406,6486,14.53,68.8,1
1783523338.919362,142,,,,,,,,,,,,,1500,1500,0.35,0,0,34.4,46.843,46.406,6486,15.23,65.7,1
1783523338.9626055,143,,,,,,,,,,,,,1500,1500,0.35,0,0,34.4,46.843,46.406,6486,15.62,64.0,1
1783523339.004762,144,,,,,,,,,,,,,1500,1500,0.35,0,0,34.4,46.843,46.406,6486,14.83,67.4,1
1783523339.0473592,145,,,,,,,,,,,,,1500,1500,0.35,0,0,34.4,46.843,46.406,6486,15.36,65.1,1
1783523339.0807323,146,,,,,,,,,,,,,1500,1500,0.35,0,0,34.4,46.843,46.406,6486,14.32,69.8,1
1783523339.1242852,147,,,,,,,,,,,,,1500,1500,0.35,0,0,34.4,46.843,46.406,6486,14.47,69.1,1
1783523339.166817,148,,,,,,,,,,,,,1500,1500,0.35,0,0,34.4,46.843,46.406,6486,14.64,68.3,1
1783523339.2096279,149,,,,,,,,,,,,,1500,1500,0.35,0,0,34.4,46.843,46.406,6486,14.44,69.3,1
1783523339.2548296,150,,,,,,,,,,,,,1500,1500,0.35,0,0,34.4,46.843,46.406,6486,17.11,58.5,1
1783523339.2975829,151,,,,,,,,,,,,,1500,1500,0.35,0,0,34.4,46.843,46.406,6486,14.91,67.1,1
1783523339.339781,152,,,,,,,,,,,,,1500,1500,0.35,0,0,34.4,46.843,46.406,6486,14.54,68.8,1
1783523339.381849,153,,,,,,,,,,,,,1500,1500,0.35,0,0,34.4,46.656,46.656,6526,14.39,69.5,1
1783523339.4239876,154,,,,,,,,,,,,,1500,1500,0.35,0,0,34.4,46.656,46.656,6526,14.36,69.6,1
1783523339.4662437,155,,,,,,,,,,,,,1500,1500,0.35,0,0,34.4,46.656,46.656,6526,14.59,68.6,1
1783523339.5081186,156,,,,,,,,,,,,,1500,1500,0.35,0,0,34.4,46.656,46.656,6526,14.41,69.4,1
1783523339.5513167,157,,,,,,,,,,,,,1500,1500,0.35,0,0,34.4,46.656,46.656,6526,15.55,64.3,1
1783523339.5848615,158,,,,,,,,,,,,,1500,1500,0.35,0,0,34.4,46.656,46.656,6526,14.43,69.3,1
1783523339.6299589,159,,,,,,,,,,,,,1500,1500,0.35,0,0,34.4,46.656,46.656,6526,15.66,63.8,1
1783523339.6728475,160,,,,,,,,,,,,,1500,1500,0.35,0,0,34.4,46.656,46.656,6526,14.67,68.1,1
1783523339.71538,161,,,,,,,,,,,,,1500,1500,0.35,0,0,34.4,46.656,46.656,6526,14.42,69.3,1
1783523339.7577047,162,,,,,,,,,,,,,1500,1500,0.35,0,0,34.4,46.656,46.656,6526,14.51,68.9,1
1783523339.8011236,163,,,,,,,,,,,,,1500,1500,0.35,0,0,34.4,46.656,46.656,6526,15.78,63.4,1
1783523339.843124,164,,,,,,,,,,,,,1500,1500,0.35,0,0,34.4,46.656,46.656,6526,14.46,69.1,1
1783523339.8862064,165,,,,,,,,,,,,,1500,1500,0.35,0,0,34.4,46.843,46.406,6486,15.25,65.6,1
1783523339.928468,166,,,,,,,,,,,,,1500,1500,0.35,0,0,34.4,46.843,46.406,6486,14.65,68.3,1
1783523339.970491,167,,,,,,,,,,,,,1500,1500,0.35,0,0,34.4,46.843,46.406,6486,14.71,68.0,1
1783523340.0135598,168,,,,,,,,,,,,,1500,1500,0.35,0,0,34.4,46.843,46.406,6486,15.26,65.5,1
1783523340.0581095,169,,,,,,,,,,,,,1500,1500,0.35,0,0,34.4,46.843,46.406,6486,16.67,60.0,1
1783523340.0923944,170,,,,,,,,,,,,,1500,1500,0.35,0,0,34.4,46.843,46.406,6486,14.47,69.1,1
1783523340.1359003,171,,,,,,,,,,,,,1500,1500,0.35,0,0,34.4,46.843,46.406,6486,14.73,67.9,1
1783523340.1790648,172,,,,,,,,,,,,,1500,1500,0.35,0,0,34.4,46.843,46.406,6486,15.33,65.2,1
1783523340.221307,173,,,,,,,,,,,,,1500,1500,0.35,0,0,34.4,46.843,46.406,6486,14.53,68.8,1
1783523340.2651057,174,,,,,,,,,,,,,1500,1500,0.35,0,0,34.4,46.843,46.406,6486,15.78,63.4,1
1783523340.3071604,175,,,,,,,,,,,,,1500,1500,0.35,0,0,34.4,46.843,46.406,6486,14.42,69.3,1
1783523340.3490183,176,,,,,,,,,,,,,1500,1500,0.35,0,0,34.4,46.843,46.406,6486,14.4,69.4,1
1783523340.391376,177,,,,,,,,,,,,,1500,1500,0.35,0,0,34.4,46.718,46.343,6486,14.42,69.3,1
1783523340.434419,178,,,,,,,,,,,,,1500,1500,0.35,0,0,34.4,46.718,46.343,6486,15.65,63.9,1
1783523340.4771907,179,,,,,,,,,,,,,1500,1500,0.35,0,0,34.4,46.718,46.343,6486,15.38,65.0,1
1783523340.5233102,180,,,,,,,,,,,,,1500,1500,0.35,0,0,34.4,46.718,46.343,6486,18.22,54.9,1
1783523340.565877,181,,,,,,,,,,,,,1500,1500,0.35,0,0,34.4,46.718,46.343,6486,14.7,68.0,1
1783523340.6015277,182,,,,,,,,,,,,,1500,1500,0.35,0,0,34.4,46.718,46.343,6486,16.64,60.1,1
1783523340.6450586,183,,,,,,,,,,,,,1500,1500,0.35,0,0,34.4,46.718,46.343,6486,14.71,68.0,1
1783523340.6874697,184,,,,,,,,,,,,,1500,1500,0.35,0,0,34.4,46.718,46.343,6486,14.42,69.4,1
1783523340.7306004,185,,,,,,,,,,,,,1500,1500,0.35,0,0,34.4,46.718,46.343,6486,15.62,64.0,1
1783523340.7727685,186,,,,,,,,,,,,,1500,1500,0.35,0,0,34.4,46.718,46.343,6486,14.55,68.7,1
1783523340.814637,187,,,,,,,,,,,,,1500,1500,0.35,0,0,34.4,46.718,46.343,6486,14.38,69.5,1
1783523340.857425,188,,,,,,,,,,,,,1500,1500,0.35,0,0,34.4,46.718,46.343,6486,15.36,65.1,1
1783523340.9004326,189,,,,,,,,,,,,,1500,1500,0.35,0,0,34.4,46.687,46.468,6486,15.47,64.6,1
1783523340.942106,190,,,,,,,,,,,,,1500,1500,0.35,0,0,34.4,46.687,46.468,6486,14.27,70.1,1
1783523340.9845345,191,,,,,,,,,,,,,1500,1500,0.35,0,0,34.4,46.687,46.468,6486,14.45,69.2,1
1783523341.0265784,192,,,,,,,,,,,,,1500,1500,0.35,0,0,34.4,46.687,46.468,6486,14.39,69.5,1
1783523341.0697172,193,,,,,,,,,,,,,1500,1500,0.35,0,0,34.4,46.687,46.468,6486,15.48,64.6,1
1783523341.1031566,194,,,,,,,,,,,,,1500,1500,0.35,0,0,34.4,46.687,46.468,6486,14.42,69.4,1
1783523341.1461527,195,,,,,,,,,,,,,1500,1500,0.35,0,0,34.4,46.687,46.468,6486,14.29,70.0,1
1783523341.1898484,196,,,,,,,,,,,,,1500,1500,0.35,0,0,34.4,46.687,46.468,6486,15.43,64.8,1
1783523341.2321887,197,,,,,,,,,,,,,1500,1500,0.35,0,0,34.4,46.687,46.468,6486,14.42,69.3,1
1783523341.2740428,198,,,,,,,,,,,,,1500,1500,0.35,0,0,34.4,46.687,46.468,6486,14.28,70.0,1
1783523341.3173306,199,,,,,,,,,,,,,1500,1500,0.35,0,0,34.4,46.687,46.468,6486,15.36,65.1,1
1783523341.3597093,200,,,,,,,,,,,,,1500,1500,0.35,0,0,34.4,46.687,46.468,6486,14.45,69.2,1
1783523341.4016922,201,,,,,,,,,,,,,1500,1500,0.35,0,0,34.4,46.75,46.687,6526,14.47,69.1,1
1783523341.4443967,202,,,,,,,,,,,,,1500,1500,0.35,0,0,34.4,46.75,46.687,6526,15.34,65.2,1
1783523341.4864311,203,,,,,,,,,,,,,1500,1500,0.35,0,0,34.4,46.75,46.687,6526,14.48,69.0,1
1783523341.5296874,204,,,,,,,,,,,,,1500,1500,0.35,0,0,34.4,46.75,46.687,6526,15.78,63.4,1
1783523341.5715256,205,,,,,,,,,,,,,1500,1500,0.35,0,0,34.4,46.75,46.687,6526,14.41,69.4,1
1783523341.605974,206,,,,,,,,,,,,,1500,1500,0.35,0,0,34.4,46.75,46.687,6526,15.38,65.0,1
1783523341.650159,207,,,,,,,,,,,,,1500,1500,0.35,0,0,34.4,46.75,46.687,6526,15.33,65.2,1
1783523341.692902,208,,,,,,,,,,,,,1500,1500,0.35,0,0,34.4,46.75,46.687,6526,14.66,68.2,1
1783523341.7352078,209,,,,,,,,,,,,,1500,1500,0.35,0,0,34.4,46.75,46.687,6526,14.52,68.9,1
1783523341.7803512,210,,,,,,,,,,,,,1500,1500,0.35,0,0,34.4,46.75,46.687,6526,16.85,59.3,1
1783523341.8223999,211,,,,,,,,,,,,,1500,1500,0.35,0,0,34.4,46.75,46.687,6526,14.55,68.7,1
1783523341.8646152,212,,,,,,,,,,,,,1500,1500,0.35,0,0,34.4,46.75,46.687,6526,14.62,68.4,1
1783523341.9066055,213,,,,,,,,,,,,,1500,1500,0.35,0,0,34.4,46.593,46.656,6486,14.5,69.0,1
1783523341.9484055,214,,,,,,,,,,,,,1500,1500,0.35,0,0,34.4,46.593,46.656,6486,14.37,69.6,1
1783523341.9903514,215,,,,,,,,,,,,,1500,1500,0.35,0,0,34.4,46.593,46.656,6486,14.55,68.7,1
1783523342.03191,216,,,,,,,,,,,,,1500,1500,0.35,0,0,34.4,46.593,46.656,6486,14.46,69.2,1
1783523342.0746226,217,,,,,,,,,,,,,1500,1500,0.35,0,0,34.4,46.593,46.656,6486,15.32,65.3,1
1783523342.1089478,218,,,,,,,,,,,,,1500,1500,0.35,0,0,34.4,46.593,46.656,6486,15.31,65.3,1
1783523342.1541145,219,,,,,,,,,,,,,1500,1500,0.35,0,0,34.4,46.593,46.656,6486,15.55,64.3,1
1783523342.197577,220,,,,,,,,,,,,,1500,1500,0.35,0,0,34.4,46.593,46.656,6486,15.57,64.2,1
1783523342.2397757,221,,,,,,,,,,,,,1500,1500,0.35,0,0,34.4,46.593,46.656,6486,14.44,69.3,1
1783523342.2827773,222,,,,,,,,,,,,,1500,1500,0.35,0,0,34.4,46.593,46.656,6486,15.32,65.3,1
1783523342.3249161,223,,,,,,,,,,,,,1500,1500,0.35,0,0,34.4,46.593,46.656,6486,14.43,69.3,1
1783523342.3667831,224,,,,,,,,,,,,,1500,1500,0.35,0,0,34.4,46.593,46.656,6486,14.49,69.0,1
1783523342.4084227,225,,,,,,,,,,,,,1500,1500,0.35,0,0,34.4,46.468,46.468,6486,14.37,69.6,1
1783523342.4512322,226,,,,,,,,,,,,,1500,1500,0.35,0,0,34.4,46.468,46.468,6486,15.39,65.0,1
1783523342.4940662,227,,,,,,,,,,,,,1500,1500,0.35,0,0,34.4,46.468,46.468,6486,15.53,64.4,1
1783523342.53684,228,,,,,,,,,,,,,1500,1500,0.35,0,0,34.4,46.468,46.468,6486,15.35,65.1,1
1783523342.5793629,229,,,,,,,,,,,,,1500,1500,0.35,0,0,34.4,46.468,46.468,6486,15.22,65.7,1
1783523342.6131642,230,,,,,,,,,,,,,1500,1500,0.35,0,0,34.4,46.468,46.468,6486,14.29,70.0,1
1783523342.6564457,231,,,,,,,,,,,,,1500,1500,0.35,0,0,34.4,46.468,46.468,6486,14.69,68.1,1
1783523342.6999104,232,,,,,,,,,,,,,1500,1500,0.35,0,0,34.4,46.468,46.468,6486,15.29,65.4,1
1783523342.7420528,233,,,,,,,,,,,,,1500,1500,0.35,0,0,34.4,46.468,46.468,6486,14.29,70.0,1
1783523342.7842941,234,,,,,,,,,,,,,1500,1500,0.35,0,0,34.4,46.468,46.468,6486,14.32,69.8,1
1783523342.8274753,235,,,,,,,,,,,,,1500,1500,0.35,0,0,34.4,46.468,46.468,6486,15.35,65.2,1
1783523342.870162,236,,,,,,,,,,,,,1500,1500,0.35,0,0,34.4,46.468,46.468,6486,15.29,65.4,1
1783523342.9119928,237,,,,,,,,,,,,,1500,1500,0.35,0,0,34.4,46.937,46.375,6486,14.24,70.2,1
1783523342.9542618,238,,,,,,,,,,,,,1500,1500,0.35,0,0,34.4,46.937,46.375,6486,14.68,68.1,1
1783523342.997227,239,,,,,,,,,,,,,1500,1500,0.35,0,0,34.4,46.937,46.375,6486,15.52,64.4,1
1783523343.0425885,240,,,,,,,,,,,,,1500,1500,0.35,0,0,34.4,46.937,46.375,6486,17.67,56.6,1
1783523343.0849814,241,,,,,,,,,,,,,1500,1500,0.35,0,0,34.4,46.937,46.375,6486,14.54,68.8,1
1783523343.1197095,242,,,,,,,,,,,,,1500,1500,0.35,0,0,34.4,46.937,46.375,6486,15.68,63.8,1
1783523343.16293,243,,,,,,,,,,,,,1500,1500,0.35,0,0,34.4,46.937,46.375,6486,14.51,68.9,1
1783523343.206373,244,,,,,,,,,,,,,1500,1500,0.35,0,0,34.4,46.937,46.375,6486,15.39,65.0,1
1783523343.2496521,245,,,,,,,,,,,,,1500,1500,0.35,0,0,34.4,46.937,46.375,6486,15.44,64.8,1
1783523343.2932105,246,,,,,,,,,,,,,1500,1500,0.35,0,0,34.4,46.937,46.375,6486,15.66,63.8,1
1783523343.3362806,247,,,,,,,,,,,,,1500,1500,0.35,0,0,34.4,46.937,46.375,6486,15.37,65.0,1
1783523343.378241,248,,,,,,,,,,,,,1500,1500,0.35,0,0,34.4,46.937,46.375,6486,14.3,69.9,1
1783523343.4215865,249,,,,,,,,,,,,,1500,1500,0.35,0,0,34.4,46.5,46.718,6446,15.57,64.2,1
1783523343.4647336,250,,,,,,,,,,,,,1500,1500,0.35,0,0,34.4,46.5,46.718,6446,15.48,64.6,1
1783523343.5082455,251,,,,,,,,,,,,,1500,1500,0.35,0,0,34.4,46.5,46.718,6446,15.16,66.0,1
1783523343.55012,252,,,,,,,,,,,,,1500,1500,0.35,0,0,34.4,46.5,46.718,6446,14.36,69.6,1
1783523343.5933554,253,,,,,,,,,,,,,1500,1500,0.35,0,0,34.4,46.5,46.718,6446,15.55,64.3,1
1783523343.6277573,254,,,,,,,,,,,,,1500,1500,0.35,0,0,34.4,46.5,46.718,6446,15.34,65.2,1
1783523343.670915,255,,,,,,,,,,,,,1500,1500,0.35,0,0,34.4,46.5,46.718,6446,14.37,69.6,1
1783523343.7146378,256,,,,,,,,,,,,,1500,1500,0.35,0,0,34.4,46.5,46.718,6446,15.35,65.1,1
1783523343.7574856,257,,,,,,,,,,,,,1500,1500,0.35,0,0,34.4,46.5,46.718,6446,14.78,67.7,1
1783523343.7998717,258,,,,,,,,,,,,,1500,1500,0.35,0,0,34.4,46.5,46.718,6446,14.62,68.4,1
1783523343.8418427,259,,,,,,,,,,,,,1500,1500,0.35,0,0,34.4,46.5,46.718,6446,14.34,69.7,1
1783523343.8841753,260,,,,,,,,,,,,,1500,1500,0.35,0,0,34.4,46.5,46.718,6446,14.38,69.6,1
1783523343.9261487,261,,,,,,,,,,,,,1500,1500,0.35,0,0,34.4,46.968,46.781,6486,14.41,69.4,1
1783523343.9682455,262,,,,,,,,,,,,,1500,1500,0.35,0,0,34.4,46.968,46.781,6486,14.51,68.9,1
1783523344.0100396,263,,,,,,,,,,,,,1500,1500,0.35,0,0,34.4,46.968,46.781,6486,14.39,69.5,1
1783523344.052458,264,,,,,,,,,,,,,1500,1500,0.35,0,0,34.4,46.968,46.781,6486,14.69,68.1,1
1783523344.0942414,265,,,,,,,,,,,,,1500,1500,0.35,0,0,34.4,46.968,46.781,6486,14.44,69.2,1
1783523344.1277819,266,,,,,,,,,,,,,1500,1500,0.35,0,0,34.4,46.968,46.781,6486,14.5,69.0,1
1783523344.1719818,267,,,,,,,,,,,,,1500,1500,0.35,0,0,34.4,46.968,46.781,6486,15.43,64.8,1
1783523344.2145832,268,,,,,,,,,,,,,1500,1500,0.35,0,0,34.4,46.968,46.781,6486,14.36,69.6,1
1783523344.2577271,269,,,,,,,,,,,,,1500,1500,0.35,0,0,34.4,46.968,46.781,6486,15.29,65.4,1
1783523344.3040597,270,,,,,,,,,,,,,1500,1500,0.35,0,0,34.4,46.968,46.781,6486,17.89,55.9,1
1783523344.347094,271,,,,,,,,,,,,,1500,1500,0.35,0,0,34.4,46.968,46.781,6486,15.18,65.9,1
1783523344.388949,272,,,,,,,,,,,,,1500,1500,0.35,0,0,34.4,46.968,46.781,6486,14.37,69.6,1
1783523344.431329,273,,,,,,,,,,,,,1500,1500,0.35,0,0,34.4,46.843,46.593,6486,14.46,69.2,1
1783523344.4733932,274,,,,,,,,,,,,,1500,1500,0.35,0,0,34.4,46.843,46.593,6486,14.34,69.7,1
1783523344.5155532,275,,,,,,,,,,,,,1500,1500,0.35,0,0,34.4,46.843,46.593,6486,14.5,69.0,1
1783523344.5597131,276,,,,,,,,,,,,,1500,1500,0.35,0,0,34.4,46.843,46.593,6486,15.6,64.1,1
1783523344.603577,277,,,,,,,,,,,,,1500,1500,0.35,0,0,34.4,46.843,46.593,6486,15.41,64.9,1
1783523344.637879,278,,,,,,,,,,,,,1500,1500,0.35,0,0,34.4,46.843,46.593,6486,15.39,65.0,1
1783523344.6829815,279,,,,,,,,,,,,,1500,1500,0.35,0,0,34.4,46.843,46.593,6486,15.54,64.4,1
1783523344.7263546,280,,,,,,,,,,,,,1500,1500,0.35,0,0,34.4,46.843,46.593,6486,14.45,69.2,1
1783523344.7706838,281,,,,,,,,,,,,,1500,1500,0.35,0,0,34.4,46.843,46.593,6486,15.4,64.9,1
1783523344.8149629,282,,,,,,,,,,,,,1500,1500,0.35,0,0,34.4,46.843,46.593,6486,15.36,65.1,1
1783523344.859808,283,,,,,,,,,,,,,1500,1500,0.35,0,0,34.4,46.843,46.593,6486,15.37,65.1,1
1783523344.9038727,284,,,,,,,,,,,,,1500,1500,0.35,0,0,34.4,46.843,46.593,6486,15.44,64.8,1
1783523344.9477909,285,,,,,,,,,,,,,1500,1500,0.35,0,0,34.4,46.968,46.562,6486,15.31,65.3,1
1783523344.9920526,286,,,,,,,,,,,,,1500,1500,0.35,0,0,34.4,46.968,46.562,6486,14.57,68.6,1
1783523345.0363965,287,,,,,,,,,,,,,1500,1500,0.35,0,0,34.4,46.968,46.562,6486,14.41,69.4,1
1783523345.082137,288,,,,,,,,,,,,,1500,1500,0.35,0,0,34.4,46.968,46.562,6486,15.55,64.3,1
1783523345.1301618,289,,,,,,,,,,,,,1500,1500,0.35,0,0,34.4,46.968,46.562,6486,15.55,64.3,1
1783523345.1651616,290,,,,,,,,,,,,,1500,1500,0.35,0,0,34.4,46.968,46.562,6486,15.46,64.7,1
1783523345.2123675,291,,,,,,,,,,,,,1500,1500,0.35,0,0,34.4,46.968,46.562,6486,15.25,65.6,1
1783523345.2616563,292,,,,,,,,,,,,,1500,1500,0.35,0,0,34.4,46.968,46.562,6486,14.64,68.3,1
1783523345.3103364,293,,,,,,,,,,,,,1500,1500,0.35,0,0,34.4,46.968,46.562,6486,15.36,65.1,1
1783523345.3587031,294,,,,,,,,,,,,,1500,1500,0.35,0,0,34.4,46.968,46.562,6486,14.51,68.9,1
1783523345.4100392,295,,,,,,,,,,,,,1500,1500,0.35,0,0,34.4,46.968,46.562,6486,14.35,69.7,1
1783523345.4655423,296,,,,,,,,,,,,,1500,1500,0.35,0,0,34.4,46.906,46.531,6407,17.45,57.3,1
1783523345.5215247,297,3,person,0,748,3,1013,438,0.832,880,220,240,-140,1700,1650,0.35,0,0,34.4,46.906,46.531,6407,18.71,53.4,0
1783523345.5770001,298,3,person,0,733,2,1000,439,0.883,866,220,226,-140,1616,1556,0.35,0,0,34.4,46.906,46.531,6407,18.53,54.0,0
1783523345.6311355,299,3,person,0,713,2,981,438,0.832,847,220,207,-140,1597,1556,0.35,0,0,34.4,46.906,46.531,6407,18.92,52.9,0
1783523345.6885476,300,3,person,0,692,1,957,436,0.83,824,218,184,-142,1579,1559,0.35,0,0,34.4,46.906,46.531,6407,20.94,47.8,0
1783523345.7439718,301,3,person,0,667,1,935,439,0.847,801,220,161,-140,1564,1554,0.35,0,0,34.4,46.906,46.531,6407,18.79,53.2,0
1783523345.7847745,302,3,person,0,647,1,916,439,0.82,781,220,141,-140,1547,1556,0.35,0,0,34.4,46.906,46.531,6407,18.85,53.1,0
1783523345.8381891,303,3,person,0,633,2,904,439,0.85,768,220,128,-140,1559,1556,0.35,0,0,34.4,46.906,46.531,6407,18.79,53.2,0
1783523345.890371,304,3,person,0,619,3,890,437,0.879,754,220,114,-140,1549,1557,0.35,0,0,34.4,46.906,46.531,6407,18.93,52.8,0
1783523345.946176,305,3,person,0,602,3,877,438,0.89,739,220,99,-140,1540,1557,0.35,0,0,34.4,46.625,46.437,6328,18.62,53.7,0
1783523346.0008264,306,3,person,0,573,3,851,437,0.902,712,220,72,-140,1506,1557,0.35,0,0,34.4,46.625,46.437,6328,18.97,52.7,0
1783523346.06137,307,3,person,0,551,3,833,438,0.89,692,220,52,-140,1507,1557,0.35,0,0,34.4,46.625,46.437,6328,23.96,41.7,0
1783523346.1130505,308,3,person,0,533,3,820,438,0.91,676,220,36,-140,1421,1557,0.35,0,0,34.4,46.625,46.437,6328,18.61,53.7,0
1783523346.1654737,309,3,person,0,507,2,797,434,0.908,652,218,12,-142,1502,1560,0.35,0,0,34.4,46.625,46.437,6328,19.03,52.6,0
1783523346.2176878,310,3,person,0,484,2,781,435,0.926,632,218,-8,-142,1502,1558,0.35,0,0,34.4,46.625,46.437,6328,18.8,53.2,0
1783523346.269311,311,3,person,0,470,1,774,434,0.924,622,217,-18,-143,1502,1560,0.35,0,0,34.4,46.625,46.437,6328,18.87,53.0,0
1783523346.320744,312,3,person,0,458,1,769,435,0.934,613,218,-27,-142,1502,1557,0.35,0,0,34.4,46.625,46.437,6328,18.71,53.5,0
1783523346.3712914,313,3,person,0,452,0,768,434,0.94,610,217,-30,-143,1502,1560,0.35,0,0,34.4,46.625,46.437,6328,18.76,53.3,0
1783523346.411336,314,3,person,0,450,1,769,434,0.931,609,217,-31,-143,1502,1559,0.35,0,0,34.4,46.625,46.437,6328,18.57,53.8,0
1783523346.4621973,315,3,person,0,448,1,771,434,0.924,609,217,-31,-143,1502,1559,0.35,0,0,34.4,46.593,46.656,6328,18.84,53.1,0
1783523346.512229,316,3,person,0,451,2,775,434,0.919,613,218,-27,-142,1502,1557,0.35,0,0,34.4,46.593,46.656,6328,18.55,53.9,0
1783523346.5626917,317,3,person,0,459,1,784,436,0.933,621,218,-19,-142,1502,1558,0.35,0,0,34.4,46.593,46.656,6328,19.21,52.0,0
1783523346.6133494,318,3,person,0,468,2,790,434,0.927,629,218,-11,-142,1502,1558,0.35,0,0,34.4,46.593,46.656,6328,18.66,53.6,0
1783523346.6634777,319,3,person,0,480,2,799,435,0.926,639,218,-1,-142,1502,1558,0.35,0,0,34.4,46.593,46.656,6328,19.03,52.5,0
1783523346.7133968,320,3,person,0,488,1,803,437,0.926,645,219,5,-141,1502,1557,0.35,0,0,34.4,46.593,46.656,6328,18.61,53.7,0
1783523346.7633138,321,3,person,0,493,2,803,436,0.914,648,219,8,-141,1502,1558,0.35,0,0,34.4,46.593,46.656,6328,18.99,52.7,0
1783523346.812859,322,3,person,0,494,2,799,436,0.91,646,219,6,-141,1502,1558,0.35,0,0,34.4,46.593,46.656,6328,18.46,54.2,0
1783523346.8623378,323,3,person,0,495,2,794,435,0.911,644,218,4,-142,1502,1559,0.35,0,0,34.4,46.593,46.656,6328,18.99,52.6,0
1783523346.9117153,324,3,person,0,496,2,790,434,0.898,643,218,3,-142,1502,1558,0.35,0,0,34.4,46.593,46.656,6328,18.55,53.9,0
1783523346.9617019,325,3,person,0,496,2,785,433,0.911,640,217,0,-143,1502,1560,0.35,0,0,34.4,46.781,46.656,6367,18.94,52.8,0
1783523347.0023923,326,3,person,0,495,2,781,433,0.92,638,217,-2,-143,1502,1559,0.35,0,0,34.4,46.781,46.656,6367,19.0,52.6,0
1783523347.052704,327,3,person,0,491,2,775,436,0.914,633,219,-7,-141,1502,1556,0.35,0,0,34.4,46.781,46.656,6367,18.97,52.7,0
1783523347.1028001,328,3,person,0,490,2,770,436,0.917,630,219,-10,-141,1502,1558,0.35,0,0,34.4,46.781,46.656,6367,18.72,53.4,0
1783523347.152058,329,3,person,0,488,2,764,435,0.911,626,218,-14,-142,1502,1559,0.35,0,0,34.4,46.781,46.656,6367,18.68,53.5,0
1783523347.2053788,330,3,person,0,487,2,758,434,0.917,622,218,-18,-142,1502,1558,0.35,0,0,34.4,46.781,46.656,6367,22.5,44.4,0
1783523347.2584867,331,3,person,0,487,2,752,434,0.917,619,218,-21,-142,1502,1558,0.35,0,0,34.4,46.781,46.656,6367,21.92,45.6,0
1783523347.3078551,332,3,person,0,487,2,749,435,0.918,618,218,-22,-142,1502,1558,0.35,0,0,34.4,46.781,46.656,6367,18.79,53.2,0
1783523347.3570693,333,3,person,0,488,2,744,436,0.917,616,219,-24,-141,1502,1557,0.35,0,0,34.4,46.781,46.656,6367,18.72,53.4,0
1783523347.4062161,334,3,person,0,489,2,740,437,0.909,614,219,-26,-141,1502,1558,0.35,0,0,34.4,46.781,46.656,6367,18.84,53.1,0
1783523347.4549966,335,3,person,0,490,1,736,436,0.908,613,218,-27,-142,1502,1559,0.35,0,0,34.4,46.781,46.656,6367,18.98,52.7,0
1783523347.5039082,336,3,person,0,492,1,733,437,0.916,612,219,-28,-141,1502,1557,0.35,0,0,34.4,46.593,46.812,6328,18.84,53.1,0
1783523347.552915,337,3,person,0,495,1,730,436,0.919,612,218,-28,-142,1502,1559,0.35,0,0,34.4,46.593,46.812,6328,18.8,53.2,0
1783523347.593977,338,3,person,0,498,1,728,436,0.914,613,218,-27,-142,1502,1558,0.35,0,0,34.4,46.593,46.812,6328,18.64,53.7,0
1783523347.6438663,339,3,person,0,502,1,726,436,0.914,614,218,-26,-142,1502,1558,0.35,0,0,34.4,46.593,46.812,6328,18.72,53.4,0
1783523347.69334,340,3,person,0,504,1,725,435,0.896,614,218,-26,-142,1502,1558,0.35,0,0,34.4,46.593,46.812,6328,18.81,53.2,0
1783523347.7422361,341,3,person,0,507,1,725,437,0.902,616,219,-24,-141,1502,1557,0.35,0,0,34.4,46.593,46.812,6328,18.64,53.6,0
1783523347.7912374,342,3,person,0,512,1,726,437,0.917,619,219,-21,-141,1502,1558,0.35,0,0,34.4,46.593,46.812,6328,18.7,53.5,0
1783523347.8405244,343,3,person,0,514,1,725,435,0.907,619,218,-21,-142,1502,1559,0.35,0,0,34.4,46.593,46.812,6328,18.59,53.8,0
1783523347.8893158,344,3,person,0,515,2,724,435,0.917,619,218,-21,-142,1502,1558,0.35,0,0,34.4,46.593,46.812,6328,18.66,53.6,0
1783523347.938867,345,3,person,0,516,1,724,435,0.915,620,218,-20,-142,1502,1558,0.35,0,0,34.4,46.593,46.812,6328,18.82,53.1,0
1783523347.9879124,346,3,person,0,517,2,725,435,0.913,621,218,-19,-142,1502,1558,0.35,0,0,34.4,47.0,46.75,6367,18.93,52.8,0
1783523348.0371618,347,3,person,0,521,3,728,436,0.897,624,219,-16,-141,1502,1557,0.35,0,0,34.4,47.0,46.75,6367,18.91,52.9,0
1783523348.0862966,348,3,person,0,529,4,734,435,0.897,631,219,-9,-141,1502,1558,0.35,0,0,34.4,47.0,46.75,6367,18.92,52.8,0
1783523348.1357944,349,3,person,0,532,3,737,436,0.924,634,219,-6,-141,1502,1558,0.35,0,0,34.4,47.0,46.75,6367,18.84,53.1,0
1783523348.1761608,350,3,person,0,537,2,741,436,0.913,639,219,-1,-141,1502,1558,0.35,0,0,34.4,47.0,46.75,6367,18.6,53.8,0
1783523348.22642,351,3,person,0,547,2,748,435,0.916,647,218,7,-142,1502,1559,0.35,0,0,34.4,47.0,46.75,6367,19.0,52.6,0
1783523348.276126,352,3,person,0,549,0,751,435,0.914,650,217,10,-143,1502,1560,0.35,0,0,34.4,47.0,46.75,6367,18.71,53.5,0
1783523348.3254488,353,3,person,0,553,2,752,435,0.907,652,218,12,-142,1502,1557,0.35,0,0,34.4,47.0,46.75,6367,18.89,53.0,0
1783523348.3745866,354,3,person,0,555,2,752,434,0.901,653,218,13,-142,1502,1558,0.35,0,0,34.4,47.0,46.75,6367,18.71,53.4,0
1783523348.423661,355,3,person,0,558,3,754,433,0.914,656,218,16,-142,1502,1558,0.35,0,0,34.4,47.0,46.75,6367,18.68,53.5,0
1783523348.4736784,356,3,person,0,560,3,754,433,0.91,657,218,17,-142,1502,1558,0.35,0,0,34.4,46.718,46.843,6367,19.55,51.1,0
1783523348.5223987,357,3,person,0,560,3,754,434,0.909,657,218,17,-142,1502,1558,0.35,0,0,34.4,46.718,46.843,6367,18.6,53.8,0
1783523348.570836,358,3,person,0,561,3,754,434,0.906,657,218,17,-142,1502,1558,0.35,0,0,34.4,46.718,46.843,6367,18.77,53.3,0
1783523348.6200476,359,3,person,0,562,3,753,435,0.906,657,219,17,-141,1502,1557,0.35,0,0,34.4,46.718,46.843,6367,18.87,53.0,0
1783523348.6707911,360,3,person,0,562,3,752,434,0.906,657,218,17,-142,1502,1559,0.35,0,0,34.4,46.718,46.843,6367,20.53,48.7,0
1783523348.7193818,361,3,person,0,561,3,749,433,0.914,655,218,15,-142,1502,1558,0.35,0,0,34.4,46.718,46.843,6367,18.73,53.4,0
1783523348.759942,362,3,person,0,561,3,746,432,0.907,653,217,13,-143,1502,1560,0.35,0,0,34.4,46.718,46.843,6367,18.86,53.0,0
1783523348.8095105,363,3,person,0,560,2,745,433,0.903,652,217,12,-143,1502,1559,0.35,0,0,34.4,46.718,46.843,6367,18.73,53.4,0
1783523348.8591022,364,3,person,0,557,2,740,432,0.904,648,217,8,-143,1502,1559,0.35,0,0,34.4,46.718,46.843,6367,18.94,52.8,0
1783523348.9095469,365,3,person,0,554,2,736,432,0.899,645,217,5,-143,1502,1559,0.35,0,0,34.4,46.718,46.843,6367,18.6,53.8,0
1783523348.959076,366,3,person,0,550,1,730,432,0.887,640,216,0,-144,1502,1560,0.35,0,0,34.4,46.718,46.843,6367,18.95,52.8,0
1783523349.008349,367,3,person,0,549,0,727,432,0.895,638,216,-2,-144,1502,1559,0.35,0,0,34.4,47.093,46.906,6407,18.58,53.8,0
1783523349.0603328,368,3,person,0,547,0,723,433,0.893,635,216,-5,-144,1502,1559,0.35,0,0,34.4,47.093,46.906,6407,21.42,46.7,0
1783523349.109397,369,3,person,0,546,0,721,432,0.903,633,216,-7,-144,1502,1559,0.35,0,0,34.4,47.093,46.906,6407,18.64,53.7,0
1783523349.1582747,370,3,person,0,547,0,719,432,0.906,633,216,-7,-144,1502,1559,0.35,0,0,34.4,47.093,46.906,6407,18.95,52.8,0
1783523349.2070684,371,3,person,0,548,0,718,432,0.909,633,216,-7,-144,1502,1559,0.35,0,0,34.4,47.093,46.906,6407,18.95,52.8,0
1783523349.2558265,372,3,person,0,550,0,717,433,0.904,633,216,-7,-144,1502,1559,0.35,0,0,34.4,47.093,46.906,6407,18.92,52.9,0
1783523349.3050413,373,3,person,0,551,1,716,433,0.906,633,217,-7,-143,1502,1558,0.35,0,0,34.4,47.093,46.906,6407,18.79,53.2,0
1783523349.345219,374,3,person,0,554,2,717,432,0.909,635,217,-5,-143,1502,1559,0.35,0,0,34.4,47.093,46.906,6407,18.7,53.5,0
1783523349.3953555,375,3,person,0,557,4,716,429,0.903,636,216,-4,-144,1502,1560,0.35,0,0,34.4,47.093,46.906,6407,19.03,52.6,0
1783523349.445129,376,3,person,0,559,5,716,427,0.894,637,216,-3,-144,1502,1559,0.35,0,0,34.4,47.093,46.906,6407,18.77,53.3,0
1783523349.494427,377,3,person,0,560,7,715,426,0.892,637,216,-3,-144,1502,1559,0.35,0,0,34.4,46.875,46.75,6367,19.1,52.4,0
1783523349.5432346,378,3,person,0,560,10,714,426,0.883,637,218,-3,-142,1502,1556,0.35,0,0,34.4,46.875,46.75,6367,18.58,53.8,0
1783523349.5927188,379,3,person,0,562,12,714,426,0.876,638,219,-2,-141,1502,1557,0.35,0,0,34.4,46.875,46.75,6367,18.78,53.3,0
1783523349.6414654,380,3,person,0,563,15,714,427,0.881,638,221,-2,-139,1502,1555,0.35,0,0,34.4,46.875,46.75,6367,18.61,53.7,0
1783523349.6905937,381,3,person,0,565,16,714,427,0.883,639,221,-1,-139,1502,1557,0.35,0,0,34.4,46.875,46.75,6367,18.84,53.1,0
1783523349.7400556,382,3,person,0,566,17,714,428,0.888,640,222,0,-138,1502,1556,0.35,0,0,34.4,46.875,46.75,6367,18.76,53.3,0
1783523349.7886226,383,3,person,0,566,19,712,428,0.901,639,223,-1,-137,1502,1555,0.35,0,0,34.4,46.875,46.75,6367,18.73,53.4,0
1783523349.8374722,384,3,person,0,567,22,712,428,0.894,639,225,-1,-135,1502,1553,0.35,0,0,34.4,46.875,46.75,6367,18.86,53.0,0
1783523349.8864074,385,3,person,0,569,25,711,424,0.892,640,224,0,-136,1502,1557,0.35,0,0,34.4,46.875,46.75,6367,18.93,52.8,0
1783523349.9274306,386,3,person,0,571,29,710,422,0.868,640,225,0,-135,1502,1554,0.35,0,0,34.4,46.875,46.75,6367,19.09,52.4,0
1783523349.977459,387,3,person,0,571,30,709,421,0.89,640,225,0,-135,1502,1556,0.35,0,0,34.4,46.875,46.75,6367,18.82,53.1,0
1783523350.0266101,388,3,person,0,572,30,708,420,0.895,640,225,0,-135,1502,1556,0.35,0,0,34.4,46.968,46.75,6367,18.85,53.0,0
1783523350.0756748,389,3,person,0,572,31,707,420,0.884,639,225,-1,-135,1502,1556,0.35,0,0,34.4,46.968,46.75,6367,18.74,53.4,0
1783523350.1272948,390,3,person,0,572,32,706,417,0.877,639,224,-1,-136,1502,1557,0.35,0,0,34.4,46.968,46.75,6367,21.41,46.7,0
1783523350.1764963,391,3,person,0,571,32,704,415,0.873,637,223,-3,-137,1502,1557,0.35,0,0,34.4,46.968,46.75,6367,18.89,52.9,0
1783523350.2251885,392,3,person,0,569,42,698,411,0.871,633,226,-7,-134,1502,1552,0.35,0,0,34.4,46.968,46.75,6367,18.79,53.2,0
1783523350.2752461,393,3,person,0,568,44,696,409,0.885,632,226,-8,-134,1502,1555,0.35,0,0,34.4,46.968,46.75,6367,19.67,50.8,0
1783523350.324799,394,3,person,0,565,42,694,408,0.904,629,225,-11,-135,1502,1557,0.35,0,0,34.4,46.968,46.75,6367,18.77,53.3,0
1783523350.3736863,395,3,person,0,561,42,690,407,0.892,625,224,-15,-136,1502,1557,0.35,0,0,34.4,46.968,46.75,6367,18.64,53.7,0
1783523350.422389,396,3,person,0,558,44,686,408,0.903,622,226,-18,-134,1502,1553,0.35,0,0,34.4,46.968,46.75,6367,18.76,53.3,0
1783523350.4715385,397,3,person,0,556,44,684,408,0.899,620,226,-20,-134,1502,1555,0.35,0,0,34.4,46.968,46.75,6367,18.63,53.7,0
1783523350.511598,398,3,person,0,552,44,680,408,0.887,616,226,-24,-134,1502,1555,0.35,0,0,34.4,46.937,46.625,6446,18.71,53.4,0
1783523350.561394,399,3,person,0,547,47,675,411,0.865,611,229,-29,-131,1502,1551,0.35,0,0,34.4,46.937,46.625,6446,18.72,53.4,0
1783523350.6111863,400,3,person,0,545,54,670,409,0.887,607,231,-33,-129,1502,1551,0.35,0,0,34.4,46.937,46.625,6446,18.48,54.1,0
1783523350.6606462,401,3,person,0,543,57,668,406,0.89,605,231,-35,-129,1502,1553,0.35,0,0,34.4,46.937,46.625,6446,18.64,53.7,0
1783523350.709468,402,3,person,0,542,58,666,403,0.893,604,230,-36,-130,1502,1555,0.35,0,0,34.4,46.937,46.625,6446,18.53,54.0,0
1783523350.7582705,403,3,person,0,541,59,665,402,0.901,603,230,-37,-130,1502,1554,0.35,0,0,34.4,46.937,46.625,6446,18.71,53.4,0
1783523350.8068478,404,3,person,0,541,60,665,402,0.905,603,231,-37,-129,1502,1552,0.35,0,0,34.4,46.937,46.625,6446,18.56,53.9,0
1783523350.8574333,405,3,person,0,541,61,664,399,0.902,602,230,-38,-130,1502,1554,0.35,0,0,34.4,46.937,46.625,6446,20.65,48.4,0
1783523350.9060094,406,3,person,0,540,61,665,402,0.904,602,231,-38,-129,1502,1552,0.35,0,0,34.4,46.937,46.625,6446,18.82,53.1,0
1783523350.9545584,407,3,person,0,542,63,665,398,0.879,603,230,-37,-130,1502,1555,0.35,0,0,34.4,46.937,46.625,6446,18.86,53.0,0
1783523351.0035388,408,3,person,0,545,63,668,396,0.858,606,229,-34,-131,1502,1555,0.35,0,0,34.4,46.843,46.937,6367,18.77,53.3,0
1783523351.0523853,409,3,person,0,552,64,674,396,0.871,613,230,-27,-130,1502,1552,0.35,0,0,34.4,46.843,46.937,6367,18.71,53.5,0
1783523351.0926363,410,3,person,0,556,66,676,396,0.874,616,231,-24,-129,1502,1552,0.35,0,0,34.4,46.843,46.937,6367,18.83,53.1,0
1783523351.1422384,411,3,person,0,558,69,677,396,0.892,617,232,-23,-128,1502,1552,0.35,0,0,34.4,46.843,46.937,6367,18.71,53.4,0
1783523351.1915472,412,3,person,0,559,71,678,396,0.893,618,233,-22,-127,1502,1551,0.35,0,0,34.4,46.843,46.937,6367,18.87,53.0,0
1783523351.2404828,413,3,person,0,561,74,678,396,0.891,619,235,-21,-125,1502,1549,0.35,0,0,34.4,46.843,46.937,6367,18.77,53.3,0
1783523351.2897096,414,3,person,0,562,76,679,396,0.884,620,236,-20,-124,1502,1550,0.35,0,0,34.4,46.843,46.937,6367,18.72,53.4,0
1783523351.3385506,415,3,person,0,563,76,681,395,0.881,622,235,-18,-125,1502,1553,0.35,0,0,34.4,46.843,46.937,6367,18.77,53.3,0
1783523351.3872032,416,3,person,0,561,77,680,395,0.869,620,236,-20,-124,1502,1550,0.35,0,0,34.4,46.843,46.937,6367,18.7,53.5,0
1783523351.4364448,417,3,person,0,560,77,680,394,0.875,620,235,-20,-125,1502,1553,0.35,0,0,34.4,46.843,46.937,6367,19.01,52.6,0
1783523351.4850225,418,3,person,0,561,77,682,394,0.861,621,235,-19,-125,1502,1552,0.35,0,0,34.4,46.843,46.937,6367,18.77,53.3,0
1783523351.533638,419,3,person,0,561,78,683,393,0.84,622,235,-18,-125,1502,1552,0.35,0,0,34.4,46.843,46.75,6407,18.83,53.1,0
1783523351.5860023,420,3,person,0,564,79,687,392,0.865,625,235,-15,-125,1502,1552,0.35,0,0,34.4,46.843,46.75,6407,22.34,44.8,0
1783523351.6346097,421,3,person,0,567,80,689,391,0.854,628,235,-12,-125,1502,1552,0.35,0,0,34.4,46.843,46.75,6407,18.68,53.5,0
1783523351.6753361,422,3,person,0,569,81,690,391,0.851,629,236,-11,-124,1502,1550,0.35,0,0,34.4,46.843,46.75,6407,18.74,53.3,0
1783523351.7250757,423,3,person,0,571,83,692,390,0.835,631,236,-9,-124,1502,1551,0.35,0,0,34.4,46.843,46.75,6407,18.81,53.2,0
1783523351.774135,424,3,person,0,574,83,693,390,0.818,633,236,-7,-124,1502,1551,0.35,0,0,34.4,46.843,46.75,6407,18.64,53.7,0
1783523351.823142,425,3,person,0,577,84,695,390,0.811,636,237,-4,-123,1502,1550,0.35,0,0,34.4,46.843,46.75,6407,18.83,53.1,0
1783523351.872337,426,3,person,0,579,85,696,391,0.806,637,238,-3,-122,1502,1549,0.35,0,0,34.4,46.843,46.75,6407,18.82,53.1,0
1783523351.9210033,427,3,person,0,581,87,695,390,0.849,638,238,-2,-122,1502,1550,0.35,0,0,34.4,46.843,46.75,6407,18.66,53.6,0
1783523351.9701483,428,3,person,0,582,88,693,390,0.847,637,239,-3,-121,1502,1549,0.35,0,0,34.4,46.843,46.75,6407,18.72,53.4,0
1783523352.0191464,429,3,person,0,582,89,690,390,0.829,636,239,-4,-121,1502,1550,0.35,0,0,34.4,46.812,46.843,6367,18.97,52.7,0
1783523352.0723093,430,3,person,0,581,90,687,391,0.832,634,240,-6,-120,1502,1549,0.35,0,0,34.4,46.812,46.843,6367,23.18,43.1,0
1783523352.1207852,431,3,person,0,581,92,683,391,0.827,632,241,-8,-119,1502,1548,0.35,0,0,34.4,46.812,46.843,6367,18.77,53.3,0
1783523352.1694515,432,3,person,0,581,95,679,390,0.83,630,242,-10,-118,1502,1548,0.35,0,0,34.4,46.812,46.843,6367,18.75,53.3,0
1783523352.2181635,433,3,person,0,579,97,675,390,0.862,627,243,-13,-117,1502,1547,0.35,0,0,34.4,46.812,46.843,6367,18.58,53.8,0
1783523352.2587316,434,3,person,0,579,97,672,390,0.826,625,243,-15,-117,1502,1548,0.35,0,0,34.4,46.812,46.843,6367,18.71,53.5,0
1783523352.307964,435,3,person,0,579,97,670,389,0.82,624,243,-16,-117,1502,1548,0.35,0,0,34.4,46.812,46.843,6367,18.67,53.6,0
1783523352.3568938,436,3,person,0,577,98,666,386,0.793,621,242,-19,-118,1502,1550,0.35,0,0,34.4,46.812,46.843,6367,18.63,53.7,0
1783523352.4058769,437,3,person,0,576,99,662,382,0.796,619,240,-21,-120,1502,1552,0.35,0,0,34.4,46.812,46.843,6367,18.51,54.0,0
1783523352.4548523,438,3,person,0,570,100,655,380,0.811,612,240,-28,-120,1502,1550,0.35,0,0,34.4,46.812,46.843,6367,18.74,53.4,0
1783523352.504132,439,3,person,0,566,100,652,379,0.804,609,239,-31,-121,1502,1551,0.35,0,0,34.4,46.812,46.843,6367,18.65,53.6,0
1783523352.5530212,440,3,person,0,561,102,649,378,0.841,605,240,-35,-120,1502,1548,0.35,0,0,34.4,46.75,46.843,6328,18.77,53.3,0
1783523352.6021175,441,3,person,0,558,101,647,377,0.854,602,239,-38,-121,1502,1551,0.35,0,0,34.4,46.75,46.843,6328,18.81,53.2,0
1783523352.651673,442,3,person,0,556,103,646,377,0.862,601,240,-39,-120,1502,1548,0.35,0,0,34.4,46.75,46.843,6328,18.77,53.3,0
1783523352.700658,443,3,person,0,552,104,644,377,0.879,598,240,-42,-120,1408,1550,0.35,0,0,34.4,46.75,46.843,6328,18.92,52.9,0
1783523352.7495441,444,3,person,0,552,105,645,378,0.878,598,241,-42,-119,1477,1548,0.35,0,0,34.4,46.75,46.843,6328,18.7,53.5,0
1783523352.799085,445,3,person,0,552,105,646,378,0.876,599,241,-41,-119,1479,1549,0.35,0,0,34.4,46.75,46.843,6328,19.53,51.2,0
1783523352.839708,446,3,person,0,551,105,645,378,0.871,598,241,-42,-119,1475,1549,0.35,0,0,34.4,46.75,46.843,6328,18.88,53.0,0
1783523352.890293,447,3,person,0,549,106,642,378,0.837,595,242,-45,-118,1470,1548,0.35,0,0,34.4,46.75,46.843,6328,18.99,52.7,0
1783523352.940272,448,3,person,0,545,106,640,377,0.844,592,241,-48,-119,1468,1550,0.35,0,0,34.4,46.75,46.843,6328,18.81,53.2,0
1783523352.9894025,449,3,person,0,541,106,637,378,0.859,589,242,-51,-118,1466,1548,0.35,0,0,34.4,46.75,46.843,6328,18.78,53.2,0
1783523353.040354,450,3,person,0,540,104,636,377,0.842,588,240,-52,-120,1469,1551,0.35,0,0,34.4,47.125,47.125,6407,20.67,48.4,0
1783523353.0902705,451,3,person,0,537,106,633,376,0.842,585,241,-55,-119,1464,1548,0.35,0,0,34.4,47.125,47.125,6407,18.98,52.7,0
1783523353.1389105,452,3,person,0,535,107,631,374,0.843,583,240,-57,-120,1464,1551,0.35,0,0,34.4,47.125,47.125,6407,18.85,53.0,0
1783523353.187308,453,3,person,0,532,107,628,372,0.851,580,239,-60,-121,1460,1551,0.35,0,0,34.4,47.125,47.125,6407,18.66,53.6,0
1783523353.235952,454,3,person,0,530,107,627,371,0.871,578,239,-62,-121,1461,1550,0.35,0,0,34.4,47.125,47.125,6407,18.81,53.2,0
1783523353.2842102,455,3,person,0,528,108,626,371,0.862,577,239,-63,-121,1462,1550,0.35,0,0,34.4,47.125,47.125,6407,18.68,53.5,0
1783523353.3331802,456,3,person,0,527,109,625,370,0.864,576,239,-64,-121,1461,1550,0.35,0,0,34.4,47.125,47.125,6407,18.73,53.4,0
1783523353.3814595,457,3,person,0,528,110,626,370,0.868,577,240,-63,-120,1465,1548,0.35,0,0,34.4,47.125,47.125,6407,18.56,53.9,0
1783523353.4214854,458,3,person,0,530,112,627,369,0.866,578,240,-62,-120,1466,1550,0.35,0,0,34.4,47.125,47.125,6407,18.72,53.4,0
1783523353.4708223,459,3,person,0,532,112,628,369,0.861,580,240,-60,-120,1468,1550,0.35,0,0,34.4,47.125,47.125,6407,18.78,53.2,0
1783523353.5200732,460,3,person,0,533,115,628,369,0.854,580,242,-60,-118,1465,1547,0.35,0,0,34.4,47.125,47.125,6407,18.89,52.9,0
1783523353.5689719,461,3,person,0,534,116,628,369,0.837,581,242,-59,-118,1467,1549,0.35,0,0,34.4,47.312,46.812,6367,18.81,53.2,0
1783523353.6177752,462,3,person,0,535,118,629,368,0.844,582,243,-58,-117,1467,1547,0.35,0,0,34.4,47.312,46.812,6367,18.77,53.3,0
1783523353.6670878,463,3,person,0,535,119,629,367,0.823,582,243,-58,-117,1466,1548,0.35,0,0,34.4,47.312,46.812,6367,19.01,52.6,0
1783523353.7153747,464,3,person,0,537,119,631,368,0.819,584,243,-56,-117,1470,1548,0.35,0,0,34.4,47.312,46.812,6367,18.65,53.6,0
1783523353.764459,465,3,person,0,539,120,633,367,0.812,586,243,-54,-117,1471,1548,0.35,0,0,34.4,47.312,46.812,6367,19.44,51.4,0
1783523353.8135798,466,3,person,0,540,122,633,366,0.827,586,244,-54,-116,1468,1547,0.35,0,0,34.4,47.312,46.812,6367,19.21,52.1,0
1783523353.8656716,467,3,person,0,539,123,633,365,0.831,586,244,-54,-116,1468,1548,0.35,0,0,34.4,47.312,46.812,6367,21.96,45.5,0
1783523353.9141634,468,3,person,0,540,123,634,364,0.821,587,243,-53,-117,1470,1549,0.35,0,0,34.4,47.312,46.812,6367,18.93,52.8,0
1783523353.9629874,469,3,person,0,541,124,636,363,0.799,588,243,-52,-117,1470,1548,0.35,0,0,34.4,47.312,46.812,6367,18.93,52.8,0
1783523354.003658,470,3,person,0,544,125,638,363,0.784,591,244,-49,-116,1476,1547,0.35,0,0,34.4,47.312,46.812,6367,18.85,53.1,0
1783523354.0536368,471,3,person,0,548,125,642,363,0.785,595,244,-45,-116,1479,1548,0.35,0,0,34.4,47.093,46.937,6367,18.81,53.2,0
1783523354.1029365,472,3,person,0,551,126,643,363,0.781,597,244,-43,-116,1477,1548,0.35,0,0,34.4,47.093,46.937,6367,18.91,52.9,0
1783523354.1519349,473,3,person,0,552,127,644,363,0.801,598,245,-42,-115,1476,1546,0.35,0,0,34.4,47.093,46.937,6367,18.72,53.4,0
1783523354.2007325,474,3,person,0,553,127,644,363,0.807,598,245,-42,-115,1474,1548,0.35,0,0,34.4,47.093,46.937,6367,18.78,53.3,0
1783523354.2491794,475,3,person,0,552,130,641,362,0.764,596,246,-44,-114,1470,1546,0.35,0,0,34.4,47.093,46.937,6367,18.64,53.6,0
1783523354.29765,476,3,person,0,552,131,640,362,0.767,596,246,-44,-114,1473,1547,0.35,0,0,34.4,47.093,46.937,6367,18.88,53.0,0
1783523354.3458586,477,3,person,0,550,132,638,361,0.752,594,246,-46,-114,1468,1547,0.35,0,0,34.4,47.093,46.937,6367,18.61,53.7,0
1783523354.3952997,478,3,person,0,549,132,636,362,0.745,592,247,-48,-113,1467,1546,0.35,0,0,34.4,47.093,46.937,6367,18.97,52.7,0
1783523354.4435573,479,3,person,0,548,132,635,362,0.762,591,247,-49,-113,1468,1547,0.35,0,0,34.4,47.093,46.937,6367,18.7,53.5,0
1783523354.4948547,480,3,person,0,548,132,634,361,0.758,591,246,-49,-114,1470,1548,0.35,0,0,34.4,47.093,46.937,6367,21.64,46.2,0
1783523354.5431502,481,3,person,0,545,132,632,360,0.777,588,246,-52,-114,1463,1547,0.35,0,0,34.4,46.937,46.937,6367,18.59,53.8,0
1783523354.583031,482,3,person,0,544,134,631,358,0.787,587,246,-53,-114,1465,1547,0.35,0,0,34.4,46.937,46.937,6367,18.65,53.6,0
1783523354.6327505,483,3,person,0,543,135,630,356,0.796,586,245,-54,-115,1465,1549,0.35,0,0,34.4,46.937,46.937,6367,18.89,52.9,0
1783523354.6822925,484,3,person,0,545,135,632,356,0.742,588,245,-52,-115,1471,1548,0.35,0,0,34.4,46.937,46.937,6367,18.8,53.2,0
1783523354.7312384,485,3,person,0,548,135,634,355,0.753,591,245,-49,-115,1474,1548,0.35,0,0,34.4,46.937,46.937,6367,18.99,52.7,0
1783523354.77988,486,3,person,0,552,136,636,355,0.756,594,245,-46,-115,1476,1548,0.35,0,0,34.4,46.937,46.937,6367,18.62,53.7,0
1783523354.828778,487,3,person,0,554,137,638,355,0.759,596,246,-44,-114,1475,1546,0.35,0,0,34.4,46.937,46.937,6367,18.99,52.7,0
1783523354.878714,488,3,person,0,554,137,637,355,0.729,595,246,-45,-114,1470,1547,0.35,0,0,34.4,46.937,46.937,6367,18.61,53.7,0
1783523354.92716,489,3,person,0,557,139,638,355,0.766,597,247,-43,-113,1476,1546,0.35,0,0,34.4,46.937,46.937,6367,18.8,53.2,0
1783523354.9754996,490,3,person,0,554,140,635,355,0.722,594,247,-46,-113,1466,1547,0.35,0,0,34.4,46.937,46.937,6367,18.68,53.5,0
1783523355.0240085,491,3,person,0,554,139,636,355,0.723,595,247,-45,-113,1473,1547,0.35,0,0,34.4,46.937,46.937,6367,18.77,53.3,0
1783523355.0752387,492,3,person,0,560,138,640,355,0.719,600,246,-40,-114,1569,1548,0.35,0,0,34.4,46.937,46.718,6407,21.95,45.6,0
1783523355.1243591,493,3,person,0,566,139,645,354,0.762,605,246,-35,-114,1498,1547,0.35,0,0,34.4,46.937,46.718,6407,18.83,53.1,0
1783523355.164653,494,3,person,0,570,140,647,352,0.795,608,246,-32,-114,1498,1547,0.35,0,0,34.4,46.937,46.718,6407,18.96,52.7,0
1783523355.214275,495,3,person,0,576,140,650,346,0.723,613,243,-27,-117,1498,1551,0.35,0,0,34.4,46.937,46.718,6407,18.7,53.5,0
1783523355.263724,496,3,person,0,577,140,651,346,0.677,614,243,-26,-117,1498,1548,0.35,0,0,34.4,46.937,46.718,6407,19.04,52.5,0
1783523355.3121877,497,3,person,0,581,140,656,347,0.512,618,243,-22,-117,1498,1548,0.35,0,0,34.4,46.937,46.718,6407,18.68,53.5,0
1783523355.360987,498,3,person,0,586,139,662,344,0.443,624,241,-16,-119,1498,1551,0.35,0,0,34.4,46.937,46.718,6407,18.76,53.3,0
1783523355.410428,499,3,person,0,589,139,664,344,0.49,626,241,-14,-119,1498,1549,0.35,0,0,34.4,46.937,46.718,6407,18.6,53.8,0
1783523355.4589624,500,3,person,0,590,138,666,347,0.377,628,242,-12,-118,1498,1548,0.35,0,0,34.4,46.937,46.718,6407,18.74,53.4,0
1783523355.5030138,501,,,,,,,,,,,,,1500,1500,0.35,0,0,34.4,46.937,46.718,6407,15.86,63.1,1
1783523355.5521696,502,3,person,0,587,139,661,347,0.423,624,243,-16,-117,1500,1650,0.35,0,0,34.4,47.0,46.812,6367,18.66,53.6,0
1783523355.6018503,503,3,person,0,587,140,657,347,0.67,622,243,-18,-117,1500,1546,0.35,0,0,34.4,47.0,46.812,6367,18.85,53.1,0
1783523355.650282,504,3,person,0,587,139,657,348,0.663,622,243,-18,-117,1500,1547,0.35,0,0,34.4,47.0,46.812,6367,18.66,53.6,0
1783523355.698308,505,3,person,0,588,139,657,350,0.639,622,244,-18,-116,1500,1545,0.35,0,0,34.4,47.0,46.812,6367,18.63,53.7,0
1783523355.7389574,506,3,person,0,590,140,658,349,0.625,624,244,-16,-116,1500,1546,0.35,0,0,34.4,47.0,46.812,6367,18.68,53.5,0
1783523355.7884266,507,3,person,0,593,141,663,350,0.701,628,245,-12,-115,1500,1545,0.35,0,0,34.4,47.0,46.812,6367,18.73,53.4,0
1783523355.8374686,508,3,person,0,595,141,666,349,0.72,630,245,-10,-115,1500,1546,0.35,0,0,34.4,47.0,46.812,6367,18.66,53.6,0
1783523355.8861752,509,3,person,0,593,142,667,350,0.71,630,246,-10,-114,1500,1545,0.35,0,0,34.4,47.0,46.812,6367,18.67,53.6,0
1783523355.938391,510,3,person,0,591,142,669,352,0.744,630,247,-10,-113,1500,1545,0.35,0,0,34.4,47.0,46.812,6367,22.36,44.7,0
1783523355.986832,511,3,person,0,590,141,670,353,0.723,630,247,-10,-113,1500,1546,0.35,0,0,34.4,47.0,46.812,6367,18.81,53.2,0
1783523356.0350718,512,3,person,0,587,141,669,353,0.743,628,247,-12,-113,1500,1546,0.35,0,0,34.4,47.0,46.812,6367,18.83,53.1,0
1783523356.0839787,513,3,person,0,583,140,667,353,0.733,625,246,-15,-114,1500,1547,0.35,0,0,34.4,47.062,47.218,6446,18.6,53.8,0
1783523356.1325274,514,3,person,0,581,141,666,353,0.75,623,247,-17,-113,1500,1545,0.35,0,0,34.4,47.062,47.218,6446,18.71,53.4,0
1783523356.1807163,515,3,person,0,575,141,659,353,0.792,617,247,-23,-113,1500,1546,0.35,0,0,34.4,47.062,47.218,6446,18.59,53.8,0
1783523356.2292645,516,3,person,0,573,141,655,353,0.806,614,247,-26,-113,1500,1546,0.35,0,0,34.4,47.062,47.218,6446,18.74,53.4,0
1783523356.2806928,517,3,person,0,570,140,653,353,0.819,611,246,-29,-114,1500,1548,0.35,0,0,34.4,47.062,47.218,6446,22.01,45.4,0
1783523356.3207831,518,3,person,0,568,139,649,354,0.817,608,246,-32,-114,1500,1547,0.35,0,0,34.4,47.062,47.218,6446,18.75,53.3,0
1783523356.3703642,519,3,person,0,568,138,648,354,0.826,608,246,-32,-114,1500,1547,0.35,0,0,34.4,47.062,47.218,6446,18.78,53.2,0
1783523356.4194422,520,3,person,0,567,138,646,354,0.833,606,246,-34,-114,1500,1547,0.35,0,0,34.4,47.062,47.218,6446,18.84,53.1,0
1783523356.4677951,521,3,person,0,566,137,645,354,0.823,605,245,-35,-115,1500,1549,0.35,0,0,34.4,47.062,47.218,6446,18.83,53.1,0
1783523356.5164406,522,3,person,0,565,137,643,353,0.798,604,245,-36,-115,1500,1548,0.35,0,0,34.4,47.062,47.218,6446,18.67,53.6,0
1783523356.5648878,523,3,person,0,564,137,642,352,0.814,603,244,-37,-116,1500,1549,0.35,0,0,34.4,47.312,47.156,6367,18.79,53.2,0
1783523356.6130772,524,3,person,0,563,136,641,351,0.81,602,243,-38,-117,1500,1549,0.35,0,0,34.4,47.312,47.156,6367,18.56,53.9,0
1783523356.6614807,525,3,person,0,562,136,641,351,0.809,601,243,-39,-117,1500,1548,0.35,0,0,34.4,47.312,47.156,6367,18.77,53.3,0
1783523356.709429,526,3,person,0,562,136,641,350,0.801,601,243,-39,-117,1500,1548,0.35,0,0,34.4,47.312,47.156,6367,18.58,53.8,0
1783523356.7572086,527,3,person,0,563,137,643,351,0.813,603,244,-37,-116,1500,1547,0.35,0,0,34.4,47.312,47.156,6367,18.68,53.5,0
1783523356.8053231,528,3,person,0,564,136,644,351,0.801,604,243,-36,-117,1500,1549,0.35,0,0,34.4,47.312,47.156,6367,18.6,53.8,0
1783523356.8537552,529,3,person,0,566,138,647,351,0.796,606,244,-34,-116,1500,1547,0.35,0,0,34.4,47.312,47.156,6367,18.74,53.4,0
1783523356.895552,530,3,person,0,568,138,648,351,0.795,608,244,-32,-116,1500,1548,0.35,0,0,34.4,47.312,47.156,6367,20.09,49.8,0
1783523356.9444969,531,3,person,0,571,138,651,351,0.816,611,244,-29,-116,1500,1548,0.35,0,0,34.4,47.312,47.156,6367,18.47,54.1,0
1783523356.993195,532,3,person,0,572,139,652,352,0.809,612,245,-28,-115,1500,1546,0.35,0,0,34.4,47.312,47.156,6367,18.68,53.5,0
1783523357.0416095,533,3,person,0,575,139,654,352,0.771,614,245,-26,-115,1500,1548,0.35,0,0,34.4,47.312,47.156,6367,18.65,53.6,0
1783523357.0904388,534,3,person,0,577,139,656,353,0.73,616,246,-24,-114,1500,1546,0.35,0,0,34.4,47.281,46.875,6407,18.88,53.0,0
1783523357.1389112,535,3,person,0,579,139,659,352,0.733,619,245,-21,-115,1500,1549,0.35,0,0,34.4,47.281,46.875,6407,18.67,53.6,0
1783523357.188156,536,3,person,0,582,140,661,352,0.758,621,246,-19,-114,1500,1546,0.35,0,0,34.4,47.281,46.875,6407,18.89,52.9,0
1783523357.2368553,537,3,person,0,586,141,665,350,0.79,625,245,-15,-115,1500,1549,0.35,0,0,34.4,47.281,46.875,6407,18.81,53.2,0
1783523357.2851145,538,3,person,0,592,141,672,352,0.749,632,246,-8,-114,1500,1546,0.35,0,0,34.4,47.281,46.875,6407,18.61,53.7,0
1783523357.3336627,539,3,person,0,596,143,676,351,0.736,636,247,-4,-113,1500,1546,0.35,0,0,34.4,47.281,46.875,6407,18.78,53.2,0
1783523357.3844008,540,3,person,0,603,143,682,350,0.706,642,246,2,-114,1500,1548,0.35,0,0,34.4,47.281,46.875,6407,20.92,47.8,0
1783523357.4334285,541,3,person,0,607,144,687,352,0.728,647,248,7,-112,1500,1544,0.35,0,0,34.4,47.281,46.875,6407,19.01,52.6,0
1783523357.4774547,542,3,person,0,610,145,690,353,0.743,650,249,10,-111,1500,1545,0.35,0,0,34.4,47.281,46.875,6407,22.27,44.9,0
1783523357.5276122,543,3,person,0,620,144,698,353,0.609,659,248,19,-112,1500,1547,0.35,0,0,34.4,47.281,46.875,6407,19.15,52.2,0
1783523357.5772336,544,3,person,0,626,144,706,357,0.651,666,250,26,-110,1500,1543,0.35,0,0,34.4,47.343,46.937,6367,18.64,53.7,0
1783523357.6266742,545,3,person,0,631,145,714,364,0.679,672,254,32,-106,1500,1540,0.35,0,0,34.4,47.343,46.937,6367,18.96,52.7,0
1783523357.6750968,546,3,person,0,631,145,716,366,0.606,673,255,33,-105,1500,1542,0.35,0,0,34.4,47.343,46.937,6367,18.5,54.1,0
1783523357.7239444,547,3,person,0,633,148,715,360,0.613,674,254,34,-106,1500,1545,0.35,0,0,34.4,47.343,46.937,6367,18.89,52.9,0
1783523357.7724764,548,3,person,0,634,151,715,358,0.436,674,254,34,-106,1500,1544,0.35,0,0,34.4,47.343,46.937,6367,18.6,53.8,0
1783523357.8211906,549,3,person,0,634,150,715,353,0.639,674,251,34,-109,1500,1548,0.35,0,0,34.4,47.343,46.937,6367,18.69,53.5,0
1783523357.8701663,550,3,person,0,634,150,717,357,0.699,675,253,35,-107,1500,1542,0.35,0,0,34.4,47.343,46.937,6367,18.72,53.4,0
1783523357.913855,551,,,,,,,,,,,,,1500,1500,0.35,0,0,34.4,47.343,46.937,6367,15.83,63.2,1
1783523357.963547,552,3,person,0,649,151,728,344,0.454,688,247,48,-113,1645,1650,0.35,0,0,34.4,47.343,46.937,6367,18.86,53.0,0
1783523358.0134475,553,3,person,0,665,149,741,337,0.561,703,243,63,-117,1561,1550,0.35,0,0,34.4,47.343,46.937,6367,18.78,53.3,0
1783523358.0535548,554,3,person,0,675,150,748,334,0.452,711,242,71,-118,1558,1548,0.35,0,0,34.4,47.343,46.937,6367,18.81,53.2,0
1783523358.1040735,555,3,person,0,682,150,752,333,0.567,717,241,77,-119,1556,1548,0.35,0,0,34.4,47.218,47.062,6407,18.85,53.0,0
1783523358.1534116,556,3,person,0,687,149,759,340,0.715,723,244,83,-116,1559,1543,0.35,0,0,34.4,47.218,47.062,6407,18.79,53.2,0
1783523358.2024999,557,3,person,0,690,149,763,346,0.641,726,247,86,-113,1557,1542,0.35,0,0,34.4,47.218,47.062,6407,18.72,53.4,0
1783523358.2512095,558,3,person,0,692,150,766,351,0.675,729,250,89,-110,1559,1541,0.35,0,0,34.4,47.218,47.062,6407,18.57,53.9,0
1783523358.3003876,559,3,person,0,694,151,768,352,0.624,731,251,91,-109,1558,1543,0.35,0,0,34.4,47.218,47.062,6407,18.88,53.0,0
1783523358.3489928,560,3,person,0,712,154,765,290,0.645,738,222,98,-138,1571,1586,0.35,0,0,34.4,47.218,47.062,6407,18.59,53.8,0
1783523358.3982973,561,3,person,0,721,155,766,266,0.682,743,210,103,-150,1571,1573,0.35,0,0,34.4,47.218,47.062,6407,18.8,53.2,0
1783523358.4470448,562,3,person,0,728,155,771,256,0.652,749,205,109,-155,1576,1568,0.35,0,0,34.4,47.218,47.062,6407,18.64,53.6,0
1783523358.4963346,563,3,person,0,732,155,776,257,0.706,754,206,114,-154,1577,1562,0.35,0,0,34.4,47.218,47.062,6407,18.79,53.2,0
1783523358.54445,564,3,person,0,734,154,781,261,0.759,757,207,117,-153,1576,1561,0.35,0,0,34.4,47.218,47.062,6407,18.54,53.9,0
1783523358.5928462,565,3,person,0,737,155,785,261,0.752,761,208,121,-152,1581,1561,0.35,0,0,34.4,47.312,47.156,6367,18.65,53.6,0
1783523358.6328409,566,3,person,0,739,155,788,261,0.681,763,208,123,-152,1579,1562,0.35,0,0,34.4,47.312,47.156,6367,18.62,53.7,0
1783523358.685925,567,3,person,0,743,155,792,259,0.616,767,207,127,-153,1584,1564,0.35,0,0,34.4,47.312,47.156,6367,21.97,45.5,0
1783523358.7349453,568,3,person,0,745,154,796,259,0.636,770,206,130,-154,1585,1564,0.35,0,0,34.4,47.312,47.156,6367,18.92,52.9,0
1783523358.784329,569,3,person,0,754,154,805,256,0.722,779,205,139,-155,1600,1565,0.35,0,0,34.4,47.312,47.156,6367,18.76,53.3,0
1783523358.837094,570,3,person,0,759,154,810,254,0.737,784,204,144,-156,1596,1565,0.35,0,0,34.4,47.312,47.156,6367,22.3,44.9,0
1783523358.885955,571,3,person,0,766,155,815,254,0.729,790,204,150,-156,1602,1564,0.35,0,0,34.4,47.312,47.156,6367,18.62,53.7,0
1783523358.9349434,572,3,person,0,770,158,819,253,0.627,794,205,154,-155,1601,1562,0.35,0,0,34.4,47.312,47.156,6367,18.86,53.0,0
1783523358.9834995,573,3,person,0,776,157,825,253,0.695,800,205,160,-155,1608,1564,0.35,0,0,34.4,47.312,47.156,6367,18.76,53.3,0
1783523359.0320768,574,3,person,0,780,156,829,253,0.612,804,204,164,-156,1607,1565,0.35,0,0,34.4,47.312,47.156,6367,18.87,53.0,0
1783523359.080307,575,3,person,0,786,154,835,252,0.669,810,203,170,-157,1614,1565,0.35,0,0,34.4,47.312,47.156,6367,18.58,53.8,0
1783523359.1289535,576,3,person,0,789,153,839,253,0.678,814,203,174,-157,1613,1564,0.35,0,0,34.4,47.187,47.25,6367,18.88,53.0,0
1783523359.17786,577,3,person,0,793,153,842,252,0.717,817,202,177,-158,1614,1566,0.35,0,0,34.4,47.187,47.25,6367,18.55,53.9,0
1783523359.2182136,578,3,person,0,796,154,845,252,0.682,820,203,180,-157,1616,1563,0.35,0,0,34.4,47.187,47.25,6367,18.91,52.9,0
1783523359.2682004,579,3,person,0,798,154,846,252,0.672,822,203,182,-157,1615,1564,0.35,0,0,34.4,47.187,47.25,6367,18.91,52.9,0
1783523359.317114,580,3,person,0,801,153,849,252,0.709,825,202,185,-158,1618,1566,0.35,0,0,34.4,47.187,47.25,6367,18.83,53.1,0
1783523359.3660228,581,3,person,0,803,153,852,252,0.719,827,202,187,-158,1618,1565,0.35,0,0,34.4,47.187,47.25,6367,18.82,53.1,0
1783523359.4143226,582,3,person,0,806,152,854,251,0.75,830,201,190,-159,1621,1566,0.35,0,0,34.4,47.187,47.25,6367,18.65,53.6,0
1783523359.4638317,583,3,person,0,807,152,855,250,0.715,831,201,191,-159,1619,1565,0.35,0,0,34.4,47.187,47.25,6367,18.95,52.8,0
1783523359.5123553,584,3,person,0,810,153,858,249,0.748,834,201,194,-159,1624,1565,0.35,0,0,34.4,47.187,47.25,6367,18.74,53.4,0
1783523359.5611527,585,3,person,0,811,154,860,249,0.685,835,201,195,-159,1621,1565,0.35,0,0,34.4,47.187,47.25,6367,19.04,52.5,0
1783523359.6097534,586,3,person,0,812,154,863,249,0.739,837,201,197,-159,1624,1565,0.35,0,0,34.4,47.187,46.968,6367,18.68,53.5,0
1783523359.6579463,587,3,person,0,815,153,866,248,0.827,840,200,200,-160,1627,1567,0.35,0,0,34.4,47.187,46.968,6367,18.76,53.3,0
1783523359.7064261,588,3,person,0,816,153,870,248,0.819,843,200,203,-160,1629,1566,0.35,0,0,34.4,47.187,46.968,6367,18.78,53.3,0
1783523359.7546928,589,3,person,0,816,154,872,249,0.716,844,201,204,-159,1627,1564,0.35,0,0,34.4,47.187,46.968,6367,18.81,53.2,0
1783523359.7956865,590,3,person,0,814,154,874,251,0.692,844,202,204,-158,1625,1563,0.35,0,0,34.4,47.187,46.968,6367,18.87,53.0,0
1783523359.845193,591,3,person,0,814,154,876,251,0.672,845,202,205,-158,1627,1565,0.35,0,0,34.4,47.187,46.968,6367,18.88,53.0,0
1783523359.8953545,592,3,person,0,812,155,876,251,0.67,844,203,204,-157,1623,1563,0.35,0,0,34.4,47.187,46.968,6367,20.34,49.2,0
1783523359.9440293,593,3,person,0,812,155,877,251,0.708,844,203,204,-157,1625,1564,0.35,0,0,34.4,47.187,46.968,6367,18.69,53.5,0
1783523359.992422,594,3,person,0,813,155,878,250,0.71,845,202,205,-158,1627,1566,0.35,0,0,34.4,47.187,46.968,6367,18.76,53.3,0
1783523360.0410137,595,3,person,0,813,154,879,250,0.759,846,202,206,-158,1628,1565,0.35,0,0,34.4,47.187,46.968,6367,18.69,53.5,0
1783523360.0896332,596,3,person,0,812,156,877,249,0.796,844,202,204,-158,1622,1565,0.35,0,0,34.4,47.187,46.968,6367,19.04,52.5,0
1783523360.1382713,597,3,person,0,810,156,874,248,0.792,842,202,202,-158,1620,1565,0.35,0,0,34.4,47.281,47.125,6328,18.97,52.7,0
1783523360.1868458,598,3,person,0,807,157,870,249,0.733,838,203,198,-157,1615,1563,0.35,0,0,34.4,47.281,47.125,6328,18.99,52.7,0
1783523360.2359831,599,3,person,0,803,158,866,250,0.73,834,204,194,-156,1612,1563,0.35,0,0,34.4,47.281,47.125,6328,18.76,53.3,0
1783523360.2880352,600,3,person,0,796,157,859,252,0.709,827,204,187,-156,1604,1564,0.35,0,0,34.4,47.281,47.125,6328,22.14,45.2,0
1783523360.3369167,601,3,person,0,791,157,855,253,0.715,823,205,183,-155,1606,1562,0.35,0,0,34.4,47.281,47.125,6328,18.56,53.9,0
1783523360.3770642,602,3,person,0,786,157,849,253,0.727,817,205,177,-155,1597,1564,0.35,0,0,34.4,47.281,47.125,6328,18.67,53.6,0
1783523360.426579,603,3,person,0,783,156,845,253,0.701,814,204,174,-156,1602,1565,0.35,0,0,34.4,47.281,47.125,6328,18.77,53.3,0
1783523360.4790177,604,3,person,0,779,156,841,254,0.635,810,205,170,-155,1598,1563,0.35,0,0,34.4,47.281,47.125,6328,22.17,45.1,0
1783523360.5282,605,3,person,0,771,155,834,253,0.682,802,204,162,-156,1587,1565,0.35,0,0,34.4,47.281,47.125,6328,18.84,53.1,0
1783523360.5771985,606,3,person,0,767,154,829,252,0.777,798,203,158,-157,1591,1565,0.35,0,0,34.4,47.281,47.125,6328,18.73,53.4,0
1783523360.6261084,607,3,person,0,764,155,826,252,0.786,795,203,155,-157,1591,1564,0.35,0,0,34.4,47.25,47.031,6407,18.85,53.1,0
1783523360.674974,608,3,person,0,762,155,824,253,0.686,793,204,153,-156,1591,1563,0.35,0,0,34.4,47.25,47.031,6407,19.02,52.6,0
1783523360.723562,609,3,person,0,759,156,821,254,0.533,790,205,150,-155,1588,1562,0.35,0,0,34.4,47.25,47.031,6407,18.89,52.9,0
1783523360.7722206,610,3,person,0,758,155,819,254,0.624,788,204,148,-156,1588,1565,0.35,0,0,34.4,47.25,47.031,6407,18.81,53.2,0
1783523360.820756,611,3,person,0,754,155,814,253,0.692,784,204,144,-156,1582,1564,0.35,0,0,34.4,47.25,47.031,6407,18.93,52.8,0
1783523360.8693368,612,3,person,0,748,154,809,255,0.634,778,204,138,-156,1575,1564,0.35,0,0,34.4,47.25,47.031,6407,18.92,52.8,0
1783523360.9183927,613,3,person,0,743,154,804,257,0.636,773,205,133,-155,1574,1562,0.35,0,0,34.4,47.25,47.031,6407,18.64,53.6,0
1783523360.958775,614,3,person,0,738,154,800,258,0.545,769,206,129,-154,1572,1562,0.35,0,0,34.4,47.25,47.031,6407,18.93,52.8,0
1783523361.0083869,615,3,person,0,731,152,794,261,0.581,762,206,122,-154,1564,1563,0.35,0,0,34.4,47.25,47.031,6407,18.6,53.8,0
1783523361.057985,616,3,person,0,723,151,788,264,0.657,755,207,115,-153,1560,1562,0.35,0,0,34.4,47.25,47.031,6407,18.94,52.8,0
1783523361.1070995,617,3,person,0,719,150,785,264,0.655,752,207,112,-153,1565,1563,0.35,0,0,34.4,47.25,47.031,6407,18.57,53.8,0
1783523361.1560197,618,3,person,0,715,150,778,263,0.487,746,206,106,-154,1556,1564,0.35,0,0,34.4,47.093,47.281,6367,18.74,53.4,0
1783523361.2057664,619,3,person,0,711,149,773,262,0.621,742,205,102,-155,1557,1565,0.35,0,0,34.4,47.093,47.281,6367,18.58,53.8,0
1783523361.2549958,620,3,person,0,702,148,766,264,0.356,734,206,94,-154,1546,1562,0.35,0,0,34.4,47.093,47.281,6367,18.91,52.9,0
1783523361.3039618,621,3,person,0,683,148,773,319,0.58,728,233,88,-127,1545,1525,0.35,0,0,34.4,47.093,47.281,6367,18.61,53.7,0
1783523361.353816,622,3,person,0,675,148,771,339,0.687,723,243,83,-117,1544,1538,0.35,0,0,34.4,47.093,47.281,6367,18.73,53.4,0
1783523361.4026737,623,3,person,0,671,149,768,349,0.547,719,249,79,-111,1543,1540,0.35,0,0,34.4,47.093,47.281,6367,18.72,53.4,0
1783523361.45165,624,3,person,0,668,150,760,348,0.699,714,249,74,-111,1539,1546,0.35,0,0,34.4,47.093,47.281,6367,18.68,53.5,0
1783523361.5007803,625,3,person,0,665,151,754,349,0.717,709,250,69,-110,1536,1544,0.35,0,0,34.4,47.093,47.281,6367,18.73,53.4,0
1783523361.5411153,626,3,person,0,663,151,750,350,0.79,706,250,66,-110,1536,1546,0.35,0,0,34.4,47.093,47.281,6367,18.51,54.0,0
1783523361.5908399,627,3,person,0,660,150,744,348,0.708,702,249,62,-111,1533,1547,0.35,0,0,34.4,47.093,47.281,6367,18.78,53.2,0
1783523361.6403432,628,3,person,0,657,148,738,348,0.659,697,248,57,-112,1529,1547,0.35,0,0,34.4,47.437,47.218,6407,18.64,53.6,0
1783523361.6909373,629,3,person,0,648,147,730,352,0.645,689,249,49,-111,1519,1545,0.35,0,0,34.4,47.437,47.218,6407,19.98,50.1,0
1783523361.7428424,630,3,person,0,644,146,726,355,0.537,685,250,45,-110,1523,1545,0.35,0,0,34.4,47.437,47.218,6407,20.79,48.1,0
1783523361.7924519,631,3,person,0,640,145,721,353,0.698,680,249,40,-111,1430,1547,0.35,0,0,34.4,47.437,47.218,6407,18.91,52.9,0
1783523361.8424222,632,3,person,0,637,145,715,346,0.693,676,245,36,-115,1503,1552,0.35,0,0,34.4,47.437,47.218,6407,18.66,53.6,0
1783523361.8920753,633,3,person,0,632,144,711,350,0.715,671,247,31,-113,1503,1545,0.35,0,0,34.4,47.437,47.218,6407,19.04,52.5,0
1783523361.9457924,634,3,person,0,623,143,708,363,0.724,665,253,25,-107,1503,1539,0.35,0,0,34.4,47.437,47.218,6407,18.8,53.2,0
1783523361.9989297,635,3,person,0,620,141,708,369,0.653,664,255,24,-105,1503,1542,0.35,0,0,34.4,47.437,47.218,6407,18.81,53.2,0
1783523362.0494244,636,3,person,0,616,143,703,366,0.659,659,254,19,-106,1503,1545,0.35,0,0,34.4,47.437,47.218,6407,18.73,53.4,0
1783523362.0987682,637,3,person,0,613,144,699,362,0.67,656,253,16,-107,1503,1545,0.35,0,0,34.4,47.437,47.218,6407,18.73,53.4,0
1783523362.1389177,638,3,person,0,607,143,691,358,0.717,649,250,9,-110,1503,1549,0.35,0,0,34.4,47.156,47.25,6407,18.6,53.8,0
1783523362.1887481,639,3,person,0,604,142,686,355,0.695,645,248,5,-112,1503,1548,0.35,0,0,34.4,47.156,47.25,6407,18.78,53.2,0
1783523362.237882,640,3,person,0,600,142,680,353,0.75,640,247,0,-113,1503,1548,0.35,0,0,34.4,47.156,47.25,6407,18.6,53.8,0
1783523362.292371,641,3,person,0,594,141,673,352,0.771,633,246,-7,-114,1503,1548,0.35,0,0,34.4,47.156,47.25,6407,23.92,41.8,0
1783523362.3417926,642,3,person,0,587,140,668,356,0.801,627,248,-13,-112,1503,1544,0.35,0,0,34.4,47.156,47.25,6407,18.78,53.2,0
1783523362.3910367,643,3,person,0,582,138,663,355,0.776,622,246,-18,-114,1503,1549,0.35,0,0,34.4,47.156,47.25,6407,18.87,53.0,0
1783523362.4401882,644,3,person,0,580,136,661,351,0.78,620,243,-20,-117,1503,1551,0.35,0,0,34.4,47.156,47.25,6407,18.68,53.5,0
1783523362.489643,645,3,person,0,578,134,659,352,0.752,618,243,-22,-117,1503,1548,0.35,0,0,34.4,47.156,47.25,6407,18.74,53.4,0
1783523362.538737,646,3,person,0,576,133,657,352,0.704,616,242,-24,-118,1503,1550,0.35,0,0,34.4,47.156,47.25,6407,18.59,53.8,0
1783523362.5878484,647,3,person,0,571,132,655,356,0.813,613,244,-27,-116,1503,1546,0.35,0,0,34.4,47.156,47.25,6407,18.8,53.2,0
1783523362.637636,648,3,person,0,568,132,653,358,0.794,610,245,-30,-115,1503,1546,0.35,0,0,34.4,47.468,47.031,6367,18.64,53.7,0
1783523362.6877944,649,3,person,0,566,132,651,358,0.824,608,245,-32,-115,1503,1548,0.35,0,0,34.4,47.468,47.031,6367,19.38,51.6,0
1783523362.7277622,650,3,person,0,564,131,650,357,0.811,607,244,-33,-116,1503,1549,0.35,0,0,34.4,47.468,47.031,6367,18.72,53.4,0
1783523362.7774627,651,3,person,0,560,131,646,356,0.779,603,243,-37,-117,1503,1549,0.35,0,0,34.4,47.468,47.031,6367,18.61,53.7,0
1783523362.827451,652,3,person,0,558,130,645,358,0.789,601,244,-39,-116,1503,1547,0.35,0,0,34.4,47.468,47.031,6367,18.86,53.0,0
1783523362.8765554,653,3,person,0,551,129,640,358,0.817,595,243,-45,-117,1402,1549,0.35,0,0,34.4,47.468,47.031,6367,18.51,54.0,0
1783523362.9270673,654,3,person,0,547,126,637,358,0.802,592,242,-48,-118,1469,1550,0.35,0,0,34.4,47.468,47.031,6367,19.08,52.4,0
1783523362.9764185,655,3,person,0,544,124,636,359,0.814,590,241,-50,-119,1469,1550,0.35,0,0,34.4,47.468,47.031,6367,18.76,53.3,0
1783523363.026552,656,3,person,0,543,122,637,360,0.811,590,241,-50,-119,1472,1549,0.35,0,0,34.4,47.468,47.031,6367,19.02,52.6,0
1783523363.0805995,657,3,person,0,541,119,637,360,0.841,589,239,-51,-121,1470,1552,0.35,0,0,34.4,47.468,47.031,6367,18.82,53.1,0
1783523363.1328616,658,3,person,0,540,118,638,360,0.845,589,239,-51,-121,1471,1550,0.35,0,0,34.4,47.468,47.031,6367,18.7,53.5,0
1783523363.1821513,659,3,person,0,539,117,639,364,0.863,589,240,-51,-120,1471,1548,0.35,0,0,34.4,47.281,47.218,6328,18.62,53.7,0
1783523363.2334914,660,3,person,0,537,116,639,366,0.872,588,241,-52,-119,1469,1548,0.35,0,0,34.4,47.281,47.218,6328,20.78,48.1,0
1783523363.2820282,661,3,person,0,535,115,637,367,0.844,586,241,-54,-119,1466,1549,0.35,0,0,34.4,47.281,47.218,6328,18.85,53.0,0
1783523363.322264,662,3,person,0,533,114,636,367,0.839,584,240,-56,-120,1464,1551,0.35,0,0,34.4,47.281,47.218,6328,18.94,52.8,0
1783523363.37062,663,3,person,0,533,114,636,369,0.838,584,241,-56,-119,1468,1548,0.35,0,0,34.4,47.281,47.218,6328,18.6,53.8,0
1783523363.4188714,664,3,person,0,533,115,636,371,0.84,584,243,-56,-117,1468,1546,0.35,0,0,34.4,47.281,47.218,6328,18.68,53.5,0
1783523363.4685304,665,3,person,0,533,114,635,372,0.836,584,243,-56,-117,1468,1548,0.35,0,0,34.4,47.281,47.218,6328,18.68,53.5,0
1783523363.5172224,666,3,person,0,533,113,636,372,0.83,584,242,-56,-118,1468,1550,0.35,0,0,34.4,47.281,47.218,6328,18.72,53.4,0
1783523363.566481,667,3,person,0,533,111,636,372,0.839,584,241,-56,-119,1468,1550,0.35,0,0,34.4,47.281,47.218,6328,18.71,53.4,0
1783523363.614766,668,3,person,0,533,109,638,373,0.861,585,241,-55,-119,1470,1549,0.35,0,0,34.4,47.281,47.218,6328,18.88,53.0,0
1783523363.6640227,669,3,person,0,533,105,639,371,0.859,586,238,-54,-122,1470,1553,0.35,0,0,34.4,47.562,47.343,6407,18.75,53.3,0
1783523363.7127538,670,3,person,0,533,101,640,371,0.86,586,236,-54,-124,1469,1553,0.35,0,0,34.4,47.562,47.343,6407,18.98,52.7,0
1783523363.7618585,671,3,person,0,534,100,641,371,0.859,587,235,-53,-125,1471,1553,0.35,0,0,34.4,47.562,47.343,6407,18.92,52.8,0
1783523363.8102953,672,3,person,0,533,97,642,373,0.879,587,235,-53,-125,1469,1552,0.35,0,0,34.4,47.562,47.343,6407,18.72,53.4,0
1783523363.8595023,673,3,person,0,532,95,643,375,0.877,587,235,-53,-125,1469,1552,0.35,0,0,34.4,47.562,47.343,6407,18.91,52.9,0
1783523363.9003415,674,3,person,0,531,94,643,376,0.878,587,235,-53,-125,1469,1552,0.35,0,0,34.4,47.562,47.343,6407,18.79,53.2,0
1783523363.9488838,675,3,person,0,531,93,642,377,0.876,586,235,-54,-125,1467,1552,0.35,0,0,34.4,47.562,47.343,6407,18.94,52.8,0
1783523364.0011625,676,3,person,0,530,94,641,377,0.875,585,235,-55,-125,1466,1552,0.35,0,0,34.4,47.562,47.343,6407,18.75,53.3,0
1783523364.053335,677,3,person,0,528,93,640,379,0.873,584,236,-56,-124,1465,1550,0.35,0,0,34.4,47.562,47.343,6407,18.68,53.5,0
1783523364.1038575,678,3,person,0,526,92,638,381,0.867,582,236,-58,-124,1462,1551,0.35,0,0,34.4,47.562,47.343,6407,18.59,53.8,0
1783523364.152847,679,3,person,0,523,89,636,381,0.855,579,235,-61,-125,1459,1553,0.35,0,0,34.4,47.218,47.156,6367,18.96,52.8,0
1783523364.2023363,680,3,person,0,521,87,634,381,0.863,577,234,-63,-126,1459,1553,0.35,0,0,34.4,47.218,47.156,6367,18.81,53.2,0
1783523364.2502167,681,3,person,0,519,83,633,382,0.879,576,232,-64,-128,1460,1555,0.35,0,0,34.4,47.218,47.156,6367,18.95,52.8,0
1783523364.2985485,682,3,person,0,517,80,632,384,0.895,574,232,-66,-128,1457,1553,0.35,0,0,34.4,47.218,47.156,6367,18.84,53.1,0
1783523364.3459907,683,3,person,0,516,78,632,385,0.907,574,231,-66,-129,1460,1554,0.35,0,0,34.4,47.218,47.156,6367,18.54,53.9,0
1783523364.3943295,684,3,person,0,516,76,632,386,0.91,574,231,-66,-129,1460,1553,0.35,0,0,34.4,47.218,47.156,6367,19.07,52.4,0
1783523364.44125,685,3,person,0,515,74,633,387,0.917,574,230,-66,-130,1460,1555,0.35,0,0,34.4,47.218,47.156,6367,18.56,53.9,0
1783523364.4811294,686,3,person,0,514,72,633,389,0.923,573,230,-67,-130,1458,1554,0.35,0,0,34.4,47.218,47.156,6367,18.55,53.9,0
1783523364.5297008,687,3,person,0,513,70,633,391,0.921,573,230,-67,-130,1459,1554,0.35,0,0,34.4,47.218,47.156,6367,18.81,53.2,0
1783523364.577322,688,3,person,0,512,68,633,392,0.913,572,230,-68,-130,1457,1554,0.35,0,0,34.4,47.218,47.156,6367,18.87,53.0,0
1783523364.625136,689,3,person,0,512,67,633,392,0.92,572,229,-68,-131,1459,1555,0.35,0,0,34.4,47.218,47.156,6367,18.85,53.0,0
1783523364.6744418,690,3,person,0,513,66,633,393,0.918,573,229,-67,-131,1461,1554,0.35,0,0,34.4,47.25,47.187,6407,20.9,47.9,0
1783523364.7214587,691,3,person,0,513,66,634,395,0.917,573,230,-67,-130,1459,1552,0.35,0,0,34.4,47.25,47.187,6407,18.82,53.1,0
1783523364.7689135,692,3,person,0,514,65,635,397,0.902,574,231,-66,-129,1461,1552,0.35,0,0,34.4,47.25,47.187,6407,18.8,53.2,0
1783523364.8160279,693,3,person,0,515,62,636,398,0.897,575,230,-65,-130,1462,1555,0.35,0,0,34.4,47.25,47.187,6407,18.82,53.1,0
1783523364.8637784,694,3,person,0,515,58,638,400,0.884,576,229,-64,-131,1462,1555,0.35,0,0,34.4,47.25,47.187,6407,19.06,52.5,0
1783523364.9105334,695,3,person,0,516,54,640,398,0.899,578,226,-62,-134,1465,1558,0.35,0,0,34.4,47.25,47.187,6407,18.73,53.4,0
1783523364.959856,696,3,person,0,517,52,640,397,0.893,578,224,-62,-136,1462,1558,0.35,0,0,34.4,47.25,47.187,6407,20.03,49.9,0
1783523365.007228,697,3,person,0,517,51,641,397,0.895,579,224,-61,-136,1464,1556,0.35,0,0,34.4,47.25,47.187,6407,18.87,53.0,0
1783523365.0472822,698,3,person,0,515,48,642,400,0.899,578,224,-62,-136,1459,1556,0.35,0,0,34.4,47.25,47.187,6407,18.77,53.3,0
1783523365.0957968,699,3,person,0,515,45,643,400,0.897,579,222,-61,-138,1464,1559,0.35,0,0,34.4,47.25,47.187,6407,19.31,51.8,0
1783523365.1431186,700,3,person,0,514,42,644,402,0.903,579,222,-61,-138,1462,1557,0.35,0,0,34.4,47.25,47.187,6407,18.74,53.4,0
1783523365.1900892,701,3,person,0,513,41,646,403,0.901,579,222,-61,-138,1462,1557,0.35,0,0,34.4,47.437,47.156,6446,18.95,52.8,0
1783523365.2365215,702,3,person,0,513,39,647,403,0.9,580,221,-60,-139,1464,1558,0.35,0,0,34.4,47.437,47.156,6446,18.61,53.7,0
1783523365.2866607,703,3,person,0,512,37,648,407,0.89,580,222,-60,-138,1462,1556,0.35,0,0,34.4,47.437,47.156,6446,22.33,44.8,0
1783523365.3341668,704,3,person,0,510,35,647,411,0.894,578,223,-62,-137,1458,1555,0.35,0,0,34.4,47.437,47.156,6446,18.73,53.4,0
1783523365.3818858,705,3,person,0,508,31,647,414,0.907,577,222,-63,-138,1459,1558,0.35,0,0,34.4,47.437,47.156,6446,18.92,52.8,0
1783523365.4290204,706,3,person,0,506,27,646,415,0.902,576,221,-64,-139,1458,1558,0.35,0,0,34.4,47.437,47.156,6446,19.12,52.3,0
1783523365.4756732,707,3,person,0,504,23,645,415,0.91,574,219,-66,-141,1455,1560,0.35,0,0,34.4,47.437,47.156,6446,18.69,53.5,0
1783523365.5229561,708,3,person,0,501,20,643,416,0.902,572,218,-68,-142,1454,1559,0.35,0,0,34.4,47.437,47.156,6446,18.85,53.1,0
1783523365.5698183,709,3,person,0,500,17,642,415,0.905,571,216,-69,-144,1455,1561,0.35,0,0,34.4,47.437,47.156,6446,18.72,53.4,0
1783523365.6101484,710,3,person,0,497,12,642,418,0.894,569,215,-71,-145,1451,1561,0.35,0,0,34.4,47.437,47.156,6446,18.62,53.7,0
1783523365.6585648,711,3,person,0,495,9,642,419,0.901,568,214,-72,-146,1453,1561,0.35,0,0,34.4,47.437,47.156,6446,19.15,52.2,0
1783523365.7055948,712,3,person,0,493,7,641,420,0.9,567,213,-73,-147,1452,1561,0.35,0,0,34.4,47.312,47.375,6605,18.65,53.6,0
1783523365.7527392,713,3,person,0,489,2,640,422,0.904,564,212,-76,-148,1447,1562,0.35,0,0,34.4,47.312,47.375,6605,18.95,52.8,0
1783523365.8002136,714,3,person,0,486,0,640,427,0.909,563,213,-77,-147,1449,1559,0.35,0,0,34.4,47.312,47.375,6605,18.95,52.8,0
1783523365.847142,715,3,person,0,484,0,639,428,0.907,561,214,-79,-146,1446,1559,0.35,0,0,34.4,47.312,47.375,6605,18.77,53.3,0
1783523365.8967717,716,3,person,0,483,0,638,429,0.901,560,214,-80,-146,1447,1560,0.35,0,0,34.4,47.312,47.375,6605,21.63,46.2,0
1783523365.9439616,717,3,person,0,481,0,637,431,0.906,559,215,-81,-145,1446,1558,0.35,0,0,34.4,47.312,47.375,6605,19.03,52.6,0
1783523365.9916866,718,3,person,0,480,0,636,432,0.914,558,216,-82,-144,1446,1558,0.35,0,0,34.4,47.312,47.375,6605,19.01,52.6,0
1783523366.0380194,719,3,person,0,480,0,635,431,0.917,557,215,-83,-145,1445,1561,0.35,0,0,34.4,47.312,47.375,6605,18.62,53.7,0
1783523366.088747,720,3,person,0,478,0,633,430,0.913,555,215,-85,-145,1442,1560,0.35,0,0,34.4,47.312,47.375,6605,22.38,44.7,0
1783523366.1360989,721,3,person,0,477,0,632,430,0.9,554,215,-86,-145,1443,1560,0.35,0,0,34.4,47.312,47.375,6605,18.65,53.6,0
1783523366.1763883,722,3,person,0,474,0,632,431,0.909,553,215,-87,-145,1442,1560,0.35,0,0,34.4,47.156,47.187,6486,18.88,53.0,0
1783523366.2250128,723,3,person,0,473,0,632,431,0.907,552,215,-88,-145,1442,1560,0.35,0,0,34.4,47.156,47.187,6486,18.95,52.8,0
1783523366.2720494,724,3,person,0,470,0,630,431,0.902,550,215,-90,-145,1439,1560,0.35,0,0,34.4,47.156,47.187,6486,18.58,53.8,0
1783523366.319617,725,3,person,0,466,0,631,434,0.911,548,217,-92,-143,1438,1557,0.35,0,0,34.4,47.156,47.187,6486,18.74,53.4,0
1783523366.366816,726,3,person,0,465,0,631,433,0.909,548,216,-92,-144,1441,1560,0.35,0,0,34.4,47.156,47.187,6486,18.8,53.2,0
1783523366.4138744,727,3,person,0,461,1,629,433,0.905,545,217,-95,-143,1434,1558,0.35,0,0,34.4,47.156,47.187,6486,18.92,52.9,0
1783523366.460817,728,3,person,0,459,2,629,432,0.904,544,217,-96,-143,1437,1559,0.35,0,0,34.4,47.156,47.187,6486,18.95,52.8,0
1783523366.5086923,729,3,person,0,457,3,630,432,0.901,543,217,-97,-143,1437,1559,0.35,0,0,34.4,47.156,47.187,6486,19.62,51.0,0
1783523366.555617,730,3,person,0,453,1,628,432,0.905,540,216,-100,-144,1431,1560,0.35,0,0,34.4,47.156,47.187,6486,18.88,53.0,0
1783523366.602482,731,3,person,0,451,1,627,431,0.906,539,216,-101,-144,1434,1559,0.35,0,0,34.4,47.156,47.187,6486,18.76,53.3,0
1783523366.6490095,732,3,person,0,447,1,625,432,0.897,536,216,-104,-144,1429,1559,0.35,0,0,34.4,47.156,47.187,6486,18.83,53.1,0
1783523366.6965613,733,3,person,0,444,2,623,433,0.898,533,217,-107,-143,1427,1558,0.35,0,0,34.4,47.593,47.343,6446,18.95,52.8,0
1783523366.7377574,734,3,person,0,441,2,621,432,0.9,531,217,-109,-143,1427,1559,0.35,0,0,34.4,47.593,47.343,6446,18.58,53.8,0
1783523366.786272,735,3,person,0,434,2,616,433,0.904,525,217,-115,-143,1418,1559,0.35,0,0,34.4,47.593,47.343,6446,19.05,52.5,0
1783523366.8357868,736,3,person,0,429,2,614,433,0.917,521,217,-119,-143,1419,1559,0.35,0,0,34.4,47.593,47.343,6446,18.84,53.1,0
1783523366.883467,737,3,person,0,423,2,611,434,0.907,517,218,-123,-142,1416,1557,0.35,0,0,34.4,47.593,47.343,6446,18.82,53.1,0
1783523366.9319043,738,3,person,0,418,2,609,434,0.907,513,218,-127,-142,1414,1558,0.35,0,0,34.4,47.593,47.343,6446,18.89,52.9,0
1783523366.9802492,739,3,person,0,412,2,607,433,0.904,509,217,-131,-143,1411,1560,0.35,0,0,34.4,47.593,47.343,6446,18.91,52.9,0
1783523367.0284445,740,3,person,0,408,2,607,433,0.91,507,217,-133,-143,1413,1559,0.35,0,0,34.4,47.593,47.343,6446,19.03,52.5,0
1783523367.075921,741,3,person,0,404,2,607,434,0.913,505,218,-135,-142,1412,1557,0.35,0,0,34.4,47.593,47.343,6446,18.65,53.6,0
1783523367.124102,742,3,person,0,402,2,609,434,0.917,505,218,-135,-142,1416,1558,0.35,0,0,34.4,47.593,47.343,6446,18.78,53.3,0
1783523367.1709054,743,3,person,0,401,2,611,433,0.917,506,217,-134,-143,1418,1560,0.35,0,0,34.4,47.593,47.343,6446,18.71,53.5,0
1783523367.2185583,744,3,person,0,400,2,614,432,0.904,507,217,-133,-143,1418,1559,0.35,0,0,34.4,47.187,47.406,6407,18.92,52.9,0
1783523367.2668786,745,3,person,0,400,2,618,433,0.903,509,217,-131,-143,1421,1559,0.35,0,0,34.4,47.187,47.406,6407,18.81,53.2,0
1783523367.3074522,746,3,person,0,401,2,622,433,0.888,511,217,-129,-143,1423,1559,0.35,0,0,34.4,47.187,47.406,6407,18.58,53.8,0
1783523367.356123,747,3,person,0,406,2,631,434,0.904,518,218,-122,-142,1435,1557,0.35,0,0,34.4,47.187,47.406,6407,19.01,52.6,0
1783523367.4054043,748,3,person,0,409,2,637,433,0.916,523,217,-117,-143,1434,1560,0.35,0,0,34.4,47.187,47.406,6407,18.65,53.6,0
1783523367.454107,749,3,person,0,412,2,644,433,0.926,528,217,-112,-143,1438,1559,0.35,0,0,34.4,47.187,47.406,6407,19.06,52.5,0
1783523367.5054424,750,3,person,0,413,2,650,432,0.923,531,217,-109,-143,1436,1559,0.35,0,0,34.4,47.187,47.406,6407,20.8,48.1,0
1783523367.5540452,751,3,person,0,418,2,660,432,0.919,539,217,-101,-143,1449,1559,0.35,0,0,34.4,47.187,47.406,6407,18.76,53.3,0
1783523367.6032414,752,3,person,0,419,2,666,433,0.915,542,217,-98,-143,1443,1559,0.35,0,0,34.4,47.187,47.406,6407,18.75,53.3,0
1783523367.652294,753,3,person,0,420,2,673,433,0.916,546,217,-94,-143,1447,1559,0.35,0,0,34.4,47.187,47.406,6407,18.8,53.2,0
1783523367.7010381,754,3,person,0,419,2,676,431,0.926,547,216,-93,-144,1442,1560,0.35,0,0,34.4,47.625,47.156,6446,18.71,53.5,0
1783523367.7495093,755,3,person,0,418,2,682,433,0.927,550,217,-90,-143,1447,1558,0.35,0,0,34.4,47.625,47.156,6446,18.89,52.9,0
1783523367.7989817,756,3,person,0,416,3,684,432,0.932,550,217,-90,-143,1443,1559,0.35,0,0,34.4,47.625,47.156,6446,19.07,52.4,0
1783523367.8479655,757,3,person,0,416,2,689,434,0.919,552,218,-88,-142,1447,1557,0.35,0,0,34.4,47.625,47.156,6446,19.01,52.6,0
1783523367.8885732,758,3,person,0,416,2,692,436,0.916,554,219,-86,-141,1449,1557,0.35,0,0,34.4,47.625,47.156,6446,18.92,52.9,0
1783523367.9380243,759,3,person,0,415,2,691,432,0.86,553,217,-87,-143,1443,1561,0.35,0,0,34.4,47.625,47.156,6446,18.72,53.4,0
1783523367.9926171,760,3,person,0,420,2,694,435,0.885,557,218,-83,-142,1453,1557,0.35,0,0,34.4,47.625,47.156,6446,19.14,52.3,0
1783523368.046371,761,3,person,0,428,2,694,435,0.888,561,218,-79,-142,1455,1558,0.35,0,0,34.4,47.625,47.156,6446,18.7,53.5,0
1783523368.0967057,762,3,person,0,429,2,686,434,0.873,557,218,-83,-142,1440,1558,0.35,0,0,34.4,47.625,47.156,6446,19.12,52.3,0
1783523368.1450586,763,3,person,0,439,3,692,435,0.908,565,219,-75,-141,1465,1557,0.35,0,0,34.4,47.625,47.156,6446,18.75,53.3,0
1783523368.195346,764,3,person,0,450,3,702,437,0.853,576,220,-64,-140,1476,1557,0.35,0,0,34.4,47.437,47.468,6328,19.19,52.1,0
1783523368.2430582,765,3,person,0,463,2,721,439,0.91,592,220,-48,-140,1495,1558,0.35,0,0,34.4,47.437,47.468,6328,18.65,53.6,0
1783523368.2964325,766,3,person,0,466,1,731,443,0.913,598,222,-42,-138,1480,1555,0.35,0,0,34.4,47.437,47.468,6328,22.46,44.5,0
1783523368.3442147,767,3,person,0,464,1,735,440,0.903,599,220,-41,-140,1474,1560,0.35,0,0,34.4,47.437,47.468,6328,18.98,52.7,0
1783523368.39302,768,3,person,0,458,1,736,439,0.886,597,220,-43,-140,1467,1558,0.35,0,0,34.4,47.437,47.468,6328,19.16,52.2,0
1783523368.4410262,769,3,person,0,457,1,740,438,0.888,598,219,-42,-141,1473,1559,0.35,0,0,34.4,47.437,47.468,6328,18.74,53.4,0
1783523368.4812224,770,3,person,0,448,1,735,438,0.884,591,219,-49,-141,1453,1558,0.35,0,0,34.4,47.437,47.468,6328,18.6,53.8,0
1783523368.5312197,771,3,person,0,426,1,716,438,0.86,571,219,-69,-141,1423,1558,0.35,0,0,34.4,47.437,47.468,6328,18.98,52.7,0
1783523368.5807562,772,3,person,0,410,2,703,440,0.895,556,221,-84,-139,1422,1555,0.35,0,0,34.4,47.437,47.468,6328,18.74,53.4,0
1783523368.6306736,773,3,person,0,400,2,692,438,0.91,546,220,-94,-140,1424,1559,0.35,0,0,34.4,47.437,47.468,6328,18.91,52.9,0
1783523368.67962,774,3,person,0,394,3,682,434,0.909,538,218,-102,-142,1422,1560,0.35,0,0,34.4,47.437,47.468,6328,18.78,53.3,0
1783523368.729736,775,3,person,0,393,3,679,433,0.902,536,218,-104,-142,1431,1558,0.35,0,0,34.4,47.656,47.437,6407,19.06,52.5,0
1783523368.7781234,776,3,person,0,396,3,680,433,0.909,538,218,-102,-142,1439,1558,0.35,0,0,34.4,47.656,47.437,6407,18.62,53.7,0
1783523368.827892,777,3,person,0,399,2,680,432,0.915,539,217,-101,-143,1438,1560,0.35,0,0,34.4,47.656,47.437,6407,19.34,51.7,0
1783523368.8758812,778,3,person,0,403,3,682,435,0.916,542,219,-98,-141,1443,1556,0.35,0,0,34.4,47.656,47.437,6407,18.53,54.0,0
1783523368.925893,779,3,person,0,407,3,682,434,0.908,544,218,-96,-142,1442,1559,0.35,0,0,34.4,47.656,47.437,6407,19.33,51.7,0
1783523368.976272,780,3,person,0,411,3,681,433,0.909,546,218,-94,-142,1443,1558,0.35,0,0,34.4,47.656,47.437,6407,21.36,46.8,0
1783523369.0241776,781,3,person,0,416,3,684,434,0.908,550,218,-90,-142,1449,1558,0.35,0,0,34.4,47.656,47.437,6407,19.16,52.2,0
1783523369.0647376,782,3,person,0,421,3,685,433,0.916,553,218,-87,-142,1450,1558,0.35,0,0,34.4,47.656,47.437,6407,19.14,52.3,0
1783523369.1135573,783,3,person,0,428,2,692,434,0.913,560,218,-80,-142,1460,1558,0.35,0,0,34.4,47.656,47.437,6407,19.06,52.5,0
1783523369.163889,784,3,person,0,433,3,694,433,0.909,563,218,-77,-142,1455,1558,0.35,0,0,34.4,47.656,47.437,6407,19.19,52.1,0
1783523369.212004,785,3,person,0,432,3,691,432,0.919,561,217,-79,-143,1446,1560,0.35,0,0,34.4,47.5,47.468,6407,18.74,53.4,0
1783523369.2606344,786,3,person,0,432,2,691,431,0.917,561,216,-79,-144,1449,1560,0.35,0,0,34.4,47.5,47.468,6407,19.14,52.2,0
1783523369.3075907,787,3,person,0,433,6,690,432,0.901,561,219,-79,-141,1449,1555,0.35,0,0,34.4,47.5,47.468,6407,18.8,53.2,0
1783523369.3550441,788,3,person,0,436,18,683,431,0.901,559,224,-81,-136,1445,1551,0.35,0,0,34.4,47.5,47.468,6407,19.02,52.6,0
1783523369.4029832,789,3,person,0,437,26,679,433,0.9,558,229,-82,-131,1446,1549,0.35,0,0,34.4,47.5,47.468,6407,18.76,53.3,0
1783523369.4511044,790,3,person,0,433,35,669,434,0.91,551,234,-89,-126,1431,1547,0.35,0,0,34.4,47.5,47.468,6407,19.0,52.6,0
1783523369.5077472,791,3,person,0,431,37,664,435,0.91,547,236,-93,-124,1435,1549,0.35,0,0,34.4,47.5,47.468,6407,20.0,50.0,0
1783523369.5622163,792,3,person,0,441,38,669,433,0.917,555,235,-85,-125,1457,1552,0.35,0,0,34.4,47.5,47.468,6407,19.59,51.0,0
1783523369.6144152,793,3,person,0,453,38,677,434,0.911,565,236,-75,-124,1467,1550,0.35,0,0,34.4,47.5,47.468,6407,19.01,52.6,0
1783523369.6556263,794,3,person,0,464,38,680,428,0.91,572,233,-68,-127,1469,1556,0.35,0,0,34.4,47.5,47.468,6407,19.58,51.1,0
1783523369.7055495,795,3,person,0,476,42,682,422,0.911,579,232,-61,-128,1471,1554,0.35,0,0,34.4,47.5,47.468,6407,19.47,51.4,0
1783523369.754534,796,3,person,0,490,52,685,421,0.847,587,236,-53,-124,1478,1547,0.35,0,0,34.4,47.343,47.468,6367,19.55,51.1,0
1783523369.8032246,797,3,person,0,502,59,690,419,0.851,596,239,-44,-121,1485,1547,0.35,0,0,34.4,47.343,47.468,6367,19.19,52.1,0
1783523369.8520057,798,3,person,0,511,60,692,411,0.886,601,235,-39,-125,1569,1556,0.35,0,0,34.4,47.343,47.468,6367,19.48,51.3,0
1783523369.9000256,799,3,person,0,516,60,693,406,0.855,604,233,-36,-127,1497,1554,0.35,0,0,34.4,47.343,47.468,6367,19.4,51.5,0
1783523369.9472888,800,3,person,0,522,64,690,396,0.885,606,230,-34,-130,1497,1557,0.35,0,0,34.4,47.343,47.468,6367,19.36,51.7,0
1783523369.9948988,801,3,person,0,525,70,684,390,0.878,604,230,-36,-130,1497,1554,0.35,0,0,34.4,47.343,47.468,6367,19.44,51.4,0
1783523370.0420597,802,3,person,0,528,82,678,389,0.897,603,235,-37,-125,1497,1546,0.35,0,0,34.4,47.343,47.468,6367,18.88,53.0,0
1783523370.0932055,803,3,person,0,536,89,677,386,0.853,606,237,-34,-123,1497,1549,0.35,0,0,34.4,47.343,47.468,6367,22.53,44.4,0
1783523370.140963,804,3,person,0,541,94,676,384,0.842,608,239,-32,-121,1497,1548,0.35,0,0,34.4,47.343,47.468,6367,19.08,52.4,0
1783523370.1888568,805,3,person,0,542,97,675,385,0.776,608,241,-32,-119,1497,1547,0.35,0,0,34.4,47.343,47.468,6367,19.52,51.2,0
1783523370.2299583,806,3,person,0,547,99,675,382,0.797,611,240,-29,-120,1497,1551,0.35,0,0,34.4,47.562,47.312,6407,19.45,51.4,0
1783523370.2777646,807,3,person,0,554,105,673,370,0.778,613,237,-27,-123,1497,1554,0.35,0,0,34.4,47.562,47.312,6407,18.75,53.3,0
1783523370.3260157,808,3,person,0,560,113,672,365,0.797,616,239,-24,-121,1497,1548,0.35,0,0,34.4,47.562,47.312,6407,19.34,51.7,0
1783523370.371979,809,3,person,0,562,121,670,363,0.827,616,242,-24,-118,1497,1545,0.35,0,0,34.4,47.562,47.312,6407,18.94,52.8,0
1783523370.423156,810,3,person,0,567,131,671,362,0.823,619,246,-21,-114,1497,1543,0.35,0,0,34.4,47.562,47.312,6407,23.48,42.6,0
1783523370.470802,811,3,person,0,572,136,674,361,0.809,623,248,-17,-112,1497,1544,0.35,0,0,34.4,47.562,47.312,6407,19.11,52.3,0
1783523370.5184116,812,3,person,0,575,138,678,362,0.833,626,250,-14,-110,1497,1543,0.35,0,0,34.4,47.562,47.312,6407,19.69,50.8,0
1783523370.5648053,813,3,person,0,579,141,684,361,0.861,631,251,-9,-109,1497,1544,0.35,0,0,34.4,47.562,47.312,6407,19.67,50.8,0
1783523370.6102395,814,3,person,0,594,140,697,353,0.81,645,246,5,-114,1497,1553,0.35,0,0,34.4,47.562,47.312,6407,19.07,52.4,0
1783523370.6566231,815,3,person,0,601,138,705,350,0.814,653,244,13,-116,1497,1550,0.35,0,0,34.4,47.562,47.312,6407,19.52,51.2,0
1783523370.7059195,816,3,person,0,611,136,719,355,0.817,665,245,25,-115,1497,1546,0.35,0,0,34.4,47.562,47.312,6407,22.05,45.4,0
1783523370.752051,817,3,person,0,623,133,732,357,0.814,677,245,37,-115,1497,1548,0.35,0,0,34.4,47.5,47.718,6446,19.63,51.0,0
1783523370.79349,818,3,person,0,635,133,741,354,0.868,688,243,48,-117,1618,1551,0.35,0,0,34.4,47.5,47.718,6446,19.66,50.9,0
1783523370.8413506,819,3,person,0,645,138,748,355,0.855,696,246,56,-114,1544,1544,0.35,0,0,34.4,47.5,47.718,6446,19.06,52.5,0
1783523370.8893847,820,3,person,0,655,144,752,350,0.86,703,247,63,-113,1546,1546,0.35,0,0,34.4,47.5,47.718,6446,19.51,51.3,0
1783523370.9361515,821,3,person,0,663,149,754,341,0.797,708,245,68,-115,1546,1550,0.35,0,0,34.4,47.5,47.718,6446,19.18,52.1,0
1783523370.9834464,822,3,person,0,674,154,761,340,0.466,717,247,77,-113,1558,1545,0.35,0,0,34.4,47.5,47.718,6446,19.92,50.2,0
1783523371.029599,823,3,person,0,680,157,768,347,0.663,724,252,84,-108,1560,1539,0.35,0,0,34.4,47.5,47.718,6446,19.25,52.0,0
1783523371.0753608,824,3,person,0,707,159,773,292,0.531,740,225,100,-135,1585,1585,0.35,0,0,34.4,47.5,47.718,6446,18.89,52.9,0
1783523371.1215181,825,3,person,0,725,156,782,268,0.522,753,212,113,-148,1588,1575,0.35,0,0,34.4,47.5,47.718,6446,18.95,52.8,0
1783523371.1672215,826,3,person,0,732,154,790,263,0.708,761,208,121,-152,1584,1567,0.35,0,0,34.4,47.5,47.718,6446,18.98,52.7,0
1783523371.2131014,827,3,person,0,741,149,801,257,0.725,771,203,131,-157,1594,1570,0.35,0,0,34.4,47.5,47.718,6446,18.96,52.7,0
1783523371.258965,828,3,person,0,750,145,811,251,0.509,780,198,140,-162,1598,1572,0.35,0,0,34.4,47.875,47.562,6407,19.04,52.5,0
1783523371.3057506,829,3,person,0,757,141,820,247,0.48,788,194,148,-166,1601,1572,0.35,0,0,34.4,47.875,47.562,6407,20.01,50.0,0
1783523371.3462682,830,3,person,0,765,141,830,246,0.77,797,193,157,-167,1610,1570,0.35,0,0,34.4,47.875,47.562,6407,19.12,52.3,0
1783523371.3939672,831,3,person,0,771,141,839,248,0.668,805,194,165,-166,1611,1567,0.35,0,0,34.4,47.875,47.562,6407,19.48,51.3,0
1783523371.4400554,832,3,person,0,776,145,845,250,0.634,810,197,170,-163,1609,1563,0.35,0,0,34.4,47.875,47.562,6407,18.81,53.2,0
1783523371.4862652,833,3,person,0,784,153,851,250,0.601,817,201,177,-159,1617,1561,0.35,0,0,34.4,47.875,47.562,6407,19.13,52.3,0
1783523371.5331407,834,3,person,0,792,159,857,249,0.677,824,204,184,-156,1622,1561,0.35,0,0,34.4,47.875,47.562,6407,18.91,52.9,0
1783523371.5789723,835,3,person,0,799,162,862,248,0.739,830,205,190,-155,1624,1562,0.35,0,0,34.4,47.875,47.562,6407,19.15,52.2,0
1783523371.6254332,836,3,person,0,802,161,865,248,0.757,833,204,193,-156,1621,1565,0.35,0,0,34.4,47.875,47.562,6407,19.4,51.6,0
1783523371.6705234,837,3,person,0,805,160,867,247,0.771,836,203,196,-157,1623,1565,0.35,0,0,34.4,47.875,47.562,6407,18.79,53.2,0
1783523371.7160707,838,3,person,0,807,155,872,246,0.805,839,200,199,-160,1625,1569,0.35,0,0,34.4,47.875,47.562,6407,19.22,52.0,0
1783523371.7617128,839,3,person,0,808,151,874,247,0.804,841,199,201,-161,1625,1567,0.35,0,0,34.4,47.531,47.718,6446,19.28,51.9,0
1783523371.8088143,840,3,person,0,809,150,876,248,0.772,842,199,202,-161,1624,1566,0.35,0,0,34.4,47.531,47.718,6446,21.36,46.8,0
1783523371.8543684,841,3,person,0,809,153,875,249,0.775,842,201,202,-159,1622,1563,0.35,0,0,34.4,47.531,47.718,6446,19.12,52.3,0
1783523371.8986106,842,3,person,0,809,156,872,249,0.723,840,202,200,-158,1618,1564,0.35,0,0,34.4,47.531,47.718,6446,22.13,45.2,0
1783523371.9453773,843,3,person,0,804,160,865,250,0.612,834,205,194,-155,1608,1560,0.35,0,0,34.4,47.531,47.718,6446,19.06,52.5,0
1783523371.9921637,844,3,person,0,803,163,863,252,0.57,833,207,193,-153,1616,1561,0.35,0,0,34.4,47.531,47.718,6446,19.25,51.9,0
1783523372.0378706,845,3,person,0,807,163,863,251,0.554,835,207,195,-153,1623,1563,0.35,0,0,34.4,47.531,47.718,6446,18.8,53.2,0
1783523372.0834742,846,3,person,0,803,161,858,248,0.605,830,204,190,-156,1608,1567,0.35,0,0,34.4,47.531,47.718,6446,18.88,53.0,0
1783523372.1290202,847,3,person,0,801,160,854,246,0.574,827,203,187,-157,1609,1565,0.35,0,0,34.4,47.531,47.718,6446,18.95,52.8,0
1783523372.1743538,848,3,person,0,795,159,848,246,0.55,821,202,181,-158,1601,1566,0.35,0,0,34.4,47.531,47.718,6446,18.87,53.0,0
1783523372.2203636,849,3,person,0,789,158,843,248,0.575,816,203,176,-157,1599,1563,0.35,0,0,34.4,47.531,47.718,6446,19.31,51.8,0
1783523372.265913,850,3,person,0,782,158,837,251,0.567,809,204,169,-156,1592,1563,0.35,0,0,34.4,47.843,47.437,6486,18.93,52.8,0
1783523372.3112388,851,3,person,0,771,160,824,250,0.675,797,205,157,-155,1576,1562,0.35,0,0,34.4,47.843,47.437,6486,18.97,52.7,0
1783523372.3579094,852,3,person,0,766,160,819,250,0.708,792,205,152,-155,1585,1564,0.35,0,0,34.4,47.843,47.437,6486,19.11,52.3,0
1783523372.403771,853,3,person,0,762,159,813,247,0.586,787,203,147,-157,1582,1566,0.35,0,0,34.4,47.843,47.437,6486,19.13,52.3,0
1783523372.4441326,854,3,person,0,749,155,801,247,0.524,775,201,135,-159,1560,1568,0.35,0,0,34.4,47.843,47.437,6486,18.94,52.8,0
1783523372.4933162,855,3,person,0,734,154,791,255,0.425,762,204,122,-156,1555,1561,0.35,0,0,34.4,47.843,47.437,6486,20.75,48.2,0
1783523372.5400472,856,3,person,0,728,151,788,260,0.516,758,205,118,-155,1566,1562,0.35,0,0,34.4,47.843,47.437,6486,18.87,53.0,0
1783523372.5863392,857,3,person,0,715,147,778,264,0.596,746,205,106,-155,1545,1564,0.35,0,0,34.4,47.843,47.437,6486,19.26,51.9,0
1783523372.6331558,858,3,person,0,702,146,767,265,0.724,734,205,94,-155,1538,1564,0.35,0,0,34.4,47.843,47.437,6486,18.77,53.3,0
1783523372.678836,859,3,person,0,691,141,758,263,0.454,724,202,84,-158,1535,1568,0.35,0,0,34.4,47.843,47.437,6486,18.79,53.2,0
1783523372.7251294,860,3,person,0,667,138,766,325,0.807,716,231,76,-129,1534,1522,0.35,0,0,34.4,47.843,47.437,6486,19.44,51.4,0
1783523372.7703662,861,3,person,0,659,136,765,342,0.843,712,239,72,-121,1539,1541,0.35,0,0,34.4,47.75,47.437,6446,18.71,53.5,0
1783523372.8159647,862,3,person,0,647,136,756,348,0.775,701,242,61,-118,1520,1545,0.35,0,0,34.4,47.75,47.437,6446,19.02,52.6,0
1783523372.8624647,863,3,person,0,639,138,750,359,0.797,694,248,54,-112,1523,1540,0.35,0,0,34.4,47.75,47.437,6446,19.29,51.8,0
1783523372.9084017,864,3,person,0,631,144,738,357,0.756,684,250,44,-110,1511,1543,0.35,0,0,34.4,47.75,47.437,6446,18.78,53.2,0
1783523372.954869,865,3,person,0,621,150,725,357,0.719,673,253,33,-107,1427,1541,0.35,0,0,34.4,47.75,47.437,6446,19.03,52.5,0
1783523372.9956586,866,3,person,0,612,153,714,356,0.617,663,254,23,-106,1503,1543,0.35,0,0,34.4,47.75,47.437,6446,19.06,52.5,0
1783523373.0435812,867,3,person,0,599,153,702,358,0.663,650,255,10,-105,1503,1542,0.35,0,0,34.4,47.75,47.437,6446,19.27,51.9,0
1783523373.0922098,868,3,person,0,591,152,695,358,0.662,643,255,3,-105,1503,1544,0.35,0,0,34.4,47.75,47.437,6446,19.36,51.6,0
1783523373.1393876,869,3,person,0,584,150,690,362,0.761,637,256,-3,-104,1503,1542,0.35,0,0,34.4,47.75,47.437,6446,19.14,52.3,0
1783523373.1904042,870,3,person,0,578,149,684,365,0.838,631,257,-9,-103,1503,1542,0.35,0,0,34.4,47.75,47.437,6446,23.52,42.5,0
1783523373.2384348,871,3,person,0,575,147,681,366,0.844,628,256,-12,-104,1503,1544,0.35,0,0,34.4,47.75,47.437,6446,19.22,52.0,0
1783523373.2853022,872,3,person,0,570,139,678,364,0.79,624,251,-16,-109,1503,1550,0.35,0,0,34.4,47.531,47.562,6446,19.46,51.4,0
1783523373.3322706,873,3,person,0,564,131,674,363,0.802,619,247,-21,-113,1503,1551,0.35,0,0,34.4,47.531,47.562,6446,19.39,51.6,0
1783523373.3783548,874,3,person,0,557,120,672,364,0.83,614,242,-26,-118,1503,1554,0.35,0,0,34.4,47.531,47.562,6446,19.35,51.7,0
1783523373.424701,875,3,person,0,555,114,673,366,0.742,614,240,-26,-120,1503,1552,0.35,0,0,34.4,47.531,47.562,6446,19.23,52.0,0
1783523373.46998,876,3,person,0,552,109,675,375,0.747,613,242,-27,-118,1503,1546,0.35,0,0,34.4,47.531,47.562,6446,18.74,53.4,0
1783523373.5149925,877,3,person,0,551,106,677,379,0.865,614,242,-26,-118,1503,1549,0.35,0,0,34.4,47.531,47.562,6446,18.67,53.6,0
1783523373.555473,878,3,person,0,553,101,683,381,0.823,618,241,-22,-119,1503,1550,0.35,0,0,34.4,47.531,47.562,6446,19.1,52.4,0
1783523373.6027675,879,3,person,0,556,94,692,381,0.787,624,237,-16,-123,1503,1555,0.35,0,0,34.4,47.531,47.562,6446,18.94,52.8,0
1783523373.650524,880,3,person,0,551,82,695,382,0.809,623,232,-17,-128,1503,1558,0.35,0,0,34.4,47.531,47.562,6446,19.06,52.5,0
1783523373.7007241,881,3,person,0,547,70,699,389,0.818,623,229,-17,-131,1503,1557,0.35,0,0,34.4,47.531,47.562,6446,22.0,45.5,0
1783523373.7467175,882,3,person,0,539,48,705,404,0.855,622,226,-18,-134,1503,1558,0.35,0,0,34.4,47.531,47.562,6446,18.77,53.3,0
1783523373.7942457,883,3,person,0,534,37,708,414,0.854,621,225,-19,-135,1503,1557,0.35,0,0,34.4,47.5,47.375,6407,18.91,52.9,0
1783523373.8405468,884,3,person,0,529,35,706,420,0.858,617,227,-23,-133,1503,1553,0.35,0,0,34.4,47.5,47.375,6407,18.52,54.0,0
1783523373.8883042,885,3,person,0,531,33,708,422,0.876,619,227,-21,-133,1503,1555,0.35,0,0,34.4,47.5,47.375,6407,19.12,52.3,0
1783523373.9346967,886,3,person,0,533,26,712,423,0.89,622,224,-18,-136,1503,1559,0.35,0,0,34.4,47.5,47.375,6407,18.7,53.5,0
1783523373.9810424,887,3,person,0,535,10,721,426,0.908,628,218,-12,-142,1503,1565,0.35,0,0,34.4,47.5,47.375,6407,18.73,53.4,0
1783523374.0290763,888,3,person,0,539,2,730,430,0.907,634,216,-6,-144,1503,1561,0.35,0,0,34.4,47.5,47.375,6407,18.73,53.4,0
1783523374.075732,889,3,person,0,549,0,743,432,0.913,646,216,6,-144,1503,1559,0.35,0,0,34.4,47.5,47.375,6407,18.56,53.9,0
1783523374.1158988,890,3,person,0,554,0,750,435,0.905,652,217,12,-143,1503,1557,0.35,0,0,34.4,47.5,47.375,6407,18.95,52.8,0
1783523374.163341,891,3,person,0,556,0,754,438,0.901,655,219,15,-141,1503,1556,0.35,0,0,34.4,47.5,47.375,6407,18.93,52.8,0
1783523374.210884,892,3,person,0,565,0,763,437,0.901,664,218,24,-142,1503,1559,0.35,0,0,34.4,47.5,47.375,6407,18.84,53.1,0
1783523374.2587755,893,3,person,0,573,0,770,436,0.897,671,218,31,-142,1503,1558,0.35,0,0,34.4,47.468,47.5,6367,18.88,53.0,0
1783523374.3114517,894,3,person,0,580,1,778,436,0.907,679,218,39,-142,1503,1558,0.35,0,0,34.4,47.468,47.5,6367,23.98,41.7,0
1783523374.3586488,895,3,person,0,599,1,802,437,0.917,700,219,60,-141,1640,1557,0.35,0,0,34.4,47.468,47.5,6367,18.94,52.8,0
1783523374.406907,896,3,person,0,619,0,832,437,0.908,725,218,85,-142,1595,1559,0.35,0,0,34.4,47.468,47.5,6367,18.81,53.2,0
1783523374.4560118,897,3,person,0,645,1,865,438,0.923,755,219,115,-141,1620,1557,0.35,0,0,34.4,47.468,47.5,6367,18.87,53.0,0
1783523374.5036733,898,3,person,0,661,0,888,439,0.931,774,219,134,-141,1615,1558,0.35,0,0,34.4,47.468,47.5,6367,18.73,53.4,0
1783523374.5512266,899,3,person,0,688,1,919,439,0.91,803,220,163,-140,1649,1556,0.35,0,0,34.4,47.468,47.5,6367,18.79,53.2,0
1783523374.6052985,900,3,person,0,707,1,944,438,0.925,825,219,185,-141,1646,1559,0.35,0,0,34.4,47.468,47.5,6367,22.49,44.5,0
1783523374.654308,901,3,person,0,733,0,978,436,0.914,855,218,215,-142,1680,1559,0.35,0,0,34.4,47.468,47.5,6367,18.75,53.3,0
1783523374.6946254,902,3,person,0,751,0,1005,437,0.888,878,218,238,-142,1691,1558,0.35,0,0,34.4,47.468,47.5,6367,18.81,53.2,0
1783523374.7457006,903,3,person,0,774,1,1038,439,0.77,906,220,266,-140,1700,1556,0.35,0,0,34.4,47.468,47.5,6367,18.91,52.9,0
1783523374.7942052,904,,,,,,,,,,,,,1500,1500,0.35,0,0,34.4,47.593,47.343,6407,15.88,63.0,1
1783523374.8402834,905,,,,,,,,,,,,,1500,1500,0.35,0,0,34.4,47.593,47.343,6407,15.77,63.4,1
1783523374.8895946,906,,,,,,,,,,,,,1500,1500,0.35,0,0,34.4,47.593,47.343,6407,15.83,63.2,1
1783523374.9338286,907,,,,,,,,,,,,,1500,1500,0.35,0,0,34.4,47.593,47.343,6407,14.78,67.6,1
1783523374.978458,908,,,,,,,,,,,,,1500,1500,0.35,0,0,34.4,47.593,47.343,6407,14.76,67.8,1
1783523375.0252962,909,,,,,,,,,,,,,1500,1500,0.35,0,0,34.4,47.593,47.343,6407,14.9,67.1,1
1783523375.0676694,910,,,,,,,,,,,,,1500,1500,0.35,0,0,34.4,47.593,47.343,6407,14.73,67.9,1
1783523375.111235,911,,,,,,,,,,,,,1500,1500,0.35,0,0,34.4,47.593,47.343,6407,14.74,67.8,1
1783523375.1522071,912,,,,,,,,,,,,,1500,1500,0.35,0,0,34.4,47.593,47.343,6407,14.92,67.0,1
1783523375.1932185,913,,,,,,,,,,,,,1500,1500,0.35,0,0,34.4,47.593,47.343,6407,14.97,66.8,1
1783523375.2270503,914,,,,,,,,,,,,,1500,1500,0.35,0,0,34.4,47.593,47.343,6407,14.86,67.3,1
1783523375.2677789,915,,,,,,,,,,,,,1500,1500,0.35,0,0,34.4,47.593,47.312,6446,14.76,67.8,1
1783523375.3100996,916,,,,,,,,,,,,,1500,1500,0.35,0,0,34.4,47.593,47.312,6446,15.03,66.5,1
1783523375.3504026,917,,,,,,,,,,,,,1500,1500,0.35,0,0,34.4,47.593,47.312,6446,14.97,66.8,1
1783523375.390362,918,,,,,,,,,,,,,1500,1500,0.35,0,0,34.4,47.593,47.312,6446,14.83,67.4,1
1783523375.4296412,919,,,,,,,,,,,,,1500,1500,0.35,0,0,34.4,47.593,47.312,6446,14.84,67.4,1
1783523375.4687197,920,,,,,,,,,,,,,1500,1500,0.35,0,0,34.4,47.593,47.312,6446,14.67,68.2,1
1783523375.5077333,921,,,,,,,,,,,,,1500,1500,0.35,0,0,34.4,47.593,47.312,6446,14.76,67.7,1
1783523375.5463154,922,,,,,,,,,,,,,1500,1500,0.35,0,0,34.4,47.593,47.312,6446,14.96,66.9,1
1783523375.5844722,923,,,,,,,,,,,,,1500,1500,0.35,0,0,34.4,47.593,47.312,6446,14.78,67.6,1
1783523375.6228504,924,,,,,,,,,,,,,1500,1500,0.35,0,0,34.4,47.593,47.312,6446,14.73,67.9,1
1783523375.6613073,925,,,,,,,,,,,,,1500,1500,0.35,0,0,34.4,47.593,47.312,6446,14.81,67.5,1
1783523375.6949844,926,,,,,,,,,,,,,1500,1500,0.35,0,0,34.4,47.593,47.312,6446,14.74,67.9,1
1783523375.7352197,927,,,,,,,,,,,,,1500,1500,0.35,0,0,34.4,47.593,47.312,6446,14.68,68.1,1
1783523375.7749805,928,,,,,,,,,,,,,1500,1500,0.35,0,0,34.4,47.5,47.562,6486,14.85,67.3,1
1783523375.8134031,929,,,,,,,,,,,,,1500,1500,0.35,0,0,34.4,47.5,47.562,6486,14.79,67.6,1
1783523375.85524,930,,,,,,,,,,,,,1500,1500,0.35,0,0,34.4,47.5,47.562,6486,17.63,56.7,1
1783523375.894536,931,,,,,,,,,,,,,1500,1500,0.35,0,0,34.4,47.5,47.562,6486,14.88,67.2,1
1783523375.9330215,932,,,,,,,,,,,,,1500,1500,0.35,0,0,34.4,47.5,47.562,6486,14.79,67.6,1
1783523375.9711566,933,,,,,,,,,,,,,1500,1500,0.35,0,0,34.4,47.5,47.562,6486,14.62,68.4,1
1783523376.0107267,934,,,,,,,,,,,,,1500,1500,0.35,0,0,34.4,47.5,47.562,6486,14.95,66.9,1
1783523376.0490756,935,,,,,,,,,,,,,1500,1500,0.35,0,0,34.4,47.5,47.562,6486,14.67,68.1,1
1783523376.0889566,936,,,,,,,,,,,,,1500,1500,0.35,0,0,34.4,47.5,47.562,6486,14.55,68.7,1
1783523376.130438,937,,,,,,,,,,,,,1500,1500,0.35,0,0,34.4,47.5,47.562,6486,15.41,64.9,1
1783523376.1636791,938,,,,,,,,,,,,,1500,1500,0.35,0,0,34.4,47.5,47.562,6486,14.3,69.9,1
1783523376.2052743,939,,,,,,,,,,,,,1500,1500,0.35,0,0,34.4,47.5,47.562,6486,15.27,65.5,1
1783523376.248477,940,,,,,,,,,,,,,1500,1500,0.35,0,0,34.4,47.5,47.562,6486,14.76,67.7,1
1783523376.2896323,941,,,,,,,,,,,,,1500,1500,0.35,0,0,34.4,47.843,47.593,6526,14.55,68.7,1
1783523376.3308496,942,,,,,,,,,,,,,1500,1500,0.35,0,0,34.4,47.843,47.593,6526,14.35,69.7,1
1783523376.3762026,943,,,,,,,,,,,,,1500,1500,0.35,0,0,34.4,47.843,47.593,6526,15.31,65.3,1
1783523376.426137,944,,,,,,,,,,,,,1500,1500,0.35,0,0,34.4,47.843,47.593,6526,15.54,64.4,1
1783523376.4730127,945,,,,,,,,,,,,,1500,1500,0.35,0,0,34.4,47.843,47.593,6526,18.09,55.3,1
1783523376.5273454,946,5,person,0,796,2,1107,434,0.648,951,218,311,-142,1700,1650,0.35,0,0,34.4,47.843,47.593,6526,18.65,53.6,0
1783523376.5821152,947,,,,,,,,,,,,,1500,1500,0.35,0,0,34.4,47.843,47.593,6526,16.05,62.3,1
1783523376.641145,948,5,person,0,694,3,1008,439,0.517,851,221,211,-139,1700,1650,0.35,0,0,34.4,47.843,47.593,6526,18.52,54.0,0
1783523376.6984634,949,5,person,0,654,2,971,441,0.904,812,221,172,-139,1549,1555,0.35,0,0,34.4,47.843,47.593,6526,18.82,53.1,0
1783523376.7389648,950,5,person,0,638,2,958,440,0.868,798,221,158,-139,1567,1555,0.35,0,0,34.4,47.843,47.593,6526,18.82,53.1,0
1783523376.7966278,951,5,person,0,607,2,929,439,0.915,768,220,128,-140,1536,1557,0.35,0,0,34.4,47.687,47.625,6367,18.79,53.2,0
1783523376.8531468,952,5,person,0,574,3,898,438,0.909,736,220,96,-140,1513,1556,0.35,0,0,34.4,47.687,47.625,6367,18.82,53.1,0
1783523376.910118,953,5,person,0,548,2,872,438,0.914,710,220,70,-140,1506,1556,0.35,0,0,34.4,47.687,47.625,6367,18.69,53.5,0
1783523376.9680154,954,5,person,0,533,1,854,436,0.912,693,218,53,-142,1509,1559,0.35,0,0,34.4,47.687,47.625,6367,18.59,53.8,0
1783523377.0225215,955,5,person,0,511,1,826,435,0.84,668,218,28,-142,1423,1557,0.35,0,0,34.4,47.687,47.625,6367,18.88,53.0,0
1783523377.0782208,956,5,person,0,497,2,806,436,0.848,651,219,11,-141,1501,1556,0.35,0,0,34.4,47.687,47.625,6367,19.94,50.1,0
1783523377.1300802,957,5,person,0,498,2,803,435,0.921,650,218,10,-142,1501,1559,0.35,0,0,34.4,47.687,47.625,6367,18.81,53.2,0
1783523377.1804156,958,5,person,0,490,3,791,435,0.912,640,219,0,-141,1501,1557,0.35,0,0,34.4,47.687,47.625,6367,18.83,53.1,0
1783523377.2294052,959,5,person,0,484,2,782,434,0.914,633,218,-7,-142,1501,1559,0.35,0,0,34.4,47.687,47.625,6367,18.83,53.1,0
1783523377.2797842,960,5,person,0,474,2,769,434,0.912,621,218,-19,-142,1501,1558,0.35,0,0,34.4,47.687,47.625,6367,21.32,46.9,0
1783523377.3282773,961,5,person,0,469,2,760,434,0.912,614,218,-26,-142,1501,1558,0.35,0,0,34.4,47.906,47.5,6367,18.94,52.8,0
1783523377.3690479,962,5,person,0,466,2,752,434,0.91,609,218,-31,-142,1501,1558,0.35,0,0,34.4,47.906,47.5,6367,18.64,53.6,0
1783523377.4170027,963,5,person,0,462,1,742,434,0.901,602,217,-38,-143,1501,1560,0.35,0,0,34.4,47.906,47.5,6367,18.88,53.0,0
1783523377.4653802,964,5,person,0,463,1,736,433,0.9,599,217,-41,-143,1408,1559,0.35,0,0,34.4,47.906,47.5,6367,18.76,53.3,0
1783523377.512117,965,5,person,0,467,1,733,435,0.873,600,218,-40,-142,1571,1557,0.35,0,0,34.4,47.906,47.5,6367,18.61,53.7,0
1783523377.559248,966,5,person,0,472,0,727,433,0.859,599,216,-41,-144,1406,1561,0.35,0,0,34.4,47.906,47.5,6367,18.8,53.2,0
1783523377.605396,967,5,person,0,475,1,720,433,0.84,597,217,-43,-143,1471,1558,0.35,0,0,34.4,47.906,47.5,6367,18.6,53.8,0
1783523377.652452,968,5,person,0,480,1,716,434,0.835,598,217,-42,-143,1477,1559,0.35,0,0,34.4,47.906,47.5,6367,18.99,52.7,0
1783523377.6987615,969,5,person,0,485,0,712,434,0.834,598,217,-42,-143,1475,1559,0.35,0,0,34.4,47.906,47.5,6367,18.7,53.5,0
1783523377.7447064,970,5,person,0,491,1,707,433,0.853,599,217,-41,-143,1478,1559,0.35,0,0,34.4,47.906,47.5,6367,18.95,52.8,0
1783523377.791558,971,5,person,0,499,2,705,432,0.87,602,217,-38,-143,1571,1559,0.35,0,0,34.4,47.906,47.5,6367,18.96,52.7,0
1783523377.837395,972,5,person,0,503,0,702,433,0.879,602,216,-38,-144,1500,1560,0.35,0,0,34.4,47.718,47.437,6407,18.54,53.9,0
1783523377.8843906,973,5,person,0,512,0,704,433,0.874,608,216,-32,-144,1500,1559,0.35,0,0,34.4,47.718,47.437,6407,18.94,52.8,0
1783523377.9247148,974,5,person,0,518,6,701,432,0.88,609,219,-31,-141,1500,1554,0.35,0,0,34.4,47.718,47.437,6407,18.84,53.1,0
1783523377.9720328,975,5,person,0,520,12,697,432,0.872,608,222,-32,-138,1500,1554,0.35,0,0,34.4,47.718,47.437,6407,18.49,54.1,0
1783523378.019648,976,5,person,0,526,15,697,429,0.873,611,222,-29,-138,1500,1557,0.35,0,0,34.4,47.718,47.437,6407,18.76,53.3,0
1783523378.0661418,977,5,person,0,536,17,702,426,0.873,619,221,-21,-139,1500,1558,0.35,0,0,34.4,47.718,47.437,6407,18.69,53.5,0
1783523378.1127741,978,5,person,0,546,16,708,422,0.863,627,219,-13,-141,1500,1560,0.35,0,0,34.4,47.718,47.437,6407,18.91,52.9,0
1783523378.1608105,979,5,person,0,552,19,709,416,0.893,630,217,-10,-143,1500,1561,0.35,0,0,34.4,47.718,47.437,6407,18.85,53.1,0
1783523378.207136,980,5,person,0,556,26,707,412,0.895,631,219,-9,-141,1500,1556,0.35,0,0,34.4,47.718,47.437,6407,18.56,53.9,0
1783523378.255325,981,5,person,0,559,31,706,410,0.87,632,220,-8,-140,1500,1556,0.35,0,0,34.4,47.718,47.437,6407,19.04,52.5,0
1783523378.3018858,982,5,person,0,562,46,702,408,0.885,632,227,-8,-133,1500,1547,0.35,0,0,34.4,47.718,47.437,6407,18.61,53.7,0
1783523378.3488073,983,5,person,0,567,68,698,408,0.861,632,238,-8,-122,1500,1539,0.35,0,0,34.4,47.812,47.75,6367,18.72,53.4,0
1783523378.3957663,984,5,person,0,569,78,695,409,0.848,632,243,-8,-117,1500,1543,0.35,0,0,34.4,47.812,47.75,6367,18.81,53.2,0
1783523378.441864,985,5,person,0,571,86,691,408,0.812,631,247,-9,-113,1500,1542,0.35,0,0,34.4,47.812,47.75,6367,18.64,53.6,0
1783523378.4826372,986,5,person,0,572,88,689,405,0.805,630,246,-10,-114,1500,1548,0.35,0,0,34.4,47.812,47.75,6367,18.73,53.4,0
1783523378.5299585,987,5,person,0,575,87,688,401,0.813,631,244,-9,-116,1500,1550,0.35,0,0,34.4,47.812,47.75,6367,18.83,53.1,0
1783523378.576734,988,5,person,0,577,85,688,395,0.824,632,240,-8,-120,1500,1554,0.35,0,0,34.4,47.812,47.75,6367,18.73,53.4,0
1783523378.6235027,989,5,person,0,578,83,686,389,0.835,632,236,-8,-124,1500,1555,0.35,0,0,34.4,47.812,47.75,6367,18.8,53.2,0
1783523378.67211,990,5,person,0,576,82,683,384,0.832,629,233,-11,-127,1500,1555,0.35,0,0,34.4,47.812,47.75,6367,20.8,48.1,0
1783523378.7182176,991,5,person,0,576,84,680,378,0.85,628,231,-12,-129,1500,1555,0.35,0,0,34.4,47.812,47.75,6367,18.66,53.6,0
1783523378.7645037,992,5,person,0,575,87,677,375,0.849,626,231,-14,-129,1500,1553,0.35,0,0,34.4,47.812,47.75,6367,18.75,53.3,0
1783523378.810356,993,5,person,0,579,99,677,374,0.851,628,236,-12,-124,1500,1546,0.35,0,0,34.4,47.625,47.843,6407,18.59,53.8,0
1783523378.8603532,994,5,person,0,583,109,676,374,0.851,629,241,-11,-119,1500,1544,0.35,0,0,34.4,47.625,47.843,6407,21.56,46.4,0
1783523378.9059129,995,5,person,0,588,117,677,374,0.838,632,245,-8,-115,1500,1543,0.35,0,0,34.4,47.625,47.843,6407,18.54,53.9,0
1783523378.952557,996,5,person,0,590,120,677,374,0.83,633,247,-7,-113,1500,1545,0.35,0,0,34.4,47.625,47.843,6407,18.84,53.1,0
1783523378.9983664,997,5,person,0,591,122,678,374,0.828,634,248,-6,-112,1500,1545,0.35,0,0,34.4,47.625,47.843,6407,18.74,53.4,0
1783523379.038214,998,5,person,0,592,122,676,367,0.832,634,244,-6,-116,1500,1553,0.35,0,0,34.4,47.625,47.843,6407,18.55,53.9,0
1783523379.0856068,999,5,person,0,593,122,676,364,0.789,634,243,-6,-117,1500,1549,0.35,0,0,34.4,47.625,47.843,6407,18.74,53.4,0
1783523379.1319273,1000,5,person,0,596,123,678,362,0.779,637,242,-3,-118,1500,1550,0.35,0,0,34.4,47.625,47.843,6407,18.82,53.1,0
1783523379.1784363,1001,5,person,0,599,122,681,357,0.791,640,239,0,-121,1500,1553,0.35,0,0,34.4,47.625,47.843,6407,18.98,52.7,0
1783523379.2251842,1002,5,person,0,601,122,683,358,0.776,642,240,2,-120,1500,1548,0.35,0,0,34.4,47.625,47.843,6407,18.84,53.1,0
1783523379.27117,1003,5,person,0,602,122,685,357,0.766,643,239,3,-121,1500,1551,0.35,0,0,34.4,47.625,47.843,6407,18.65,53.6,0
1783523379.3169897,1004,5,person,0,608,127,691,357,0.704,649,242,9,-118,1500,1545,0.35,0,0,34.4,47.656,47.5,6407,18.97,52.7,0
1783523379.3635166,1005,5,person,0,615,136,697,358,0.697,656,247,16,-113,1500,1541,0.35,0,0,34.4,47.656,47.5,6407,18.77,53.3,0
1783523379.410059,1006,5,person,0,618,147,700,360,0.788,659,253,19,-107,1500,1538,0.35,0,0,34.4,47.656,47.5,6407,18.79,53.2,0
1783523379.4565983,1007,5,person,0,618,152,700,361,0.743,659,256,19,-104,1500,1540,0.35,0,0,34.4,47.656,47.5,6407,18.82,53.1,0
1783523379.502651,1008,5,person,0,619,154,701,357,0.769,660,255,20,-105,1500,1545,0.35,0,0,34.4,47.656,47.5,6407,18.6,53.8,0
1783523379.548945,1009,5,person,0,619,156,705,360,0.799,662,258,22,-102,1500,1539,0.35,0,0,34.4,47.656,47.5,6407,18.81,53.2,0
1783523379.589179,1010,5,person,0,620,155,707,359,0.71,663,257,23,-103,1500,1544,0.35,0,0,34.4,47.656,47.5,6407,18.77,53.3,0
1783523379.636007,1011,5,person,0,625,155,713,358,0.791,669,256,29,-104,1500,1544,0.35,0,0,34.4,47.656,47.5,6407,18.58,53.8,0
1783523379.6822555,1012,5,person,0,637,150,722,349,0.757,679,249,39,-111,1500,1553,0.35,0,0,34.4,47.656,47.5,6407,18.66,53.6,0
1783523379.7296875,1013,5,person,0,643,147,728,348,0.706,685,247,45,-113,1603,1549,0.35,0,0,34.4,47.656,47.5,6407,18.78,53.3,0
1783523379.7760963,1014,5,person,0,657,146,739,346,0.556,698,246,58,-114,1558,1548,0.35,0,0,34.4,47.656,47.5,6407,18.69,53.5,0
1783523379.823537,1015,5,person,0,665,145,744,342,0.594,704,243,64,-117,1549,1551,0.35,0,0,34.4,47.5,47.406,6407,18.91,52.9,0
1783523379.863969,1016,,,,,,,,,,,,,1500,1500,0.35,0,0,34.4,47.5,47.406,6407,14.63,68.3,1
1783523379.9095104,1017,,,,,,,,,,,,,1500,1500,0.35,0,0,34.4,47.5,47.406,6407,17.81,56.1,1
1783523379.9572296,1018,6,person,0,702,154,746,259,0.63,724,206,84,-154,1700,1650,0.35,0,0,34.4,47.5,47.406,6407,19.2,52.1,0
1783523380.0040572,1019,6,person,0,703,154,748,262,0.695,725,208,85,-152,1552,1558,0.35,0,0,34.4,47.5,47.406,6407,18.73,53.4,0
1783523380.0539854,1020,6,person,0,709,156,753,262,0.541,731,209,91,-151,1564,1559,0.35,0,0,34.4,47.5,47.406,6407,22.81,43.8,0
1783523380.1060781,1021,6,person,0,716,159,759,261,0.491,737,210,97,-150,1567,1559,0.35,0,0,34.4,47.5,47.406,6407,24.02,41.6,0
1783523380.1460567,1022,6,person,0,731,161,774,261,0.591,752,211,112,-149,1597,1559,0.35,0,0,34.4,47.5,47.406,6407,19.01,52.6,0
1783523380.194034,1023,6,person,0,745,162,786,256,0.361,765,209,125,-151,1597,1563,0.35,0,0,34.4,47.5,47.406,6407,19.0,52.6,0
1783523380.2411814,1024,6,person,0,758,163,795,247,0.538,776,205,136,-155,1601,1567,0.35,0,0,34.4,47.5,47.406,6407,18.7,53.5,0
1783523380.2884636,1025,6,person,0,763,163,802,247,0.567,782,205,142,-155,1596,1563,0.35,0,0,34.4,47.5,47.406,6407,18.96,52.7,0
1783523380.3340464,1026,6,person,0,767,162,807,246,0.699,787,204,147,-156,1598,1564,0.35,0,0,34.4,47.593,47.562,6446,18.71,53.5,0
1783523380.387771,1027,6,person,0,771,160,815,249,0.739,793,204,153,-156,1602,1563,0.35,0,0,34.4,47.593,47.562,6446,18.9,52.9,0
1783523380.440717,1028,6,person,0,773,159,820,250,0.78,796,204,156,-156,1600,1563,0.35,0,0,34.4,47.593,47.562,6446,18.96,52.8,0
1783523380.4898117,1029,6,person,0,773,158,823,253,0.765,798,205,158,-155,1600,1562,0.35,0,0,34.4,47.593,47.562,6446,18.88,53.0,0
1783523380.5367095,1030,6,person,0,773,158,825,253,0.771,799,205,159,-155,1599,1563,0.35,0,0,34.4,47.593,47.562,6446,18.66,53.6,0
1783523380.584021,1031,6,person,0,772,158,827,253,0.742,799,205,159,-155,1597,1564,0.35,0,0,34.4,47.593,47.562,6446,18.92,52.8,0
1783523380.6305628,1032,6,person,0,771,157,828,254,0.737,799,205,159,-155,1598,1564,0.35,0,0,34.4,47.593,47.562,6446,18.88,53.0,0
1783523380.6787202,1033,6,person,0,771,158,829,254,0.715,800,206,160,-154,1600,1562,0.35,0,0,34.4,47.593,47.562,6446,21.13,47.3,0
1783523380.719513,1034,6,person,0,770,158,829,253,0.713,799,205,159,-155,1596,1565,0.35,0,0,34.4,47.593,47.562,6446,19.01,52.6,0
1783523380.766688,1035,6,person,0,770,158,830,253,0.715,800,205,160,-155,1600,1564,0.35,0,0,34.4,47.593,47.562,6446,18.84,53.1,0
1783523380.813241,1036,6,person,0,772,158,833,254,0.733,802,206,162,-154,1603,1562,0.35,0,0,34.4,47.593,47.562,6446,19.24,52.0,0
1783523380.8593593,1037,6,person,0,774,158,835,253,0.729,804,205,164,-155,1604,1565,0.35,0,0,34.4,47.718,47.593,6446,19.02,52.6,0
1783523380.9053497,1038,6,person,0,775,157,837,253,0.768,806,205,166,-155,1606,1564,0.35,0,0,34.4,47.718,47.593,6446,18.85,53.0,0
1783523380.9513814,1039,6,person,0,775,157,838,254,0.753,806,205,166,-155,1602,1564,0.35,0,0,34.4,47.718,47.593,6446,18.97,52.7,0
1783523380.996259,1040,6,person,0,777,157,840,253,0.755,808,205,168,-155,1607,1564,0.35,0,0,34.4,47.718,47.593,6446,18.89,52.9,0
1783523381.0417595,1041,6,person,0,779,158,842,253,0.727,810,205,170,-155,1608,1564,0.35,0,0,34.4,47.718,47.593,6446,18.9,52.9,0
1783523381.0879614,1042,6,person,0,781,158,845,253,0.725,813,205,173,-155,1611,1564,0.35,0,0,34.4,47.718,47.593,6446,19.06,52.5,0
1783523381.1327896,1043,6,person,0,783,159,847,252,0.729,815,205,175,-155,1611,1564,0.35,0,0,34.4,47.718,47.593,6446,18.62,53.7,0
1783523381.1779537,1044,6,person,0,782,158,849,254,0.748,815,206,175,-154,1608,1562,0.35,0,0,34.4,47.718,47.593,6446,18.91,52.9,0
1783523381.2236605,1045,6,person,0,783,158,851,254,0.741,817,206,177,-154,1612,1563,0.35,0,0,34.4,47.718,47.593,6446,18.95,52.8,0
1783523381.266716,1046,6,person,0,782,158,851,255,0.729,816,206,176,-154,1606,1563,0.35,0,0,34.4,47.718,47.593,6446,21.93,45.6,0
1783523381.3134775,1047,6,person,0,782,157,851,256,0.723,816,206,176,-154,1608,1563,0.35,0,0,34.4,47.718,47.593,6446,18.73,53.4,0
1783523381.3596504,1048,6,person,0,781,157,852,257,0.733,816,207,176,-153,1608,1562,0.35,0,0,34.4,47.937,47.593,6407,18.79,53.2,0
1783523381.405485,1049,6,person,0,781,156,851,256,0.736,816,206,176,-154,1608,1564,0.35,0,0,34.4,47.937,47.593,6407,18.62,53.7,0
1783523381.4556255,1050,6,person,0,779,156,850,257,0.709,814,206,174,-154,1604,1563,0.35,0,0,34.4,47.937,47.593,6407,22.63,44.2,0
1783523381.5009255,1051,6,person,0,776,155,848,257,0.728,812,206,172,-154,1602,1563,0.35,0,0,34.4,47.937,47.593,6407,18.69,53.5,0
1783523381.54623,1052,6,person,0,774,154,845,256,0.705,809,205,169,-155,1599,1565,0.35,0,0,34.4,47.937,47.593,6407,18.87,53.0,0
1783523381.5925097,1053,6,person,0,773,155,843,255,0.649,808,205,168,-155,1602,1564,0.35,0,0,34.4,47.937,47.593,6407,18.96,52.7,0
1783523381.6382039,1054,6,person,0,768,154,837,253,0.716,802,203,162,-157,1589,1566,0.35,0,0,34.4,47.937,47.593,6407,18.63,53.7,0
1783523381.6847281,1055,6,person,0,766,154,833,252,0.757,799,203,159,-157,1593,1564,0.35,0,0,34.4,47.937,47.593,6407,18.86,53.0,0
1783523381.730583,1056,6,person,0,764,155,831,254,0.757,797,204,157,-156,1593,1563,0.35,0,0,34.4,47.937,47.593,6407,18.62,53.7,0
1783523381.7759104,1057,6,person,0,760,154,826,254,0.719,793,204,153,-156,1587,1564,0.35,0,0,34.4,47.937,47.593,6407,18.62,53.7,0
1783523381.816273,1058,6,person,0,757,153,823,254,0.732,790,203,150,-157,1587,1566,0.35,0,0,34.4,47.937,47.593,6407,18.68,53.5,0
1783523381.8652127,1059,6,person,0,754,153,819,253,0.703,786,203,146,-157,1584,1564,0.35,0,0,34.4,47.656,47.531,6446,20.44,48.9,0
1783523381.9116774,1060,6,person,0,749,151,814,253,0.739,781,202,141,-158,1578,1566,0.35,0,0,34.4,47.656,47.531,6446,18.67,53.6,0
1783523381.9584765,1061,6,person,0,745,151,811,254,0.708,778,202,138,-158,1580,1565,0.35,0,0,34.4,47.656,47.531,6446,18.71,53.5,0
1783523382.0046403,1062,6,person,0,736,151,805,258,0.649,770,204,130,-156,1567,1562,0.35,0,0,34.4,47.656,47.531,6446,18.54,53.9,0
1783523382.051619,1063,6,person,0,731,151,802,260,0.63,766,205,126,-155,1571,1562,0.35,0,0,34.4,47.656,47.531,6446,18.85,53.1,0
1783523382.0979178,1064,6,person,0,725,150,798,261,0.644,761,205,121,-155,1566,1564,0.35,0,0,34.4,47.656,47.531,6446,18.76,53.3,0
1783523382.144191,1065,6,person,0,718,150,794,263,0.69,756,206,116,-154,1563,1562,0.35,0,0,34.4,47.656,47.531,6446,18.56,53.9,0
1783523382.1911163,1066,6,person,0,714,150,791,264,0.715,752,207,112,-153,1563,1562,0.35,0,0,34.4,47.656,47.531,6446,18.82,53.1,0
1783523382.2369483,1067,6,person,0,712,151,789,265,0.762,750,208,110,-152,1565,1561,0.35,0,0,34.4,47.656,47.531,6446,18.5,54.1,0
1783523382.2845066,1068,6,person,0,709,150,787,266,0.724,748,208,108,-152,1564,1562,0.35,0,0,34.4,47.656,47.531,6446,18.7,53.5,0
1783523382.3306494,1069,6,person,0,709,149,786,266,0.713,747,207,107,-153,1565,1564,0.35,0,0,34.4,47.656,47.531,6446,18.71,53.4,0
1783523382.3703442,1070,6,person,0,710,147,786,265,0.612,748,206,108,-154,1569,1564,0.35,0,0,34.4,47.937,47.562,6446,18.54,53.9,0
1783523382.4180725,1071,6,person,0,709,146,783,265,0.556,746,205,106,-155,1563,1565,0.35,0,0,34.4,47.937,47.562,6446,18.77,53.3,0
1783523382.466337,1072,6,person,0,708,146,780,264,0.589,744,205,104,-155,1562,1564,0.35,0,0,34.4,47.937,47.562,6446,19.97,50.1,0
1783523382.5128253,1073,6,person,0,704,145,774,263,0.39,739,204,99,-156,1553,1565,0.35,0,0,34.4,47.937,47.562,6446,18.64,53.6,0
1783523382.5601375,1074,6,person,0,684,144,781,313,0.632,732,228,92,-132,1546,1529,0.35,0,0,34.4,47.937,47.562,6446,18.68,53.5,0
1783523382.6076918,1075,6,person,0,672,144,778,337,0.72,725,240,85,-120,1542,1537,0.35,0,0,34.4,47.937,47.562,6446,18.56,53.9,0
1783523382.655323,1076,6,person,0,665,143,776,353,0.781,720,248,80,-112,1542,1538,0.35,0,0,34.4,47.937,47.562,6446,18.77,53.3,0
1783523382.702383,1077,6,person,0,664,142,770,349,0.706,717,245,77,-115,1544,1551,0.35,0,0,34.4,47.937,47.562,6446,18.66,53.6,0
1783523382.7492716,1078,6,person,0,662,143,763,348,0.793,712,245,72,-115,1537,1548,0.35,0,0,34.4,47.937,47.562,6446,18.66,53.6,0
1783523382.7963176,1079,6,person,0,661,143,758,347,0.794,709,245,69,-115,1539,1548,0.35,0,0,34.4,47.937,47.562,6446,18.64,53.6,0
1783523382.8457167,1080,6,person,0,658,144,753,350,0.828,705,247,65,-113,1535,1545,0.35,0,0,34.4,47.937,47.562,6446,20.67,48.4,0
1783523382.8929505,1081,6,person,0,658,144,750,350,0.836,704,247,64,-113,1539,1547,0.35,0,0,34.4,47.781,47.656,6407,18.83,53.1,0
1783523382.9336987,1082,6,person,0,656,144,746,353,0.814,701,248,61,-112,1533,1545,0.35,0,0,34.4,47.781,47.656,6407,18.58,53.8,0
1783523382.9807248,1083,6,person,0,647,141,737,353,0.734,692,247,52,-113,1518,1548,0.35,0,0,34.4,47.781,47.656,6407,18.58,53.8,0
1783523383.0282946,1084,6,person,0,643,141,732,355,0.728,687,248,47,-112,1522,1545,0.35,0,0,34.4,47.781,47.656,6407,18.57,53.8,0
1783523383.0781505,1085,6,person,0,639,140,730,361,0.755,684,250,44,-110,1524,1543,0.35,0,0,34.4,47.781,47.656,6407,22.03,45.4,0
1783523383.1254873,1086,6,person,0,638,138,728,363,0.761,683,250,43,-110,1527,1546,0.35,0,0,34.4,47.781,47.656,6407,18.61,53.7,0
1783523383.1718137,1087,6,person,0,633,138,720,358,0.814,676,248,36,-112,1428,1548,0.35,0,0,34.4,47.781,47.656,6407,18.55,53.9,0
1783523383.219191,1088,6,person,0,628,137,715,359,0.813,671,248,31,-112,1503,1546,0.35,0,0,34.4,47.781,47.656,6407,18.68,53.5,0
1783523383.2655718,1089,6,person,0,624,137,711,359,0.811,667,248,27,-112,1503,1546,0.35,0,0,34.4,47.781,47.656,6407,18.54,53.9,0
1783523383.3124182,1090,6,person,0,620,137,708,358,0.734,664,247,24,-113,1503,1548,0.35,0,0,34.4,47.781,47.656,6407,18.64,53.6,0
1783523383.3593473,1091,6,person,0,621,138,708,356,0.76,664,247,24,-113,1503,1547,0.35,0,0,34.4,47.781,47.656,6407,18.87,53.0,0
1783523383.4057028,1092,6,person,0,621,138,707,356,0.757,664,247,24,-113,1503,1547,0.35,0,0,34.4,47.656,47.812,6407,18.52,54.0,0
1783523383.4523304,1093,6,person,0,620,137,706,356,0.714,663,246,23,-114,1503,1548,0.35,0,0,34.4,47.656,47.812,6407,19.0,52.6,0
1783523383.4924688,1094,6,person,0,619,137,705,357,0.741,662,247,22,-113,1503,1545,0.35,0,0,34.4,47.656,47.812,6407,18.87,53.0,0
1783523383.539307,1095,6,person,0,615,133,701,356,0.74,658,244,18,-116,1503,1551,0.35,0,0,34.4,47.656,47.812,6407,18.53,54.0,0
1783523383.5863547,1096,6,person,0,612,131,697,355,0.764,654,243,14,-117,1503,1549,0.35,0,0,34.4,47.656,47.812,6407,18.72,53.4,0
1783523383.632688,1097,6,person,0,610,129,695,356,0.791,652,242,12,-118,1503,1550,0.35,0,0,34.4,47.656,47.812,6407,18.57,53.8,0
1783523383.6820538,1098,6,person,0,606,128,691,356,0.797,648,242,8,-118,1503,1549,0.35,0,0,34.4,47.656,47.812,6407,21.03,47.6,0
1783523383.7287626,1099,6,person,0,604,125,689,357,0.802,646,241,6,-119,1503,1550,0.35,0,0,34.4,47.656,47.812,6407,18.75,53.3,0
1783523383.774771,1100,6,person,0,600,123,686,357,0.764,643,240,3,-120,1503,1551,0.35,0,0,34.4,47.656,47.812,6407,18.76,53.3,0
1783523383.82146,1101,6,person,0,596,122,684,358,0.766,640,240,0,-120,1503,1550,0.35,0,0,34.4,47.656,47.812,6407,18.91,52.9,0
1783523383.8676858,1102,6,person,0,591,122,680,359,0.794,635,240,-5,-120,1503,1550,0.35,0,0,34.4,47.75,47.75,6407,18.67,53.5,0
1783523383.9139056,1103,6,person,0,588,121,677,357,0.795,632,239,-8,-121,1503,1551,0.35,0,0,34.4,47.75,47.75,6407,18.97,52.7,0
1783523383.9602573,1104,6,person,0,588,121,676,357,0.79,632,239,-8,-121,1503,1550,0.35,0,0,34.4,47.75,47.75,6407,18.73,53.4,0
1783523384.005149,1105,6,person,0,582,121,672,359,0.8,627,240,-13,-120,1503,1548,0.35,0,0,34.4,47.75,47.75,6407,18.63,53.7,0
1783523384.046095,1106,6,person,0,581,123,670,361,0.791,625,242,-15,-118,1503,1546,0.35,0,0,34.4,47.75,47.75,6407,19.0,52.6,0
1783523384.0933862,1107,6,person,0,581,124,669,361,0.808,625,242,-15,-118,1503,1549,0.35,0,0,34.4,47.75,47.75,6407,18.81,53.2,0
1783523384.1395023,1108,6,person,0,578,126,665,362,0.801,621,244,-19,-116,1503,1546,0.35,0,0,34.4,47.75,47.75,6407,18.75,53.3,0
1783523384.1857111,1109,6,person,0,576,128,662,362,0.808,619,245,-21,-115,1503,1546,0.35,0,0,34.4,47.75,47.75,6407,18.96,52.7,0
1783523384.2358835,1110,6,person,0,575,129,660,362,0.811,617,245,-23,-115,1503,1548,0.35,0,0,34.4,47.75,47.75,6407,22.89,43.7,0
1783523384.2862134,1111,6,person,0,574,130,658,361,0.84,616,245,-24,-115,1503,1548,0.35,0,0,34.4,47.75,47.75,6407,23.46,42.6,0
1783523384.331853,1112,6,person,0,573,131,657,361,0.853,615,246,-25,-114,1503,1546,0.35,0,0,34.4,47.75,47.75,6407,18.93,52.8,0
1783523384.3772714,1113,6,person,0,572,131,657,363,0.841,614,247,-26,-113,1503,1546,0.35,0,0,34.4,47.718,47.625,6407,18.85,53.0,0
1783523384.432832,1114,6,person,0,571,131,656,364,0.843,613,247,-27,-113,1503,1547,0.35,0,0,34.4,47.718,47.625,6407,18.81,53.2,0
1783523384.483495,1115,6,person,0,571,133,655,363,0.822,613,248,-27,-112,1503,1545,0.35,0,0,34.4,47.718,47.625,6407,18.91,52.9,0
1783523384.5324657,1116,6,person,0,572,134,655,363,0.829,613,248,-27,-112,1503,1546,0.35,0,0,34.4,47.718,47.625,6407,18.77,53.3,0
1783523384.579163,1117,6,person,0,572,135,655,365,0.831,613,250,-27,-110,1503,1543,0.35,0,0,34.4,47.718,47.625,6407,18.97,52.7,0
1783523384.6195185,1118,6,person,0,572,137,656,365,0.84,614,251,-26,-109,1503,1544,0.35,0,0,34.4,47.718,47.625,6407,18.97,52.7,0
1783523384.6661015,1119,6,person,0,573,139,656,366,0.845,614,252,-26,-108,1503,1544,0.35,0,0,34.4,47.718,47.625,6407,18.88,53.0,0
1783523384.7119355,1120,6,person,0,574,143,656,367,0.873,615,255,-25,-105,1503,1540,0.35,0,0,34.4,47.718,47.625,6407,18.79,53.2,0
1783523384.7575781,1121,6,person,0,574,145,656,368,0.877,615,256,-25,-104,1503,1542,0.35,0,0,34.4,47.718,47.625,6407,18.98,52.7,0
1783523384.8024359,1122,6,person,0,574,147,656,368,0.859,615,257,-25,-103,1503,1542,0.35,0,0,34.4,47.718,47.625,6407,18.88,53.0,0
1783523384.8479252,1123,6,person,0,575,148,656,368,0.834,615,258,-25,-102,1503,1541,0.35,0,0,34.4,47.718,47.625,6407,18.91,52.9,0
1783523384.8942392,1124,6,person,0,576,150,657,367,0.832,616,258,-24,-102,1503,1542,0.35,0,0,34.4,47.625,47.625,6407,20.14,49.6,0
1783523384.9390771,1125,6,person,0,577,151,658,367,0.791,617,259,-23,-101,1503,1541,0.35,0,0,34.4,47.625,47.625,6407,18.67,53.6,0
1783523384.9846652,1126,6,person,0,578,153,658,366,0.792,618,259,-22,-101,1503,1542,0.35,0,0,34.4,47.625,47.625,6407,18.88,53.0,0
1783523385.0295737,1127,6,person,0,579,156,658,367,0.766,618,261,-22,-99,1503,1539,0.35,0,0,34.4,47.625,47.625,6407,18.85,53.1,0
1783523385.0739756,1128,6,person,0,581,162,659,367,0.737,620,264,-20,-96,1503,1537,0.35,0,0,34.4,47.625,47.625,6407,18.63,53.7,0
1783523385.119317,1129,6,person,0,578,155,659,368,0.65,618,261,-22,-99,1503,1544,0.35,0,0,34.4,47.625,47.625,6407,19.07,52.4,0
1783523385.1593616,1130,6,person,0,577,152,660,369,0.596,618,260,-22,-100,1503,1543,0.35,0,0,34.4,47.625,47.625,6407,18.87,53.0,0
1783523385.2064657,1131,6,person,0,580,172,656,368,0.73,618,270,-22,-90,1503,1527,0.35,0,0,34.4,47.625,47.625,6407,18.69,53.5,0
1783523385.252998,1132,6,person,0,582,182,654,367,0.712,618,274,-22,-86,1503,1532,0.35,0,0,34.4,47.625,47.625,6407,18.98,52.7,0
1783523385.298318,1133,6,person,0,583,189,654,366,0.714,618,277,-22,-83,1503,1531,0.35,0,0,34.4,47.625,47.625,6407,18.79,53.2,0
1783523385.3434803,1134,6,person,0,584,192,654,367,0.734,619,279,-21,-81,1503,1532,0.35,0,0,34.4,47.625,47.625,6407,18.81,53.2,0
1783523385.389362,1135,6,person,0,583,194,653,367,0.676,618,280,-22,-80,1503,1532,0.35,0,0,34.4,47.687,47.812,6407,18.98,52.7,0
1783523385.4344752,1136,6,person,0,583,195,653,367,0.71,618,281,-22,-79,1503,1532,0.35,0,0,34.4,47.687,47.812,6407,18.89,52.9,0
1783523385.483745,1137,6,person,0,586,210,651,366,0.636,618,288,-22,-72,1503,1523,0.35,0,0,34.4,47.687,47.812,6407,22.82,43.8,0
1783523385.5298524,1138,6,person,0,587,219,650,366,0.715,618,292,-22,-68,1503,1524,0.35,0,0,34.4,47.687,47.812,6407,18.9,52.9,0
1783523385.5743964,1139,6,person,0,587,226,649,366,0.726,618,296,-22,-64,1503,1523,0.35,0,0,34.4,47.687,47.812,6407,18.74,53.4,0
1783523385.6220095,1140,6,person,0,586,229,649,366,0.715,617,297,-23,-63,1503,1526,0.35,0,0,34.4,47.687,47.812,6407,21.12,47.4,0
1783523385.6672914,1141,6,person,0,585,232,648,366,0.719,616,299,-24,-61,1503,1524,0.35,0,0,34.4,47.687,47.812,6407,18.84,53.1,0
1783523385.707343,1142,6,person,0,584,234,648,365,0.686,616,299,-24,-61,1503,1526,0.35,0,0,34.4,47.687,47.812,6407,18.76,53.3,0
1783523385.7539997,1143,6,person,0,578,236,645,365,0.676,611,300,-29,-60,1503,1524,0.35,0,0,34.4,47.687,47.812,6407,18.94,52.8,0
1783523385.7998798,1144,6,person,0,580,237,649,365,0.675,614,301,-26,-59,1503,1524,0.35,0,0,34.4,47.687,47.812,6407,18.82,53.1,0
1783523385.8454742,1145,6,person,0,574,240,645,365,0.744,609,302,-31,-58,1503,1524,0.35,0,0,34.4,47.687,47.812,6407,18.89,52.9,0
1783523385.8912761,1146,6,person,0,569,241,644,366,0.78,606,303,-34,-57,1503,1523,0.35,0,0,34.4,47.656,47.75,6407,18.88,53.0,0
1783523385.9366324,1147,6,person,0,566,240,644,365,0.803,605,302,-35,-58,1503,1526,0.35,0,0,34.4,47.656,47.75,6407,18.81,53.2,0
1783523385.982272,1148,6,person,0,566,238,647,365,0.713,606,301,-34,-59,1503,1526,0.35,0,0,34.4,47.656,47.75,6407,18.86,53.0,0
1783523386.0279992,1149,6,person,0,566,236,650,365,0.766,608,300,-32,-60,1503,1527,0.35,0,0,34.4,47.656,47.75,6407,18.79,53.2,0
1783523386.075969,1150,6,person,0,564,234,650,365,0.832,607,299,-33,-61,1503,1527,0.35,0,0,34.4,47.656,47.75,6407,21.73,46.0,0
1783523386.1217513,1151,6,person,0,563,233,651,366,0.838,607,299,-33,-61,1503,1526,0.35,0,0,34.4,47.656,47.75,6407,18.98,52.7,0
1783523386.166929,1152,6,person,0,561,233,650,365,0.852,605,299,-35,-61,1503,1526,0.35,0,0,34.4,47.656,47.75,6407,18.89,52.9,0
1783523386.212071,1153,6,person,0,560,233,650,365,0.823,605,299,-35,-61,1503,1526,0.35,0,0,34.4,47.656,47.75,6407,18.95,52.8,0
1783523386.2523177,1154,6,person,0,559,233,650,366,0.799,604,299,-36,-61,1503,1526,0.35,0,0,34.4,47.656,47.75,6407,18.93,52.8,0
1783523386.2984664,1155,6,person,0,560,232,652,365,0.791,606,298,-34,-62,1503,1527,0.35,0,0,34.4,47.656,47.75,6407,18.85,53.0,0
1783523386.3439875,1156,6,person,0,556,233,648,365,0.77,602,299,-38,-61,1503,1525,0.35,0,0,34.4,47.656,47.75,6407,18.8,53.2,0
1783523386.3900592,1157,6,person,0,553,234,646,364,0.776,599,299,-41,-61,1407,1526,0.35,0,0,34.4,47.656,47.75,6407,19.07,52.4,0
1783523386.4359083,1158,6,person,0,552,234,647,365,0.786,599,299,-41,-61,1478,1526,0.35,0,0,34.4,47.843,47.843,6367,18.79,53.2,0
1783523386.480916,1159,6,person,0,551,235,646,365,0.735,598,300,-42,-60,1475,1524,0.35,0,0,34.4,47.843,47.843,6367,18.78,53.2,0
1783523386.5261412,1160,6,person,0,551,235,647,365,0.721,599,300,-41,-60,1479,1526,0.35,0,0,34.4,47.843,47.843,6367,18.71,53.4,0
1783523386.57101,1161,6,person,0,551,235,648,365,0.732,599,300,-41,-60,1478,1526,0.35,0,0,34.4,47.843,47.843,6367,18.55,53.9,0
1783523386.6161294,1162,6,person,0,551,234,648,365,0.719,599,299,-41,-61,1478,1527,0.35,0,0,34.4,47.843,47.843,6367,18.59,53.8,0
1783523386.6609023,1163,6,person,0,550,234,649,365,0.722,599,299,-41,-61,1478,1526,0.35,0,0,34.4,47.843,47.843,6367,18.6,53.8,0
1783523386.7059097,1164,6,person,0,550,234,649,365,0.774,599,299,-41,-61,1477,1526,0.35,0,0,34.4,47.843,47.843,6367,18.46,54.2,0
1783523386.7509162,1165,6,person,0,549,235,649,366,0.753,599,300,-41,-60,1477,1524,0.35,0,0,34.4,47.843,47.843,6367,18.69,53.5,0
1783523386.7906551,1166,6,person,0,549,235,649,365,0.742,599,300,-41,-60,1477,1526,0.35,0,0,34.4,47.843,47.843,6367,18.77,53.3,0
1783523386.8364375,1167,6,person,0,549,234,649,365,0.771,599,299,-41,-61,1477,1527,0.35,0,0,34.4,47.843,47.843,6367,18.67,53.6,0
1783523386.8831742,1168,6,person,0,550,235,650,366,0.806,600,300,-40,-60,1572,1524,0.35,0,0,34.4,47.843,47.843,6367,19.13,52.3,0
1783523386.9287145,1169,6,person,0,548,235,649,366,0.787,598,300,-42,-60,1403,1526,0.35,0,0,34.4,47.875,47.625,6486,18.65,53.6,0
1783523386.9768627,1170,6,person,0,548,236,649,366,0.774,598,301,-42,-59,1477,1524,0.35,0,0,34.4,47.875,47.625,6486,21.27,47.0,0
1783523387.022,1171,6,person,0,548,236,650,366,0.744,599,301,-41,-59,1479,1525,0.35,0,0,34.4,47.875,47.625,6486,18.89,52.9,0
1783523387.0662868,1172,6,person,0,548,235,650,365,0.796,599,300,-41,-60,1477,1527,0.35,0,0,34.4,47.875,47.625,6486,18.6,53.8,0
1783523387.1112056,1173,6,person,0,548,234,651,365,0.778,599,299,-41,-61,1477,1527,0.35,0,0,34.4,47.875,47.625,6486,18.62,53.7,0
1783523387.155911,1174,6,person,0,548,233,651,365,0.776,599,299,-41,-61,1477,1526,0.35,0,0,34.4,47.875,47.625,6486,18.84,53.1,0
1783523387.1998842,1175,6,person,0,548,232,652,365,0.761,600,298,-40,-62,1576,1527,0.35,0,0,34.4,47.875,47.625,6486,18.46,54.2,0
1783523387.2444715,1176,6,person,0,547,233,651,365,0.727,599,299,-41,-61,1403,1525,0.35,0,0,34.4,47.875,47.625,6486,18.5,54.1,0
1783523387.2890007,1177,6,person,0,548,233,652,365,0.722,600,299,-40,-61,1575,1526,0.35,0,0,34.4,47.875,47.625,6486,18.87,53.0,0
1783523387.3291466,1178,6,person,0,547,234,651,366,0.785,599,300,-41,-60,1395,1524,0.35,0,0,34.4,47.875,47.625,6486,18.61,53.7,0
1783523387.375433,1179,6,person,0,547,233,651,365,0.779,599,299,-41,-61,1477,1527,0.35,0,0,34.4,47.875,47.625,6486,18.58,53.8,0
1783523387.420881,1180,6,person,0,547,234,651,365,0.783,599,299,-41,-61,1477,1526,0.35,0,0,34.4,47.875,47.625,6486,18.7,53.5,0
1783523387.465343,1181,6,person,0,547,233,652,365,0.766,599,299,-41,-61,1477,1526,0.35,0,0,34.4,47.875,47.625,6486,18.59,53.8,0
1783523387.5100062,1182,6,person,0,547,233,652,365,0.732,599,299,-41,-61,1477,1526,0.35,0,0,34.4,47.875,47.625,6486,18.66,53.6,0
1783523387.554398,1183,6,person,0,547,234,652,365,0.656,599,299,-41,-61,1477,1526,0.35,0,0,34.4,47.875,47.625,6486,18.9,52.9,0
1783523387.5989428,1184,6,person,0,547,233,653,365,0.726,600,299,-40,-61,1575,1526,0.35,0,0,34.4,47.875,47.625,6486,18.94,52.8,0
1783523387.64356,1185,6,person,0,548,233,654,365,0.779,601,299,-39,-61,1501,1526,0.35,0,0,34.4,47.875,47.625,6486,18.71,53.5,0
1783523387.6882079,1186,6,person,0,547,233,653,366,0.761,600,299,-40,-61,1501,1526,0.35,0,0,34.4,47.875,47.625,6486,19.03,52.5,0
1783523387.732363,1187,6,person,0,548,233,654,366,0.748,601,299,-39,-61,1501,1526,0.35,0,0,34.4,47.875,47.625,6486,18.75,53.3,0
1783523387.777059,1188,6,person,0,546,233,652,366,0.733,599,299,-41,-61,1403,1526,0.35,0,0,34.4,47.875,47.625,6486,18.63,53.7,0
1783523387.82141,1189,6,person,0,546,233,652,365,0.731,599,299,-41,-61,1476,1526,0.35,0,0,34.4,47.875,47.625,6486,18.76,53.3,0
1783523387.8618848,1190,6,person,0,546,233,652,365,0.706,599,299,-41,-61,1476,1526,0.35,0,0,34.4,47.875,47.625,6486,18.69,53.5,0
1783523387.9075568,1191,6,person,0,545,233,651,365,0.729,598,299,-42,-61,1474,1526,0.35,0,0,34.4,47.875,47.625,6486,18.59,53.8,0
1783523387.9531608,1192,6,person,0,546,233,651,365,0.736,598,299,-42,-61,1476,1526,0.35,0,0,34.4,47.812,47.593,6446,18.74,53.4,0
1783523387.9982598,1193,6,person,0,545,233,651,365,0.693,598,299,-42,-61,1476,1526,0.35,0,0,34.4,47.812,47.593,6446,18.57,53.9,0
1783523388.0433314,1194,6,person,0,544,233,651,365,0.679,597,299,-43,-61,1473,1526,0.35,0,0,34.4,47.812,47.593,6446,18.64,53.7,0
1783523388.088209,1195,6,person,0,544,233,651,365,0.668,597,299,-43,-61,1475,1526,0.35,0,0,34.4,47.812,47.593,6446,18.61,53.7,0
1783523388.1325758,1196,6,person,0,545,233,651,365,0.69,598,299,-42,-61,1477,1526,0.35,0,0,34.4,47.812,47.593,6446,18.5,54.1,0
1783523388.176871,1197,6,person,0,545,233,651,364,0.734,598,298,-42,-62,1475,1527,0.35,0,0,34.4,47.812,47.593,6446,18.53,54.0,0
1783523388.2222068,1198,6,person,0,545,233,651,364,0.776,598,298,-42,-62,1475,1526,0.35,0,0,34.4,47.812,47.593,6446,18.76,53.3,0
1783523388.2666423,1199,6,person,0,543,233,650,365,0.785,596,299,-44,-61,1470,1525,0.35,0,0,34.4,47.812,47.593,6446,18.4,54.4,0
1783523388.3139722,1200,6,person,0,543,232,650,364,0.751,596,298,-44,-62,1474,1527,0.35,0,0,34.4,47.812,47.593,6446,20.69,48.3,0
1783523388.3597493,1201,6,person,0,544,232,651,365,0.749,597,298,-43,-62,1476,1526,0.35,0,0,34.4,47.812,47.593,6446,18.95,52.8,0
1783523388.3997042,1202,6,person,0,544,232,651,365,0.759,597,298,-43,-62,1475,1526,0.35,0,0,34.4,47.812,47.593,6446,18.89,53.0,0
1783523388.4456596,1203,6,person,0,544,232,651,364,0.751,597,298,-43,-62,1474,1526,0.35,0,0,34.4,47.812,47.687,6486,18.58,53.8,0
1783523388.4924467,1204,6,person,0,543,232,650,365,0.749,596,298,-44,-62,1472,1526,0.35,0,0,34.4,47.812,47.687,6486,19.89,50.3,0
1783523388.5377367,1205,6,person,0,545,232,652,365,0.753,598,298,-42,-62,1478,1526,0.35,0,0,34.4,47.812,47.687,6486,18.53,54.0,0
1783523388.5833495,1206,6,person,0,544,232,650,365,0.771,597,298,-43,-62,1473,1526,0.35,0,0,34.4,47.812,47.687,6486,18.77,53.3,0
1783523388.6285634,1207,6,person,0,544,232,650,365,0.753,597,298,-43,-62,1474,1526,0.35,0,0,34.4,47.812,47.687,6486,18.65,53.6,0
1783523388.6753798,1208,6,person,0,542,232,648,364,0.767,595,298,-45,-62,1470,1526,0.35,0,0,34.4,47.812,47.687,6486,18.9,52.9,0
1783523388.7209806,1209,6,person,0,544,231,650,365,0.759,597,298,-43,-62,1478,1526,0.35,0,0,34.4,47.812,47.687,6486,18.99,52.7,0
1783523388.7665477,1210,6,person,0,544,231,649,365,0.747,596,298,-44,-62,1472,1526,0.35,0,0,34.4,47.812,47.687,6486,18.5,54.0,0
1783523388.8114593,1211,6,person,0,544,232,649,365,0.747,596,298,-44,-62,1473,1526,0.35,0,0,34.4,47.812,47.687,6486,18.75,53.3,0
1783523388.856903,1212,6,person,0,544,231,649,365,0.749,596,298,-44,-62,1473,1526,0.35,0,0,34.4,47.812,47.687,6486,18.81,53.2,0
1783523388.9019303,1213,6,person,0,546,231,651,365,0.739,598,298,-42,-62,1478,1526,0.35,0,0,34.4,47.812,47.687,6486,18.46,54.2,0
1783523388.9417546,1214,6,person,0,545,231,650,365,0.732,597,298,-43,-62,1472,1526,0.35,0,0,34.4,47.843,47.812,6446,18.64,53.6,0
1783523388.9883282,1215,6,person,0,549,231,652,365,0.731,600,298,-40,-62,1573,1526,0.35,0,0,34.4,47.843,47.812,6446,18.73,53.4,0
1783523389.0341237,1216,6,person,0,549,231,651,365,0.742,600,298,-40,-62,1500,1526,0.35,0,0,34.4,47.843,47.812,6446,18.59,53.8,0
1783523389.081916,1217,6,person,0,547,230,650,365,0.742,598,297,-42,-63,1404,1528,0.35,0,0,34.4,47.843,47.812,6446,21.56,46.4,0
1783523389.1277957,1218,6,person,0,545,231,647,365,0.726,596,298,-44,-62,1470,1525,0.35,0,0,34.4,47.843,47.812,6446,18.65,53.6,0
1783523389.1735084,1219,6,person,0,546,231,649,365,0.731,597,298,-43,-62,1475,1526,0.35,0,0,34.4,47.843,47.812,6446,18.54,53.9,0
1783523389.219073,1220,6,person,0,547,231,649,364,0.735,598,297,-42,-63,1476,1528,0.35,0,0,34.4,47.843,47.812,6446,18.74,53.3,0
1783523389.264362,1221,6,person,0,544,231,647,364,0.743,595,297,-45,-63,1467,1527,0.35,0,0,34.4,47.843,47.812,6446,18.85,53.1,0
1783523389.3098488,1222,6,person,0,546,232,648,364,0.756,597,298,-43,-62,1477,1525,0.35,0,0,34.4,47.843,47.812,6446,18.71,53.4,0
1783523389.35512,1223,6,person,0,544,232,647,364,0.725,595,298,-45,-62,1469,1526,0.35,0,0,34.4,47.843,47.812,6446,18.81,53.2,0
1783523389.4002886,1224,6,person,0,545,232,648,365,0.761,596,298,-44,-62,1475,1526,0.35,0,0,34.4,47.843,47.812,6446,18.58,53.8,0
1783523389.445288,1225,6,person,0,545,232,647,365,0.745,596,298,-44,-62,1473,1526,0.35,0,0,34.4,47.718,47.75,6446,18.66,53.6,0
1783523389.4851198,1226,6,person,0,545,232,648,365,0.772,596,298,-44,-62,1473,1526,0.35,0,0,34.4,47.718,47.75,6446,18.67,53.6,0
1783523389.5309353,1227,6,person,0,544,232,647,364,0.766,595,298,-45,-62,1470,1526,0.35,0,0,34.4,47.718,47.75,6446,18.54,53.9,0
1783523389.5772402,1228,6,person,0,545,232,648,364,0.776,596,298,-44,-62,1474,1526,0.35,0,0,34.4,47.718,47.75,6446,18.65,53.6,0
1783523389.6222847,1229,6,person,0,545,231,649,365,0.756,597,298,-43,-62,1475,1526,0.35,0,0,34.4,47.718,47.75,6446,18.81,53.2,0
1783523389.6712608,1230,6,person,0,544,231,649,364,0.761,596,297,-44,-63,1471,1528,0.35,0,0,34.4,47.718,47.75,6446,22.49,44.5,0
1783523389.7163794,1231,6,person,0,543,231,648,364,0.77,595,297,-45,-63,1470,1527,0.35,0,0,34.4,47.718,47.75,6446,18.75,53.3,0
1783523389.7614682,1232,6,person,0,545,231,650,365,0.769,597,298,-43,-62,1476,1525,0.35,0,0,34.4,47.718,47.75,6446,18.6,53.8,0
1783523389.806364,1233,6,person,0,544,231,649,365,0.723,596,298,-44,-62,1470,1526,0.35,0,0,34.4,47.718,47.75,6446,18.66,53.6,0
1783523389.8519316,1234,6,person,0,544,232,649,365,0.782,596,298,-44,-62,1472,1526,0.35,0,0,34.4,47.718,47.75,6446,18.94,52.8,0
1783523389.8964784,1235,6,person,0,545,232,650,365,0.791,597,298,-43,-62,1474,1526,0.35,0,0,34.4,47.718,47.75,6446,18.59,53.8,0
1783523389.9431713,1236,6,person,0,544,232,650,365,0.769,597,298,-43,-62,1473,1526,0.35,0,0,34.4,48.187,47.562,6446,19.25,52.0,0
1783523389.9887397,1237,6,person,0,545,232,651,365,0.756,598,298,-42,-62,1475,1526,0.35,0,0,34.4,48.187,47.562,6446,19.38,51.6,0
1783523390.0296597,1238,6,person,0,546,233,651,365,0.763,598,299,-42,-61,1473,1525,0.35,0,0,34.4,48.187,47.562,6446,19.1,52.4,0
1783523390.0767217,1239,6,person,0,549,234,653,366,0.777,601,300,-39,-60,1570,1524,0.35,0,0,34.4,48.187,47.562,6446,19.04,52.5,0
1783523390.123452,1240,6,person,0,549,234,653,366,0.765,601,300,-39,-60,1498,1526,0.35,0,0,34.4,48.187,47.562,6446,19.42,51.5,0
1783523390.1685863,1241,6,person,0,554,234,656,366,0.782,605,300,-35,-60,1498,1526,0.35,0,0,34.4,48.187,47.562,6446,18.79,53.2,0
1783523390.2147765,1242,6,person,0,554,234,656,366,0.783,605,300,-35,-60,1498,1526,0.35,0,0,34.4,48.187,47.562,6446,19.16,52.2,0
1783523390.2601097,1243,6,person,0,553,233,655,366,0.83,604,299,-36,-61,1498,1527,0.35,0,0,34.4,48.187,47.562,6446,19.17,52.2,0
1783523390.3052602,1244,6,person,0,555,232,657,366,0.821,606,299,-34,-61,1498,1526,0.35,0,0,34.4,48.187,47.562,6446,18.81,53.2,0
1783523390.3510702,1245,6,person,0,557,230,659,366,0.825,608,298,-32,-62,1498,1527,0.35,0,0,34.4,48.187,47.562,6446,19.18,52.1,0
1783523390.3962314,1246,6,person,0,559,227,661,366,0.831,610,296,-30,-64,1498,1529,0.35,0,0,34.4,48.187,47.562,6446,19.1,52.4,0
1783523390.4415731,1247,6,person,0,563,222,666,366,0.786,614,294,-26,-66,1498,1530,0.35,0,0,34.4,47.906,47.843,6407,18.73,53.4,0
1783523390.4875534,1248,6,person,0,565,218,668,366,0.782,616,292,-24,-68,1498,1531,0.35,0,0,34.4,47.906,47.843,6407,19.33,51.7,0
1783523390.5327413,1249,6,person,0,564,215,668,366,0.783,616,290,-24,-70,1498,1532,0.35,0,0,34.4,47.906,47.843,6407,18.78,53.2,0
1783523390.5734005,1250,6,person,0,563,205,671,367,0.726,617,286,-23,-74,1498,1536,0.35,0,0,34.4,47.906,47.843,6407,18.8,53.2,0
1783523390.62137,1251,6,person,0,564,197,674,367,0.778,619,282,-21,-78,1498,1537,0.35,0,0,34.4,47.906,47.843,6407,19.29,51.8,0
1783523390.6678386,1252,6,person,0,564,191,675,368,0.788,619,279,-21,-81,1498,1537,0.35,0,0,34.4,47.906,47.843,6407,18.64,53.6,0
1783523390.714115,1253,6,person,0,565,182,679,368,0.807,622,275,-18,-85,1498,1540,0.35,0,0,34.4,47.906,47.843,6407,19.17,52.2,0
1783523390.760208,1254,6,person,0,566,175,680,368,0.802,623,271,-17,-89,1498,1541,0.35,0,0,34.4,47.906,47.843,6407,19.13,52.3,0
1783523390.8060825,1255,6,person,0,565,162,683,368,0.817,624,265,-16,-95,1498,1546,0.35,0,0,34.4,47.906,47.843,6407,18.86,53.0,0
1783523390.852252,1256,6,person,0,564,152,684,368,0.813,624,260,-16,-100,1498,1547,0.35,0,0,34.4,47.906,47.843,6407,19.43,51.5,0
1783523390.8986511,1257,6,person,0,564,145,685,368,0.816,624,256,-16,-104,1498,1547,0.35,0,0,34.4,47.906,47.843,6407,18.92,52.8,0
1783523390.9443557,1258,6,person,0,562,132,687,369,0.834,624,250,-16,-110,1498,1552,0.35,0,0,34.4,48.093,47.968,6407,19.08,52.4,0
1783523390.9901664,1259,6,person,0,561,123,688,369,0.831,624,246,-16,-114,1498,1551,0.35,0,0,34.4,48.093,47.968,6407,19.39,51.6,0
1783523391.0386016,1260,6,person,0,562,118,688,369,0.846,625,243,-15,-117,1498,1551,0.35,0,0,34.4,48.093,47.968,6407,21.23,47.1,0
1783523391.0845904,1261,6,person,0,562,115,687,369,0.847,624,242,-16,-118,1498,1550,0.35,0,0,34.4,48.093,47.968,6407,19.32,51.8,0
1783523391.1252198,1262,6,person,0,563,114,687,370,0.844,625,242,-15,-118,1498,1549,0.35,0,0,34.4,48.093,47.968,6407,19.25,52.0,0
1783523391.1726449,1263,6,person,0,562,110,686,372,0.839,624,241,-16,-119,1498,1550,0.35,0,0,34.4,48.093,47.968,6407,18.77,53.3,0
1783523391.2203422,1264,6,person,0,561,108,684,373,0.833,622,240,-18,-120,1498,1551,0.35,0,0,34.4,48.093,47.968,6407,19.32,51.7,0
1783523391.2664378,1265,6,person,0,562,107,683,373,0.82,622,240,-18,-120,1498,1550,0.35,0,0,34.4,48.093,47.968,6407,18.72,53.4,0
1783523391.3124387,1266,6,person,0,562,105,682,374,0.833,622,239,-18,-121,1498,1551,0.35,0,0,34.4,48.093,47.968,6407,19.02,52.6,0
1783523391.3578544,1267,6,person,0,563,105,681,375,0.836,622,240,-18,-120,1498,1548,0.35,0,0,34.4,48.093,47.968,6407,19.26,51.9,0
1783523391.4033504,1268,6,person,0,563,103,680,376,0.837,621,239,-19,-121,1498,1551,0.35,0,0,34.4,48.093,47.968,6407,18.8,53.2,0
1783523391.4486356,1269,6,person,0,562,101,678,377,0.844,620,239,-20,-121,1498,1550,0.35,0,0,34.4,48.093,47.968,6407,19.2,52.1,0
1783523391.4972053,1270,6,person,0,560,98,676,377,0.837,618,237,-22,-123,1498,1553,0.35,0,0,34.4,47.812,47.656,6407,22.32,44.8,0
1783523391.5428329,1271,6,person,0,558,92,674,377,0.816,616,234,-24,-126,1498,1555,0.35,0,0,34.4,47.812,47.656,6407,19.04,52.5,0
1783523391.5891695,1272,6,person,0,556,89,672,377,0.826,614,233,-26,-127,1498,1553,0.35,0,0,34.4,47.812,47.656,6407,19.31,51.8,0
1783523391.6345623,1273,6,person,0,555,88,670,377,0.833,612,232,-28,-128,1498,1554,0.35,0,0,34.4,47.812,47.656,6407,18.71,53.4,0
1783523391.6753767,1274,6,person,0,555,87,669,377,0.839,612,232,-28,-128,1498,1553,0.35,0,0,34.4,47.812,47.656,6407,18.88,53.0,0
1783523391.7224743,1275,6,person,0,555,86,668,377,0.841,611,231,-29,-129,1498,1554,0.35,0,0,34.4,47.812,47.656,6407,19.23,52.0,0
1783523391.7682755,1276,6,person,0,555,84,668,380,0.85,611,232,-29,-128,1498,1552,0.35,0,0,34.4,47.812,47.656,6407,18.71,53.5,0
1783523391.8146448,1277,6,person,0,555,84,668,382,0.852,611,233,-29,-127,1498,1551,0.35,0,0,34.4,47.812,47.656,6407,18.97,52.7,0
1783523391.8603306,1278,6,person,0,555,83,668,384,0.859,611,233,-29,-127,1498,1552,0.35,0,0,34.4,47.812,47.656,6407,19.1,52.3,0
1783523391.9058268,1279,6,person,0,556,84,669,385,0.849,612,234,-28,-126,1498,1551,0.35,0,0,34.4,47.812,47.656,6407,18.59,53.8,0
1783523391.9522824,1280,6,person,0,556,86,668,387,0.85,612,236,-28,-124,1498,1549,0.35,0,0,34.4,47.812,47.656,6407,19.49,51.3,0
1783523391.9978395,1281,6,person,0,558,87,669,390,0.844,613,238,-27,-122,1498,1548,0.35,0,0,34.4,47.843,47.593,6407,19.13,52.3,0
1783523392.0439444,1282,6,person,0,559,87,670,391,0.834,614,239,-26,-121,1498,1549,0.35,0,0,34.4,47.843,47.593,6407,18.99,52.7,0
1783523392.0940754,1283,6,person,0,560,86,670,390,0.837,615,238,-25,-122,1498,1551,0.35,0,0,34.4,47.843,47.593,6407,22.62,44.2,0
1783523392.1401691,1284,6,person,0,562,83,672,391,0.84,617,237,-23,-123,1498,1552,0.35,0,0,34.4,47.843,47.593,6407,18.93,52.8,0
1783523392.1866202,1285,6,person,0,562,81,672,391,0.85,617,236,-23,-124,1498,1552,0.35,0,0,34.4,47.843,47.593,6407,19.21,52.1,0
1783523392.2269983,1286,6,person,0,562,80,672,392,0.853,617,236,-23,-124,1498,1551,0.35,0,0,34.4,47.843,47.593,6407,18.99,52.6,0
1783523392.2740896,1287,6,person,0,563,79,673,391,0.86,618,235,-22,-125,1498,1553,0.35,0,0,34.4,47.843,47.593,6407,18.9,52.9,0
1783523392.321113,1288,6,person,0,564,77,673,389,0.864,618,233,-22,-127,1498,1554,0.35,0,0,34.4,47.843,47.593,6407,19.23,52.0,0
1783523392.3672092,1289,6,person,0,563,75,674,390,0.87,618,232,-22,-128,1498,1554,0.35,0,0,34.4,47.843,47.593,6407,18.63,53.7,0
1783523392.417025,1290,6,person,0,562,73,674,393,0.871,618,233,-22,-127,1498,1551,0.35,0,0,34.4,47.843,47.593,6407,22.44,44.6,0
1783523392.4633665,1291,6,person,0,561,72,674,395,0.861,617,233,-23,-127,1498,1552,0.35,0,0,34.4,47.937,47.812,6407,19.1,52.3,0
1783523392.5096846,1292,6,person,0,559,71,674,396,0.869,616,233,-24,-127,1498,1552,0.35,0,0,34.4,47.937,47.812,6407,19.03,52.5,0
1783523392.5559099,1293,6,person,0,559,70,674,398,0.87,616,234,-24,-126,1498,1551,0.35,0,0,34.4,47.937,47.812,6407,19.2,52.1,0
1783523392.6013727,1294,6,person,0,557,68,674,399,0.863,615,233,-25,-127,1498,1553,0.35,0,0,34.4,47.937,47.812,6407,18.73,53.4,0
1783523392.648939,1295,6,person,0,554,64,672,400,0.856,613,232,-27,-128,1498,1554,0.35,0,0,34.4,47.937,47.812,6407,19.75,50.6,0
1783523392.698666,1296,6,person,0,548,61,669,401,0.862,608,231,-32,-129,1498,1554,0.35,0,0,34.4,47.937,47.812,6407,21.9,45.7,0
1783523392.7460818,1297,6,person,0,542,57,665,402,0.873,603,229,-37,-131,1498,1556,0.35,0,0,34.4,47.937,47.812,6407,19.58,51.1,0
1783523392.7878406,1298,6,person,0,539,55,662,402,0.868,600,228,-40,-132,1498,1555,0.35,0,0,34.4,47.937,47.812,6407,19.51,51.2,0
1783523392.835679,1299,6,person,0,537,52,662,402,0.865,599,227,-41,-133,1405,1556,0.35,0,0,34.4,47.937,47.812,6407,18.74,53.4,0
1783523392.8840454,1300,6,person,0,538,50,663,401,0.879,600,225,-40,-135,1566,1558,0.35,0,0,34.4,47.937,47.812,6407,19.54,51.2,0
1783523392.9302413,1301,6,person,0,538,49,665,401,0.877,601,225,-39,-135,1498,1556,0.35,0,0,34.4,47.937,47.812,6407,19.18,52.1,0
1783523392.9767022,1302,6,person,0,537,45,665,400,0.891,601,222,-39,-138,1498,1560,0.35,0,0,34.4,47.906,48.25,6407,19.03,52.5,0
1783523393.0231957,1303,6,person,0,535,44,665,402,0.898,600,223,-40,-137,1498,1555,0.35,0,0,34.4,47.906,48.25,6407,19.36,51.6,0
1783523393.069231,1304,6,person,0,531,40,665,406,0.91,598,223,-42,-137,1400,1556,0.35,0,0,34.4,47.906,48.25,6407,18.81,53.2,0
1783523393.1158826,1305,6,person,0,530,38,665,410,0.91,597,224,-43,-136,1471,1555,0.35,0,0,34.4,47.906,48.25,6407,19.28,51.9,0
1783523393.162239,1306,6,person,0,529,37,667,414,0.907,598,225,-42,-135,1475,1554,0.35,0,0,34.4,47.906,48.25,6407,19.12,52.3,0
1783523393.2081888,1307,6,person,0,529,35,667,415,0.908,598,225,-42,-135,1473,1556,0.35,0,0,34.4,47.906,48.25,6407,18.96,52.7,0
1783523393.2545497,1308,6,person,0,530,35,668,417,0.905,599,226,-41,-134,1475,1554,0.35,0,0,34.4,47.906,48.25,6407,19.19,52.1,0
1783523393.3002453,1309,6,person,0,529,33,668,419,0.901,598,226,-42,-134,1471,1555,0.35,0,0,34.4,47.906,48.25,6407,18.95,52.8,0
1783523393.3408144,1310,6,person,0,530,30,669,421,0.893,599,225,-41,-135,1475,1557,0.35,0,0,34.4,47.906,48.25,6407,19.03,52.5,0
1783523393.389002,1311,6,person,0,530,27,670,422,0.896,600,224,-40,-136,1566,1557,0.35,0,0,34.4,47.906,48.25,6407,19.3,51.8,0
1783523393.4356935,1312,6,person,0,531,20,673,423,0.899,602,221,-38,-139,1498,1560,0.35,0,0,34.4,47.906,48.25,6407,18.86,53.0,0
1783523393.483731,1313,6,person,0,532,17,675,423,0.905,603,220,-37,-140,1498,1559,0.35,0,0,34.4,47.812,48.093,6407,19.46,51.4,0
1783523393.5304837,1314,6,person,0,533,14,677,423,0.904,605,218,-35,-142,1498,1560,0.35,0,0,34.4,47.812,48.093,6407,19.31,51.8,0
1783523393.5771515,1315,6,person,0,534,12,680,424,0.884,607,218,-33,-142,1498,1558,0.35,0,0,34.4,47.812,48.093,6407,19.02,52.6,0
1783523393.6239974,1316,6,person,0,535,11,681,424,0.893,608,217,-32,-143,1498,1560,0.35,0,0,34.4,47.812,48.093,6407,19.21,52.0,0
1783523393.6699414,1317,6,person,0,536,8,685,423,0.891,610,215,-30,-145,1498,1562,0.35,0,0,34.4,47.812,48.093,6407,18.89,52.9,0
1783523393.7164302,1318,6,person,0,536,4,688,424,0.896,612,214,-28,-146,1498,1561,0.35,0,0,34.4,47.812,48.093,6407,19.23,52.0,0
1783523393.7618113,1319,6,person,0,535,1,690,426,0.893,612,213,-28,-147,1498,1561,0.35,0,0,34.4,47.812,48.093,6407,19.0,52.6,0
1783523393.8101616,1320,6,person,0,536,0,693,428,0.893,614,214,-26,-146,1498,1559,0.35,0,0,34.4,47.812,48.093,6407,21.02,47.6,0
1783523393.856561,1321,6,person,0,536,0,695,427,0.885,615,213,-25,-147,1498,1561,0.35,0,0,34.4,47.812,48.093,6407,19.11,52.3,0
1783523393.9009564,1322,6,person,0,534,0,693,428,0.89,613,214,-27,-146,1498,1559,0.35,0,0,34.4,47.812,48.093,6407,22.27,44.9,0
1783523393.94827,1323,6,person,0,531,0,692,429,0.889,611,214,-29,-146,1498,1560,0.35,0,0,34.4,47.812,48.093,6407,19.1,52.4,0
1783523393.9949925,1324,6,person,0,530,0,690,428,0.887,610,214,-30,-146,1498,1560,0.35,0,0,34.4,47.812,48.0,6446,18.75,53.3,0
1783523394.0416064,1325,6,person,0,527,0,687,428,0.889,607,214,-33,-146,1498,1560,0.35,0,0,34.4,47.812,48.0,6446,19.06,52.5,0
1783523394.088195,1326,6,person,0,526,0,687,429,0.889,606,214,-34,-146,1498,1560,0.35,0,0,34.4,47.812,48.0,6446,19.1,52.3,0
1783523394.1338847,1327,6,person,0,525,0,686,429,0.888,605,214,-35,-146,1498,1560,0.35,0,0,34.4,47.812,48.0,6446,18.61,53.7,0
1783523394.1793168,1328,6,person,0,523,0,684,429,0.894,603,214,-37,-146,1498,1560,0.35,0,0,34.4,47.812,48.0,6446,19.1,52.4,0
1783523394.2249167,1329,6,person,0,521,1,684,428,0.896,602,214,-38,-146,1498,1560,0.35,0,0,34.4,47.812,48.0,6446,19.01,52.6,0
1783523394.2708533,1330,6,person,0,520,0,684,432,0.904,602,216,-38,-144,1498,1557,0.35,0,0,34.4,47.812,48.0,6446,18.93,52.8,0
1783523394.3170452,1331,6,person,0,519,0,685,435,0.912,602,217,-38,-143,1498,1558,0.35,0,0,34.4,47.812,48.0,6446,19.18,52.1,0
1783523394.363714,1332,6,person,0,519,1,686,436,0.902,602,218,-38,-142,1498,1557,0.35,0,0,34.4,47.812,48.0,6446,18.82,53.1,0
1783523394.409876,1333,6,person,0,521,1,689,436,0.903,605,218,-35,-142,1498,1558,0.35,0,0,34.4,47.812,48.0,6446,19.08,52.4,0
1783523394.4505467,1334,6,person,0,523,1,691,436,0.909,607,218,-33,-142,1498,1558,0.35,0,0,34.4,47.812,48.0,6446,19.14,52.2,0
1783523394.5031776,1335,6,person,0,524,1,693,436,0.914,608,218,-32,-142,1498,1558,0.35,0,0,34.4,47.875,47.968,6446,24.32,41.1,0
1783523394.550539,1336,6,person,0,529,2,697,436,0.916,613,219,-27,-141,1498,1557,0.35,0,0,34.4,47.875,47.968,6446,19.47,51.4,0
1783523394.597212,1337,6,person,0,531,3,699,436,0.918,615,219,-25,-141,1498,1558,0.35,0,0,34.4,47.875,47.968,6446,18.93,52.8,0
1783523394.6438663,1338,6,person,0,535,2,703,435,0.916,619,218,-21,-142,1498,1559,0.35,0,0,34.4,47.875,47.968,6446,19.19,52.1,0
1783523394.6904655,1339,6,person,0,536,2,705,436,0.915,620,219,-20,-141,1498,1557,0.35,0,0,34.4,47.875,47.968,6446,19.18,52.1,0
1783523394.7371323,1340,6,person,0,541,2,711,436,0.914,626,219,-14,-141,1498,1558,0.35,0,0,34.4,47.875,47.968,6446,18.73,53.4,0
1783523394.7838812,1341,6,person,0,544,3,715,436,0.922,629,219,-11,-141,1498,1558,0.35,0,0,34.4,47.875,47.968,6446,19.31,51.8,0
1783523394.8300452,1342,6,person,0,546,3,719,436,0.922,632,219,-8,-141,1498,1558,0.35,0,0,34.4,47.875,47.968,6446,19.2,52.1,0
1783523394.8769815,1343,6,person,0,550,2,725,436,0.917,637,219,-3,-141,1498,1558,0.35,0,0,34.4,47.875,47.968,6446,19.62,51.0,0
1783523394.9239073,1344,6,person,0,553,1,731,435,0.924,642,218,2,-142,1498,1559,0.35,0,0,34.4,47.875,47.968,6446,19.37,51.6,0
1783523394.970986,1345,6,person,0,558,2,739,436,0.916,648,219,8,-141,1498,1557,0.35,0,0,34.4,47.875,47.968,6446,19.5,51.3,0
1783523395.0121944,1346,6,person,0,564,2,747,436,0.913,655,219,15,-141,1498,1558,0.35,0,0,34.4,48.281,47.843,6446,19.49,51.3,0
1783523395.060518,1347,6,person,0,566,1,753,438,0.908,659,219,19,-141,1498,1558,0.35,0,0,34.4,48.281,47.843,6446,19.14,52.2,0
1783523395.1106443,1348,6,person,0,570,0,759,435,0.911,664,217,24,-143,1498,1561,0.35,0,0,34.4,48.281,47.843,6446,20.7,48.3,0
1783523395.1581202,1349,6,person,0,573,0,764,435,0.919,668,217,28,-143,1498,1559,0.35,0,0,34.4,48.281,47.843,6446,19.39,51.6,0
1783523395.2078664,1350,6,person,0,576,0,768,435,0.924,672,217,32,-143,1498,1559,0.35,0,0,34.4,48.281,47.843,6446,21.64,46.2,0
1783523395.2566102,1351,6,person,0,576,0,769,435,0.916,672,217,32,-143,1498,1559,0.35,0,0,34.4,48.281,47.843,6446,19.53,51.2,0
1783523395.3023021,1352,6,person,0,576,1,768,435,0.879,672,218,32,-142,1498,1557,0.35,0,0,34.4,48.281,47.843,6446,18.73,53.4,0
1783523395.3491044,1353,6,person,0,576,2,765,434,0.876,670,218,30,-142,1498,1558,0.35,0,0,34.4,48.281,47.843,6446,19.15,52.2,0
1783523395.3947482,1354,6,person,0,574,1,762,434,0.888,668,217,28,-143,1498,1560,0.35,0,0,34.4,48.281,47.843,6446,19.02,52.6,0
1783523395.4417977,1355,6,person,0,574,1,757,434,0.858,665,217,25,-143,1498,1559,0.35,0,0,34.4,48.281,47.843,6446,19.26,51.9,0
1783523395.4888585,1356,6,person,0,573,1,752,434,0.841,662,217,22,-143,1498,1559,0.35,0,0,34.4,48.281,47.843,6446,19.59,51.0,0
1783523395.5358691,1357,6,person,0,570,1,743,436,0.822,656,218,16,-142,1498,1557,0.35,0,0,34.4,47.843,48.031,6407,18.89,52.9,0
1783523395.5773544,1358,6,person,0,571,1,740,436,0.814,655,218,15,-142,1498,1558,0.35,0,0,34.4,47.843,48.031,6407,19.43,51.5,0
1783523395.6255767,1359,6,person,0,571,1,736,436,0.823,653,218,13,-142,1498,1558,0.35,0,0,34.4,47.843,48.031,6407,19.38,51.6,0
1783523395.6724615,1360,6,person,0,578,0,741,437,0.86,659,218,19,-142,1498,1558,0.35,0,0,34.4,47.843,48.031,6407,19.12,52.3,0
1783523395.7196589,1361,6,person,0,583,0,745,435,0.864,664,217,24,-143,1498,1560,0.35,0,0,34.4,47.843,48.031,6407,19.44,51.4,0
1783523395.7660136,1362,6,person,0,588,0,750,435,0.869,669,217,29,-143,1498,1559,0.35,0,0,34.4,47.843,48.031,6407,18.7,53.5,0
1783523395.812166,1363,6,person,0,592,1,755,434,0.88,673,217,33,-143,1498,1559,0.35,0,0,34.4,47.843,48.031,6407,18.97,52.7,0
1783523395.8589253,1364,6,person,0,593,2,757,432,0.896,675,217,35,-143,1498,1559,0.35,0,0,34.4,47.843,48.031,6407,19.01,52.6,0
1783523395.9045696,1365,6,person,0,592,2,759,432,0.914,675,217,35,-143,1498,1559,0.35,0,0,34.4,47.843,48.031,6407,18.84,53.1,0
1783523395.9503357,1366,6,person,0,589,3,760,432,0.917,674,217,34,-143,1498,1559,0.35,0,0,34.4,47.843,48.031,6407,19.31,51.8,0
1783523395.9952564,1367,6,person,0,586,3,760,432,0.919,673,217,33,-143,1498,1559,0.35,0,0,34.4,47.843,48.031,6407,18.93,52.8,0
1783523396.0410147,1368,6,person,0,580,2,757,432,0.919,668,217,28,-143,1498,1559,0.35,0,0,34.4,48.125,48.093,6565,19.07,52.4,0
1783523396.0865722,1369,6,person,0,575,2,755,432,0.914,665,217,25,-143,1498,1559,0.35,0,0,34.4,48.125,48.093,6565,19.03,52.5,0
1783523396.126701,1370,6,person,0,571,1,752,431,0.91,661,216,21,-144,1498,1560,0.35,0,0,34.4,48.125,48.093,6565,18.75,53.3,0
1783523396.175284,1371,6,person,0,562,2,745,433,0.902,653,217,13,-143,1498,1558,0.35,0,0,34.4,48.125,48.093,6565,19.1,52.4,0
1783523396.2230244,1372,6,person,0,557,3,740,433,0.902,648,218,8,-142,1498,1557,0.35,0,0,34.4,48.125,48.093,6565,19.09,52.4,0
1783523396.2690966,1373,6,person,0,551,3,734,433,0.898,642,218,2,-142,1498,1558,0.35,0,0,34.4,48.125,48.093,6565,18.61,53.7,0
1783523396.316047,1374,6,person,0,546,2,729,433,0.896,637,217,-3,-143,1498,1560,0.35,0,0,34.4,48.125,48.093,6565,19.04,52.5,0
1783523396.3615184,1375,6,person,0,542,2,725,433,0.906,633,217,-7,-143,1498,1559,0.35,0,0,34.4,48.125,48.093,6565,18.74,53.4,0
1783523396.4072673,1376,6,person,0,539,2,721,434,0.911,630,218,-10,-142,1498,1557,0.35,0,0,34.4,48.125,48.093,6565,18.87,53.0,0
1783523396.4536414,1377,6,person,0,537,3,719,435,0.912,628,219,-12,-141,1498,1557,0.35,0,0,34.4,48.125,48.093,6565,19.15,52.2,0
1783523396.4996252,1378,6,person,0,537,3,718,435,0.917,627,219,-13,-141,1498,1558,0.35,0,0,34.4,48.125,48.093,6565,18.69,53.5,0
1783523396.545221,1379,6,person,0,537,2,718,435,0.91,627,218,-13,-142,1498,1559,0.35,0,0,34.4,48.0,48.0,6565,19.02,52.6,0
1783523396.5942852,1380,6,person,0,539,2,718,435,0.906,628,218,-12,-142,1498,1558,0.35,0,0,34.4,48.0,48.0,6565,22.35,44.7,0
1783523396.642618,1381,6,person,0,542,2,721,436,0.89,631,219,-9,-141,1498,1557,0.35,0,0,34.4,48.0,48.0,6565,19.06,52.5,0
1783523396.6835809,1382,6,person,0,544,2,723,437,0.895,633,219,-7,-141,1498,1558,0.35,0,0,34.4,48.0,48.0,6565,19.43,51.5,0
1783523396.730486,1383,6,person,0,548,3,725,436,0.892,636,219,-4,-141,1498,1558,0.35,0,0,34.4,48.0,48.0,6565,18.62,53.7,0
1783523396.7775893,1384,6,person,0,552,2,728,436,0.908,640,219,0,-141,1498,1558,0.35,0,0,34.4,48.0,48.0,6565,19.02,52.6,0
1783523396.8241973,1385,6,person,0,555,1,730,435,0.913,642,218,2,-142,1498,1559,0.35,0,0,34.4,48.0,48.0,6565,19.13,52.3,0
1783523396.8704753,1386,6,person,0,560,0,736,435,0.914,648,217,8,-143,1498,1560,0.35,0,0,34.4,48.0,48.0,6565,18.78,53.3,0
1783523396.9175467,1387,6,person,0,564,1,739,435,0.903,651,218,11,-142,1498,1557,0.35,0,0,34.4,48.0,48.0,6565,19.26,51.9,0
1783523396.9641209,1388,6,person,0,564,0,741,435,0.906,652,217,12,-143,1498,1560,0.35,0,0,34.4,48.0,48.0,6565,18.65,53.6,0
1783523397.010374,1389,6,person,0,565,0,741,436,0.895,653,218,13,-142,1498,1557,0.35,0,0,34.4,48.0,48.0,6565,19.29,51.8,0
1783523397.056909,1390,6,person,0,562,0,738,436,0.893,650,218,10,-142,1498,1558,0.35,0,0,34.4,47.875,47.968,6446,19.03,52.6,0
1783523397.1027951,1391,6,person,0,561,0,736,435,0.896,648,217,8,-143,1498,1560,0.35,0,0,34.4,47.875,47.968,6446,18.7,53.5,0
1783523397.1499789,1392,6,person,0,561,0,735,434,0.896,648,217,8,-143,1498,1559,0.35,0,0,34.4,47.875,47.968,6446,19.12,52.3,0
1783523397.195783,1393,6,person,0,561,0,735,433,0.901,648,216,8,-144,1498,1560,0.35,0,0,34.4,47.875,47.968,6446,18.91,52.9,0
1783523397.2362714,1394,6,person,0,563,2,735,433,0.91,649,217,9,-143,1498,1557,0.35,0,0,34.4,47.875,47.968,6446,18.94,52.8,0
1783523397.2845955,1395,6,person,0,565,5,734,433,0.912,649,219,9,-141,1498,1556,0.35,0,0,34.4,47.875,47.968,6446,19.05,52.5,0
1783523397.330897,1396,6,person,0,566,7,733,433,0.918,649,220,9,-140,1498,1556,0.35,0,0,34.4,47.875,47.968,6446,18.54,53.9,0
1783523397.376946,1397,6,person,0,567,12,731,433,0.914,649,222,9,-138,1498,1555,0.35,0,0,34.4,47.875,47.968,6446,19.06,52.5,0
1783523397.423593,1398,6,person,0,568,14,729,434,0.901,648,224,8,-136,1498,1554,0.35,0,0,34.4,47.875,47.968,6446,19.06,52.5,0
1783523397.4701679,1399,6,person,0,569,18,727,434,0.898,648,226,8,-134,1498,1553,0.35,0,0,34.4,47.875,47.968,6446,18.67,53.6,0
1783523397.51927,1400,6,person,0,569,20,724,434,0.896,646,227,6,-133,1498,1554,0.35,0,0,34.4,47.875,47.968,6446,19.81,50.5,0
1783523397.566176,1401,6,person,0,570,21,721,435,0.892,645,228,5,-132,1498,1553,0.35,0,0,34.4,48.0,47.937,6446,18.91,52.9,0
1783523397.612639,1402,6,person,0,569,23,718,435,0.895,643,229,3,-131,1498,1553,0.35,0,0,34.4,48.0,47.937,6446,19.01,52.6,0
1783523397.6587555,1403,6,person,0,569,24,715,433,0.896,642,228,2,-132,1498,1555,0.35,0,0,34.4,48.0,47.937,6446,18.81,53.2,0
1783523397.704607,1404,6,person,0,570,26,712,425,0.906,641,225,1,-135,1498,1559,0.35,0,0,34.4,48.0,47.937,6446,18.66,53.6,0
1783523397.7524695,1405,6,person,0,570,28,710,420,0.904,640,224,0,-136,1498,1557,0.35,0,0,34.4,48.0,47.937,6446,19.05,52.5,0
1783523397.7926855,1406,6,person,0,570,29,709,418,0.903,639,223,-1,-137,1498,1558,0.35,0,0,34.4,48.0,47.937,6446,18.83,53.1,0
1783523397.8403783,1407,6,person,0,569,31,709,418,0.899,639,224,-1,-136,1498,1555,0.35,0,0,34.4,48.0,47.937,6446,19.3,51.8,0
1783523397.8878477,1408,6,person,0,569,33,709,418,0.886,639,225,-1,-135,1498,1554,0.35,0,0,34.4,48.0,47.937,6446,19.16,52.2,0
1783523397.9340086,1409,6,person,0,569,35,708,418,0.885,638,226,-2,-134,1498,1554,0.35,0,0,34.4,48.0,47.937,6446,18.78,53.2,0
1783523397.9840724,1410,6,person,0,569,38,708,418,0.889,638,228,-2,-132,1498,1552,0.35,0,0,34.4,48.0,47.937,6446,21.95,45.6,0
1783523398.0324712,1411,6,person,0,568,40,707,419,0.886,637,229,-3,-131,1498,1553,0.35,0,0,34.4,47.906,48.093,6446,19.03,52.5,0
1783523398.0801442,1412,6,person,0,569,40,708,419,0.872,638,229,-2,-131,1498,1554,0.35,0,0,34.4,47.906,48.093,6446,19.33,51.7,0
1783523398.1282756,1413,6,person,0,569,42,707,419,0.866,638,230,-2,-130,1498,1552,0.35,0,0,34.4,47.906,48.093,6446,19.14,52.2,0
1783523398.1752298,1414,6,person,0,570,50,704,415,0.869,637,232,-3,-128,1498,1551,0.35,0,0,34.4,47.906,48.093,6446,19.35,51.7,0
1783523398.2225406,1415,6,person,0,571,52,702,413,0.862,636,232,-4,-128,1498,1553,0.35,0,0,34.4,47.906,48.093,6446,19.57,51.1,0
1783523398.269305,1416,6,person,0,571,55,699,411,0.865,635,233,-5,-127,1498,1551,0.35,0,0,34.4,47.906,48.093,6446,18.78,53.3,0
1783523398.3166153,1417,6,person,0,571,57,698,410,0.861,634,233,-6,-127,1498,1552,0.35,0,0,34.4,47.906,48.093,6446,19.4,51.5,0
1783523398.3574767,1418,6,person,0,572,58,696,407,0.874,634,232,-6,-128,1498,1554,0.35,0,0,34.4,47.906,48.093,6446,19.12,52.3,0
1783523398.406022,1419,6,person,0,571,60,693,402,0.895,632,231,-8,-129,1498,1554,0.35,0,0,34.4,47.906,48.093,6446,19.24,52.0,0
1783523398.4539816,1420,6,person,0,570,61,691,401,0.896,630,231,-10,-129,1498,1553,0.35,0,0,34.4,47.906,48.093,6446,19.23,52.0,0
1783523398.5007474,1421,6,person,0,570,64,690,400,0.897,630,232,-10,-128,1498,1552,0.35,0,0,34.4,47.906,48.093,6446,18.8,53.2,0
1783523398.548809,1422,6,person,0,571,65,689,400,0.899,630,232,-10,-128,1498,1553,0.35,0,0,34.4,48.031,48.281,6446,19.14,52.3,0
1783523398.5951514,1423,6,person,0,570,66,688,399,0.892,629,232,-11,-128,1498,1553,0.35,0,0,34.4,48.031,48.281,6446,19.06,52.5,0
1783523398.6420557,1424,6,person,0,568,71,684,398,0.881,626,234,-14,-126,1498,1550,0.35,0,0,34.4,48.031,48.281,6446,19.15,52.2,0
1783523398.689969,1425,6,person,0,566,73,681,398,0.874,623,235,-17,-125,1498,1550,0.35,0,0,34.4,48.031,48.281,6446,19.14,52.2,0
1783523398.7377052,1426,6,person,0,566,76,679,398,0.87,622,237,-18,-123,1498,1549,0.35,0,0,34.4,48.031,48.281,6446,18.94,52.8,0
1783523398.7848067,1427,6,person,0,565,79,677,399,0.876,621,239,-19,-121,1498,1548,0.35,0,0,34.4,48.031,48.281,6446,19.36,51.7,0
1783523398.8317332,1428,6,person,0,565,81,676,398,0.866,620,239,-20,-121,1498,1550,0.35,0,0,34.4,48.031,48.281,6446,18.85,53.1,0
1783523398.878105,1429,6,person,0,564,81,673,395,0.854,618,238,-22,-122,1498,1551,0.35,0,0,34.4,48.031,48.281,6446,19.17,52.2,0
1783523398.9198618,1430,6,person,0,563,81,670,394,0.834,616,237,-24,-123,1498,1552,0.35,0,0,34.4,48.031,48.281,6446,19.39,51.6,0
1783523398.9675705,1431,6,person,0,561,82,667,393,0.836,614,237,-26,-123,1498,1551,0.35,0,0,34.4,48.031,48.281,6446,19.11,52.3,0
1783523399.0157502,1432,6,person,0,560,82,665,390,0.856,612,236,-28,-124,1498,1552,0.35,0,0,34.4,48.031,48.281,6446,19.8,50.5,0
1783523399.0622911,1433,6,person,0,558,83,662,388,0.857,610,235,-30,-125,1498,1553,0.35,0,0,34.4,48.0,47.968,6446,19.21,52.1,0
1783523399.1097188,1434,6,person,0,553,83,658,388,0.883,605,235,-35,-125,1498,1552,0.35,0,0,34.4,48.0,47.968,6446,19.34,51.7,0
1783523399.1566076,1435,6,person,0,551,84,657,386,0.882,604,235,-36,-125,1498,1552,0.35,0,0,34.4,48.0,47.968,6446,19.08,52.4,0
1783523399.2024677,1436,6,person,0,553,85,659,386,0.875,606,235,-34,-125,1498,1552,0.35,0,0,34.4,48.0,47.968,6446,18.93,52.8,0
1783523399.2494016,1437,6,person,0,553,86,660,385,0.866,606,235,-34,-125,1498,1552,0.35,0,0,34.4,48.0,47.968,6446,19.3,51.8,0
1783523399.2983341,1438,6,person,0,553,87,660,385,0.869,606,236,-34,-124,1498,1550,0.35,0,0,34.4,48.0,47.968,6446,21.88,45.7,0
1783523399.343503,1439,6,person,0,552,90,659,385,0.844,605,237,-35,-123,1498,1550,0.35,0,0,34.4,48.0,47.968,6446,18.73,53.4,0
1783523399.3917885,1440,6,person,0,554,94,661,386,0.827,607,240,-33,-120,1498,1546,0.35,0,0,34.4,48.0,47.968,6446,20.91,47.8,0
1783523399.4371285,1441,6,person,0,557,97,662,386,0.839,609,241,-31,-119,1498,1548,0.35,0,0,34.4,48.0,47.968,6446,18.64,53.6,0
1783523399.477459,1442,6,person,0,559,98,662,385,0.845,610,241,-30,-119,1498,1549,0.35,0,0,34.4,48.0,47.968,6446,18.67,53.6,0
1783523399.5247705,1443,6,person,0,561,100,662,384,0.829,611,242,-29,-118,1498,1548,0.35,0,0,34.4,48.0,47.968,6446,19.18,52.1,0
1783523399.5712793,1444,6,person,0,563,101,662,381,0.834,612,241,-28,-119,1498,1550,0.35,0,0,34.4,47.937,47.906,6486,18.57,53.9,0
1783523399.6178882,1445,6,person,0,565,101,662,378,0.841,613,239,-27,-121,1498,1552,0.35,0,0,34.4,47.937,47.906,6486,18.92,52.9,0
1783523399.6631715,1446,6,person,0,565,101,661,376,0.856,613,238,-27,-122,1498,1551,0.35,0,0,34.4,47.937,47.906,6486,18.54,53.9,0
1783523399.708469,1447,6,person,0,565,103,660,375,0.87,612,239,-28,-121,1498,1549,0.35,0,0,34.4,47.937,47.906,6486,18.66,53.6,0
1783523399.7540286,1448,6,person,0,564,103,659,375,0.867,611,239,-29,-121,1498,1550,0.35,0,0,34.4,47.937,47.906,6486,18.88,53.0,0
1783523399.7992845,1449,6,person,0,564,104,658,374,0.863,611,239,-29,-121,1498,1550,0.35,0,0,34.4,47.937,47.906,6486,18.55,53.9,0
1783523399.8450568,1450,6,person,0,563,104,657,374,0.866,610,239,-30,-121,1498,1550,0.35,0,0,34.4,47.937,47.906,6486,18.85,53.1,0
1783523399.8903441,1451,6,person,0,564,106,657,375,0.856,610,240,-30,-120,1498,1548,0.35,0,0,34.4,47.937,47.906,6486,18.96,52.7,0
1783523399.9357793,1452,6,person,0,564,108,657,375,0.85,610,241,-30,-119,1498,1548,0.35,0,0,34.4,47.937,47.906,6486,18.61,53.7,0
1783523399.9810495,1453,6,person,0,565,110,657,375,0.847,611,242,-29,-118,1498,1548,0.35,0,0,34.4,47.937,47.906,6486,19.18,52.1,0
1783523400.0223248,1454,6,person,0,566,111,658,375,0.85,612,243,-28,-117,1498,1547,0.35,0,0,34.4,47.937,47.906,6486,19.41,51.5,0
1783523400.0690267,1455,6,person,0,565,113,656,375,0.858,610,244,-30,-116,1498,1547,0.35,0,0,34.4,48.218,47.812,6446,18.7,53.5,0
1783523400.115627,1456,6,person,0,564,113,654,375,0.863,609,244,-31,-116,1498,1548,0.35,0,0,34.4,48.218,47.812,6446,18.98,52.7,0
1783523400.1619105,1457,6,person,0,564,114,653,374,0.857,608,244,-32,-116,1498,1548,0.35,0,0,34.4,48.218,47.812,6446,19.25,51.9,0
1783523400.2070556,1458,6,person,0,562,114,651,374,0.852,606,244,-34,-116,1498,1548,0.35,0,0,34.4,48.218,47.812,6446,18.62,53.7,0
1783523400.252842,1459,6,person,0,563,115,650,372,0.855,606,243,-34,-117,1498,1549,0.35,0,0,34.4,48.218,47.812,6446,19.12,52.3,0
1783523400.298074,1460,6,person,0,563,115,649,369,0.842,606,242,-34,-118,1498,1550,0.35,0,0,34.4,48.218,47.812,6446,18.48,54.1,0
1783523400.3430939,1461,6,person,0,563,116,648,366,0.844,605,241,-35,-119,1498,1550,0.35,0,0,34.4,48.218,47.812,6446,18.6,53.8,0
1783523400.3882897,1462,6,person,0,563,116,648,365,0.844,605,240,-35,-120,1498,1551,0.35,0,0,34.4,48.218,47.812,6446,18.91,52.9,0
1783523400.432873,1463,6,person,0,565,117,649,364,0.832,607,240,-33,-120,1498,1550,0.35,0,0,34.4,48.218,47.812,6446,18.6,53.8,0
1783523400.47866,1464,6,person,0,566,118,649,364,0.837,607,241,-33,-119,1498,1548,0.35,0,0,34.4,48.218,47.812,6446,18.78,53.2,0
1783523400.5236676,1465,6,person,0,567,119,650,364,0.851,608,241,-32,-119,1498,1549,0.35,0,0,34.4,48.218,47.812,6446,18.86,53.0,0
1783523400.5635765,1466,6,person,0,567,121,649,364,0.852,608,242,-32,-118,1498,1547,0.35,0,0,34.4,47.875,48.093,6407,18.52,54.0,0
1783523400.6103454,1467,6,person,0,568,125,649,363,0.844,608,244,-32,-116,1498,1546,0.35,0,0,34.4,47.875,48.093,6407,18.65,53.6,0
1783523400.6566932,1468,6,person,0,570,127,651,362,0.842,610,244,-30,-116,1498,1548,0.35,0,0,34.4,47.875,48.093,6407,18.93,52.8,0
1783523400.7022219,1469,6,person,0,571,126,652,363,0.801,611,244,-29,-116,1498,1548,0.35,0,0,34.4,47.875,48.093,6407,18.51,54.0,0
1783523400.7506013,1470,6,person,0,571,126,653,363,0.791,612,244,-28,-116,1498,1548,0.35,0,0,34.4,47.875,48.093,6407,21.73,46.0,0
1783523400.7955472,1471,6,person,0,572,125,654,362,0.787,613,243,-27,-117,1498,1549,0.35,0,0,34.4,47.875,48.093,6407,19.0,52.6,0
1783523400.8411803,1472,6,person,0,576,124,658,362,0.788,617,243,-23,-117,1498,1548,0.35,0,0,34.4,47.875,48.093,6407,18.73,53.4,0
1783523400.886725,1473,6,person,0,578,122,660,361,0.794,619,241,-21,-119,1498,1551,0.35,0,0,34.4,47.875,48.093,6407,18.95,52.8,0
1783523400.931875,1474,6,person,0,581,122,664,360,0.8,622,241,-18,-119,1498,1549,0.35,0,0,34.4,47.875,48.093,6407,18.48,54.1,0
1783523400.977022,1475,6,person,0,584,121,667,359,0.806,625,240,-15,-120,1498,1551,0.35,0,0,34.4,47.875,48.093,6407,18.73,53.4,0
1783523401.022458,1476,6,person,0,587,121,670,359,0.799,628,240,-12,-120,1498,1550,0.35,0,0,34.4,47.875,48.093,6407,18.86,53.0,0
1783523401.06707,1477,6,person,0,590,120,674,360,0.822,632,240,-8,-120,1498,1550,0.35,0,0,34.4,48.187,48.0,6446,18.47,54.1,0
1783523401.111148,1478,6,person,0,591,120,676,360,0.828,633,240,-7,-120,1498,1550,0.35,0,0,34.4,48.187,48.0,6446,22.51,44.4,0
1783523401.158391,1479,6,person,0,593,120,678,360,0.783,635,240,-5,-120,1498,1550,0.35,0,0,34.4,48.187,48.0,6446,18.91,52.9,0
1783523401.2046833,1480,6,person,0,598,122,681,357,0.675,639,239,-1,-121,1498,1551,0.35,0,0,34.4,48.187,48.0,6446,18.71,53.4,0
1783523401.251141,1481,6,person,0,599,123,683,359,0.737,641,241,1,-119,1498,1547,0.35,0,0,34.4,48.187,48.0,6446,19.05,52.5,0
1783523401.2965546,1482,6,person,0,601,125,685,360,0.766,643,242,3,-118,1498,1548,0.35,0,0,34.4,48.187,48.0,6446,18.64,53.7,0
1783523401.3418276,1483,6,person,0,604,131,686,359,0.766,645,245,5,-115,1498,1544,0.35,0,0,34.4,48.187,48.0,6446,18.64,53.6,0
1783523401.3871949,1484,6,person,0,606,136,686,359,0.774,646,247,6,-113,1498,1544,0.35,0,0,34.4,48.187,48.0,6446,18.91,52.9,0
1783523401.431805,1485,6,person,0,608,139,688,359,0.787,648,249,8,-111,1498,1544,0.35,0,0,34.4,48.187,48.0,6446,18.57,53.8,0
1783523401.4770892,1486,6,person,0,611,140,689,357,0.764,650,248,10,-112,1498,1547,0.35,0,0,34.4,48.187,48.0,6446,18.63,53.7,0
1783523401.522324,1487,6,person,0,613,140,689,356,0.753,651,248,11,-112,1498,1546,0.35,0,0,34.4,48.187,48.0,6446,18.88,53.0,0
1783523401.567097,1488,6,person,0,616,141,692,358,0.667,654,249,14,-111,1498,1545,0.35,0,0,34.4,47.968,47.968,6407,18.68,53.5,0
1783523401.6127577,1489,6,person,0,620,141,693,354,0.681,656,247,16,-113,1498,1549,0.35,0,0,34.4,47.968,47.968,6407,19.12,52.3,0
1783523401.6536443,1490,6,person,0,623,141,698,357,0.67,660,249,20,-111,1498,1543,0.35,0,0,34.4,47.968,47.968,6407,19.09,52.4,0
1783523401.7031646,1491,6,person,0,623,140,697,359,0.56,660,249,20,-111,1498,1546,0.35,0,0,34.4,47.968,47.968,6407,21.26,47.0,0
1783523401.749735,1492,6,person,0,629,139,705,363,0.583,667,251,27,-109,1498,1543,0.35,0,0,34.4,47.968,47.968,6407,19.16,52.2,0
1783523401.7958724,1493,6,person,0,631,140,709,366,0.59,670,253,30,-107,1498,1542,0.35,0,0,34.4,47.968,47.968,6407,18.65,53.6,0
1783523401.8420684,1494,6,person,0,632,141,711,364,0.604,671,252,31,-108,1498,1546,0.35,0,0,34.4,47.968,47.968,6407,18.98,52.7,0
1783523401.887607,1495,6,person,0,634,141,715,367,0.527,674,254,34,-106,1498,1542,0.35,0,0,34.4,47.968,47.968,6407,18.98,52.7,0
1783523401.9327493,1496,6,person,0,633,141,712,358,0.539,672,249,32,-111,1498,1551,0.35,0,0,34.4,47.968,47.968,6407,18.72,53.4,0
1783523401.979249,1497,6,person,0,633,141,712,353,0.488,672,247,32,-113,1498,1549,0.35,0,0,34.4,47.968,47.968,6407,19.06,52.5,0
1783523402.0225477,1498,,,,,,,,,,,,,1500,1500,0.35,0,0,34.4,47.968,47.968,6407,18.21,54.9,1
1783523402.0685613,1499,6,person,0,639,142,715,346,0.705,677,244,37,-116,1500,1650,0.35,0,0,34.4,47.968,47.968,6407,18.86,53.0,0
1783523402.1191185,1500,6,person,0,643,142,718,344,0.605,680,243,40,-117,1500,1547,0.35,0,0,34.4,48.156,47.968,6407,22.84,43.8,0
1783523402.164074,1501,6,person,0,650,142,721,333,0.493,685,237,45,-123,1607,1556,0.35,0,0,34.4,48.156,47.968,6407,18.74,53.4,0
1783523402.20427,1502,6,person,0,655,142,725,337,0.723,690,239,50,-121,1540,1546,0.35,0,0,34.4,48.156,47.968,6407,18.76,53.3,0
1783523402.2524104,1503,6,person,0,657,142,728,344,0.729,692,243,52,-117,1534,1543,0.35,0,0,34.4,48.156,47.968,6407,19.08,52.4,0
1783523402.3002844,1504,6,person,0,659,141,732,355,0.711,695,248,55,-112,1538,1540,0.35,0,0,34.4,48.156,47.968,6407,20.63,48.5,0
1783523402.346686,1505,6,person,0,660,142,732,355,0.678,696,248,56,-112,1535,1545,0.35,0,0,34.4,48.156,47.968,6407,19.29,51.9,0
1783523402.3921788,1506,6,person,0,662,143,730,351,0.656,696,247,56,-113,1534,1547,0.35,0,0,34.4,48.156,47.968,6407,18.93,52.8,0
1783523402.4373412,1507,6,person,0,666,144,733,349,0.718,699,246,59,-114,1541,1547,0.35,0,0,34.4,48.156,47.968,6407,18.85,53.0,0
1783523402.4830096,1508,6,person,0,669,146,736,350,0.782,702,248,62,-112,1543,1543,0.35,0,0,34.4,48.156,47.968,6407,19.03,52.5,0
1783523402.5285919,1509,6,person,0,672,147,738,348,0.76,705,247,65,-113,1544,1547,0.35,0,0,34.4,48.156,47.968,6407,18.69,53.5,0
1783523402.5744069,1510,6,person,0,675,148,741,350,0.852,708,249,68,-111,1546,1543,0.35,0,0,34.4,48.156,47.968,6407,19.08,52.4,0
1783523402.620019,1511,6,person,0,678,150,744,350,0.851,711,250,71,-110,1548,1544,0.35,0,0,34.4,48.0,47.875,6446,19.12,52.3,0
1783523402.6651862,1512,6,person,0,679,150,747,351,0.839,713,250,73,-110,1548,1545,0.35,0,0,34.4,48.0,47.875,6446,18.62,53.7,0
1783523402.7108939,1513,6,person,0,679,151,748,350,0.816,713,250,73,-110,1544,1545,0.35,0,0,34.4,48.0,47.875,6446,18.91,52.9,0
1783523402.7513206,1514,6,person,0,679,151,751,352,0.83,715,251,75,-109,1550,1543,0.35,0,0,34.4,48.0,47.875,6446,19.15,52.2,0
1783523402.7977233,1515,6,person,0,678,151,752,354,0.819,715,252,75,-108,1546,1543,0.35,0,0,34.4,48.0,47.875,6446,18.54,53.9,0
1783523402.8440084,1516,6,person,0,677,151,754,356,0.817,715,253,75,-107,1546,1543,0.35,0,0,34.4,48.0,47.875,6446,18.8,53.2,0
1783523402.8899114,1517,6,person,0,677,151,755,356,0.818,716,253,76,-107,1548,1544,0.35,0,0,34.4,48.0,47.875,6446,19.03,52.5,0
1783523402.9350789,1518,6,person,0,676,151,754,355,0.817,715,253,75,-107,1544,1544,0.35,0,0,34.4,48.0,47.875,6446,18.78,53.3,0
1783523402.9799483,1519,6,person,0,674,151,753,354,0.817,713,252,73,-108,1541,1546,0.35,0,0,34.4,48.0,47.875,6446,18.81,53.2,0
1783523403.0247278,1520,6,person,0,672,151,751,355,0.836,711,253,71,-107,1540,1543,0.35,0,0,34.4,48.0,47.875,6446,18.5,54.1,0
1783523403.0702887,1521,6,person,0,670,150,747,354,0.849,708,252,68,-108,1537,1546,0.35,0,0,34.4,48.0,47.875,6446,18.87,53.0,0
1783523403.115707,1522,6,person,0,668,150,744,352,0.86,706,251,66,-109,1538,1546,0.35,0,0,34.4,48.062,48.062,6446,18.98,52.7,0
1783523403.1599338,1523,6,person,0,666,149,742,352,0.852,704,250,64,-110,1536,1547,0.35,0,0,34.4,48.062,48.062,6446,18.79,53.2,0
1783523403.2053397,1524,6,person,0,662,149,738,352,0.812,700,250,60,-110,1531,1546,0.35,0,0,34.4,48.062,48.062,6446,18.72,53.4,0
1783523403.2499561,1525,6,person,0,657,147,734,353,0.778,695,250,55,-110,1526,1546,0.35,0,0,34.4,48.062,48.062,6446,18.81,53.2,0
1783523403.2900486,1526,6,person,0,654,147,730,354,0.798,692,250,52,-110,1527,1546,0.35,0,0,34.4,48.062,48.062,6446,18.67,53.6,0
1783523403.3367805,1527,6,person,0,649,147,726,358,0.769,687,252,47,-108,1521,1543,0.35,0,0,34.4,48.062,48.062,6446,18.62,53.7,0
1783523403.3838763,1528,6,person,0,646,147,723,358,0.756,684,252,44,-108,1523,1545,0.35,0,0,34.4,48.062,48.062,6446,18.8,53.2,0
1783523403.4291987,1529,6,person,0,645,147,722,356,0.758,683,251,43,-109,1526,1546,0.35,0,0,34.4,48.062,48.062,6446,18.52,54.0,0
1783523403.4768941,1530,6,person,0,640,147,718,358,0.807,679,252,39,-108,1430,1544,0.35,0,0,34.4,48.062,48.062,6446,20.94,47.8,0
1783523403.5258248,1531,6,person,0,638,147,718,360,0.83,678,253,38,-107,1502,1543,0.35,0,0,34.4,48.062,48.062,6446,22.03,45.4,0
1783523403.5712266,1532,6,person,0,635,147,716,362,0.813,675,254,35,-106,1502,1543,0.35,0,0,34.4,48.062,48.062,6446,18.77,53.3,0
1783523403.616042,1533,6,person,0,633,147,714,359,0.801,673,253,33,-107,1502,1545,0.35,0,0,34.4,47.968,48.093,6486,18.67,53.6,0
1783523403.6607203,1534,6,person,0,632,147,712,357,0.766,672,252,32,-108,1502,1546,0.35,0,0,34.4,47.968,48.093,6486,18.53,54.0,0
1783523403.705173,1535,6,person,0,628,147,708,356,0.688,668,251,28,-109,1502,1546,0.35,0,0,34.4,47.968,48.093,6486,18.57,53.8,0
1783523403.7501929,1536,6,person,0,627,148,709,359,0.652,668,253,28,-107,1502,1542,0.35,0,0,34.4,47.968,48.093,6486,18.77,53.3,0
1783523403.7943401,1537,6,person,0,624,147,703,353,0.607,663,250,23,-110,1502,1549,0.35,0,0,34.4,47.968,48.093,6486,18.48,54.1,0
1783523403.834539,1538,6,person,0,626,148,705,353,0.619,665,250,25,-110,1502,1546,0.35,0,0,34.4,47.968,48.093,6486,18.46,54.2,0
1783523403.8814323,1539,6,person,0,621,147,700,355,0.561,660,251,20,-109,1502,1544,0.35,0,0,34.4,47.968,48.093,6486,18.74,53.4,0
1783523403.927584,1540,6,person,0,617,147,694,355,0.657,655,251,15,-109,1502,1545,0.35,0,0,34.4,47.968,48.093,6486,18.53,54.0,0
1783523403.9730356,1541,6,person,0,612,147,688,356,0.668,650,251,10,-109,1502,1545,0.35,0,0,34.4,47.968,48.093,6486,18.5,54.0,0
1783523404.0181844,1542,6,person,0,608,147,683,357,0.71,645,252,5,-108,1502,1544,0.35,0,0,34.4,47.968,48.093,6486,18.59,53.8,0
1783523404.0630069,1543,6,person,0,605,147,679,357,0.704,642,252,2,-108,1502,1545,0.35,0,0,34.4,47.968,48.093,6486,18.41,54.3,0
1783523404.1114886,1544,6,person,0,601,146,674,357,0.666,637,251,-3,-109,1502,1546,0.35,0,0,34.4,48.0,47.937,6446,21.88,45.7,0
1783523404.1569924,1545,6,person,0,598,146,669,355,0.596,633,250,-7,-110,1502,1547,0.35,0,0,34.4,48.0,47.937,6446,18.56,53.9,0
1783523404.1963446,1546,,,,,,,,,,,,,1500,1500,0.35,0,0,34.4,48.0,47.937,6446,14.69,68.1,1
1783523404.2364929,1547,,,,,,,,,,,,,1500,1500,0.35,0,0,34.4,48.0,47.937,6446,14.73,67.9,1
1783523404.275213,1548,,,,,,,,,,,,,1500,1500,0.35,0,0,34.4,48.0,47.937,6446,14.62,68.4,1
1783523404.319353,1549,6,person,0,579,142,649,353,0.549,614,247,-26,-113,1500,1650,0.35,0,0,34.4,48.0,47.937,6446,18.77,53.3,0
1783523404.3592567,1550,6,person,0,577,143,646,355,0.569,611,249,-29,-111,1500,1542,0.35,0,0,34.4,48.0,47.937,6446,18.56,53.9,0
1783523404.4059515,1551,6,person,0,574,142,642,356,0.539,608,249,-32,-111,1500,1544,0.35,0,0,34.4,48.0,47.937,6446,18.54,53.9,0
1783523404.4522314,1552,6,person,0,569,141,637,355,0.677,603,248,-37,-112,1500,1546,0.35,0,0,34.4,48.0,47.937,6446,18.69,53.5,0
1783523404.4981034,1553,6,person,0,558,142,627,355,0.589,592,248,-48,-112,1387,1545,0.35,0,0,34.4,48.0,47.937,6446,18.47,54.1,0
1783523404.5437315,1554,6,person,0,552,141,624,354,0.582,588,247,-52,-113,1461,1546,0.35,0,0,34.4,48.0,47.937,6446,18.61,53.7,0
1783523404.5889978,1555,6,person,0,548,141,622,355,0.672,585,248,-55,-112,1461,1544,0.35,0,0,34.4,48.0,47.937,6446,18.62,53.7,0
1783523404.6331382,1556,6,person,0,543,141,619,352,0.37,581,246,-59,-114,1457,1548,0.35,0,0,34.4,48.437,48.031,6407,18.39,54.4,0
1783523404.6724298,1557,,,,,,,,,,,,,1500,1500,0.35,0,0,34.4,48.437,48.031,6407,14.75,67.8,1
1783523404.7128801,1558,,,,,,,,,,,,,1500,1500,0.35,0,0,34.4,48.437,48.031,6407,14.71,68.0,1
1783523404.750719,1559,,,,,,,,,,,,,1500,1500,0.35,0,0,34.4,48.437,48.031,6407,14.69,68.1,1
1783523404.7911696,1560,,,,,,,,,,,,,1500,1500,0.35,0,0,34.4,48.437,48.031,6407,17.2,58.2,1
1783523404.8297722,1561,,,,,,,,,,,,,1500,1500,0.35,0,0,34.4,48.437,48.031,6407,14.56,68.7,1
1783523404.8640158,1562,,,,,,,,,,,,,1500,1500,0.35,0,0,34.4,48.437,48.031,6407,14.51,68.9,1
1783523404.9043782,1563,,,,,,,,,,,,,1500,1500,0.35,0,0,34.4,48.437,48.031,6407,14.78,67.7,1
1783523404.9438946,1564,,,,,,,,,,,,,1500,1500,0.35,0,0,34.4,48.437,48.031,6407,14.86,67.3,1
1783523404.9883444,1565,6,person,0,522,141,602,350,0.361,562,245,-78,-115,1300,1650,0.35,0,0,34.4,48.437,48.031,6407,18.58,53.8,0
1783523405.0292683,1566,,,,,,,,,,,,,1500,1500,0.35,0,0,34.4,48.437,48.031,6407,14.74,67.9,1
1783523405.0752757,1567,6,person,0,526,141,603,349,0.64,564,245,-76,-115,1300,1650,0.35,0,0,34.4,48.437,48.031,6407,18.65,53.6,0
1783523405.1214514,1568,6,person,0,527,141,602,349,0.631,564,245,-76,-115,1454,1546,0.35,0,0,34.4,48.281,48.062,6526,18.67,53.6,0
1783523405.1662555,1569,6,person,0,525,144,600,349,0.645,562,246,-78,-114,1449,1544,0.35,0,0,34.4,48.281,48.062,6526,18.61,53.7,0
1783523405.2114577,1570,6,person,0,522,144,597,350,0.703,559,247,-81,-113,1445,1544,0.35,0,0,34.4,48.281,48.062,6526,18.94,52.8,0
1783523405.255886,1571,6,person,0,517,143,593,350,0.734,555,246,-85,-114,1441,1547,0.35,0,0,34.4,48.281,48.062,6526,18.7,53.5,0
1783523405.301224,1572,6,person,0,512,144,590,352,0.822,551,248,-89,-112,1438,1543,0.35,0,0,34.4,48.281,48.062,6526,18.56,53.9,0
1783523405.3465261,1573,6,person,0,509,143,589,352,0.812,549,247,-91,-113,1441,1546,0.35,0,0,34.4,48.281,48.062,6526,18.68,53.5,0
1783523405.3864417,1574,6,person,0,506,142,589,352,0.824,547,247,-93,-113,1439,1545,0.35,0,0,34.4,48.281,48.062,6526,18.55,53.9,0
1783523405.4328969,1575,6,person,0,494,140,578,353,0.843,536,246,-104,-114,1417,1547,0.35,0,0,34.4,48.281,48.062,6526,18.74,53.4,0
1783523405.4793413,1576,6,person,0,487,139,573,353,0.83,530,246,-110,-114,1422,1546,0.35,0,0,34.4,48.281,48.062,6526,18.8,53.2,0
1783523405.5250626,1577,6,person,0,483,138,571,352,0.791,527,245,-113,-115,1425,1548,0.35,0,0,34.4,48.281,48.062,6526,18.57,53.8,0
1783523405.5707746,1578,6,person,0,473,135,562,351,0.75,517,243,-123,-117,1407,1550,0.35,0,0,34.4,48.281,48.062,6526,18.62,53.7,0
1783523405.6166773,1579,6,person,0,465,135,539,314,0.562,502,224,-138,-136,1389,1576,0.35,0,0,34.4,48.343,48.156,6446,19.12,52.3,0
1783523405.662559,1580,6,person,0,458,134,526,298,0.666,492,216,-148,-144,1391,1567,0.35,0,0,34.4,48.343,48.156,6446,18.64,53.7,0
1783523405.7083519,1581,6,person,0,451,133,517,295,0.758,484,214,-156,-146,1390,1562,0.35,0,0,34.4,48.343,48.156,6446,18.82,53.1,0
1783523405.753972,1582,6,person,0,447,133,513,295,0.79,480,214,-160,-146,1394,1560,0.35,0,0,34.4,48.343,48.156,6446,18.91,52.9,0
1783523405.798059,1583,6,person,0,440,132,507,297,0.791,473,214,-167,-146,1384,1560,0.35,0,0,34.4,48.343,48.156,6446,18.53,54.0,0
1783523405.8430161,1584,6,person,0,437,131,504,297,0.81,470,214,-170,-146,1389,1560,0.35,0,0,34.4,48.343,48.156,6446,18.6,53.8,0
1783523405.8875484,1585,6,person,0,433,132,502,299,0.795,467,215,-173,-145,1387,1558,0.35,0,0,34.4,48.343,48.156,6446,18.64,53.7,0
1783523405.9290771,1586,6,person,0,433,131,501,299,0.77,467,215,-173,-145,1393,1560,0.35,0,0,34.4,48.343,48.156,6446,19.73,50.7,0
1783523405.9756706,1587,6,person,0,430,132,498,299,0.845,464,215,-176,-145,1386,1560,0.35,0,0,34.4,48.343,48.156,6446,18.65,53.6,0
1783523406.0218186,1588,6,person,0,428,132,496,299,0.864,462,215,-178,-145,1386,1560,0.35,0,0,34.4,48.343,48.156,6446,18.65,53.6,0
1783523406.066589,1589,6,person,0,427,132,495,300,0.824,461,216,-179,-144,1387,1558,0.35,0,0,34.4,48.343,48.156,6446,18.43,54.2,0
1783523406.1144435,1590,6,person,0,427,132,495,300,0.821,461,216,-179,-144,1389,1559,0.35,0,0,34.4,48.343,48.156,6446,21.0,47.6,0
1783523406.1585908,1591,6,person,0,428,131,496,300,0.823,462,215,-178,-145,1392,1561,0.35,0,0,34.4,48.218,48.312,6446,18.55,53.9,0
1783523406.203549,1592,6,person,0,428,129,498,303,0.812,463,216,-177,-144,1392,1558,0.35,0,0,34.4,48.218,48.312,6446,18.6,53.8,0
1783523406.2481382,1593,6,person,0,427,129,497,303,0.802,462,216,-178,-144,1388,1559,0.35,0,0,34.4,48.218,48.312,6446,18.95,52.8,0
1783523406.2928119,1594,6,person,0,426,130,497,302,0.812,461,216,-179,-144,1387,1559,0.35,0,0,34.4,48.218,48.312,6446,18.52,54.0,0
1783523406.3370824,1595,6,person,0,423,130,494,301,0.827,458,215,-182,-145,1382,1561,0.35,0,0,34.4,48.218,48.312,6446,18.57,53.8,0
1783523406.382479,1596,6,person,0,421,131,493,301,0.846,457,216,-183,-144,1385,1558,0.35,0,0,34.4,48.218,48.312,6446,18.59,53.8,0
1783523406.4269848,1597,6,person,0,418,131,491,301,0.823,454,216,-186,-144,1380,1559,0.35,0,0,34.4,48.218,48.312,6446,18.57,53.9,0
1783523406.4668946,1598,6,person,0,416,130,489,300,0.819,452,215,-188,-145,1380,1561,0.35,0,0,34.4,48.218,48.312,6446,18.52,54.0,0
1783523406.516847,1599,6,person,0,414,130,487,301,0.841,450,215,-190,-145,1379,1560,0.35,0,0,34.4,48.218,48.312,6446,22.21,45.0,0
1783523406.5622542,1600,6,person,0,411,130,486,302,0.837,448,216,-192,-144,1378,1558,0.35,0,0,34.4,48.218,48.312,6446,18.44,54.2,0
1783523406.6072702,1601,6,person,0,408,129,483,302,0.86,445,215,-195,-145,1374,1561,0.35,0,0,34.4,48.218,48.312,6446,18.63,53.7,0
1783523406.6526794,1602,6,person,0,408,129,482,301,0.855,445,215,-195,-145,1380,1560,0.35,0,0,34.4,48.187,48.031,6486,18.63,53.7,0
1783523406.6973734,1603,6,person,0,407,129,482,302,0.861,444,215,-196,-145,1377,1560,0.35,0,0,34.4,48.187,48.031,6486,18.49,54.1,0
1783523406.742916,1604,6,person,0,407,128,482,302,0.865,444,215,-196,-145,1379,1560,0.35,0,0,34.4,48.187,48.031,6486,18.63,53.7,0
1783523406.787369,1605,6,person,0,406,127,482,303,0.868,444,215,-196,-145,1379,1560,0.35,0,0,34.4,48.187,48.031,6486,18.64,53.7,0
1783523406.8317196,1606,6,person,0,406,125,483,304,0.881,444,214,-196,-146,1379,1561,0.35,0,0,34.4,48.187,48.031,6486,18.5,54.0,0
1783523406.8762772,1607,6,person,0,405,122,484,305,0.879,444,213,-196,-147,1379,1561,0.35,0,0,34.4,48.187,48.031,6486,18.62,53.7,0
1783523406.920934,1608,6,person,0,403,121,484,307,0.877,443,214,-197,-146,1377,1559,0.35,0,0,34.4,48.187,48.031,6486,18.53,54.0,0
1783523406.9651918,1609,6,person,0,403,119,485,307,0.876,444,213,-196,-147,1381,1561,0.35,0,0,34.4,48.187,48.031,6486,18.45,54.2,0
1783523407.0051775,1610,6,person,0,403,119,485,307,0.876,444,213,-196,-147,1379,1560,0.35,0,0,34.4,48.187,48.031,6486,18.51,54.0,0
1783523407.0513105,1611,6,person,0,403,119,485,305,0.879,444,212,-196,-148,1379,1562,0.35,0,0,34.4,48.187,48.031,6486,18.68,53.5,0
1783523407.096335,1612,6,person,0,404,118,486,305,0.863,445,211,-195,-149,1381,1562,0.35,0,0,34.4,48.187,48.031,6486,18.46,54.2,0
1783523407.1418574,1613,6,person,0,402,116,486,305,0.866,444,210,-196,-150,1377,1563,0.35,0,0,34.4,48.281,48.0,6446,18.53,54.0,0
1783523407.1868021,1614,6,person,0,401,115,486,305,0.868,443,210,-197,-150,1377,1562,0.35,0,0,34.4,48.281,48.0,6446,18.56,53.9,0
1783523407.2316883,1615,6,person,0,400,114,486,306,0.866,443,210,-197,-150,1378,1562,0.35,0,0,34.4,48.281,48.0,6446,18.57,53.8,0
1783523407.2767143,1616,6,person,0,399,113,486,306,0.868,442,209,-198,-151,1376,1563,0.35,0,0,34.4,48.281,48.0,6446,18.63,53.7,0
1783523407.32134,1617,6,person,0,399,112,486,306,0.856,442,209,-198,-151,1378,1562,0.35,0,0,34.4,48.281,48.0,6446,18.62,53.7,0
1783523407.3656373,1618,6,person,0,398,112,485,305,0.867,441,208,-199,-152,1375,1563,0.35,0,0,34.4,48.281,48.0,6446,18.47,54.1,0
1783523407.4100344,1619,6,person,0,397,113,483,305,0.873,440,209,-200,-151,1375,1561,0.35,0,0,34.4,48.281,48.0,6446,18.55,53.9,0
1783523407.4570026,1620,6,person,0,395,114,480,305,0.867,437,209,-203,-151,1370,1562,0.35,0,0,34.4,48.281,48.0,6446,20.7,48.3,0
1783523407.501848,1621,6,person,0,392,114,477,305,0.867,434,209,-206,-151,1368,1562,0.35,0,0,34.4,48.281,48.0,6446,18.51,54.0,0
1783523407.542476,1622,6,person,0,389,113,475,306,0.874,432,209,-208,-151,1368,1562,0.35,0,0,34.4,48.281,48.0,6446,18.64,53.7,0
1783523407.5889895,1623,6,person,0,387,112,474,307,0.863,430,209,-210,-151,1367,1562,0.35,0,0,34.4,48.281,48.0,6446,18.49,54.1,0
1783523407.6344297,1624,6,person,0,383,108,471,307,0.866,427,207,-213,-153,1363,1565,0.35,0,0,34.4,48.093,48.031,6446,18.52,54.0,0
1783523407.679686,1625,6,person,0,380,104,470,307,0.871,425,205,-215,-155,1364,1566,0.35,0,0,34.4,48.093,48.031,6446,18.83,53.1,0
1783523407.726228,1626,6,person,0,379,104,469,308,0.884,424,206,-216,-154,1365,1562,0.35,0,0,34.4,48.093,48.031,6446,19.78,50.5,0
1783523407.7708392,1627,6,person,0,375,101,467,307,0.867,421,204,-219,-156,1360,1566,0.35,0,0,34.4,48.093,48.031,6446,18.56,53.9,0
1783523407.8161108,1628,6,person,0,373,99,466,307,0.869,419,203,-221,-157,1360,1565,0.35,0,0,34.4,48.093,48.031,6446,18.66,53.6,0
1783523407.8605773,1629,6,person,0,372,98,466,307,0.871,419,202,-221,-158,1364,1566,0.35,0,0,34.4,48.093,48.031,6446,18.47,54.1,0
1783523407.9051368,1630,6,person,0,369,97,464,308,0.877,416,202,-224,-158,1357,1565,0.35,0,0,34.4,48.093,48.031,6446,18.53,54.0,0
1783523407.9507918,1631,6,person,0,368,96,463,308,0.879,415,202,-225,-158,1360,1565,0.35,0,0,34.4,48.093,48.031,6446,18.67,53.6,0
1783523407.9957683,1632,6,person,0,366,96,462,309,0.876,414,202,-226,-158,1359,1565,0.35,0,0,34.4,48.093,48.031,6446,18.46,54.2,0
1783523408.0403488,1633,6,person,0,366,96,460,308,0.879,413,202,-227,-158,1359,1565,0.35,0,0,34.4,48.093,48.031,6446,18.57,53.9,0
1783523408.0804896,1634,6,person,0,365,96,459,308,0.873,412,202,-228,-158,1358,1565,0.35,0,0,34.4,48.093,48.031,6446,18.69,53.5,0
1783523408.126682,1635,6,person,0,365,96,458,308,0.874,411,202,-229,-158,1357,1565,0.35,0,0,34.4,48.093,48.031,6446,18.57,53.9,0
1783523408.1720223,1636,6,person,0,365,96,459,308,0.865,412,202,-228,-158,1361,1565,0.35,0,0,34.4,48.062,48.062,6486,18.56,53.9,0
1783523408.217141,1637,6,person,0,365,95,459,308,0.873,412,201,-228,-159,1360,1566,0.35,0,0,34.4,48.062,48.062,6486,18.67,53.6,0
1783523408.2619748,1638,6,person,0,364,94,459,308,0.866,411,201,-229,-159,1357,1565,0.35,0,0,34.4,48.062,48.062,6486,18.41,54.3,0
1783523408.3099382,1639,6,person,0,363,91,460,309,0.868,411,200,-229,-160,1359,1567,0.35,0,0,34.4,48.062,48.062,6486,21.04,47.5,0
1783523408.3545725,1640,6,person,0,362,89,460,309,0.862,411,199,-229,-161,1359,1567,0.35,0,0,34.4,48.062,48.062,6486,18.53,54.0,0
1783523408.3992796,1641,6,person,0,361,87,462,310,0.849,411,198,-229,-162,1359,1567,0.35,0,0,34.4,48.062,48.062,6486,18.48,54.1,0
1783523408.4440591,1642,6,person,0,360,87,461,310,0.848,410,198,-230,-162,1357,1566,0.35,0,0,34.4,48.062,48.062,6486,18.58,53.8,0
1783523408.4887986,1643,6,person,0,359,86,463,310,0.824,411,198,-229,-162,1361,1566,0.35,0,0,34.4,48.062,48.062,6486,18.48,54.1,0
1783523408.5336685,1644,6,person,0,360,84,465,310,0.856,412,197,-228,-163,1361,1568,0.35,0,0,34.4,48.062,48.062,6486,18.52,54.0,0
1783523408.5786366,1645,6,person,0,361,83,468,311,0.854,414,197,-226,-163,1364,1567,0.35,0,0,34.4,48.062,48.062,6486,18.93,52.8,0
1783523408.6192484,1646,6,person,0,363,83,471,311,0.872,417,197,-223,-163,1369,1567,0.35,0,0,34.4,48.062,48.062,6486,18.81,53.2,0
1783523408.6659849,1647,6,person,0,365,82,474,311,0.882,419,196,-221,-164,1367,1568,0.35,0,0,34.4,48.187,48.281,6446,18.55,53.9,0
1783523408.7124422,1648,6,person,0,367,81,477,310,0.88,422,195,-218,-165,1371,1569,0.35,0,0,34.4,48.187,48.281,6446,18.79,53.2,0
1783523408.7580612,1649,6,person,0,368,79,480,310,0.884,424,194,-216,-166,1370,1569,0.35,0,0,34.4,48.187,48.281,6446,18.57,53.8,0
1783523408.8060513,1650,6,person,0,372,77,484,310,0.876,428,193,-212,-167,1376,1569,0.35,0,0,34.4,48.187,48.281,6446,21.07,47.5,0
1783523408.8520877,1651,6,person,0,374,75,487,309,0.869,430,192,-210,-168,1374,1570,0.35,0,0,34.4,48.187,48.281,6446,18.8,53.2,0
1783523408.8973422,1652,6,person,0,379,73,493,311,0.88,436,192,-204,-168,1385,1569,0.35,0,0,34.4,48.187,48.281,6446,18.63,53.7,0
1783523408.9425974,1653,6,person,0,382,71,497,311,0.875,439,191,-201,-169,1381,1570,0.35,0,0,34.4,48.187,48.281,6446,18.68,53.5,0
1783523408.988025,1654,6,person,0,384,69,500,310,0.887,442,189,-198,-171,1383,1572,0.35,0,0,34.4,48.187,48.281,6446,18.64,53.7,0
1783523409.033346,1655,6,person,0,390,66,507,311,0.868,448,188,-192,-172,1392,1571,0.35,0,0,34.4,48.187,48.281,6446,18.46,54.2,0
1783523409.0792642,1656,6,person,0,394,65,512,310,0.853,453,187,-187,-173,1393,1572,0.35,0,0,34.4,48.187,48.281,6446,18.77,53.3,0
1783523409.1247118,1657,6,person,0,399,65,517,310,0.857,458,187,-182,-173,1396,1571,0.35,0,0,34.4,48.187,48.281,6446,18.53,54.0,0
1783523409.1647081,1658,6,person,0,398,67,534,353,0.789,466,210,-174,-150,1408,1533,0.35,0,0,34.4,48.187,48.093,6486,18.49,54.1,0
1783523409.2125728,1659,6,person,0,403,69,541,360,0.835,472,214,-168,-146,1406,1556,0.35,0,0,34.4,48.187,48.093,6486,18.81,53.2,0
1783523409.2596366,1660,6,person,0,409,71,551,371,0.822,480,221,-160,-139,1414,1550,0.35,0,0,34.4,48.187,48.093,6486,18.66,53.6,0
1783523409.3065357,1661,6,person,0,427,75,570,376,0.836,498,225,-142,-135,1442,1551,0.35,0,0,34.4,48.187,48.093,6486,18.64,53.7,0
1783523409.3533633,1662,6,person,0,436,78,581,380,0.849,508,229,-132,-131,1434,1550,0.35,0,0,34.4,48.187,48.093,6486,18.68,53.5,0
1783523409.398816,1663,6,person,0,444,80,592,385,0.84,518,232,-122,-128,1441,1549,0.35,0,0,34.4,48.187,48.093,6486,18.59,53.8,0
1783523409.4448783,1664,6,person,0,453,80,602,389,0.839,527,234,-113,-126,1444,1550,0.35,0,0,34.4,48.187,48.093,6486,18.63,53.7,0
1783523409.4900544,1665,6,person,0,460,81,609,390,0.862,534,235,-106,-125,1445,1550,0.35,0,0,34.4,48.187,48.093,6486,18.6,53.8,0
1783523409.5356123,1666,6,person,0,471,85,616,390,0.859,543,237,-97,-123,1454,1549,0.35,0,0,34.4,48.187,48.093,6486,18.47,54.1,0
1783523409.5816479,1667,6,person,0,476,82,621,390,0.83,548,236,-92,-124,1450,1552,0.35,0,0,34.4,48.187,48.093,6486,18.74,53.4,0
1783523409.626518,1668,6,person,0,481,80,624,391,0.815,552,235,-88,-125,1451,1553,0.35,0,0,34.4,48.187,48.093,6486,18.52,54.0,0
1783523409.6722848,1669,6,person,0,491,74,635,390,0.813,563,232,-77,-128,1470,1556,0.35,0,0,34.4,48.5,48.187,6446,18.67,53.6,0
1783523409.7125328,1670,6,person,0,496,70,640,389,0.885,568,229,-72,-131,1463,1558,0.35,0,0,34.4,48.5,48.187,6446,18.8,53.2,0
1783523409.7599368,1671,6,person,0,503,67,648,392,0.888,575,229,-65,-131,1469,1554,0.35,0,0,34.4,48.5,48.187,6446,18.71,53.4,0
1783523409.8067753,1672,6,person,0,511,62,656,394,0.852,583,228,-57,-132,1476,1555,0.35,0,0,34.4,48.5,48.187,6446,18.83,53.1,0
1783523409.8530195,1673,6,person,0,518,59,662,392,0.879,590,225,-50,-135,1479,1559,0.35,0,0,34.4,48.5,48.187,6446,18.9,52.9,0
1783523409.8994284,1674,6,person,0,524,57,668,394,0.892,596,225,-44,-135,1480,1556,0.35,0,0,34.4,48.5,48.187,6446,18.81,53.2,0
1783523409.945945,1675,6,person,0,530,59,672,398,0.879,601,228,-39,-132,1572,1551,0.35,0,0,34.4,48.5,48.187,6446,18.67,53.6,0
1783523409.992144,1676,6,person,0,537,62,678,401,0.867,607,231,-33,-129,1497,1550,0.35,0,0,34.4,48.5,48.187,6446,18.73,53.4,0
1783523410.0384533,1677,6,person,0,546,62,687,404,0.86,616,233,-24,-127,1497,1550,0.35,0,0,34.4,48.5,48.187,6446,18.79,53.2,0
1783523410.084678,1678,6,person,0,552,58,694,408,0.86,623,233,-17,-127,1497,1552,0.35,0,0,34.4,48.5,48.187,6446,18.89,52.9,0
1783523410.1308954,1679,6,person,0,558,52,700,410,0.843,629,231,-11,-129,1497,1555,0.35,0,0,34.4,48.5,48.187,6446,19.23,52.0,0
1783523410.1790676,1680,6,person,0,564,49,706,410,0.806,635,229,-5,-131,1497,1556,0.35,0,0,34.4,48.062,47.937,6486,21.1,47.4,0
1783523410.225468,1681,6,person,0,571,45,713,410,0.805,642,227,2,-133,1497,1557,0.35,0,0,34.4,48.062,47.937,6486,18.71,53.4,0
1783523410.2660518,1682,6,person,0,576,39,719,410,0.841,647,224,7,-136,1497,1560,0.35,0,0,34.4,48.062,47.937,6486,18.76,53.3,0
1783523410.3142662,1683,6,person,0,579,35,722,411,0.896,650,223,10,-137,1497,1557,0.35,0,0,34.4,48.062,47.937,6486,18.97,52.7,0
1783523410.3615825,1684,6,person,0,582,31,726,413,0.892,654,222,14,-138,1497,1558,0.35,0,0,34.4,48.062,47.937,6486,18.55,53.9,0
1783523410.408375,1685,6,person,0,587,30,734,420,0.888,660,225,20,-135,1497,1552,0.35,0,0,34.4,48.062,47.937,6486,18.66,53.6,0
1783523410.455897,1686,6,person,0,588,28,737,426,0.896,662,227,22,-133,1497,1553,0.35,0,0,34.4,48.062,47.937,6486,18.68,53.5,0
1783523410.5025828,1687,6,person,0,586,24,738,432,0.901,662,228,22,-132,1497,1553,0.35,0,0,34.4,48.062,47.937,6486,18.89,52.9,0
1783523410.5496926,1688,6,person,0,585,21,739,437,0.904,662,229,22,-131,1497,1553,0.35,0,0,34.4,48.062,47.937,6486,18.74,53.4,0
1783523410.5955276,1689,6,person,0,585,18,740,439,0.904,662,228,22,-132,1497,1555,0.35,0,0,34.4,48.062,47.937,6486,18.52,54.0,0
1783523410.6421542,1690,6,person,0,587,10,746,440,0.887,666,225,26,-135,1497,1559,0.35,0,0,34.4,48.062,47.937,6486,18.6,53.8,0
1783523410.6885526,1691,6,person,0,586,2,748,440,0.897,667,221,27,-139,1497,1561,0.35,0,0,34.4,48.531,48.281,6446,18.71,53.5,0
1783523410.7349296,1692,6,person,0,583,0,747,439,0.891,665,219,25,-141,1497,1560,0.35,0,0,34.4,48.531,48.281,6446,18.84,53.1,0
1783523410.7813392,1693,6,person,0,581,0,746,438,0.901,663,219,23,-141,1497,1558,0.35,0,0,34.4,48.531,48.281,6446,18.73,53.4,0
1783523410.8214383,1694,6,person,0,578,1,744,436,0.917,661,218,21,-142,1497,1560,0.35,0,0,34.4,48.531,48.281,6446,18.65,53.6,0
1783523410.8691254,1695,6,person,0,575,2,742,434,0.916,658,218,18,-142,1497,1558,0.35,0,0,34.4,48.531,48.281,6446,18.54,53.9,0
1783523410.916617,1696,6,person,0,567,2,738,435,0.922,652,218,12,-142,1497,1558,0.35,0,0,34.4,48.531,48.281,6446,18.72,53.4,0
1783523410.9636688,1697,6,person,0,548,2,727,436,0.918,637,219,-3,-141,1497,1557,0.35,0,0,34.4,48.531,48.281,6446,18.63,53.7,0
1783523411.011468,1698,6,person,0,539,2,723,437,0.922,631,219,-9,-141,1497,1558,0.35,0,0,34.4,48.531,48.281,6446,18.74,53.4,0
1783523411.0576434,1699,6,person,0,530,2,719,438,0.92,624,220,-16,-140,1497,1556,0.35,0,0,34.4,48.531,48.281,6446,18.43,54.3,0
1783523411.1049116,1700,6,person,0,517,0,709,438,0.911,613,219,-27,-141,1497,1559,0.35,0,0,34.4,48.531,48.281,6446,18.81,53.2,0
1783523411.1521056,1701,6,person,0,510,1,703,437,0.901,606,219,-34,-141,1497,1558,0.35,0,0,34.4,48.531,48.281,6446,18.75,53.3,0
1783523411.1984453,1702,6,person,0,503,1,697,435,0.918,600,218,-40,-142,1497,1559,0.35,0,0,34.4,48.312,48.281,6446,18.8,53.2,0
1783523411.245463,1703,6,person,0,500,0,695,434,0.92,597,217,-43,-143,1398,1560,0.35,0,0,34.4,48.312,48.281,6446,18.68,53.5,0
1783523411.291848,1704,6,person,0,496,1,692,433,0.922,594,217,-46,-143,1464,1559,0.35,0,0,34.4,48.312,48.281,6446,18.61,53.7,0
1783523411.3389702,1705,6,person,0,489,1,689,431,0.938,589,216,-51,-144,1457,1560,0.35,0,0,34.4,48.312,48.281,6446,18.86,53.0,0
1783523411.379377,1706,6,person,0,483,2,689,431,0.937,586,216,-54,-144,1458,1559,0.35,0,0,34.4,48.312,48.281,6446,18.92,52.8,0
1783523411.4265332,1707,6,person,0,479,3,690,433,0.932,584,218,-56,-142,1460,1556,0.35,0,0,34.4,48.312,48.281,6446,18.69,53.5,0
1783523411.4737928,1708,6,person,0,477,2,695,432,0.939,586,217,-54,-143,1467,1560,0.35,0,0,34.4,48.312,48.281,6446,18.65,53.6,0
1783523411.5209947,1709,6,person,0,475,2,700,431,0.938,587,216,-53,-144,1466,1560,0.35,0,0,34.4,48.312,48.281,6446,18.59,53.8,0
1783523411.5705786,1710,6,person,0,475,1,707,432,0.928,591,216,-49,-144,1474,1559,0.35,0,0,34.4,48.312,48.281,6446,22.05,45.3,0
1783523411.6187077,1711,6,person,0,474,0,714,433,0.931,594,216,-46,-144,1474,1559,0.35,0,0,34.4,48.312,48.281,6446,19.23,52.0,0
1783523411.6654243,1712,6,person,0,475,0,720,432,0.933,597,216,-43,-144,1476,1559,0.35,0,0,34.4,48.312,48.281,6446,18.74,53.4,0
1783523411.7135196,1713,6,person,0,473,0,724,431,0.934,598,215,-42,-145,1473,1561,0.35,0,0,34.4,48.531,48.281,6446,19.23,52.0,0
1783523411.760532,1714,6,person,0,472,0,728,431,0.942,600,215,-40,-145,1568,1560,0.35,0,0,34.4,48.531,48.281,6446,19.04,52.5,0
1783523411.807874,1715,6,person,0,475,1,734,432,0.93,604,216,-36,-144,1497,1558,0.35,0,0,34.4,48.531,48.281,6446,19.24,52.0,0
1783523411.8559253,1716,6,person,0,474,2,737,432,0.924,605,217,-35,-143,1497,1558,0.35,0,0,34.4,48.531,48.281,6446,19.04,52.5,0
1783523411.9023342,1717,6,person,0,468,2,735,435,0.925,601,218,-39,-142,1497,1557,0.35,0,0,34.4,48.531,48.281,6446,19.08,52.4,0
1783523411.9451594,1718,6,person,0,460,2,731,436,0.915,595,219,-45,-141,1385,1557,0.35,0,0,34.4,48.531,48.281,6446,20.58,48.6,0
1783523411.993726,1719,6,person,0,451,2,725,437,0.909,588,219,-52,-141,1454,1558,0.35,0,0,34.4,48.531,48.281,6446,18.78,53.3,0
1783523412.042202,1720,6,person,0,435,2,715,438,0.917,575,220,-65,-140,1436,1556,0.35,0,0,34.4,48.531,48.281,6446,19.2,52.1,0
1783523412.0910983,1721,6,person,0,429,2,713,438,0.902,571,220,-69,-140,1449,1558,0.35,0,0,34.4,48.531,48.281,6446,19.09,52.4,0
1783523412.1383536,1722,6,person,0,443,1,722,435,0.686,582,218,-58,-142,1480,1560,0.35,0,0,34.4,48.531,48.281,6446,18.76,53.3,0
1783523412.187558,1723,6,person,0,451,1,724,435,0.809,587,218,-53,-142,1473,1558,0.35,0,0,34.4,48.281,48.093,6407,19.13,52.3,0
1783523412.234554,1724,6,person,0,448,2,716,434,0.909,582,218,-58,-142,1453,1558,0.35,0,0,34.4,48.281,48.093,6407,18.81,53.2,0
1783523412.2831883,1725,6,person,0,447,3,711,435,0.907,579,219,-61,-141,1455,1557,0.35,0,0,34.4,48.281,48.093,6407,19.17,52.2,0
1783523412.3306355,1726,6,person,0,441,3,705,435,0.901,573,219,-67,-141,1446,1558,0.35,0,0,34.4,48.281,48.093,6407,18.79,53.2,0
1783523412.3788373,1727,6,person,0,439,3,704,435,0.913,571,219,-69,-141,1452,1558,0.35,0,0,34.4,48.281,48.093,6407,19.21,52.1,0
1783523412.4260826,1728,6,person,0,438,3,706,436,0.899,572,219,-68,-141,1457,1558,0.35,0,0,34.4,48.281,48.093,6407,18.96,52.8,0
1783523412.4732962,1729,6,person,0,444,2,715,436,0.901,579,219,-61,-141,1472,1558,0.35,0,0,34.4,48.281,48.093,6407,19.2,52.1,0
1783523412.5141227,1730,6,person,0,450,3,723,436,0.891,586,219,-54,-141,1478,1558,0.35,0,0,34.4,48.281,48.093,6407,19.33,51.7,0
1783523412.5629623,1731,6,person,0,464,2,737,437,0.862,600,219,-40,-141,1585,1558,0.35,0,0,34.4,48.281,48.093,6407,18.87,53.0,0
1783523412.613272,1732,6,person,0,474,3,745,438,0.912,609,220,-31,-140,1497,1557,0.35,0,0,34.4,48.281,48.093,6407,19.35,51.7,0
1783523412.6604028,1733,6,person,0,479,3,746,436,0.909,612,219,-28,-141,1497,1559,0.35,0,0,34.4,48.281,48.093,6407,18.64,53.7,0
1783523412.7082462,1734,6,person,0,485,3,749,434,0.9,617,218,-23,-142,1497,1559,0.35,0,0,34.4,48.281,48.343,6407,19.12,52.3,0
1783523412.7562394,1735,6,person,0,490,3,751,434,0.916,620,218,-20,-142,1497,1558,0.35,0,0,34.4,48.281,48.343,6407,19.02,52.6,0
1783523412.803207,1736,6,person,0,495,3,755,436,0.927,625,219,-15,-141,1497,1557,0.35,0,0,34.4,48.281,48.343,6407,19.17,52.2,0
1783523412.8515024,1737,6,person,0,500,3,757,436,0.918,628,219,-12,-141,1497,1558,0.35,0,0,34.4,48.281,48.343,6407,19.37,51.6,0
1783523412.8980503,1738,6,person,0,507,3,761,436,0.929,634,219,-6,-141,1497,1558,0.35,0,0,34.4,48.281,48.343,6407,18.67,53.6,0
1783523412.9462934,1739,6,person,0,514,1,766,436,0.936,640,218,0,-142,1497,1559,0.35,0,0,34.4,48.281,48.343,6407,19.41,51.5,0
1783523412.9961889,1740,6,person,0,521,4,768,435,0.924,644,219,4,-141,1497,1557,0.35,0,0,34.4,48.281,48.343,6407,21.2,47.2,0
1783523413.0443263,1741,6,person,0,528,2,773,437,0.91,650,219,10,-141,1497,1558,0.35,0,0,34.4,48.281,48.343,6407,19.23,52.0,0
1783523413.0849948,1742,6,person,0,533,3,773,436,0.895,653,219,13,-141,1497,1558,0.35,0,0,34.4,48.281,48.343,6407,19.21,52.1,0
1783523413.1338093,1743,6,person,0,539,13,770,435,0.88,654,224,14,-136,1497,1551,0.35,0,0,34.4,48.281,48.343,6407,19.64,50.9,0
1783523413.1823971,1744,6,person,0,544,21,766,435,0.865,655,228,15,-132,1497,1550,0.35,0,0,34.4,48.281,48.343,6407,19.55,51.2,0
1783523413.2291608,1745,6,person,0,549,27,764,435,0.879,656,231,16,-129,1497,1550,0.35,0,0,34.4,48.218,48.437,6446,18.71,53.5,0
1783523413.2777045,1746,6,person,0,550,29,760,437,0.894,655,233,15,-127,1497,1550,0.35,0,0,34.4,48.218,48.437,6446,19.29,51.8,0
1783523413.3251357,1747,6,person,0,551,29,756,437,0.898,653,233,13,-127,1497,1552,0.35,0,0,34.4,48.218,48.437,6446,18.9,52.9,0
1783523413.3733127,1748,6,person,0,548,29,749,436,0.896,648,232,8,-128,1497,1554,0.35,0,0,34.4,48.218,48.437,6446,19.48,51.3,0
1783523413.4210088,1749,6,person,0,544,28,741,434,0.88,642,231,2,-129,1497,1554,0.35,0,0,34.4,48.218,48.437,6446,19.41,51.5,0
1783523413.4686887,1750,6,person,0,537,31,731,434,0.877,634,232,-6,-128,1497,1552,0.35,0,0,34.4,48.218,48.437,6446,19.16,52.2,0
1783523413.5167794,1751,6,person,0,538,42,724,434,0.869,631,238,-9,-122,1497,1544,0.35,0,0,34.4,48.218,48.437,6446,19.51,51.2,0
1783523413.5641143,1752,6,person,0,540,54,718,434,0.859,629,244,-11,-116,1497,1542,0.35,0,0,34.4,48.218,48.437,6446,18.99,52.7,0
1783523413.611958,1753,6,person,0,542,57,715,430,0.851,628,243,-12,-117,1497,1549,0.35,0,0,34.4,48.218,48.437,6446,19.43,51.5,0
1783523413.652897,1754,6,person,0,546,58,714,427,0.837,630,242,-10,-118,1497,1550,0.35,0,0,34.4,48.218,48.437,6446,18.97,52.7,0
1783523413.7009125,1755,6,person,0,553,61,717,424,0.867,635,242,-5,-118,1497,1549,0.35,0,0,34.4,48.218,48.437,6446,18.64,53.7,0
1783523413.7492485,1756,6,person,0,556,62,716,422,0.861,636,242,-4,-118,1497,1549,0.35,0,0,34.4,48.156,48.093,6407,19.22,52.0,0
1783523413.796044,1757,6,person,0,555,63,714,422,0.848,634,242,-6,-118,1497,1549,0.35,0,0,34.4,48.156,48.093,6407,18.7,53.5,0
1783523413.8434536,1758,6,person,0,555,66,712,420,0.815,633,243,-7,-117,1497,1547,0.35,0,0,34.4,48.156,48.093,6407,19.26,51.9,0
1783523413.8898888,1759,6,person,0,553,71,708,420,0.797,630,245,-10,-115,1497,1545,0.35,0,0,34.4,48.156,48.093,6407,19.04,52.5,0
1783523413.936772,1760,6,person,0,553,77,705,416,0.852,629,246,-11,-114,1497,1546,0.35,0,0,34.4,48.156,48.093,6407,19.0,52.6,0
1783523413.9837499,1761,6,person,0,559,82,706,413,0.851,632,247,-8,-113,1497,1546,0.35,0,0,34.4,48.156,48.093,6407,19.07,52.4,0
1783523414.0300117,1762,6,person,0,559,85,699,405,0.822,629,245,-11,-115,1497,1550,0.35,0,0,34.4,48.156,48.093,6407,18.62,53.7,0
1783523414.0773463,1763,6,person,0,558,86,693,400,0.832,625,243,-15,-117,1497,1550,0.35,0,0,34.4,48.156,48.093,6407,19.29,51.8,0
1783523414.1239073,1764,6,person,0,557,85,689,398,0.849,623,241,-17,-119,1497,1551,0.35,0,0,34.4,48.156,48.093,6407,19.03,52.5,0
1783523414.1704667,1765,6,person,0,555,84,685,397,0.862,620,240,-20,-120,1497,1551,0.35,0,0,34.4,48.156,48.093,6407,19.16,52.2,0
1783523414.2110002,1766,6,person,0,551,83,680,396,0.849,615,239,-25,-121,1497,1551,0.35,0,0,34.4,48.125,48.25,6407,19.09,52.4,0
1783523414.2582896,1767,6,person,0,550,84,677,395,0.843,613,239,-27,-121,1497,1550,0.35,0,0,34.4,48.125,48.25,6407,18.99,52.7,0
1783523414.3056872,1768,6,person,0,547,84,673,393,0.832,610,238,-30,-122,1497,1551,0.35,0,0,34.4,48.125,48.25,6407,19.1,52.4,0
1783523414.3529642,1769,6,person,0,543,86,668,393,0.854,605,239,-35,-121,1497,1549,0.35,0,0,34.4,48.125,48.25,6407,19.04,52.5,0
1783523414.402698,1770,6,person,0,540,92,662,392,0.856,601,242,-39,-118,1497,1546,0.35,0,0,34.4,48.125,48.25,6407,22.07,45.3,0
1783523414.4494061,1771,6,person,0,538,96,658,391,0.861,598,243,-42,-117,1399,1547,0.35,0,0,34.4,48.125,48.25,6407,19.25,51.9,0
1783523414.4954302,1772,6,person,0,540,100,654,384,0.83,597,242,-43,-118,1469,1550,0.35,0,0,34.4,48.125,48.25,6407,18.8,53.2,0
1783523414.5420995,1773,6,person,0,539,101,652,381,0.834,595,241,-45,-119,1466,1550,0.35,0,0,34.4,48.125,48.25,6407,19.05,52.5,0
1783523414.5880222,1774,6,person,0,541,101,651,379,0.827,596,240,-44,-120,1472,1551,0.35,0,0,34.4,48.125,48.25,6407,19.03,52.5,0
1783523414.6336513,1775,6,person,0,542,98,651,377,0.832,596,237,-44,-123,1470,1554,0.35,0,0,34.4,48.125,48.25,6407,18.98,52.7,0
1783523414.6799443,1776,6,person,0,545,100,651,376,0.827,598,238,-42,-122,1475,1549,0.35,0,0,34.4,48.125,48.25,6407,19.37,51.6,0
1783523414.7256982,1777,6,person,0,545,101,650,375,0.814,597,238,-43,-122,1469,1550,0.35,0,0,34.4,48.5,48.093,6446,18.75,53.3,0
1783523414.7668173,1778,6,person,0,549,105,651,374,0.808,600,239,-40,-121,1580,1549,0.35,0,0,34.4,48.5,48.093,6446,18.83,53.1,0
1783523414.8147397,1779,6,person,0,551,109,651,374,0.813,601,241,-39,-119,1497,1547,0.35,0,0,34.4,48.5,48.093,6446,19.2,52.1,0
1783523414.8612492,1780,6,person,0,552,111,651,374,0.814,601,242,-39,-118,1497,1548,0.35,0,0,34.4,48.5,48.093,6446,18.66,53.6,0
1783523414.906881,1781,6,person,0,553,115,650,373,0.792,601,244,-39,-116,1497,1546,0.35,0,0,34.4,48.5,48.093,6446,19.06,52.5,0
1783523414.9530456,1782,6,person,0,555,118,649,372,0.789,602,245,-38,-115,1497,1546,0.35,0,0,34.4,48.5,48.093,6446,19.09,52.4,0
1783523414.9986117,1783,6,person,0,556,119,647,365,0.841,601,242,-39,-118,1497,1552,0.35,0,0,34.4,48.5,48.093,6446,18.94,52.8,0
1783523415.044801,1784,6,person,0,557,119,647,362,0.87,602,240,-38,-120,1497,1552,0.35,0,0,34.4,48.5,48.093,6446,19.28,51.9,0
1783523415.0896838,1785,6,person,0,558,119,648,363,0.891,603,241,-37,-119,1497,1548,0.35,0,0,34.4,48.5,48.093,6446,18.86,53.0,0
1783523415.1360116,1786,6,person,0,560,119,650,362,0.874,605,240,-35,-120,1497,1551,0.35,0,0,34.4,48.5,48.093,6446,19.02,52.6,0
1783523415.1819031,1787,6,person,0,561,120,652,362,0.823,606,241,-34,-119,1497,1548,0.35,0,0,34.4,48.5,48.093,6446,19.26,51.9,0
1783523415.2270613,1788,6,person,0,562,122,653,363,0.828,607,242,-33,-118,1497,1548,0.35,0,0,34.4,48.187,48.187,6446,18.55,53.9,0
1783523415.2727928,1789,6,person,0,566,124,656,364,0.831,611,244,-29,-116,1497,1546,0.35,0,0,34.4,48.187,48.187,6446,19.04,52.5,0
1783523415.3132923,1790,6,person,0,569,126,658,365,0.832,613,245,-27,-115,1497,1546,0.35,0,0,34.4,48.187,48.187,6446,19.16,52.2,0
1783523415.3603277,1791,6,person,0,570,127,658,363,0.834,614,245,-26,-115,1497,1548,0.35,0,0,34.4,48.187,48.187,6446,18.63,53.7,0
1783523415.406789,1792,6,person,0,571,130,657,362,0.806,614,246,-26,-114,1497,1546,0.35,0,0,34.4,48.187,48.187,6446,19.05,52.5,0
1783523415.4530442,1793,6,person,0,573,130,659,363,0.788,616,246,-24,-114,1497,1547,0.35,0,0,34.4,48.187,48.187,6446,19.06,52.5,0
1783523415.4985304,1794,6,person,0,576,128,662,361,0.768,619,244,-21,-116,1497,1550,0.35,0,0,34.4,48.187,48.187,6446,18.69,53.5,0
1783523415.5457017,1795,6,person,0,578,126,665,359,0.766,621,242,-19,-118,1497,1551,0.35,0,0,34.4,48.187,48.187,6446,20.45,48.9,0
1783523415.5912714,1796,6,person,0,580,123,666,358,0.76,623,240,-17,-120,1497,1552,0.35,0,0,34.4,48.187,48.187,6446,18.92,52.8,0
1783523415.636633,1797,6,person,0,583,124,668,358,0.772,625,241,-15,-119,1497,1548,0.35,0,0,34.4,48.187,48.187,6446,19.04,52.5,0
1783523415.682188,1798,6,person,0,585,123,670,357,0.814,627,240,-13,-120,1497,1551,0.35,0,0,34.4,48.187,48.187,6446,19.21,52.1,0
1783523415.7270675,1799,6,person,0,587,122,671,357,0.825,629,239,-11,-121,1497,1551,0.35,0,0,34.4,48.468,48.093,6446,18.73,53.4,0
1783523415.775328,1800,6,person,0,589,125,672,358,0.807,630,241,-10,-119,1497,1547,0.35,0,0,34.4,48.468,48.093,6446,21.62,46.3,0
1783523415.820633,1801,6,person,0,593,135,672,354,0.813,632,244,-8,-116,1497,1545,0.35,0,0,34.4,48.468,48.093,6446,19.0,52.6,0
1783523415.8616614,1802,6,person,0,597,140,674,352,0.785,635,246,-5,-114,1497,1545,0.35,0,0,34.4,48.468,48.093,6446,18.91,52.9,0
1783523415.9099035,1803,6,person,0,600,142,677,349,0.801,638,245,-2,-115,1497,1549,0.35,0,0,34.4,48.468,48.093,6446,19.37,51.6,0
1783523415.9563508,1804,6,person,0,602,143,681,352,0.754,641,247,1,-113,1497,1545,0.35,0,0,34.4,48.468,48.093,6446,18.94,52.8,0
1783523416.0023134,1805,6,person,0,606,142,689,354,0.755,647,248,7,-112,1497,1545,0.35,0,0,34.4,48.468,48.093,6446,18.88,53.0,0
1783523416.048564,1806,6,person,0,612,143,698,356,0.735,655,249,15,-111,1497,1545,0.35,0,0,34.4,48.468,48.093,6446,19.25,51.9,0
1783523416.094408,1807,6,person,0,618,142,705,354,0.719,661,248,21,-112,1497,1547,0.35,0,0,34.4,48.468,48.093,6446,18.8,53.2,0
1783523416.1413662,1808,6,person,0,625,142,712,357,0.671,668,249,28,-111,1497,1545,0.35,0,0,34.4,48.468,48.093,6446,19.95,50.1,0
1783523416.1872995,1809,6,person,0,634,141,719,353,0.658,676,247,36,-113,1497,1549,0.35,0,0,34.4,48.468,48.093,6446,19.13,52.3,0
1783523416.233214,1810,6,person,0,641,140,725,354,0.703,683,247,43,-113,1597,1547,0.35,0,0,34.4,48.312,48.531,6446,18.9,52.9,0
1783523416.2800343,1811,6,person,0,646,140,729,354,0.647,687,247,47,-113,1532,1547,0.35,0,0,34.4,48.312,48.531,6446,19.34,51.7,0
1783523416.3251648,1812,6,person,0,652,139,732,347,0.613,692,243,52,-117,1537,1553,0.35,0,0,34.4,48.312,48.531,6446,18.85,53.0,0
1783523416.37132,1813,6,person,0,656,139,738,358,0.692,697,248,57,-112,1540,1541,0.35,0,0,34.4,48.312,48.531,6446,19.02,52.6,0
1783523416.4124858,1814,6,person,0,657,140,739,362,0.688,698,251,58,-109,1534,1541,0.35,0,0,34.4,48.312,48.531,6446,19.59,51.0,0
1783523416.4597044,1815,6,person,0,660,139,738,358,0.746,699,248,59,-112,1534,1549,0.35,0,0,34.4,48.312,48.531,6446,18.84,53.1,0
1783523416.5063112,1816,6,person,0,664,139,738,351,0.736,701,245,61,-115,1537,1551,0.35,0,0,34.4,48.312,48.531,6446,19.01,52.6,0
1783523416.5524893,1817,6,person,0,668,139,739,344,0.7,703,241,63,-119,1538,1553,0.35,0,0,34.4,48.312,48.531,6446,18.99,52.6,0
1783523416.5989702,1818,6,person,0,672,140,741,338,0.541,706,239,66,-121,1542,1552,0.35,0,0,34.4,48.312,48.531,6446,19.02,52.6,0
1783523416.645385,1819,6,person,0,676,140,744,336,0.674,710,238,70,-122,1546,1551,0.35,0,0,34.4,48.312,48.531,6446,20.06,49.8,0
1783523416.6900885,1820,6,person,0,679,141,748,336,0.771,713,238,73,-122,1547,1550,0.35,0,0,34.4,48.312,48.531,6446,18.79,53.2,0
1783523416.7389886,1821,6,person,0,681,141,751,338,0.806,716,239,76,-121,1548,1549,0.35,0,0,34.4,48.5,48.156,6407,22.73,44.0,0
1783523416.785185,1822,6,person,0,682,140,753,339,0.797,717,239,77,-121,1546,1550,0.35,0,0,34.4,48.5,48.156,6407,19.32,51.8,0
1783523416.830282,1823,6,person,0,683,139,757,343,0.792,720,241,80,-119,1551,1547,0.35,0,0,34.4,48.5,48.156,6407,18.86,53.0,0
1783523416.8763025,1824,6,person,0,683,139,760,347,0.757,721,243,81,-117,1548,1546,0.35,0,0,34.4,48.5,48.156,6407,19.27,51.9,0
1783523416.9211702,1825,6,person,0,684,139,763,347,0.751,723,243,83,-117,1551,1548,0.35,0,0,34.4,48.5,48.156,6407,18.96,52.7,0
1783523416.9619021,1826,6,person,0,681,140,762,350,0.792,721,245,81,-115,1543,1545,0.35,0,0,34.4,48.5,48.156,6407,18.81,53.2,0
1783523417.0095003,1827,6,person,0,678,140,760,349,0.809,719,244,79,-116,1542,1549,0.35,0,0,34.4,48.5,48.156,6407,19.12,52.3,0
1783523417.056131,1828,6,person,0,676,141,759,350,0.82,717,245,77,-115,1541,1546,0.35,0,0,34.4,48.5,48.156,6407,19.04,52.5,0
1783523417.101784,1829,6,person,0,671,141,755,353,0.836,713,247,73,-113,1535,1545,0.35,0,0,34.4,48.5,48.156,6407,18.94,52.8,0
1783523417.1526284,1830,6,person,0,669,141,753,355,0.835,711,248,71,-112,1538,1545,0.35,0,0,34.4,48.5,48.156,6407,23.73,42.1,0
1783523417.198405,1831,6,person,0,663,140,747,356,0.828,705,248,65,-112,1527,1546,0.35,0,0,34.4,48.5,48.156,6407,18.97,52.7,0
1783523417.2446413,1832,6,person,0,658,139,742,355,0.836,700,247,60,-113,1526,1548,0.35,0,0,34.4,48.375,48.25,6407,19.36,51.6,0
1783523417.2903547,1833,6,person,0,655,138,739,356,0.838,697,247,57,-113,1528,1547,0.35,0,0,34.4,48.375,48.25,6407,19.02,52.6,0
1783523417.3408995,1834,6,person,0,650,140,734,357,0.791,692,248,52,-112,1522,1545,0.35,0,0,34.4,48.375,48.25,6407,23.66,42.3,0
1783523417.387226,1835,6,person,0,647,139,732,360,0.782,689,249,49,-111,1523,1545,0.35,0,0,34.4,48.375,48.25,6407,19.34,51.7,0
1783523417.432878,1836,6,person,0,641,139,727,362,0.788,684,250,44,-110,1517,1544,0.35,0,0,34.4,48.375,48.25,6407,19.18,52.1,0
1783523417.4785008,1837,6,person,0,638,138,723,360,0.801,680,249,40,-111,1422,1547,0.35,0,0,34.4,48.375,48.25,6407,19.42,51.5,0
1783523417.5190477,1838,6,person,0,635,137,719,358,0.809,677,247,37,-113,1499,1549,0.35,0,0,34.4,48.375,48.25,6407,19.11,52.3,0
1783523417.5664413,1839,6,person,0,634,137,715,348,0.809,674,242,34,-118,1499,1554,0.35,0,0,34.4,48.375,48.25,6407,19.0,52.6,0
1783523417.613827,1840,6,person,0,635,136,712,338,0.829,673,237,33,-123,1499,1556,0.35,0,0,34.4,48.375,48.25,6407,19.35,51.7,0
1783523417.659536,1841,6,person,0,635,136,712,337,0.821,673,236,33,-124,1499,1552,0.35,0,0,34.4,48.375,48.25,6407,18.64,53.6,0
1783523417.7061718,1842,6,person,0,632,136,713,350,0.804,672,243,32,-117,1499,1541,0.35,0,0,34.4,48.375,48.25,6407,19.01,52.6,0
1783523417.7523797,1843,6,person,0,630,136,713,355,0.806,671,245,31,-115,1499,1545,0.35,0,0,34.4,48.281,48.218,6407,18.99,52.7,0
1783523417.7980506,1844,6,person,0,628,137,710,355,0.783,669,246,29,-114,1499,1546,0.35,0,0,34.4,48.281,48.218,6407,18.63,53.7,0
1783523417.843171,1845,6,person,0,627,137,709,355,0.733,668,246,28,-114,1499,1547,0.35,0,0,34.4,48.281,48.218,6407,19.14,52.2,0
1783523417.888292,1846,6,person,0,623,138,704,356,0.726,663,247,23,-113,1499,1546,0.35,0,0,34.4,48.281,48.218,6407,18.98,52.7,0
1783523417.9386697,1847,6,person,0,619,137,700,358,0.723,659,247,19,-113,1499,1547,0.35,0,0,34.4,48.281,48.218,6407,23.99,41.7,0
1783523417.9840648,1848,6,person,0,617,136,695,357,0.779,656,246,16,-114,1499,1548,0.35,0,0,34.4,48.281,48.218,6407,19.2,52.1,0
1783523418.0291617,1849,6,person,0,613,131,692,356,0.757,652,243,12,-117,1499,1552,0.35,0,0,34.4,48.281,48.218,6407,18.79,53.2,0
1783523418.070071,1850,6,person,0,610,126,690,356,0.752,650,241,10,-119,1499,1552,0.35,0,0,34.4,48.281,48.218,6407,18.97,52.7,0
1783523418.1175842,1851,6,person,0,608,124,688,357,0.78,648,240,8,-120,1499,1551,0.35,0,0,34.4,48.281,48.218,6407,19.21,52.1,0
1783523418.1641762,1852,6,person,0,601,123,682,355,0.761,641,239,1,-121,1499,1551,0.35,0,0,34.4,48.281,48.218,6407,18.88,53.0,0
1783523418.2104807,1853,6,person,0,594,121,678,358,0.784,636,239,-4,-121,1499,1550,0.35,0,0,34.4,48.281,48.218,6407,19.2,52.1,0
1783523418.2567856,1854,6,person,0,590,121,674,359,0.791,632,240,-8,-120,1499,1548,0.35,0,0,34.4,48.218,48.531,6407,19.02,52.6,0
1783523418.3020313,1855,6,person,0,587,121,671,359,0.796,629,240,-11,-120,1499,1550,0.35,0,0,34.4,48.218,48.531,6407,18.7,53.5,0
1783523418.3479528,1856,6,person,0,586,122,668,357,0.781,627,239,-13,-121,1499,1551,0.35,0,0,34.4,48.218,48.531,6407,19.17,52.2,0
1783523418.3929741,1857,6,person,0,582,123,665,358,0.783,623,240,-17,-120,1499,1548,0.35,0,0,34.4,48.218,48.531,6407,18.58,53.8,0
1783523418.4381335,1858,6,person,0,577,123,660,359,0.774,618,241,-22,-119,1499,1548,0.35,0,0,34.4,48.218,48.531,6407,18.92,52.9,0
1783523418.4829721,1859,6,person,0,578,125,660,359,0.742,619,242,-21,-118,1499,1548,0.35,0,0,34.4,48.218,48.531,6407,18.89,52.9,0
1783523418.5305777,1860,6,person,0,573,126,656,362,0.769,614,244,-26,-116,1499,1546,0.35,0,0,34.4,48.218,48.531,6407,20.95,47.7,0
1783523418.5755405,1861,6,person,0,575,126,656,361,0.753,615,243,-25,-117,1499,1549,0.35,0,0,34.4,48.218,48.531,6407,18.79,53.2,0
1783523418.615642,1862,6,person,0,571,123,653,363,0.797,612,243,-28,-117,1499,1548,0.35,0,0,34.4,48.218,48.531,6407,18.76,53.3,0
1783523418.6622412,1863,6,person,0,567,121,650,364,0.719,608,242,-32,-118,1499,1550,0.35,0,0,34.4,48.218,48.531,6407,18.51,54.0,0
1783523418.7087202,1864,6,person,0,565,121,648,364,0.784,606,242,-34,-118,1499,1549,0.35,0,0,34.4,48.218,48.531,6407,18.65,53.6,0
1783523418.754016,1865,6,person,0,563,118,646,364,0.831,604,241,-36,-119,1499,1550,0.35,0,0,34.4,48.218,48.531,6407,18.5,54.0,0
1783523418.7996736,1866,6,person,0,560,116,644,364,0.83,602,240,-38,-120,1499,1551,0.35,0,0,34.4,48.281,48.468,6446,18.61,53.7,0
1783523418.8455532,1867,6,person,0,558,114,644,365,0.84,601,239,-39,-121,1499,1551,0.35,0,0,34.4,48.281,48.468,6446,18.67,53.6,0
1783523418.890746,1868,6,person,0,558,113,644,367,0.85,601,240,-39,-120,1499,1548,0.35,0,0,34.4,48.281,48.468,6446,18.55,53.9,0
1783523418.935269,1869,6,person,0,557,112,644,369,0.806,600,240,-40,-120,1499,1550,0.35,0,0,34.4,48.281,48.468,6446,18.59,53.8,0
1783523418.9803395,1870,6,person,0,556,111,644,370,0.804,600,240,-40,-120,1499,1550,0.35,0,0,34.4,48.281,48.468,6446,18.79,53.2,0
1783523419.024371,1871,6,person,0,557,111,644,372,0.817,600,241,-40,-119,1499,1548,0.35,0,0,34.4,48.281,48.468,6446,18.42,54.3,0
1783523419.0690036,1872,6,person,0,557,110,645,373,0.835,601,241,-39,-119,1499,1549,0.35,0,0,34.4,48.281,48.468,6446,18.59,53.8,0
1783523419.113363,1873,6,person,0,558,110,646,374,0.84,602,242,-38,-118,1499,1548,0.35,0,0,34.4,48.281,48.468,6446,18.65,53.6,0
1783523419.1534224,1874,6,person,0,559,110,647,374,0.842,603,242,-37,-118,1499,1549,0.35,0,0,34.4,48.281,48.468,6446,18.66,53.6,0
1783523419.2008533,1875,6,person,0,560,108,648,374,0.863,604,241,-36,-119,1499,1550,0.35,0,0,34.4,48.281,48.468,6446,18.53,54.0,0
1783523419.2471304,1876,6,person,0,560,107,648,373,0.851,604,240,-36,-120,1499,1551,0.35,0,0,34.4,48.281,48.468,6446,18.9,52.9,0
1783523419.292293,1877,6,person,0,560,106,649,373,0.861,604,239,-36,-121,1499,1551,0.35,0,0,34.4,48.781,48.281,6486,18.47,54.1,0
1783523419.3372848,1878,6,person,0,559,104,649,373,0.831,604,238,-36,-122,1499,1551,0.35,0,0,34.4,48.781,48.281,6486,18.58,53.8,0
1783523419.3821301,1879,6,person,0,558,103,649,373,0.844,603,238,-37,-122,1499,1550,0.35,0,0,34.4,48.781,48.281,6486,18.7,53.5,0
1783523419.426621,1880,6,person,0,555,101,647,374,0.834,601,237,-39,-123,1499,1552,0.35,0,0,34.4,48.781,48.281,6486,18.48,54.1,0
1783523419.4718592,1881,6,person,0,551,98,645,375,0.827,598,236,-42,-124,1399,1552,0.35,0,0,34.4,48.781,48.281,6486,18.76,53.3,0
1783523419.516932,1882,6,person,0,549,96,645,376,0.804,597,236,-43,-124,1471,1551,0.35,0,0,34.4,48.781,48.281,6486,18.58,53.8,0
1783523419.5615108,1883,6,person,0,546,96,644,376,0.818,595,236,-45,-124,1468,1551,0.35,0,0,34.4,48.781,48.281,6486,18.53,54.0,0
1783523419.6060498,1884,6,person,0,545,94,644,377,0.811,594,235,-46,-125,1469,1553,0.35,0,0,34.4,48.781,48.281,6486,18.57,53.8,0
1783523419.6505625,1885,6,person,0,543,92,643,378,0.81,593,235,-47,-125,1469,1552,0.35,0,0,34.4,48.781,48.281,6486,18.61,53.7,0
1783523419.6908364,1886,6,person,0,540,91,641,378,0.811,590,234,-50,-126,1463,1553,0.35,0,0,34.4,48.781,48.281,6486,18.5,54.0,0
1783523419.7411587,1887,6,person,0,538,88,642,379,0.84,590,233,-50,-127,1468,1553,0.35,0,0,34.4,48.781,48.281,6486,21.99,45.5,0
1783523419.787124,1888,6,person,0,537,86,642,380,0.849,589,233,-51,-127,1466,1552,0.35,0,0,34.4,48.562,48.093,6446,18.62,53.7,0
1783523419.8328135,1889,6,person,0,536,84,641,380,0.845,588,232,-52,-128,1465,1554,0.35,0,0,34.4,48.562,48.093,6446,18.5,54.1,0
1783523419.8808239,1890,6,person,0,535,83,641,380,0.853,588,231,-52,-129,1467,1554,0.35,0,0,34.4,48.562,48.093,6446,20.75,48.2,0
1783523419.925865,1891,6,person,0,534,82,641,380,0.857,587,231,-53,-129,1465,1553,0.35,0,0,34.4,48.562,48.093,6446,18.36,54.5,0
1783523419.970843,1892,6,person,0,533,81,641,381,0.868,587,231,-53,-129,1466,1553,0.35,0,0,34.4,48.562,48.093,6446,18.62,53.7,0
1783523420.015812,1893,6,person,0,533,80,641,382,0.859,587,231,-53,-129,1466,1553,0.35,0,0,34.4,48.562,48.093,6446,18.58,53.8,0
1783523420.0600293,1894,6,person,0,532,77,642,387,0.887,587,232,-53,-128,1466,1552,0.35,0,0,34.4,48.562,48.093,6446,18.44,54.2,0
1783523420.105204,1895,6,person,0,531,76,643,390,0.886,587,233,-53,-127,1466,1551,0.35,0,0,34.4,48.562,48.093,6446,18.69,53.5,0
1783523420.1499918,1896,6,person,0,531,75,644,393,0.898,587,234,-53,-126,1466,1551,0.35,0,0,34.4,48.562,48.093,6446,18.56,53.9,0
1783523420.194149,1897,6,person,0,532,74,645,395,0.878,588,234,-52,-126,1468,1552,0.35,0,0,34.4,48.562,48.093,6446,18.58,53.8,0
1783523420.23423,1898,6,person,0,533,74,647,395,0.884,590,234,-50,-126,1472,1552,0.35,0,0,34.4,48.562,48.093,6446,18.72,53.4,0
1783523420.280922,1899,6,person,0,533,72,648,396,0.887,590,234,-50,-126,1468,1552,0.35,0,0,34.4,48.656,48.437,6446,18.76,53.3,0
1783523420.3267038,1900,6,person,0,534,66,651,397,0.876,592,231,-48,-129,1472,1556,0.35,0,0,34.4,48.656,48.437,6446,18.5,54.0,0
1783523420.3732452,1901,6,person,0,535,62,655,400,0.881,595,231,-45,-129,1476,1553,0.35,0,0,34.4,48.656,48.437,6446,18.61,53.7,0
1783523420.418968,1902,6,person,0,535,59,657,400,0.885,596,229,-44,-131,1473,1556,0.35,0,0,34.4,48.656,48.437,6446,18.57,53.9,0
1783523420.4637866,1903,6,person,0,536,56,659,400,0.896,597,228,-43,-132,1473,1555,0.35,0,0,34.4,48.656,48.437,6446,18.48,54.1,0
1783523420.509418,1904,6,person,0,536,54,661,400,0.901,598,227,-42,-133,1474,1556,0.35,0,0,34.4,48.656,48.437,6446,18.76,53.3,0
1783523420.5537064,1905,6,person,0,536,53,661,399,0.904,598,226,-42,-134,1472,1556,0.35,0,0,34.4,48.656,48.437,6446,18.47,54.1,0
1783523420.5985234,1906,6,person,0,535,50,662,399,0.903,598,224,-42,-136,1472,1558,0.35,0,0,34.4,48.656,48.437,6446,18.5,54.1,0
1783523420.6435819,1907,6,person,0,534,48,662,399,0.907,598,223,-42,-137,1472,1557,0.35,0,0,34.4,48.656,48.437,6446,18.62,53.7,0
1783523420.688315,1908,6,person,0,533,48,662,401,0.906,597,224,-43,-136,1470,1555,0.35,0,0,34.4,48.656,48.437,6446,18.49,54.1,0
1783523420.7328093,1909,6,person,0,530,47,661,404,0.914,595,225,-45,-135,1466,1554,0.35,0,0,34.4,48.656,48.437,6446,18.47,54.1,0
1783523420.7735808,1910,6,person,0,528,43,661,407,0.911,594,225,-46,-135,1467,1556,0.35,0,0,34.4,48.656,48.437,6446,18.58,53.8,0
1783523420.820168,1911,6,person,0,527,41,661,408,0.904,594,224,-46,-136,1469,1557,0.35,0,0,34.4,48.531,48.531,6407,18.57,53.9,0
1783523420.8662202,1912,6,person,0,524,37,659,409,0.891,591,223,-49,-137,1462,1557,0.35,0,0,34.4,48.531,48.531,6407,18.56,53.9,0
1783523420.912029,1913,6,person,0,521,34,657,411,0.882,589,222,-51,-138,1463,1558,0.35,0,0,34.4,48.531,48.531,6407,18.7,53.5,0
1783523420.9577005,1914,6,person,0,519,31,655,411,0.88,587,221,-53,-139,1461,1558,0.35,0,0,34.4,48.531,48.531,6407,18.35,54.5,0
1783523421.0032125,1915,6,person,0,516,27,653,412,0.897,584,219,-56,-141,1458,1560,0.35,0,0,34.4,48.531,48.531,6407,18.62,53.7,0
1783523421.048973,1916,6,person,0,515,23,653,413,0.897,584,218,-56,-142,1463,1559,0.35,0,0,34.4,48.531,48.531,6407,18.6,53.8,0
1783523421.0943902,1917,6,person,0,515,19,656,413,0.921,585,216,-55,-144,1465,1561,0.35,0,0,34.4,48.531,48.531,6407,18.48,54.1,0
1783523421.140557,1918,6,person,0,514,16,658,414,0.925,586,215,-54,-145,1466,1561,0.35,0,0,34.4,48.531,48.531,6407,18.64,53.6,0
1783523421.1857786,1919,6,person,0,513,14,660,417,0.925,586,215,-54,-145,1464,1560,0.35,0,0,34.4,48.531,48.531,6407,18.53,54.0,0
1783523421.2338648,1920,6,person,0,512,12,661,420,0.915,586,216,-54,-144,1464,1558,0.35,0,0,34.4,48.531,48.531,6407,21.04,47.5,0
1783523421.2796514,1921,6,person,0,510,12,661,423,0.914,585,217,-55,-143,1462,1558,0.35,0,0,34.4,48.531,48.531,6407,18.86,53.0,0
1783523421.3197908,1922,6,person,0,509,11,660,423,0.916,584,217,-56,-143,1461,1559,0.35,0,0,34.4,48.312,48.281,6407,18.67,53.6,0
1783523421.3665354,1923,6,person,0,507,10,661,428,0.914,584,219,-56,-141,1463,1556,0.35,0,0,34.4,48.312,48.281,6407,18.55,53.9,0
1783523421.4135604,1924,6,person,0,507,10,661,432,0.917,584,221,-56,-139,1463,1555,0.35,0,0,34.4,48.312,48.281,6407,18.76,53.3,0
1783523421.4591367,1925,6,person,0,507,8,662,433,0.915,584,220,-56,-140,1463,1559,0.35,0,0,34.4,48.312,48.281,6407,18.45,54.2,0
1783523421.504808,1926,6,person,0,507,2,664,432,0.913,585,217,-55,-143,1465,1562,0.35,0,0,34.4,48.312,48.281,6407,18.56,53.9,0
1783523421.5509036,1927,6,person,0,508,0,665,433,0.919,586,216,-54,-144,1466,1560,0.35,0,0,34.4,48.312,48.281,6407,18.39,54.4,0
1783523421.5967731,1928,6,person,0,509,0,668,434,0.917,588,217,-52,-143,1469,1558,0.35,0,0,34.4,48.312,48.281,6407,18.72,53.4,0
1783523421.6431913,1929,6,person,0,511,0,670,434,0.919,590,217,-50,-143,1470,1559,0.35,0,0,34.4,48.312,48.281,6407,18.66,53.6,0
1783523421.6889203,1930,6,person,0,512,0,671,433,0.919,591,216,-49,-144,1469,1560,0.35,0,0,34.4,48.312,48.281,6407,18.53,54.0,0
1783523421.734597,1931,6,person,0,515,0,674,432,0.918,594,216,-46,-144,1474,1559,0.35,0,0,34.4,48.312,48.281,6407,18.84,53.1,0
1783523421.7808738,1932,6,person,0,516,0,677,433,0.92,596,216,-44,-144,1474,1559,0.35,0,0,34.4,48.312,48.281,6407,18.85,53.1,0
1783523421.8262455,1933,6,person,0,517,0,679,433,0.918,598,216,-42,-144,1475,1559,0.35,0,0,34.4,48.281,48.187,6407,18.59,53.8,0
1783523421.8668897,1934,6,person,0,519,0,682,433,0.91,600,216,-40,-144,1579,1559,0.35,0,0,34.4,48.281,48.187,6407,18.8,53.2,0
1783523421.9143102,1935,6,person,0,521,0,685,434,0.903,603,217,-37,-143,1497,1558,0.35,0,0,34.4,48.281,48.187,6407,18.91,52.9,0
1783523421.960946,1936,6,person,0,524,0,691,435,0.904,607,217,-33,-143,1497,1559,0.35,0,0,34.4,48.281,48.187,6407,18.57,53.8,0
1783523422.00774,1937,6,person,0,523,0,692,436,0.908,607,218,-33,-142,1497,1557,0.35,0,0,34.4,48.281,48.187,6407,19.12,52.3,0
1783523422.0538309,1938,6,person,0,523,1,694,435,0.902,608,218,-32,-142,1497,1558,0.35,0,0,34.4,48.281,48.187,6407,18.6,53.8,0
1783523422.0999277,1939,6,person,0,522,1,696,436,0.915,609,218,-31,-142,1497,1558,0.35,0,0,34.4,48.281,48.187,6407,18.79,53.2,0
1783523422.1479557,1940,6,person,0,521,1,698,437,0.919,609,219,-31,-141,1497,1557,0.35,0,0,34.4,48.281,48.187,6407,20.05,49.9,0
1783523422.1945481,1941,6,person,0,524,0,703,437,0.91,613,218,-27,-142,1497,1559,0.35,0,0,34.4,48.281,48.187,6407,18.45,54.2,0
1783523422.2415552,1942,6,person,0,527,0,708,437,0.923,617,218,-23,-142,1497,1558,0.35,0,0,34.4,48.281,48.187,6407,18.71,53.5,0
1783523422.2875912,1943,6,person,0,529,0,711,437,0.924,620,218,-20,-142,1497,1558,0.35,0,0,34.4,48.281,48.187,6407,18.61,53.7,0
1783523422.3335588,1944,6,person,0,534,2,716,436,0.935,625,219,-15,-141,1497,1557,0.35,0,0,34.4,48.375,48.25,6407,18.9,52.9,0
1783523422.379887,1945,6,person,0,537,3,720,437,0.933,628,220,-12,-140,1497,1556,0.35,0,0,34.4,48.375,48.25,6407,18.79,53.2,0
1783523422.4197507,1946,6,person,0,540,3,724,437,0.924,632,220,-8,-140,1497,1558,0.35,0,0,34.4,48.375,48.25,6407,18.6,53.8,0
1783523422.4668632,1947,6,person,0,548,2,732,436,0.921,640,219,0,-141,1497,1559,0.35,0,0,34.4,48.375,48.25,6407,18.53,54.0,0
1783523422.5143764,1948,6,person,0,551,3,735,437,0.917,643,220,3,-140,1497,1556,0.35,0,0,34.4,48.375,48.25,6407,18.67,53.6,0
1783523422.5603719,1949,6,person,0,560,1,745,436,0.904,652,218,12,-142,1497,1560,0.35,0,0,34.4,48.375,48.25,6407,18.53,54.0,0
1783523422.6093793,1950,6,person,0,565,1,750,434,0.906,657,217,17,-143,1497,1560,0.35,0,0,34.4,48.375,48.25,6407,21.08,47.4,0
1783523422.6557074,1951,6,person,0,570,1,756,435,0.887,663,218,23,-142,1497,1557,0.35,0,0,34.4,48.375,48.25,6407,18.69,53.5,0
1783523422.7017148,1952,6,person,0,578,1,765,434,0.905,671,217,31,-143,1497,1560,0.35,0,0,34.4,48.375,48.25,6407,18.56,53.9,0
1783523422.7485807,1953,6,person,0,585,2,773,433,0.907,679,217,39,-143,1497,1559,0.35,0,0,34.4,48.375,48.25,6407,19.32,51.8,0
1783523422.7947457,1954,6,person,0,602,2,793,435,0.923,697,218,57,-142,1630,1557,0.35,0,0,34.4,48.375,48.25,6407,18.53,54.0,0
1783523422.8416243,1955,6,person,0,614,2,807,435,0.921,710,218,70,-142,1561,1558,0.35,0,0,34.4,48.312,48.156,6407,18.67,53.6,0
1783523422.8878834,1956,6,person,0,624,3,820,436,0.909,722,219,82,-141,1567,1557,0.35,0,0,34.4,48.312,48.156,6407,18.54,53.9,0
1783523422.9348633,1957,6,person,0,635,3,833,434,0.895,734,218,94,-142,1574,1559,0.35,0,0,34.4,48.312,48.156,6407,18.65,53.6,0
1783523422.9748824,1958,6,person,0,644,3,846,435,0.901,745,219,105,-141,1582,1557,0.35,0,0,34.4,48.312,48.156,6407,18.6,53.8,0
1783523423.022519,1959,6,person,0,649,2,856,435,0.897,752,218,112,-142,1576,1559,0.35,0,0,34.4,48.312,48.156,6407,18.47,54.1,0
1783523423.0700054,1960,6,person,0,656,2,868,434,0.922,762,218,122,-142,1587,1558,0.35,0,0,34.4,48.312,48.156,6407,18.52,54.0,0
1783523423.1176057,1961,6,person,0,661,2,878,436,0.937,769,219,129,-141,1587,1557,0.35,0,0,34.4,48.312,48.156,6407,18.63,53.7,0
1783523423.1642466,1962,6,person,0,674,2,895,436,0.926,784,219,144,-141,1610,1558,0.35,0,0,34.4,48.312,48.156,6407,18.46,54.2,0
1783523423.212342,1963,6,person,0,681,2,905,437,0.905,793,219,153,-141,1605,1558,0.35,0,0,34.4,48.312,48.156,6407,18.73,53.4,0
1783523423.2592316,1964,6,person,0,694,2,918,435,0.913,806,218,166,-142,1620,1559,0.35,0,0,34.4,48.312,48.156,6407,18.44,54.2,0
1783523423.3068583,1965,6,person,0,702,1,928,435,0.914,815,218,175,-142,1619,1558,0.35,0,0,34.4,48.312,48.156,6407,18.64,53.6,0
1783523423.355,1966,6,person,0,710,2,938,437,0.944,824,219,184,-141,1624,1557,0.35,0,0,34.4,48.625,48.375,6407,19.32,51.8,0
1783523423.402779,1967,6,person,0,725,2,954,436,0.932,839,219,199,-141,1644,1558,0.35,0,0,34.4,48.625,48.375,6407,18.54,53.9,0
1783523423.4527843,1968,6,person,0,734,3,964,434,0.927,849,218,209,-142,1641,1559,0.35,0,0,34.4,48.625,48.375,6407,18.51,54.0,0
1783523423.500629,1969,6,person,0,748,3,980,434,0.893,864,218,224,-142,1659,1558,0.35,0,0,34.4,48.625,48.375,6407,18.58,53.8,0
1783523423.5415277,1970,6,person,0,761,3,996,435,0.934,878,219,238,-141,1670,1557,0.35,0,0,34.4,48.625,48.375,6407,18.62,53.7,0
1783523423.590151,1971,6,person,0,772,3,1009,434,0.925,890,218,250,-142,1670,1559,0.35,0,0,34.4,48.625,48.375,6407,18.44,54.2,0
1783523423.638061,1972,6,person,0,787,3,1029,438,0.923,908,220,268,-140,1692,1555,0.35,0,0,34.4,48.625,48.375,6407,18.53,54.0,0
1783523423.6872053,1973,6,person,0,799,3,1046,440,0.911,922,221,282,-139,1693,1556,0.35,0,0,34.4,48.625,48.375,6407,18.51,54.0,0
1783523423.7358272,1974,6,person,0,817,2,1070,439,0.891,943,220,303,-140,1700,1559,0.35,0,0,34.4,48.625,48.375,6407,18.57,53.9,0
1783523423.7862878,1975,6,person,0,833,2,1090,436,0.842,961,219,321,-141,1700,1559,0.35,0,0,34.4,48.625,48.375,6407,18.53,54.0,0
1783523423.8411582,1976,6,person,0,849,1,1114,436,0.775,981,218,341,-142,1700,1559,0.35,0,0,34.4,48.312,48.375,6407,18.72,53.4,0
1783523423.8948104,1977,,,,,,,,,,,,,1500,1500,0.35,0,0,34.4,48.312,48.375,6407,17.64,56.7,1
1783523423.9467545,1978,,,,,,,,,,,,,1500,1500,0.35,0,0,34.4,48.312,48.375,6407,16.58,60.3,1
1783523423.997725,1979,,,,,,,,,,,,,1500,1500,0.35,0,0,34.4,48.312,48.375,6407,15.7,63.7,1
1783523424.0506368,1980,,,,,,,,,,,,,1500,1500,0.35,0,0,34.4,48.312,48.375,6407,18.17,55.0,1
1783523424.0981727,1981,,,,,,,,,,,,,1500,1500,0.35,0,0,34.4,48.312,48.375,6407,15.79,63.3,1
1783523424.1365333,1982,,,,,,,,,,,,,1500,1500,0.35,0,0,34.4,48.312,48.375,6407,17.77,56.3,1
1783523424.181059,1983,,,,,,,,,,,,,1500,1500,0.35,0,0,34.4,48.312,48.375,6407,15.75,63.5,1
1783523424.2257013,1984,,,,,,,,,,,,,1500,1500,0.35,0,0,34.4,48.312,48.375,6407,15.65,63.9,1
1783523424.2706833,1985,,,,,,,,,,,,,1500,1500,0.35,0,0,34.4,48.312,48.375,6407,15.75,63.5,1
1783523424.314521,1986,,,,,,,,,,,,,1500,1500,0.35,0,0,34.4,48.312,48.375,6407,15.7,63.7,1
1783523424.356844,1987,,,,,,,,,,,,,1500,1500,0.35,0,0,34.4,48.687,48.218,6407,15.58,64.2,1
1783523424.400426,1988,,,,,,,,,,,,,1500,1500,0.35,0,0,34.4,48.687,48.218,6407,15.72,63.6,1
1783523424.4429276,1989,,,,,,,,,,,,,1500,1500,0.35,0,0,34.4,48.687,48.218,6407,15.76,63.5,1
1783523424.4858098,1990,,,,,,,,,,,,,1500,1500,0.35,0,0,34.4,48.687,48.218,6407,15.55,64.3,1
1783523424.5282493,1991,,,,,,,,,,,,,1500,1500,0.35,0,0,34.4,48.687,48.218,6407,15.62,64.0,1
1783523424.5714931,1992,,,,,,,,,,,,,1500,1500,0.35,0,0,34.4,48.687,48.218,6407,15.63,64.0,1
1783523424.6135705,1993,,,,,,,,,,,,,1500,1500,0.35,0,0,34.4,48.687,48.218,6407,15.68,63.8,1
1783523424.6476517,1994,,,,,,,,,,,,,1500,1500,0.35,0,0,34.4,48.687,48.218,6407,14.58,68.6,1
1783523424.6947808,1995,,,,,,,,,,,,,1500,1500,0.35,0,0,34.4,48.687,48.218,6407,14.65,68.3,1
1783523424.7426803,1996,,,,,,,,,,,,,1500,1500,0.35,0,0,34.4,48.687,48.218,6407,14.79,67.6,1
1783523424.7870214,1997,,,,,,,,,,,,,1500,1500,0.35,0,0,34.4,48.687,48.218,6407,14.63,68.3,1
1783523424.8315198,1998,,,,,,,,,,,,,1500,1500,0.35,0,0,34.4,48.468,48.187,6446,14.61,68.4,1
1783523424.8726428,1999,,,,,,,,,,,,,1500,1500,0.35,0,0,34.4,48.468,48.187,6446,14.69,68.1,1
1783523424.9124703,2000,,,,,,,,,,,,,1500,1500,0.35,0,0,34.4,48.468,48.187,6446,14.73,67.9,1
1783523424.9516299,2001,,,,,,,,,,,,,1500,1500,0.35,0,0,34.4,48.468,48.187,6446,14.57,68.6,1
1783523424.9908345,2002,,,,,,,,,,,,,1500,1500,0.35,0,0,34.4,48.468,48.187,6446,14.6,68.5,1
1783523425.030285,2003,,,,,,,,,,,,,1500,1500,0.35,0,0,34.4,48.468,48.187,6446,14.61,68.4,1
1783523425.0696516,2004,,,,,,,,,,,,,1500,1500,0.35,0,0,34.4,48.468,48.187,6446,14.7,68.0,1
1783523425.1109111,2005,,,,,,,,,,,,,1500,1500,0.35,0,0,34.4,48.468,48.187,6446,15.65,63.9,1
1783523425.1473575,2006,,,,,,,,,,,,,1500,1500,0.35,0,0,34.4,48.468,48.187,6446,17.45,57.3,1
1783523425.187656,2007,,,,,,,,,,,,,1500,1500,0.35,0,0,34.4,48.468,48.187,6446,14.52,68.9,1
1783523425.2287767,2008,,,,,,,,,,,,,1500,1500,0.35,0,0,34.4,48.468,48.187,6446,14.64,68.3,1
1783523425.2689962,2009,,,,,,,,,,,,,1500,1500,0.35,0,0,34.4,48.468,48.187,6446,14.31,69.9,1
1783523425.3120518,2010,,,,,,,,,,,,,1500,1500,0.35,0,0,34.4,48.468,48.187,6446,17.16,58.3,1
1783523425.3517666,2011,,,,,,,,,,,,,1500,1500,0.35,0,0,34.4,48.781,48.437,6526,14.24,70.2,1
1783523425.3919127,2012,,,,,,,,,,,,,1500,1500,0.35,0,0,34.4,48.781,48.437,6526,15.2,65.8,1
1783523425.4313226,2013,,,,,,,,,,,,,1500,1500,0.35,0,0,34.4,48.781,48.437,6526,14.31,69.9,1
1783523425.4702084,2014,,,,,,,,,,,,,1500,1500,0.35,0,0,34.4,48.781,48.437,6526,14.28,70.1,1
1783523425.5091379,2015,,,,,,,,,,,,,1500,1500,0.35,0,0,34.4,48.781,48.437,6526,14.35,69.7,1
1783523425.547918,2016,,,,,,,,,,,,,1500,1500,0.35,0,0,34.4,48.781,48.437,6526,14.27,70.1,1
1783523425.5863125,2017,,,,,,,,,,,,,1500,1500,0.35,0,0,34.4,48.781,48.437,6526,14.31,69.9,1
1783523425.6198342,2018,,,,,,,,,,,,,1500,1500,0.35,0,0,34.4,48.781,48.437,6526,14.19,70.5,1
1783523425.659345,2019,,,,,,,,,,,,,1500,1500,0.35,0,0,34.4,48.781,48.437,6526,14.27,70.1,1
1783523425.6982627,2020,,,,,,,,,,,,,1500,1500,0.35,0,0,34.4,48.781,48.437,6526,14.29,70.0,1
1783523425.7396433,2021,,,,,,,,,,,,,1500,1500,0.35,0,0,34.4,48.781,48.437,6526,17.17,58.3,1
1783523425.7777271,2022,,,,,,,,,,,,,1500,1500,0.35,0,0,34.4,48.781,48.437,6526,14.43,69.3,1
1783523425.815652,2023,,,,,,,,,,,,,1500,1500,0.35,0,0,34.4,48.781,48.437,6526,14.32,69.8,1
1783523425.853236,2024,,,,,,,,,,,,,1500,1500,0.35,0,0,34.4,48.656,48.593,6565,14.28,70.0,1
1783523425.89117,2025,,,,,,,,,,,,,1500,1500,0.35,0,0,34.4,48.656,48.593,6565,14.23,70.3,1
1783523425.9290118,2026,,,,,,,,,,,,,1500,1500,0.35,0,0,34.4,48.656,48.593,6565,14.35,69.7,1
1783523425.9657803,2027,,,,,,,,,,,,,1500,1500,0.35,0,0,34.4,48.656,48.593,6565,14.36,69.6,1
1783523426.0028186,2028,,,,,,,,,,,,,1500,1500,0.35,0,0,34.4,48.656,48.593,6565,14.26,70.1,1
1783523426.0404224,2029,,,,,,,,,,,,,1500,1500,0.35,0,0,34.4,48.656,48.593,6565,14.38,69.5,1
1783523426.0741415,2030,,,,,,,,,,,,,1500,1500,0.35,0,0,34.4,48.656,48.593,6565,14.31,69.9,1
1783523426.1136065,2031,,,,,,,,,,,,,1500,1500,0.35,0,0,34.4,48.656,48.593,6565,14.28,70.0,1
1783523426.1522517,2032,,,,,,,,,,,,,1500,1500,0.35,0,0,34.4,48.656,48.593,6565,14.23,70.3,1
1783523426.1901653,2033,,,,,,,,,,,,,1500,1500,0.35,0,0,34.4,48.656,48.593,6565,14.24,70.2,1
1783523426.228713,2034,,,,,,,,,,,,,1500,1500,0.35,0,0,34.4,48.656,48.593,6565,14.7,68.0,1
1783523426.2661579,2035,,,,,,,,,,,,,1500,1500,0.35,0,0,34.4,48.656,48.593,6565,14.39,69.5,1
1783523426.3043864,2036,,,,,,,,,,,,,1500,1500,0.35,0,0,34.4,48.656,48.593,6565,14.41,69.4,1
1783523426.3461733,2037,,,,,,,,,,,,,1500,1500,0.35,0,0,34.4,48.531,48.406,6565,18.43,54.3,1
1783523426.383615,2038,,,,,,,,,,,,,1500,1500,0.35,0,0,34.4,48.531,48.406,6565,14.24,70.2,1
1783523426.4209626,2039,,,,,,,,,,,,,1500,1500,0.35,0,0,34.4,48.531,48.406,6565,14.3,69.9,1
1783523426.461658,2040,,,,,,,,,,,,,1500,1500,0.35,0,0,34.4,48.531,48.406,6565,17.11,58.4,1
1783523426.4994307,2041,,,,,,,,,,,,,1500,1500,0.35,0,0,34.4,48.531,48.406,6565,14.63,68.4,1
1783523426.5327668,2042,,,,,,,,,,,,,1500,1500,0.35,0,0,34.4,48.531,48.406,6565,14.4,69.4,1
1783523426.5732107,2043,,,,,,,,,,,,,1500,1500,0.35,0,0,34.4,48.531,48.406,6565,14.48,69.0,1
1783523426.612567,2044,,,,,,,,,,,,,1500,1500,0.35,0,0,34.4,48.531,48.406,6565,14.44,69.3,1
1783523426.6507015,2045,,,,,,,,,,,,,1500,1500,0.35,0,0,34.4,48.531,48.406,6565,14.32,69.8,1
1783523426.68846,2046,,,,,,,,,,,,,1500,1500,0.35,0,0,34.4,48.531,48.406,6565,14.23,70.3,1
1783523426.7282774,2047,,,,,,,,,,,,,1500,1500,0.35,0,0,34.4,48.531,48.406,6565,15.53,64.4,1
1783523426.766668,2048,,,,,,,,,,,,,1500,1500,0.35,0,0,34.4,48.531,48.406,6565,14.54,68.8,1
1783523426.8055265,2049,,,,,,,,,,,,,1500,1500,0.35,0,0,34.4,48.531,48.406,6565,14.57,68.6,1
1783523426.8446124,2050,,,,,,,,,,,,,1500,1500,0.35,0,0,34.4,48.562,48.375,6842,14.5,69.0,1
1783523426.8840666,2051,,,,,,,,,,,,,1500,1500,0.35,0,0,34.4,48.562,48.375,6842,14.37,69.6,1
1783523426.9240434,2052,,,,,,,,,,,,,1500,1500,0.35,0,0,34.4,48.562,48.375,6842,14.16,70.6,1
1783523426.9652388,2053,,,,,,,,,,,,,1500,1500,0.35,0,0,34.4,48.562,48.375,6842,14.34,69.7,1
1783523426.999643,2054,,,,,,,,,,,,,1500,1500,0.35,0,0,34.4,48.562,48.375,6842,15.4,65.0,1
1783523427.0395007,2055,,,,,,,,,,,,,1500,1500,0.35,0,0,34.4,48.562,48.375,6842,14.45,69.2,1
1783523427.0792089,2056,,,,,,,,,,,,,1500,1500,0.35,0,0,34.4,48.562,48.375,6842,14.27,70.1,1
1783523427.119288,2057,,,,,,,,,,,,,1500,1500,0.35,0,0,34.4,48.562,48.375,6842,14.23,70.3,1
1783523427.1624181,2058,,,,,,,,,,,,,1500,1500,0.35,0,0,34.4,48.562,48.375,6842,14.37,69.6,1
1783523427.203821,2059,,,,,,,,,,,,,1500,1500,0.35,0,0,34.4,48.562,48.375,6842,14.46,69.2,1
1783523427.2450178,2060,,,,,,,,,,,,,1500,1500,0.35,0,0,34.4,48.562,48.375,6842,14.41,69.4,1
1783523427.285802,2061,,,,,,,,,,,,,1500,1500,0.35,0,0,34.4,48.562,48.375,6842,14.32,69.8,1
1783523427.3316813,2062,,,,,,,,,,,,,1500,1500,0.35,0,0,34.4,48.562,48.375,6842,14.55,68.7,1
1783523427.3752997,2063,,,,,,,,,,,,,1500,1500,0.35,0,0,34.4,48.562,48.343,6684,14.41,69.4,1
1783523427.4187984,2064,,,,,,,,,,,,,1500,1500,0.35,0,0,34.4,48.562,48.343,6684,15.14,66.1,1
1783523427.462379,2065,,,,,,,,,,,,,1500,1500,0.35,0,0,34.4,48.562,48.343,6684,15.28,65.5,1
1783523427.497039,2066,,,,,,,,,,,,,1500,1500,0.35,0,0,34.4,48.562,48.343,6684,15.59,64.2,1
1783523427.5410018,2067,,,,,,,,,,,,,1500,1500,0.35,0,0,34.4,48.562,48.343,6684,15.43,64.8,1
1783523427.5875342,2068,,,,,,,,,,,,,1500,1500,0.35,0,0,34.4,48.562,48.343,6684,17.13,58.4,1
1783523427.6368916,2069,10,person,0,709,3,952,429,0.769,830,216,190,-144,1700,1650,0.35,0,0,34.4,48.562,48.343,6684,18.76,53.3,0
1783523427.6932094,2070,10,person,0,665,3,911,435,0.856,788,219,148,-141,1529,1553,0.35,0,0,34.4,48.562,48.343,6684,20.73,48.2,0
1783523427.7446096,2071,10,person,0,654,3,904,439,0.911,779,221,139,-139,1570,1554,0.35,0,0,34.4,48.562,48.343,6684,18.83,53.1,0
1783523427.7933092,2072,10,person,0,629,2,878,439,0.9,753,220,113,-140,1525,1557,0.35,0,0,34.4,48.562,48.343,6684,18.79,53.2,0
1783523427.8429298,2073,10,person,0,602,1,850,437,0.89,726,219,86,-141,1508,1558,0.35,0,0,34.4,48.562,48.343,6684,19.0,52.6,0
1783523427.891486,2074,10,person,0,580,3,826,437,0.897,703,220,63,-140,1500,1555,0.35,0,0,34.4,48.468,48.562,6526,18.54,53.9,0
1783523427.9398234,2075,10,person,0,569,2,814,439,0.89,691,220,51,-140,1511,1556,0.35,0,0,34.4,48.468,48.562,6526,18.79,53.2,0
1783523427.9869666,2076,10,person,0,560,1,804,437,0.9,682,219,42,-141,1511,1558,0.35,0,0,34.4,48.468,48.562,6526,18.59,53.8,0
1783523428.0336459,2077,10,person,0,549,3,788,436,0.907,668,219,28,-141,1429,1557,0.35,0,0,34.4,48.468,48.562,6526,18.65,53.6,0
1783523428.0738447,2078,10,person,0,541,1,778,435,0.9,659,218,19,-142,1501,1559,0.35,0,0,34.4,48.468,48.562,6526,18.65,53.6,0
1783523428.1220837,2079,10,person,0,534,3,767,435,0.884,650,219,10,-141,1501,1556,0.35,0,0,34.4,48.468,48.562,6526,18.48,54.1,0
1783523428.1695254,2080,10,person,0,524,10,749,433,0.89,636,221,-4,-139,1501,1555,0.35,0,0,34.4,48.468,48.562,6526,18.71,53.5,0
1783523428.2177656,2081,10,person,0,518,20,734,430,0.894,626,225,-14,-135,1501,1551,0.35,0,0,34.4,48.468,48.562,6526,18.56,53.9,0
1783523428.2701201,2082,10,person,0,516,29,723,429,0.902,619,229,-21,-131,1501,1550,0.35,0,0,34.4,48.468,48.562,6526,22.74,44.0,0
1783523428.3179388,2083,10,person,0,514,29,717,428,0.901,615,228,-25,-132,1501,1555,0.35,0,0,34.4,48.468,48.562,6526,18.65,53.6,0
1783523428.364519,2084,10,person,0,514,31,709,426,0.879,611,228,-29,-132,1501,1554,0.35,0,0,34.4,48.468,48.562,6526,18.73,53.4,0
1783523428.4117835,2085,10,person,0,516,35,704,422,0.87,610,228,-30,-132,1501,1554,0.35,0,0,34.4,48.5,48.562,6407,18.75,53.3,0
1783523428.4582968,2086,10,person,0,519,37,696,408,0.869,607,222,-33,-138,1501,1563,0.35,0,0,34.4,48.5,48.562,6407,18.58,53.8,0
1783523428.5061538,2087,10,person,0,523,50,687,398,0.873,605,224,-35,-136,1501,1554,0.35,0,0,34.4,48.5,48.562,6407,18.91,52.9,0
1783523428.5526884,2088,10,person,0,525,60,680,392,0.874,602,226,-38,-134,1501,1553,0.35,0,0,34.4,48.5,48.562,6407,18.66,53.6,0
1783523428.5985506,2089,10,person,0,526,73,673,390,0.878,599,231,-41,-129,1405,1548,0.35,0,0,34.4,48.5,48.562,6407,18.68,53.5,0
1783523428.6386943,2090,10,person,0,528,79,670,389,0.851,599,234,-41,-126,1476,1548,0.35,0,0,34.4,48.5,48.562,6407,18.74,53.4,0
1783523428.6856263,2091,10,person,0,532,82,671,389,0.854,601,235,-39,-125,1570,1550,0.35,0,0,34.4,48.5,48.562,6407,18.52,54.0,0
1783523428.7322235,2092,10,person,0,539,81,675,387,0.833,607,234,-33,-126,1501,1553,0.35,0,0,34.4,48.5,48.562,6407,18.69,53.5,0
1783523428.7791958,2093,10,person,0,544,82,677,386,0.831,610,234,-30,-126,1501,1552,0.35,0,0,34.4,48.5,48.562,6407,18.88,53.0,0
1783523428.8249683,2094,10,person,0,547,86,675,379,0.843,611,232,-29,-128,1501,1555,0.35,0,0,34.4,48.5,48.562,6407,18.42,54.3,0
1783523428.8741965,2095,10,person,0,550,91,673,374,0.834,611,232,-29,-128,1501,1553,0.35,0,0,34.4,48.5,48.562,6407,22.06,45.3,0
1783523428.91998,2096,10,person,0,551,98,670,372,0.844,610,235,-30,-125,1501,1548,0.35,0,0,34.4,48.343,48.406,6407,18.85,53.1,0
1783523428.9656823,2097,10,person,0,556,107,670,370,0.808,613,238,-27,-122,1501,1547,0.35,0,0,34.4,48.343,48.406,6407,18.91,52.9,0
1783523429.0119941,2098,10,person,0,560,111,672,369,0.806,616,240,-24,-120,1501,1547,0.35,0,0,34.4,48.343,48.406,6407,18.91,52.9,0
1783523429.0569856,2099,10,person,0,562,113,674,370,0.84,618,241,-22,-119,1501,1548,0.35,0,0,34.4,48.343,48.406,6407,18.47,54.1,0
1783523429.1050222,2100,10,person,0,567,112,678,369,0.829,622,240,-18,-120,1501,1551,0.35,0,0,34.4,48.343,48.406,6407,21.02,47.6,0
1783523429.1503952,2101,10,person,0,573,112,681,369,0.829,627,240,-13,-120,1501,1550,0.35,0,0,34.4,48.343,48.406,6407,18.62,53.7,0
1783523429.1907983,2102,10,person,0,580,115,686,369,0.794,633,242,-7,-118,1501,1546,0.35,0,0,34.4,48.343,48.406,6407,18.64,53.6,0
1783523429.2381663,2103,10,person,0,584,118,685,365,0.819,634,241,-6,-119,1501,1550,0.35,0,0,34.4,48.343,48.406,6407,18.61,53.7,0
1783523429.2840483,2104,10,person,0,586,121,683,362,0.824,634,241,-6,-119,1501,1549,0.35,0,0,34.4,48.343,48.406,6407,18.59,53.8,0
1783523429.3294933,2105,10,person,0,587,124,684,361,0.803,635,242,-5,-118,1501,1548,0.35,0,0,34.4,48.343,48.406,6407,18.54,53.9,0
1783523429.3751764,2106,10,person,0,591,128,685,360,0.791,638,244,-2,-116,1501,1546,0.35,0,0,34.4,48.343,48.406,6407,19.08,52.4,0
1783523429.4204736,2107,10,person,0,593,130,685,360,0.783,639,245,-1,-115,1501,1546,0.35,0,0,34.4,48.718,48.375,6407,18.9,52.9,0
1783523429.4685004,2108,10,person,0,601,128,693,359,0.743,647,243,7,-117,1501,1550,0.35,0,0,34.4,48.718,48.375,6407,21.73,46.0,0
1783523429.513843,2109,10,person,0,606,129,699,358,0.774,652,243,12,-117,1501,1548,0.35,0,0,34.4,48.718,48.375,6407,18.7,53.5,0
1783523429.5593672,2110,10,person,0,612,132,706,361,0.799,659,246,19,-114,1501,1544,0.35,0,0,34.4,48.718,48.375,6407,18.44,54.2,0
1783523429.6047199,2111,10,person,0,614,134,708,362,0.774,661,248,21,-112,1501,1544,0.35,0,0,34.4,48.718,48.375,6407,18.96,52.7,0
1783523429.6496098,2112,10,person,0,616,136,709,363,0.782,662,249,22,-111,1501,1545,0.35,0,0,34.4,48.718,48.375,6407,18.67,53.6,0
1783523429.6945899,2113,10,person,0,618,139,711,361,0.822,664,250,24,-110,1501,1544,0.35,0,0,34.4,48.718,48.375,6407,18.62,53.7,0
1783523429.7347977,2114,10,person,0,621,141,713,358,0.813,667,249,27,-111,1501,1547,0.35,0,0,34.4,48.718,48.375,6407,18.88,53.0,0
1783523429.7817068,2115,10,person,0,624,142,715,354,0.798,669,248,29,-112,1501,1547,0.35,0,0,34.4,48.718,48.375,6407,18.72,53.4,0
1783523429.827505,2116,10,person,0,634,142,722,351,0.768,678,246,38,-114,1501,1549,0.35,0,0,34.4,48.718,48.375,6407,18.76,53.3,0
1783523429.874505,2117,10,person,0,639,142,728,354,0.783,683,248,43,-112,1600,1544,0.35,0,0,34.4,48.718,48.375,6407,18.99,52.7,0
1783523429.9202614,2118,10,person,0,648,142,732,346,0.731,690,244,50,-116,1543,1552,0.35,0,0,34.4,48.562,48.406,6407,18.69,53.5,0
1783523429.965878,2119,10,person,0,654,144,738,348,0.692,696,246,56,-114,1545,1545,0.35,0,0,34.4,48.562,48.406,6407,18.89,52.9,0
1783523430.0108,2120,10,person,0,663,143,742,338,0.727,702,240,62,-120,1549,1556,0.35,0,0,34.4,48.562,48.406,6407,18.81,53.2,0
1783523430.0562284,2121,10,person,0,669,144,745,333,0.686,707,238,67,-122,1550,1553,0.35,0,0,34.4,48.562,48.406,6407,18.56,53.9,0
1783523430.101476,2122,10,person,0,675,147,752,343,0.71,713,245,73,-115,1555,1540,0.35,0,0,34.4,48.562,48.406,6407,18.67,53.6,0
1783523430.1466353,2123,10,person,0,680,149,759,353,0.781,719,251,79,-109,1559,1538,0.35,0,0,34.4,48.562,48.406,6407,18.59,53.8,0
1783523430.1921933,2124,10,person,0,686,150,764,351,0.682,725,250,85,-110,1563,1547,0.35,0,0,34.4,48.562,48.406,6407,18.69,53.5,0
1783523430.236656,2125,10,person,0,687,150,766,355,0.655,726,252,86,-108,1555,1542,0.35,0,0,34.4,48.562,48.406,6407,18.66,53.6,0
1783523430.2772365,2126,10,person,0,691,150,768,356,0.692,729,253,89,-107,1561,1543,0.35,0,0,34.4,48.562,48.406,6407,18.76,53.3,0
1783523430.3237689,2127,10,person,0,707,150,763,294,0.684,735,222,95,-138,1569,1590,0.35,0,0,34.4,48.562,48.406,6407,18.59,53.8,0
1783523430.3701918,2128,10,person,0,714,149,761,265,0.654,737,207,97,-153,1563,1579,0.35,0,0,34.4,48.562,48.406,6407,18.71,53.4,0
1783523430.4158714,2129,10,person,0,723,149,767,257,0.645,745,203,105,-157,1579,1569,0.35,0,0,34.4,48.718,48.468,6446,18.73,53.4,0
1783523430.4637597,2130,10,person,0,730,150,773,254,0.633,751,202,111,-158,1579,1566,0.35,0,0,34.4,48.718,48.468,6446,21.02,47.6,0
1783523430.5086877,2131,10,person,0,734,152,777,254,0.644,755,203,115,-157,1578,1563,0.35,0,0,34.4,48.718,48.468,6446,19.01,52.6,0
1783523430.5532305,2132,10,person,0,737,154,781,256,0.635,759,205,119,-155,1581,1561,0.35,0,0,34.4,48.718,48.468,6446,18.67,53.6,0
1783523430.5985825,2133,10,person,0,743,154,787,256,0.658,765,205,125,-155,1588,1564,0.35,0,0,34.4,48.718,48.468,6446,18.82,53.1,0
1783523430.6427352,2134,10,person,0,750,155,792,254,0.634,771,204,131,-156,1592,1565,0.35,0,0,34.4,48.718,48.468,6446,18.85,53.0,0
1783523430.6884227,2135,10,person,0,754,155,796,253,0.586,775,204,135,-156,1591,1564,0.35,0,0,34.4,48.718,48.468,6446,19.55,51.1,0
1783523430.7336488,2136,10,person,0,760,154,802,253,0.677,781,203,141,-157,1598,1565,0.35,0,0,34.4,48.718,48.468,6446,19.25,51.9,0
1783523430.7783995,2137,10,person,0,764,154,806,253,0.7,785,203,145,-157,1597,1564,0.35,0,0,34.4,48.718,48.468,6446,18.81,53.2,0
1783523430.8184187,2138,10,person,0,768,153,809,251,0.588,788,202,148,-158,1597,1566,0.35,0,0,34.4,48.718,48.468,6446,18.64,53.6,0
1783523430.8649378,2139,10,person,0,771,152,814,255,0.702,792,203,152,-157,1601,1563,0.35,0,0,34.4,48.718,48.468,6446,18.69,53.5,0
1783523430.9113142,2140,10,person,0,773,151,817,256,0.65,795,203,155,-157,1601,1564,0.35,0,0,34.4,48.625,48.718,6486,18.86,53.0,0
1783523430.9565148,2141,10,person,0,775,150,819,256,0.689,797,203,157,-157,1600,1564,0.35,0,0,34.4,48.625,48.718,6486,18.45,54.2,0
1783523431.0015886,2142,10,person,0,780,150,824,256,0.738,802,203,162,-157,1609,1564,0.35,0,0,34.4,48.625,48.718,6486,18.63,53.7,0
1783523431.0466466,2143,10,person,0,782,151,826,255,0.599,804,203,164,-157,1604,1564,0.35,0,0,34.4,48.625,48.718,6486,18.73,53.4,0
1783523431.0911527,2144,10,person,0,786,152,830,254,0.71,808,203,168,-157,1610,1564,0.35,0,0,34.4,48.625,48.718,6486,18.85,53.1,0
1783523431.1365128,2145,10,person,0,790,153,834,253,0.736,812,203,172,-157,1613,1564,0.35,0,0,34.4,48.625,48.718,6486,18.88,53.0,0
1783523431.1811073,2146,10,person,0,792,153,837,253,0.719,814,203,174,-157,1610,1564,0.35,0,0,34.4,48.625,48.718,6486,18.77,53.3,0
1783523431.225335,2147,10,person,0,796,153,843,253,0.772,819,203,179,-157,1619,1564,0.35,0,0,34.4,48.625,48.718,6486,18.54,53.9,0
1783523431.2735863,2148,10,person,0,798,153,846,251,0.784,822,202,182,-158,1617,1566,0.35,0,0,34.4,48.625,48.718,6486,21.73,46.0,0
1783523431.3178654,2149,10,person,0,798,154,848,252,0.783,823,203,183,-157,1614,1563,0.35,0,0,34.4,48.625,48.718,6486,18.63,53.7,0
1783523431.3588796,2150,10,person,0,799,154,850,253,0.794,824,203,184,-157,1615,1564,0.35,0,0,34.4,48.625,48.718,6486,18.82,53.1,0
1783523431.405625,2151,10,person,0,798,154,852,254,0.789,825,204,185,-156,1615,1563,0.35,0,0,34.4,48.437,48.437,6446,18.84,53.1,0
1783523431.4509687,2152,10,person,0,798,154,854,254,0.783,826,204,186,-156,1616,1564,0.35,0,0,34.4,48.437,48.437,6446,18.58,53.8,0
1783523431.4959826,2153,10,person,0,796,154,855,255,0.768,825,204,185,-156,1612,1564,0.35,0,0,34.4,48.437,48.437,6446,18.85,53.0,0
1783523431.5409539,2154,10,person,0,794,154,855,255,0.758,824,204,184,-156,1611,1564,0.35,0,0,34.4,48.437,48.437,6446,18.87,53.0,0
1783523431.5854049,2155,10,person,0,793,153,856,255,0.779,824,204,184,-156,1613,1564,0.35,0,0,34.4,48.437,48.437,6446,18.54,53.9,0
1783523431.629273,2156,10,person,0,792,154,856,255,0.776,824,204,184,-156,1613,1564,0.35,0,0,34.4,48.437,48.437,6446,18.56,53.9,0
1783523431.673569,2157,10,person,0,791,155,855,252,0.778,823,203,183,-157,1610,1565,0.35,0,0,34.4,48.437,48.437,6446,18.95,52.8,0
1783523431.7180889,2158,10,person,0,788,155,853,253,0.754,820,204,180,-156,1605,1563,0.35,0,0,34.4,48.437,48.437,6446,18.63,53.7,0
1783523431.7620404,2159,10,person,0,784,154,850,254,0.757,817,204,177,-156,1603,1564,0.35,0,0,34.4,48.437,48.437,6446,18.55,53.9,0
1783523431.8098493,2160,10,person,0,781,154,848,254,0.729,814,204,174,-156,1602,1564,0.35,0,0,34.4,48.437,48.437,6446,21.09,47.4,0
1783523431.8543787,2161,10,person,0,777,153,845,255,0.744,811,204,171,-156,1600,1564,0.35,0,0,34.4,48.437,48.437,6446,18.63,53.7,0
1783523431.8959634,2162,10,person,0,773,154,840,255,0.678,806,204,166,-156,1592,1564,0.35,0,0,34.4,48.437,48.437,6446,20.1,49.7,0
1783523431.9428613,2163,10,person,0,770,153,836,253,0.718,803,203,163,-157,1595,1565,0.35,0,0,34.4,48.718,48.468,6446,18.84,53.1,0
1783523431.988992,2164,10,person,0,767,153,834,254,0.753,800,203,160,-157,1593,1564,0.35,0,0,34.4,48.718,48.468,6446,18.52,54.0,0
1783523432.0340765,2165,10,person,0,764,153,829,251,0.799,796,202,156,-158,1589,1566,0.35,0,0,34.4,48.718,48.468,6446,18.57,53.8,0
1783523432.0793173,2166,10,person,0,759,153,826,254,0.75,792,203,152,-157,1587,1563,0.35,0,0,34.4,48.718,48.468,6446,18.84,53.1,0
1783523432.1243472,2167,10,person,0,755,152,821,254,0.706,788,203,148,-157,1584,1564,0.35,0,0,34.4,48.718,48.468,6446,18.76,53.3,0
1783523432.169753,2168,10,person,0,751,152,817,254,0.702,784,203,144,-157,1582,1564,0.35,0,0,34.4,48.718,48.468,6446,18.85,53.0,0
1783523432.2141685,2169,10,person,0,747,150,814,253,0.684,780,201,140,-159,1579,1567,0.35,0,0,34.4,48.718,48.468,6446,18.7,53.5,0
1783523432.2590077,2170,10,person,0,738,151,807,257,0.646,772,204,132,-156,1567,1561,0.35,0,0,34.4,48.718,48.468,6446,18.53,54.0,0
1783523432.3041167,2171,10,person,0,733,151,803,258,0.59,768,204,128,-156,1572,1564,0.35,0,0,34.4,48.718,48.468,6446,18.88,53.0,0
1783523432.349138,2172,10,person,0,725,151,797,260,0.596,761,205,121,-155,1563,1562,0.35,0,0,34.4,48.718,48.468,6446,18.6,53.8,0
1783523432.3939047,2173,10,person,0,718,151,792,262,0.658,755,206,115,-154,1561,1562,0.35,0,0,34.4,48.718,48.468,6446,18.93,52.8,0
1783523432.4341378,2174,10,person,0,713,152,787,264,0.683,750,208,110,-152,1559,1560,0.35,0,0,34.4,48.468,48.375,6486,18.77,53.3,0
1783523432.4858677,2175,10,person,0,710,153,785,265,0.729,747,209,107,-151,1562,1561,0.35,0,0,34.4,48.468,48.375,6486,23.21,43.1,0
1783523432.5320332,2176,10,person,0,701,152,777,266,0.673,739,209,99,-151,1548,1562,0.35,0,0,34.4,48.468,48.375,6486,18.91,52.9,0
1783523432.5779357,2177,10,person,0,697,151,773,267,0.619,735,209,95,-151,1553,1562,0.35,0,0,34.4,48.468,48.375,6486,18.77,53.3,0
1783523432.6230175,2178,10,person,0,694,150,768,265,0.63,731,207,91,-153,1550,1565,0.35,0,0,34.4,48.468,48.375,6486,18.7,53.5,0
1783523432.6680305,2179,10,person,0,692,149,765,264,0.668,728,206,88,-154,1550,1564,0.35,0,0,34.4,48.468,48.375,6486,18.92,52.9,0
1783523432.712795,2180,10,person,0,693,148,763,263,0.732,728,205,88,-155,1555,1565,0.35,0,0,34.4,48.468,48.375,6486,18.77,53.3,0
1783523432.757364,2181,10,person,0,689,147,758,263,0.668,723,205,83,-155,1543,1564,0.35,0,0,34.4,48.468,48.375,6486,18.61,53.7,0
1783523432.802781,2182,10,person,0,686,147,753,264,0.613,719,205,79,-155,1543,1564,0.35,0,0,34.4,48.468,48.375,6486,18.82,53.1,0
1783523432.8477454,2183,10,person,0,665,145,760,319,0.747,712,232,72,-128,1533,1523,0.35,0,0,34.4,48.468,48.375,6486,18.82,53.1,0
1783523432.892997,2184,10,person,0,654,144,757,341,0.837,705,242,65,-118,1529,1538,0.35,0,0,34.4,48.468,48.375,6486,18.52,54.0,0
1783523432.9388092,2185,10,person,0,644,142,749,350,0.729,696,246,56,-114,1520,1543,0.35,0,0,34.4,48.531,48.687,6486,18.77,53.3,0
1783523432.9788046,2186,10,person,0,631,142,739,361,0.752,685,251,45,-109,1507,1539,0.35,0,0,34.4,48.531,48.687,6486,18.74,53.4,0
1783523433.0262222,2187,10,person,0,623,143,731,363,0.785,677,253,37,-107,1427,1542,0.35,0,0,34.4,48.531,48.687,6486,18.79,53.2,0
1783523433.0742524,2188,10,person,0,619,143,728,367,0.777,673,255,33,-105,1503,1541,0.35,0,0,34.4,48.531,48.687,6486,20.6,48.5,0
1783523433.1197462,2189,10,person,0,618,143,727,369,0.803,672,256,32,-104,1503,1542,0.35,0,0,34.4,48.531,48.687,6486,18.68,53.5,0
1783523433.1693563,2190,10,person,0,614,143,720,367,0.729,667,255,27,-105,1503,1545,0.35,0,0,34.4,48.531,48.687,6486,22.8,43.9,0
1783523433.2149057,2191,10,person,0,610,143,714,367,0.656,662,255,22,-105,1503,1544,0.35,0,0,34.4,48.531,48.687,6486,18.81,53.2,0
1783523433.2601414,2192,10,person,0,609,143,710,362,0.789,659,252,19,-108,1503,1548,0.35,0,0,34.4,48.531,48.687,6486,18.77,53.3,0
1783523433.3054101,2193,10,person,0,608,143,708,362,0.799,658,252,18,-108,1503,1545,0.35,0,0,34.4,48.531,48.687,6486,18.8,53.2,0
1783523433.3502262,2194,10,person,0,605,136,707,359,0.773,656,247,16,-113,1503,1552,0.35,0,0,34.4,48.531,48.687,6486,18.61,53.7,0
1783523433.3953483,2195,10,person,0,596,126,705,363,0.75,650,244,10,-116,1503,1551,0.35,0,0,34.4,48.531,48.687,6486,18.83,53.1,0
1783523433.4412508,2196,10,person,0,588,122,700,366,0.767,644,244,4,-116,1503,1548,0.35,0,0,34.4,48.625,48.687,6446,18.77,53.3,0
1783523433.486402,2197,10,person,0,581,121,693,368,0.847,637,244,-3,-116,1503,1548,0.35,0,0,34.4,48.625,48.687,6446,18.57,53.8,0
1783523433.526853,2198,10,person,0,574,120,685,369,0.844,629,244,-11,-116,1503,1548,0.35,0,0,34.4,48.625,48.687,6446,18.65,53.6,0
1783523433.5742285,2199,10,person,0,568,120,678,370,0.805,623,245,-17,-115,1503,1546,0.35,0,0,34.4,48.625,48.687,6446,18.86,53.0,0
1783523433.6204665,2200,10,person,0,564,122,672,370,0.808,618,246,-22,-114,1503,1546,0.35,0,0,34.4,48.625,48.687,6446,18.56,53.9,0
1783523433.6660628,2201,10,person,0,554,118,663,369,0.884,608,243,-32,-117,1503,1552,0.35,0,0,34.4,48.625,48.687,6446,18.58,53.8,0
1783523433.7123892,2202,10,person,0,547,112,659,370,0.883,603,241,-37,-119,1503,1551,0.35,0,0,34.4,48.625,48.687,6446,18.61,53.7,0
1783523433.7578642,2203,10,person,0,540,102,656,371,0.856,598,236,-42,-124,1403,1557,0.35,0,0,34.4,48.625,48.687,6446,18.63,53.7,0
1783523433.8041568,2204,10,person,0,536,94,656,372,0.826,596,233,-44,-127,1473,1556,0.35,0,0,34.4,48.625,48.687,6446,19.07,52.4,0
1783523433.8493562,2205,10,person,0,534,88,656,374,0.813,595,231,-45,-129,1474,1555,0.35,0,0,34.4,48.625,48.687,6446,18.69,53.5,0
1783523433.8942788,2206,10,person,0,530,86,656,381,0.827,593,233,-47,-127,1470,1550,0.35,0,0,34.4,48.625,48.687,6446,18.72,53.4,0
1783523433.9401703,2207,10,person,0,529,85,656,383,0.842,592,234,-48,-126,1472,1551,0.35,0,0,34.4,48.406,48.437,6446,18.95,52.8,0
1783523433.985229,2208,10,person,0,528,84,655,385,0.852,591,234,-49,-126,1471,1552,0.35,0,0,34.4,48.406,48.437,6446,18.62,53.7,0
1783523434.0300286,2209,10,person,0,526,78,656,386,0.844,591,232,-49,-128,1473,1555,0.35,0,0,34.4,48.406,48.437,6446,18.53,54.0,0
1783523434.0701456,2210,10,person,0,524,66,658,389,0.859,591,227,-49,-133,1473,1561,0.35,0,0,34.4,48.406,48.437,6446,18.6,53.8,0
1783523434.1171029,2211,10,person,0,521,55,661,393,0.872,591,224,-49,-136,1473,1559,0.35,0,0,34.4,48.406,48.437,6446,18.6,53.8,0
1783523434.163073,2212,10,person,0,519,48,662,397,0.883,590,222,-50,-138,1470,1559,0.35,0,0,34.4,48.406,48.437,6446,18.5,54.1,0
1783523434.209704,2213,10,person,0,515,43,662,401,0.882,588,222,-52,-138,1467,1557,0.35,0,0,34.4,48.406,48.437,6446,18.71,53.5,0
1783523434.2563677,2214,10,person,0,511,43,660,409,0.892,585,226,-55,-134,1464,1551,0.35,0,0,34.4,48.406,48.437,6446,18.56,53.9,0
1783523434.30289,2215,10,person,0,509,43,659,412,0.892,584,227,-56,-133,1466,1554,0.35,0,0,34.4,48.406,48.437,6446,18.73,53.4,0
1783523434.348428,2216,10,person,0,508,42,658,413,0.888,583,227,-57,-133,1466,1555,0.35,0,0,34.4,48.406,48.437,6446,18.63,53.7,0
1783523434.3935409,2217,10,person,0,507,34,660,415,0.896,583,224,-57,-136,1467,1559,0.35,0,0,34.4,48.406,48.437,6446,18.47,54.2,0
1783523434.4395103,2218,10,person,0,505,23,662,415,0.899,583,219,-57,-141,1467,1563,0.35,0,0,34.4,48.718,48.406,6446,18.78,53.3,0
1783523434.485351,2219,10,person,0,505,15,664,418,0.896,584,216,-56,-144,1469,1562,0.35,0,0,34.4,48.718,48.406,6446,18.53,54.0,0
1783523434.5336375,2220,10,person,0,505,4,669,421,0.908,587,212,-53,-148,1474,1565,0.35,0,0,34.4,48.718,48.406,6446,21.13,47.3,0
1783523434.580324,2221,10,person,0,506,0,672,425,0.927,589,212,-51,-148,1474,1561,0.35,0,0,34.4,48.718,48.406,6446,18.69,53.5,0
1783523434.6205091,2222,10,person,0,505,0,674,430,0.924,589,215,-51,-145,1471,1556,0.35,0,0,34.4,48.718,48.406,6446,18.36,54.5,0
1783523434.6675487,2223,10,person,0,502,0,675,434,0.919,588,217,-52,-143,1468,1557,0.35,0,0,34.4,48.718,48.406,6446,18.58,53.8,0
1783523434.7150218,2224,10,person,0,499,0,673,434,0.92,586,217,-54,-143,1465,1559,0.35,0,0,34.4,48.718,48.406,6446,18.69,53.5,0
1783523434.761069,2225,10,person,0,497,0,673,434,0.919,585,217,-55,-143,1466,1559,0.35,0,0,34.4,48.718,48.406,6446,18.68,53.5,0
1783523434.8078997,2226,10,person,0,498,0,675,435,0.922,586,217,-54,-143,1470,1559,0.35,0,0,34.4,48.718,48.406,6446,18.87,53.0,0
1783523434.853926,2227,10,person,0,501,0,678,434,0.926,589,217,-51,-143,1475,1559,0.35,0,0,34.4,48.718,48.406,6446,18.47,54.1,0
1783523434.9004185,2228,10,person,0,506,1,686,435,0.92,596,218,-44,-142,1486,1557,0.35,0,0,34.4,48.718,48.406,6446,18.63,53.7,0
1783523434.9480479,2229,10,person,0,510,0,692,434,0.913,601,217,-39,-143,1575,1560,0.35,0,0,34.4,48.562,48.656,6446,18.63,53.7,0
1783523434.9941797,2230,10,person,0,515,0,701,435,0.914,608,217,-32,-143,1501,1559,0.35,0,0,34.4,48.562,48.656,6446,18.65,53.6,0
1783523435.0398893,2231,10,person,0,517,1,708,435,0.912,612,218,-28,-142,1501,1557,0.35,0,0,34.4,48.562,48.656,6446,18.83,53.1,0
1783523435.085834,2232,10,person,0,521,1,716,435,0.915,618,218,-22,-142,1501,1558,0.35,0,0,34.4,48.562,48.656,6446,18.72,53.4,0
1783523435.1318855,2233,10,person,0,530,2,729,435,0.925,629,218,-11,-142,1501,1558,0.35,0,0,34.4,48.562,48.656,6446,18.81,53.2,0
1783523435.171975,2234,10,person,0,538,2,739,433,0.928,638,217,-2,-143,1501,1560,0.35,0,0,34.4,48.562,48.656,6446,18.8,53.2,0
1783523435.2198825,2235,10,person,0,544,2,749,432,0.897,646,217,6,-143,1501,1559,0.35,0,0,34.4,48.562,48.656,6446,18.98,52.7,0
1783523435.2676659,2236,10,person,0,553,2,760,433,0.886,656,217,16,-143,1501,1559,0.35,0,0,34.4,48.562,48.656,6446,18.77,53.3,0
1783523435.3157067,2237,10,person,0,563,1,775,434,0.895,669,217,29,-143,1501,1559,0.35,0,0,34.4,48.562,48.656,6446,18.68,53.5,0
1783523435.3620582,2238,10,person,0,579,1,798,435,0.907,688,218,48,-142,1612,1557,0.35,0,0,34.4,48.562,48.656,6446,18.51,54.0,0
1783523435.409733,2239,10,person,0,587,1,813,436,0.918,700,218,60,-142,1557,1558,0.35,0,0,34.4,48.562,48.656,6446,18.82,53.1,0
1783523435.4558098,2240,10,person,0,595,2,827,436,0.937,711,219,71,-141,1563,1557,0.35,0,0,34.4,48.75,48.281,6446,18.71,53.5,0
1783523435.5029643,2241,10,person,0,619,3,859,436,0.924,739,219,99,-141,1608,1558,0.35,0,0,34.4,48.75,48.281,6446,18.62,53.7,0
1783523435.5513654,2242,10,person,0,640,2,888,438,0.911,764,220,124,-140,1617,1556,0.35,0,0,34.4,48.75,48.281,6446,18.51,54.0,0
1783523435.5981047,2243,10,person,0,675,2,930,440,0.883,802,221,162,-139,1664,1556,0.35,0,0,34.4,48.75,48.281,6446,18.73,53.4,0
1783523435.6479936,2244,10,person,0,693,2,952,440,0.879,822,221,182,-139,1643,1557,0.35,0,0,34.4,48.75,48.281,6446,18.68,53.5,0
1783523435.6960948,2245,10,person,0,708,3,973,440,0.829,840,221,200,-139,1652,1557,0.35,0,0,34.4,48.75,48.281,6446,18.54,53.9,0
1783523435.7364438,2246,10,person,0,718,1,991,440,0.384,854,220,214,-140,1658,1559,0.35,0,0,34.4,48.75,48.281,6446,18.91,52.9,0
1783523435.782165,2247,,,,,,,,,,,,,1500,1500,0.35,0,0,34.4,48.75,48.281,6446,15.72,63.6,1
1783523435.828334,2248,,,,,,,,,,,,,1500,1500,0.35,0,0,34.4,48.75,48.281,6446,15.7,63.7,1
1783523435.875478,2249,,,,,,,,,,,,,1500,1500,0.35,0,0,34.4,48.75,48.281,6446,15.75,63.5,1
1783523435.9210298,2250,,,,,,,,,,,,,1500,1500,0.35,0,0,34.4,48.75,48.281,6446,17.17,58.3,1
1783523435.9654942,2251,,,,,,,,,,,,,1500,1500,0.35,0,0,34.4,48.687,48.531,6446,14.78,67.7,1
1783523436.0102801,2252,,,,,,,,,,,,,1500,1500,0.35,0,0,34.4,48.687,48.531,6446,15.68,63.8,1
1783523436.0535111,2253,,,,,,,,,,,,,1500,1500,0.35,0,0,34.4,48.687,48.531,6446,14.62,68.4,1
1783523436.0985305,2254,,,,,,,,,,,,,1500,1500,0.35,0,0,34.4,48.687,48.531,6446,14.65,68.2,1
1783523436.1409707,2255,,,,,,,,,,,,,1500,1500,0.35,0,0,34.4,48.687,48.531,6446,15.74,63.5,1
1783523436.1822872,2256,,,,,,,,,,,,,1500,1500,0.35,0,0,34.4,48.687,48.531,6446,14.53,68.8,1
1783523436.2243423,2257,,,,,,,,,,,,,1500,1500,0.35,0,0,34.4,48.687,48.531,6446,15.5,64.5,1
1783523436.259156,2258,,,,,,,,,,,,,1500,1500,0.35,0,0,34.4,48.687,48.531,6446,15.91,62.9,1
1783523436.3017426,2259,,,,,,,,,,,,,1500,1500,0.35,0,0,34.4,48.687,48.531,6446,15.75,63.5,1
1783523436.3422163,2260,,,,,,,,,,,,,1500,1500,0.35,0,0,34.4,48.687,48.531,6446,14.8,67.6,1
1783523436.3822722,2261,,,,,,,,,,,,,1500,1500,0.35,0,0,34.4,48.687,48.531,6446,14.6,68.5,1
1783523436.4226835,2262,,,,,,,,,,,,,1500,1500,0.35,0,0,34.4,48.687,48.531,6446,14.68,68.1,1
1783523436.4654934,2263,,,,,,,,,,,,,1500,1500,0.35,0,0,34.4,48.656,48.531,6526,15.67,63.8,1
1783523436.50536,2264,,,,,,,,,,,,,1500,1500,0.35,0,0,34.4,48.656,48.531,6526,14.76,67.8,1
1783523436.5443063,2265,,,,,,,,,,,,,1500,1500,0.35,0,0,34.4,48.656,48.531,6526,14.69,68.1,1
1783523436.5828495,2266,,,,,,,,,,,,,1500,1500,0.35,0,0,34.4,48.656,48.531,6526,14.53,68.8,1
1783523436.622358,2267,,,,,,,,,,,,,1500,1500,0.35,0,0,34.4,48.656,48.531,6526,14.62,68.4,1
1783523436.6617968,2268,,,,,,,,,,,,,1500,1500,0.35,0,0,34.4,48.656,48.531,6526,14.7,68.0,1
1783523436.7014458,2269,,,,,,,,,,,,,1500,1500,0.35,0,0,34.4,48.656,48.531,6526,14.74,67.9,1
1783523436.7351584,2270,,,,,,,,,,,,,1500,1500,0.35,0,0,34.4,48.656,48.531,6526,14.74,67.8,1
1783523436.775606,2271,,,,,,,,,,,,,1500,1500,0.35,0,0,34.4,48.656,48.531,6526,14.66,68.2,1
1783523436.8152776,2272,,,,,,,,,,,,,1500,1500,0.35,0,0,34.4,48.656,48.531,6526,14.54,68.8,1
1783523436.8547761,2273,,,,,,,,,,,,,1500,1500,0.35,0,0,34.4,48.656,48.531,6526,14.58,68.6,1
1783523436.8952472,2274,,,,,,,,,,,,,1500,1500,0.35,0,0,34.4,48.656,48.531,6526,15.69,63.7,1
1783523436.9354994,2275,,,,,,,,,,,,,1500,1500,0.35,0,0,34.4,48.656,48.531,6526,15.7,63.7,1
1783523436.974265,2276,,,,,,,,,,,,,1500,1500,0.35,0,0,34.4,48.718,48.468,6565,14.82,67.5,1
1783523437.0123968,2277,,,,,,,,,,,,,1500,1500,0.35,0,0,34.4,48.718,48.468,6565,14.67,68.2,1
1783523437.0501978,2278,,,,,,,,,,,,,1500,1500,0.35,0,0,34.4,48.718,48.468,6565,14.56,68.7,1
1783523437.0882206,2279,,,,,,,,,,,,,1500,1500,0.35,0,0,34.4,48.718,48.468,6565,14.21,70.3,1
1783523437.1289237,2280,,,,,,,,,,,,,1500,1500,0.35,0,0,34.4,48.718,48.468,6565,16.74,59.7,1
1783523437.166922,2281,,,,,,,,,,,,,1500,1500,0.35,0,0,34.4,48.718,48.468,6565,14.48,69.0,1
1783523437.2002437,2282,,,,,,,,,,,,,1500,1500,0.35,0,0,34.4,48.718,48.468,6565,14.29,70.0,1
1783523437.2402651,2283,,,,,,,,,,,,,1500,1500,0.35,0,0,34.4,48.718,48.468,6565,14.43,69.3,1
1783523437.2830808,2284,,,,,,,,,,,,,1500,1500,0.35,0,0,34.4,48.718,48.468,6565,18.27,54.7,1
1783523437.321749,2285,,,,,,,,,,,,,1500,1500,0.35,0,0,34.4,48.718,48.468,6565,14.33,69.8,1
1783523437.36032,2286,,,,,,,,,,,,,1500,1500,0.35,0,0,34.4,48.718,48.468,6565,14.37,69.6,1
1783523437.3995292,2287,,,,,,,,,,,,,1500,1500,0.35,0,0,34.4,48.718,48.468,6565,14.27,70.1,1
1783523437.4374704,2288,,,,,,,,,,,,,1500,1500,0.35,0,0,34.4,48.718,48.468,6565,14.32,69.8,1
1783523437.4757304,2289,,,,,,,,,,,,,1500,1500,0.35,0,0,34.4,48.593,48.5,6565,14.29,70.0,1
1783523437.513697,2290,,,,,,,,,,,,,1500,1500,0.35,0,0,34.4,48.593,48.5,6565,14.28,70.0,1
1783523437.551806,2291,,,,,,,,,,,,,1500,1500,0.35,0,0,34.4,48.593,48.5,6565,14.17,70.6,1
1783523437.589441,2292,,,,,,,,,,,,,1500,1500,0.35,0,0,34.4,48.593,48.5,6565,14.24,70.2,1
1783523437.6274939,2293,,,,,,,,,,,,,1500,1500,0.35,0,0,34.4,48.593,48.5,6565,14.35,69.7,1
1783523437.6617453,2294,,,,,,,,,,,,,1500,1500,0.35,0,0,34.4,48.593,48.5,6565,15.3,65.4,1
1783523437.7017605,2295,,,,,,,,,,,,,1500,1500,0.35,0,0,34.4,48.593,48.5,6565,14.46,69.1,1
1783523437.7410233,2296,,,,,,,,,,,,,1500,1500,0.35,0,0,34.4,48.593,48.5,6565,14.41,69.4,1
1783523437.7795491,2297,,,,,,,,,,,,,1500,1500,0.35,0,0,34.4,48.593,48.5,6565,14.29,70.0,1
1783523437.81829,2298,,,,,,,,,,,,,1500,1500,0.35,0,0,34.4,48.593,48.5,6565,14.22,70.3,1
1783523437.8579342,2299,,,,,,,,,,,,,1500,1500,0.35,0,0,34.4,48.593,48.5,6565,14.3,69.9,1
1783523437.898102,2300,,,,,,,,,,,,,1500,1500,0.35,0,0,34.4,48.593,48.5,6565,14.3,69.9,1
1783523437.9377153,2301,,,,,,,,,,,,,1500,1500,0.35,0,0,34.4,48.593,48.5,6565,14.3,69.9,1
1783523437.97698,2302,,,,,,,,,,,,,1500,1500,0.35,0,0,34.4,49.031,48.718,6565,14.27,70.1,1
1783523438.016307,2303,,,,,,,,,,,,,1500,1500,0.35,0,0,34.4,49.031,48.718,6565,14.22,70.3,1
1783523438.0571945,2304,,,,,,,,,,,,,1500,1500,0.35,0,0,34.4,49.031,48.718,6565,15.25,65.6,1
1783523438.0978005,2305,,,,,,,,,,,,,1500,1500,0.35,0,0,34.4,49.031,48.718,6565,15.45,64.7,1
1783523438.1320853,2306,,,,,,,,,,,,,1500,1500,0.35,0,0,34.4,49.031,48.718,6565,15.26,65.5,1
1783523438.1740608,2307,,,,,,,,,,,,,1500,1500,0.35,0,0,34.4,49.031,48.718,6565,14.31,69.9,1
1783523438.2153685,2308,,,,,,,,,,,,,1500,1500,0.35,0,0,34.4,49.031,48.718,6565,14.24,70.2,1
1783523438.2571707,2309,,,,,,,,,,,,,1500,1500,0.35,0,0,34.4,49.031,48.718,6565,14.25,70.2,1
1783523438.3006942,2310,,,,,,,,,,,,,1500,1500,0.35,0,0,34.4,49.031,48.718,6565,16.86,59.3,1
1783523438.3413978,2311,,,,,,,,,,,,,1500,1500,0.35,0,0,34.4,49.031,48.718,6565,14.79,67.6,1
1783523438.381123,2312,,,,,,,,,,,,,1500,1500,0.35,0,0,34.4,49.031,48.718,6565,14.22,70.3,1
1783523438.4218843,2313,,,,,,,,,,,,,1500,1500,0.35,0,0,34.4,49.031,48.718,6565,14.25,70.2,1
1783523438.4696844,2314,,,,,,,,,,,,,1500,1500,0.35,0,0,34.4,49.031,48.718,6565,14.45,69.2,1
1783523438.5128863,2315,,,,,,,,,,,,,1500,1500,0.35,0,0,34.4,48.5,48.75,6526,14.25,70.2,1
1783523438.5555046,2316,,,,,,,,,,,,,1500,1500,0.35,0,0,34.4,48.5,48.75,6526,14.15,70.7,1
1783523438.598917,2317,,,,,,,,,,,,,1500,1500,0.35,0,0,34.4,48.5,48.75,6526,14.31,69.9,1
1783523438.6362755,2318,,,,,,,,,,,,,1500,1500,0.35,0,0,34.4,48.5,48.75,6526,17.19,58.2,1
1783523438.6874928,2319,11,person,0,610,1,1064,439,0.659,837,220,197,-140,1700,1650,0.35,0,0,34.4,48.5,48.75,6526,18.34,54.5,0
1783523438.7431846,2320,11,person,0,603,0,1056,437,0.812,829,218,189,-142,1602,1558,0.35,0,0,34.4,48.5,48.75,6526,18.76,53.3,0
1783523438.7926607,2321,11,person,0,593,1,1044,437,0.863,818,219,178,-141,1589,1555,0.35,0,0,34.4,48.5,48.75,6526,18.56,53.9,0
1783523438.8432257,2322,11,person,0,594,2,1041,438,0.471,817,220,177,-140,1605,1555,0.35,0,0,34.4,48.5,48.75,6526,18.64,53.7,0
1783523438.8925815,2323,11,person,0,589,2,1032,437,0.924,810,219,170,-141,1591,1558,0.35,0,0,34.4,48.5,48.75,6526,18.68,53.5,0
1783523438.9441457,2324,11,person,0,587,3,1022,436,0.93,804,219,164,-141,1590,1557,0.35,0,0,34.4,48.5,48.75,6526,18.63,53.7,0
1783523438.9939818,2325,11,person,0,585,3,1012,436,0.931,798,219,158,-141,1586,1557,0.35,0,0,34.4,48.843,48.593,6446,18.56,53.9,0
1783523439.0450926,2326,11,person,0,583,3,1003,438,0.921,793,220,153,-140,1585,1556,0.35,0,0,34.4,48.843,48.593,6446,18.64,53.7,0
1783523439.0965939,2327,11,person,0,578,3,990,438,0.928,784,220,144,-140,1574,1557,0.35,0,0,34.4,48.843,48.593,6446,21.9,45.7,0
1783523439.1465952,2328,11,person,0,578,3,980,439,0.937,779,221,139,-139,1577,1555,0.35,0,0,34.4,48.843,48.593,6446,18.7,53.5,0
1783523439.194344,2329,11,person,0,574,3,964,438,0.921,769,220,129,-140,1563,1558,0.35,0,0,34.4,48.843,48.593,6446,18.65,53.6,0
1783523439.2345905,2330,11,person,0,569,3,949,437,0.911,759,220,119,-140,1554,1557,0.35,0,0,34.4,48.843,48.593,6446,18.66,53.6,0
1783523439.2827137,2331,11,person,0,565,3,935,436,0.916,750,219,110,-141,1553,1559,0.35,0,0,34.4,48.843,48.593,6446,18.62,53.7,0
1783523439.3307183,2332,11,person,0,560,3,919,436,0.916,739,219,99,-141,1544,1558,0.35,0,0,34.4,48.843,48.593,6446,18.71,53.5,0
1783523439.3788555,2333,11,person,0,556,3,906,435,0.918,731,219,91,-141,1544,1558,0.35,0,0,34.4,48.843,48.593,6446,18.76,53.3,0
1783523439.4263484,2334,11,person,0,548,3,888,436,0.916,718,219,78,-141,1527,1558,0.35,0,0,34.4,48.843,48.593,6446,18.59,53.8,0
1783523439.4739723,2335,11,person,0,544,3,875,436,0.914,709,219,69,-141,1529,1558,0.35,0,0,34.4,48.843,48.593,6446,18.83,53.1,0
1783523439.520798,2336,11,person,0,533,2,858,437,0.912,695,219,55,-141,1512,1558,0.35,0,0,34.4,48.812,48.5,6446,18.51,54.0,0
1783523439.5689883,2337,11,person,0,529,2,847,438,0.915,688,220,48,-140,1520,1556,0.35,0,0,34.4,48.812,48.5,6446,18.7,53.5,0
1783523439.6159136,2338,11,person,0,527,2,837,437,0.916,682,219,42,-141,1517,1559,0.35,0,0,34.4,48.812,48.5,6446,18.68,53.5,0
1783523439.6625395,2339,11,person,0,518,2,823,437,0.901,670,219,30,-141,1430,1558,0.35,0,0,34.4,48.812,48.5,6446,18.56,53.9,0
1783523439.7135355,2340,11,person,0,515,2,814,436,0.903,664,219,24,-141,1503,1558,0.35,0,0,34.4,48.812,48.5,6446,22.5,44.4,0
1783523439.7606547,2341,11,person,0,512,2,807,436,0.907,659,219,19,-141,1503,1558,0.35,0,0,34.4,48.812,48.5,6446,18.87,53.0,0
1783523439.8014271,2342,11,person,0,513,2,802,436,0.9,657,219,17,-141,1503,1558,0.35,0,0,34.4,48.812,48.5,6446,18.64,53.7,0
1783523439.8490703,2343,11,person,0,512,2,796,436,0.907,654,219,14,-141,1503,1558,0.35,0,0,34.4,48.812,48.5,6446,18.62,53.7,0
1783523439.8963165,2344,11,person,0,512,3,790,436,0.923,651,219,11,-141,1503,1558,0.35,0,0,34.4,48.812,48.5,6446,18.78,53.3,0
1783523439.94281,2345,11,person,0,512,3,785,436,0.919,648,219,8,-141,1503,1558,0.35,0,0,34.4,48.812,48.5,6446,18.68,53.5,0
1783523439.9890375,2346,11,person,0,509,1,779,437,0.9,644,219,4,-141,1503,1558,0.35,0,0,34.4,48.812,48.5,6446,18.63,53.7,0
1783523440.0361776,2347,11,person,0,511,1,774,437,0.892,642,219,2,-141,1503,1558,0.35,0,0,34.4,48.625,48.843,6407,18.66,53.6,0
1783523440.0820346,2348,11,person,0,510,1,768,435,0.908,639,218,-1,-142,1503,1559,0.35,0,0,34.4,48.625,48.843,6407,18.61,53.7,0
1783523440.1285007,2349,11,person,0,508,2,759,433,0.91,633,217,-7,-143,1503,1560,0.35,0,0,34.4,48.625,48.843,6407,18.54,54.0,0
1783523440.1755562,2350,11,person,0,509,2,754,432,0.919,631,217,-9,-143,1503,1559,0.35,0,0,34.4,48.625,48.843,6407,18.91,52.9,0
1783523440.2213278,2351,11,person,0,507,4,748,434,0.911,627,219,-13,-141,1503,1556,0.35,0,0,34.4,48.625,48.843,6407,18.64,53.7,0
1783523440.2682595,2352,11,person,0,508,5,743,434,0.917,625,219,-15,-141,1503,1558,0.35,0,0,34.4,48.625,48.843,6407,18.64,53.6,0
1783523440.3139634,2353,11,person,0,508,5,738,434,0.912,623,219,-17,-141,1503,1558,0.35,0,0,34.4,48.625,48.843,6407,18.68,53.5,0
1783523440.3538258,2354,11,person,0,508,3,734,434,0.905,621,218,-19,-142,1503,1560,0.35,0,0,34.4,48.625,48.843,6407,18.36,54.5,0
1783523440.4016426,2355,11,person,0,508,3,728,433,0.899,618,218,-22,-142,1503,1558,0.35,0,0,34.4,48.625,48.843,6407,18.65,53.6,0
1783523440.4485714,2356,11,person,0,506,3,721,433,0.9,613,218,-27,-142,1503,1558,0.35,0,0,34.4,48.625,48.843,6407,18.59,53.8,0
1783523440.4952571,2357,11,person,0,500,2,712,434,0.906,606,218,-34,-142,1503,1558,0.35,0,0,34.4,48.625,48.843,6407,18.78,53.3,0
1783523440.542082,2358,11,person,0,498,1,706,435,0.913,602,218,-38,-142,1503,1558,0.35,0,0,34.4,48.781,48.593,6407,18.72,53.4,0
1783523440.5879602,2359,11,person,0,497,1,699,434,0.907,598,217,-42,-143,1404,1560,0.35,0,0,34.4,48.781,48.593,6407,18.37,54.4,0
1783523440.634791,2360,11,person,0,497,1,694,434,0.904,595,217,-45,-143,1470,1559,0.35,0,0,34.4,48.781,48.593,6407,18.74,53.4,0
1783523440.6806204,2361,11,person,0,498,0,690,433,0.904,594,216,-46,-144,1473,1560,0.35,0,0,34.4,48.781,48.593,6407,18.7,53.5,0
1783523440.7268705,2362,11,person,0,497,0,685,435,0.901,591,217,-49,-143,1468,1558,0.35,0,0,34.4,48.781,48.593,6407,18.71,53.4,0
1783523440.7737792,2363,11,person,0,496,0,680,435,0.906,588,217,-52,-143,1466,1559,0.35,0,0,34.4,48.781,48.593,6407,18.91,52.9,0
1783523440.8205698,2364,11,person,0,496,0,675,433,0.911,585,216,-55,-144,1464,1560,0.35,0,0,34.4,48.781,48.593,6407,18.6,53.8,0
1783523440.8665776,2365,11,person,0,493,0,670,430,0.907,581,215,-59,-145,1460,1561,0.35,0,0,34.4,48.781,48.593,6407,18.78,53.3,0
1783523440.9078462,2366,11,person,0,491,0,666,430,0.905,578,215,-62,-145,1459,1560,0.35,0,0,34.4,48.781,48.593,6407,19.76,50.6,0
1783523440.9548037,2367,11,person,0,487,1,661,430,0.923,574,215,-66,-145,1455,1560,0.35,0,0,34.4,48.781,48.593,6407,18.51,54.0,0
1783523441.0037427,2368,11,person,0,486,2,658,430,0.917,572,216,-68,-144,1458,1558,0.35,0,0,34.4,48.781,48.593,6407,20.49,48.8,0
1783523441.0499945,2369,11,person,0,486,4,657,430,0.916,571,217,-69,-143,1459,1558,0.35,0,0,34.4,48.656,48.718,6407,18.69,53.5,0
1783523441.0982912,2370,11,person,0,488,8,656,429,0.914,572,218,-68,-142,1462,1557,0.35,0,0,34.4,48.656,48.718,6407,20.88,47.9,0
1783523441.1453846,2371,11,person,0,489,11,656,429,0.913,572,220,-68,-140,1461,1555,0.35,0,0,34.4,48.656,48.718,6407,18.78,53.2,0
1783523441.1913733,2372,11,person,0,492,15,655,429,0.911,573,222,-67,-138,1463,1555,0.35,0,0,34.4,48.656,48.718,6407,18.61,53.7,0
1783523441.2380683,2373,11,person,0,495,18,655,427,0.914,575,222,-65,-138,1466,1557,0.35,0,0,34.4,48.656,48.718,6407,18.85,53.1,0
1783523441.28387,2374,11,person,0,499,19,656,424,0.908,577,221,-63,-139,1467,1558,0.35,0,0,34.4,48.656,48.718,6407,18.56,53.9,0
1783523441.329786,2375,11,person,0,503,21,657,421,0.895,580,221,-60,-139,1470,1557,0.35,0,0,34.4,48.656,48.718,6407,18.73,53.4,0
1783523441.3760378,2376,11,person,0,508,23,658,416,0.89,583,219,-57,-141,1472,1560,0.35,0,0,34.4,48.656,48.718,6407,18.69,53.5,0
1783523441.4220433,2377,11,person,0,512,25,659,413,0.886,585,219,-55,-141,1471,1558,0.35,0,0,34.4,48.656,48.718,6407,18.56,53.9,0
1783523441.4625309,2378,11,person,0,515,28,659,410,0.876,587,219,-53,-141,1473,1558,0.35,0,0,34.4,48.656,48.718,6407,18.59,53.8,0
1783523441.5109608,2379,11,person,0,518,32,660,412,0.876,589,222,-51,-138,1474,1554,0.35,0,0,34.4,48.656,48.718,6407,20.0,50.0,0
1783523441.5575864,2380,11,person,0,520,34,661,413,0.884,590,223,-50,-137,1472,1555,0.35,0,0,34.4,48.593,48.625,6407,18.45,54.2,0
1783523441.604186,2381,11,person,0,521,36,660,412,0.879,590,224,-50,-136,1471,1555,0.35,0,0,34.4,48.593,48.625,6407,18.77,53.3,0
1783523441.6497772,2382,11,person,0,522,39,659,412,0.881,590,225,-50,-135,1471,1554,0.35,0,0,34.4,48.593,48.625,6407,18.52,54.0,0
1783523441.6955266,2383,11,person,0,522,45,657,411,0.894,589,228,-51,-132,1468,1551,0.35,0,0,34.4,48.593,48.625,6407,18.6,53.8,0
1783523441.7414713,2384,11,person,0,523,50,655,411,0.892,589,230,-51,-130,1470,1551,0.35,0,0,34.4,48.593,48.625,6407,18.71,53.4,0
1783523441.787069,2385,11,person,0,524,56,654,409,0.868,589,232,-51,-128,1470,1551,0.35,0,0,34.4,48.593,48.625,6407,18.48,54.1,0
1783523441.8337078,2386,11,person,0,524,56,653,408,0.879,588,232,-52,-128,1467,1553,0.35,0,0,34.4,48.593,48.625,6407,18.61,53.7,0
1783523441.878792,2387,11,person,0,525,56,653,407,0.876,589,231,-51,-129,1471,1554,0.35,0,0,34.4,48.593,48.625,6407,18.5,54.0,0
1783523441.924151,2388,11,person,0,528,58,655,406,0.867,591,232,-49,-128,1474,1552,0.35,0,0,34.4,48.593,48.625,6407,18.56,53.9,0
1783523441.9701734,2389,11,person,0,529,58,655,404,0.87,592,231,-48,-129,1473,1554,0.35,0,0,34.4,48.593,48.625,6407,18.71,53.5,0
1783523442.01019,2390,11,person,0,530,60,654,401,0.879,592,230,-48,-130,1471,1555,0.35,0,0,34.4,48.593,48.625,6407,18.68,53.5,0
1783523442.0569055,2391,11,person,0,531,62,652,397,0.867,591,229,-49,-131,1469,1555,0.35,0,0,34.4,48.656,48.531,6407,18.63,53.7,0
1783523442.1128664,2392,11,person,0,531,63,650,394,0.868,590,228,-50,-132,1468,1555,0.35,0,0,34.4,48.656,48.531,6407,19.9,50.3,0
1783523442.1648421,2393,11,person,0,531,68,647,393,0.879,589,230,-51,-130,1468,1552,0.35,0,0,34.4,48.656,48.531,6407,18.66,53.6,0
1783523442.2140398,2394,11,person,0,531,71,645,392,0.871,588,231,-52,-129,1467,1552,0.35,0,0,34.4,48.656,48.531,6407,18.62,53.7,0
1783523442.2620416,2395,11,person,0,531,74,643,391,0.876,587,232,-53,-128,1466,1552,0.35,0,0,34.4,48.656,48.531,6407,18.58,53.8,0
1783523442.3088632,2396,11,person,0,531,76,642,390,0.872,586,233,-54,-127,1465,1551,0.35,0,0,34.4,48.656,48.531,6407,18.63,53.7,0
1783523442.354561,2397,11,person,0,532,79,641,390,0.868,586,234,-54,-126,1467,1551,0.35,0,0,34.4,48.656,48.531,6407,18.46,54.2,0
1783523442.400574,2398,11,person,0,534,81,642,391,0.851,588,236,-52,-124,1472,1549,0.35,0,0,34.4,48.656,48.531,6407,18.64,53.7,0
1783523442.4459958,2399,11,person,0,536,83,643,389,0.86,589,236,-51,-124,1471,1551,0.35,0,0,34.4,48.656,48.531,6407,18.6,53.8,0
1783523442.4934645,2400,11,person,0,538,85,644,387,0.843,591,236,-49,-124,1473,1551,0.35,0,0,34.4,48.656,48.531,6407,20.84,48.0,0
1783523442.5385056,2401,11,person,0,539,86,645,387,0.866,592,236,-48,-124,1472,1551,0.35,0,0,34.4,48.593,48.562,6446,18.74,53.4,0
1783523442.5787325,2402,11,person,0,539,86,646,386,0.859,592,236,-48,-124,1470,1551,0.35,0,0,34.4,48.593,48.562,6446,18.55,53.9,0
1783523442.6243842,2403,11,person,0,542,87,650,386,0.904,596,236,-44,-124,1480,1551,0.35,0,0,34.4,48.593,48.562,6446,18.48,54.1,0
1783523442.6704597,2404,11,person,0,542,87,652,386,0.894,597,236,-43,-124,1475,1551,0.35,0,0,34.4,48.593,48.562,6446,18.7,53.5,0
1783523442.7154627,2405,11,person,0,543,88,654,386,0.894,598,237,-42,-123,1476,1550,0.35,0,0,34.4,48.593,48.562,6446,18.54,54.0,0
1783523442.760871,2406,11,person,0,543,88,655,385,0.876,599,236,-41,-124,1476,1552,0.35,0,0,34.4,48.593,48.562,6446,18.5,54.0,0
1783523442.8059404,2407,11,person,0,544,90,656,385,0.867,600,237,-40,-123,1572,1550,0.35,0,0,34.4,48.593,48.562,6446,18.7,53.5,0
1783523442.8509955,2408,11,person,0,544,91,656,384,0.879,600,237,-40,-123,1499,1551,0.35,0,0,34.4,48.593,48.562,6446,18.51,54.0,0
1783523442.8952034,2409,11,person,0,545,95,655,384,0.855,600,239,-40,-121,1499,1548,0.35,0,0,34.4,48.593,48.562,6446,18.54,53.9,0
1783523442.9407556,2410,11,person,0,546,98,654,382,0.84,600,240,-40,-120,1499,1548,0.35,0,0,34.4,48.593,48.562,6446,18.67,53.6,0
1783523442.9850614,2411,11,person,0,545,101,652,381,0.833,598,241,-42,-119,1398,1548,0.35,0,0,34.4,48.593,48.562,6446,18.48,54.1,0
1783523443.0303068,2412,11,person,0,545,104,651,380,0.853,598,242,-42,-118,1474,1548,0.35,0,0,34.4,48.937,48.5,6407,18.62,53.7,0
1783523443.075355,2413,11,person,0,544,105,648,379,0.852,596,242,-44,-118,1469,1549,0.35,0,0,34.4,48.937,48.5,6407,18.89,53.0,0
1783523443.1153758,2414,11,person,0,542,106,646,379,0.854,594,242,-46,-118,1467,1549,0.35,0,0,34.4,48.937,48.5,6407,18.64,53.7,0
1783523443.162122,2415,11,person,0,540,107,642,375,0.863,591,241,-49,-119,1464,1550,0.35,0,0,34.4,48.937,48.5,6407,18.81,53.2,0
1783523443.2083578,2416,11,person,0,538,108,641,374,0.863,589,241,-51,-119,1465,1549,0.35,0,0,34.4,48.937,48.5,6407,18.72,53.4,0
1783523443.2543051,2417,11,person,0,538,109,639,372,0.879,588,240,-52,-120,1466,1551,0.35,0,0,34.4,48.937,48.5,6407,18.55,53.9,0
1783523443.3048348,2418,11,person,0,537,110,639,372,0.883,588,241,-52,-119,1467,1548,0.35,0,0,34.4,48.937,48.5,6407,24.3,41.2,0
1783523443.3496718,2419,11,person,0,537,110,639,371,0.886,588,240,-52,-120,1467,1551,0.35,0,0,34.4,48.937,48.5,6407,18.7,53.5,0
1783523443.39429,2420,11,person,0,538,112,639,371,0.885,588,241,-52,-119,1467,1548,0.35,0,0,34.4,48.937,48.5,6407,18.79,53.2,0
1783523443.4391468,2421,11,person,0,538,113,640,371,0.875,589,242,-51,-118,1469,1548,0.35,0,0,34.4,48.937,48.5,6407,18.9,52.9,0
1783523443.4838994,2422,11,person,0,538,114,640,370,0.86,589,242,-51,-118,1468,1549,0.35,0,0,34.4,48.937,48.5,6407,18.6,53.8,0
1783523443.5282874,2423,11,person,0,541,117,642,370,0.847,591,243,-49,-117,1472,1547,0.35,0,0,34.4,48.937,48.5,6407,18.84,53.1,0
1783523443.5727599,2424,11,person,0,544,118,643,369,0.868,593,243,-47,-117,1473,1548,0.35,0,0,34.4,48.625,48.812,6407,18.82,53.1,0
1783523443.6173592,2425,11,person,0,546,119,644,366,0.861,595,242,-45,-118,1475,1550,0.35,0,0,34.4,48.625,48.812,6407,18.49,54.1,0
1783523443.6577132,2426,11,person,0,547,120,643,364,0.831,595,242,-45,-118,1471,1549,0.35,0,0,34.4,48.625,48.812,6407,18.48,54.1,0
1783523443.704466,2427,11,person,0,548,121,643,362,0.827,595,241,-45,-119,1471,1550,0.35,0,0,34.4,48.625,48.812,6407,18.93,52.8,0
1783523443.7498114,2428,11,person,0,547,121,641,360,0.833,594,240,-46,-120,1468,1551,0.35,0,0,34.4,48.625,48.812,6407,18.57,53.8,0
1783523443.794994,2429,11,person,0,548,123,641,361,0.793,594,242,-46,-118,1470,1546,0.35,0,0,34.4,48.625,48.812,6407,18.9,52.9,0
1783523443.842725,2430,11,person,0,549,124,641,361,0.798,595,242,-45,-118,1472,1549,0.35,0,0,34.4,48.625,48.812,6407,20.97,47.7,0
1783523443.88738,2431,11,person,0,549,125,640,362,0.787,594,243,-46,-117,1468,1547,0.35,0,0,34.4,48.625,48.812,6407,18.57,53.9,0
1783523443.9322624,2432,11,person,0,549,125,640,362,0.779,594,243,-46,-117,1470,1548,0.35,0,0,34.4,48.625,48.812,6407,18.82,53.1,0
1783523443.9763958,2433,11,person,0,546,126,637,362,0.787,591,244,-49,-116,1463,1547,0.35,0,0,34.4,48.625,48.812,6407,18.75,53.3,0
1783523444.0214906,2434,11,person,0,545,127,635,361,0.785,590,244,-50,-116,1466,1548,0.35,0,0,34.4,48.625,48.812,6407,18.6,53.8,0
1783523444.065968,2435,11,person,0,545,127,635,361,0.784,590,244,-50,-116,1467,1548,0.35,0,0,34.4,48.937,48.718,6486,18.82,53.1,0
1783523444.1102326,2436,11,person,0,544,128,634,361,0.776,589,244,-51,-116,1465,1548,0.35,0,0,34.4,48.937,48.718,6486,18.7,53.5,0
1783523444.1545515,2437,11,person,0,542,130,631,360,0.796,586,245,-54,-115,1459,1546,0.35,0,0,34.4,48.937,48.718,6486,18.87,53.0,0
1783523444.194893,2438,11,person,0,539,131,629,360,0.796,584,245,-56,-115,1460,1548,0.35,0,0,34.4,48.937,48.718,6486,19.1,52.4,0
1783523444.2414026,2439,11,person,0,538,130,628,359,0.815,583,244,-57,-116,1461,1549,0.35,0,0,34.4,48.937,48.718,6486,18.82,53.1,0
1783523444.287263,2440,11,person,0,537,131,627,358,0.854,582,244,-58,-116,1460,1548,0.35,0,0,34.4,48.937,48.718,6486,18.71,53.4,0
1783523444.3327088,2441,11,person,0,537,131,627,358,0.857,582,244,-58,-116,1462,1548,0.35,0,0,34.4,48.937,48.718,6486,18.73,53.4,0
1783523444.37739,2442,11,person,0,537,131,627,358,0.848,582,244,-58,-116,1462,1548,0.35,0,0,34.4,48.937,48.718,6486,18.75,53.3,0
1783523444.4217541,2443,11,person,0,537,131,627,357,0.865,582,244,-58,-116,1462,1548,0.35,0,0,34.4,48.937,48.718,6486,18.76,53.3,0
1783523444.4664195,2444,11,person,0,537,132,627,356,0.859,582,244,-58,-116,1462,1548,0.35,0,0,34.4,48.937,48.718,6486,18.64,53.6,0
1783523444.512007,2445,11,person,0,536,132,627,355,0.837,581,243,-59,-117,1459,1549,0.35,0,0,34.4,48.937,48.718,6486,19.99,50.0,0
1783523444.5560174,2446,11,person,0,536,133,627,355,0.854,581,244,-59,-116,1461,1547,0.35,0,0,34.4,48.781,48.593,6446,18.67,53.6,0
1783523444.6004357,2447,11,person,0,539,134,629,354,0.745,584,244,-56,-116,1468,1548,0.35,0,0,34.4,48.781,48.593,6446,18.94,52.8,0
1783523444.6445704,2448,11,person,0,547,134,635,353,0.752,591,243,-49,-117,1480,1549,0.35,0,0,34.4,48.781,48.593,6446,18.82,53.1,0
1783523444.689492,2449,11,person,0,550,133,637,354,0.781,593,243,-47,-117,1472,1548,0.35,0,0,34.4,48.781,48.593,6446,18.68,53.5,0
1783523444.7295308,2450,11,person,0,552,132,638,354,0.791,595,243,-45,-117,1473,1548,0.35,0,0,34.4,48.781,48.593,6446,18.78,53.2,0
1783523444.7755547,2451,11,person,0,551,133,635,354,0.737,593,243,-47,-117,1465,1548,0.35,0,0,34.4,48.781,48.593,6446,18.86,53.0,0
1783523444.8221142,2452,11,person,0,553,134,637,352,0.736,595,243,-45,-117,1473,1548,0.35,0,0,34.4,48.781,48.593,6446,18.87,53.0,0
1783523444.8674457,2453,11,person,0,561,135,642,350,0.742,601,242,-39,-118,1576,1550,0.35,0,0,34.4,48.781,48.593,6446,18.97,52.7,0
1783523444.913062,2454,11,person,0,567,136,645,347,0.716,606,241,-34,-119,1497,1550,0.35,0,0,34.4,48.781,48.593,6446,18.56,53.9,0
1783523444.9583182,2455,11,person,0,572,137,649,346,0.753,610,241,-30,-119,1497,1549,0.35,0,0,34.4,48.781,48.593,6446,18.66,53.6,0
1783523445.0035765,2456,11,person,0,576,138,651,346,0.723,613,242,-27,-118,1497,1548,0.35,0,0,34.4,48.781,48.593,6446,19.15,52.2,0
1783523445.0476036,2457,11,person,0,579,139,653,345,0.669,616,242,-24,-118,1497,1549,0.35,0,0,34.4,48.781,48.593,6446,18.67,53.6,0
1783523445.09391,2458,11,person,0,584,140,656,344,0.595,620,242,-20,-118,1497,1549,0.35,0,0,34.4,48.937,48.718,6407,19.98,50.1,0
1783523445.138364,2459,11,person,0,586,140,658,346,0.576,622,243,-18,-117,1497,1547,0.35,0,0,34.4,48.937,48.718,6407,18.95,52.8,0
1783523445.1869397,2460,11,person,0,585,140,657,348,0.677,621,244,-19,-116,1497,1547,0.35,0,0,34.4,48.937,48.718,6407,22.45,44.5,0
1783523445.2310562,2461,11,person,0,585,140,654,346,0.372,619,243,-21,-117,1497,1549,0.35,0,0,34.4,48.937,48.718,6407,18.86,53.0,0
1783523445.266916,2462,,,,,,,,,,,,,1500,1500,0.35,0,0,34.4,48.937,48.718,6407,15.78,63.4,1
1783523445.314589,2463,11,person,0,583,139,651,345,0.512,617,242,-23,-118,1500,1650,0.35,0,0,34.4,48.937,48.718,6407,18.75,53.3,0
1783523445.3622413,2464,11,person,0,582,138,649,347,0.497,615,242,-25,-118,1500,1547,0.35,0,0,34.4,48.937,48.718,6407,18.86,53.0,0
1783523445.4072366,2465,11,person,0,582,138,649,347,0.628,615,242,-25,-118,1500,1547,0.35,0,0,34.4,48.937,48.718,6407,18.91,52.9,0
1783523445.4515426,2466,11,person,0,584,138,649,347,0.712,616,242,-24,-118,1500,1547,0.35,0,0,34.4,48.937,48.718,6407,18.57,53.9,0
1783523445.4964666,2467,11,person,0,586,137,651,347,0.73,618,242,-22,-118,1500,1547,0.35,0,0,34.4,48.937,48.718,6407,18.86,53.0,0
1783523445.5413299,2468,11,person,0,587,137,653,348,0.75,620,242,-20,-118,1500,1547,0.35,0,0,34.4,48.937,48.718,6407,19.0,52.6,0
1783523445.5854263,2469,11,person,0,589,137,656,348,0.424,622,242,-18,-118,1500,1547,0.35,0,0,34.4,48.843,48.812,6486,18.51,54.0,0
1783523445.630279,2470,11,person,0,590,137,660,348,0.639,625,242,-15,-118,1500,1548,0.35,0,0,34.4,48.843,48.812,6486,18.85,53.1,0
1783523445.6741943,2471,11,person,0,589,138,661,349,0.771,625,243,-15,-117,1500,1546,0.35,0,0,34.4,48.843,48.812,6486,18.84,53.1,0
1783523445.7184525,2472,11,person,0,588,139,662,349,0.769,625,244,-15,-116,1500,1546,0.35,0,0,34.4,48.843,48.812,6486,18.6,53.8,0
1783523445.7629552,2473,11,person,0,585,139,662,350,0.776,623,244,-17,-116,1500,1547,0.35,0,0,34.4,48.843,48.812,6486,19.03,52.6,0
1783523445.8032115,2474,11,person,0,582,137,660,350,0.791,621,243,-19,-117,1500,1549,0.35,0,0,34.4,48.843,48.812,6486,18.97,52.7,0
1783523445.8496263,2475,11,person,0,579,137,659,350,0.781,619,243,-21,-117,1500,1548,0.35,0,0,34.4,48.843,48.812,6486,18.66,53.6,0
1783523445.8956597,2476,11,person,0,572,136,652,351,0.759,612,243,-28,-117,1500,1548,0.35,0,0,34.4,48.843,48.812,6486,18.96,52.7,0
1783523445.9411156,2477,11,person,0,568,136,649,350,0.771,608,243,-32,-117,1500,1548,0.35,0,0,34.4,48.843,48.812,6486,18.79,53.2,0
1783523445.9865787,2478,11,person,0,561,135,642,351,0.739,601,243,-39,-117,1500,1548,0.35,0,0,34.4,48.843,48.812,6486,18.67,53.6,0
1783523446.0314991,2479,11,person,0,557,135,639,352,0.75,598,243,-42,-117,1399,1548,0.35,0,0,34.4,48.843,48.812,6486,18.84,53.1,0
1783523446.0762632,2480,11,person,0,555,133,636,352,0.75,595,242,-45,-118,1467,1550,0.35,0,0,34.4,48.781,48.718,6486,18.65,53.6,0
1783523446.1206274,2481,11,person,0,554,133,636,352,0.779,595,242,-45,-118,1472,1549,0.35,0,0,34.4,48.781,48.718,6486,18.75,53.3,0
1783523446.1653955,2482,11,person,0,552,131,634,352,0.764,593,241,-47,-119,1467,1550,0.35,0,0,34.4,48.781,48.718,6486,19.01,52.6,0
1783523446.2094753,2483,11,person,0,551,131,633,353,0.777,592,242,-48,-118,1469,1548,0.35,0,0,34.4,48.781,48.718,6486,18.73,53.4,0
1783523446.2538433,2484,11,person,0,547,129,631,354,0.794,589,241,-51,-119,1463,1550,0.35,0,0,34.4,48.781,48.718,6486,18.87,53.0,0
1783523446.302603,2485,11,person,0,545,128,631,357,0.8,588,242,-52,-118,1466,1548,0.35,0,0,34.4,48.781,48.718,6486,23.09,43.3,0
1783523446.3431995,2486,11,person,0,546,128,633,358,0.791,589,243,-51,-117,1470,1547,0.35,0,0,34.4,48.781,48.718,6486,18.69,53.5,0
1783523446.389759,2487,11,person,0,546,128,634,359,0.787,590,243,-50,-117,1471,1548,0.35,0,0,34.4,48.781,48.718,6486,18.66,53.6,0
1783523446.4353366,2488,11,person,0,546,129,634,359,0.771,590,244,-50,-116,1469,1547,0.35,0,0,34.4,48.781,48.718,6486,18.72,53.4,0
1783523446.4800885,2489,11,person,0,547,128,636,359,0.746,591,243,-49,-117,1471,1549,0.35,0,0,34.4,48.781,48.718,6486,18.72,53.4,0
1783523446.5275598,2490,11,person,0,550,130,637,360,0.729,593,245,-47,-115,1474,1545,0.35,0,0,34.4,48.781,48.718,6486,21.14,47.3,0
1783523446.5726006,2491,11,person,0,550,130,636,359,0.737,593,244,-47,-116,1470,1549,0.35,0,0,34.4,48.625,48.75,6486,18.97,52.7,0
1783523446.6168187,2492,11,person,0,551,130,636,357,0.727,593,243,-47,-117,1470,1549,0.35,0,0,34.4,48.625,48.75,6486,18.54,53.9,0
1783523446.6609182,2493,11,person,0,551,128,638,359,0.752,594,243,-46,-117,1473,1548,0.35,0,0,34.4,48.625,48.75,6486,18.61,53.7,0
1783523446.7055554,2494,11,person,0,553,126,639,357,0.804,596,241,-44,-119,1476,1551,0.35,0,0,34.4,48.625,48.75,6486,18.77,53.3,0
1783523446.7500107,2495,11,person,0,554,125,639,356,0.817,596,240,-44,-120,1472,1551,0.35,0,0,34.4,48.625,48.75,6486,18.47,54.1,0
1783523446.794351,2496,11,person,0,554,124,640,356,0.835,597,240,-43,-120,1474,1550,0.35,0,0,34.4,48.625,48.75,6486,18.63,53.7,0
1783523446.83827,2497,11,person,0,554,122,641,357,0.828,597,239,-43,-121,1473,1551,0.35,0,0,34.4,48.625,48.75,6486,18.82,53.1,0
1783523446.8787472,2498,11,person,0,555,121,641,358,0.81,598,239,-42,-121,1475,1550,0.35,0,0,34.4,48.625,48.75,6486,18.75,53.3,0
1783523446.925187,2499,11,person,0,554,121,641,358,0.795,597,239,-43,-121,1471,1550,0.35,0,0,34.4,48.625,48.75,6486,18.64,53.6,0
1783523446.970804,2500,11,person,0,553,120,641,359,0.801,597,239,-43,-121,1472,1550,0.35,0,0,34.4,48.625,48.75,6486,18.87,53.0,0
1783523447.0155087,2501,11,person,0,550,120,639,361,0.796,594,240,-46,-120,1465,1548,0.35,0,0,34.4,48.625,48.75,6486,18.63,53.7,0
1783523447.0607512,2502,11,person,0,547,119,638,362,0.8,592,240,-48,-120,1466,1550,0.35,0,0,34.4,48.625,48.75,6486,18.9,52.9,0
1783523447.1053903,2503,11,person,0,544,119,636,363,0.814,590,241,-50,-119,1464,1548,0.35,0,0,34.4,48.812,48.593,6486,18.85,53.0,0
1783523447.149996,2504,11,person,0,542,118,635,363,0.814,588,240,-52,-120,1463,1551,0.35,0,0,34.4,48.812,48.593,6486,18.49,54.1,0
1783523447.1948838,2505,11,person,0,541,117,635,364,0.824,588,240,-52,-120,1467,1550,0.35,0,0,34.4,48.812,48.593,6486,18.73,53.4,0
1783523447.2394333,2506,11,person,0,540,116,635,364,0.827,587,240,-53,-120,1464,1550,0.35,0,0,34.4,48.812,48.593,6486,18.79,53.2,0
1783523447.2834966,2507,11,person,0,537,114,634,364,0.836,585,239,-55,-121,1461,1551,0.35,0,0,34.4,48.812,48.593,6486,18.61,53.7,0
1783523447.3279042,2508,11,person,0,536,111,633,363,0.847,584,237,-56,-123,1462,1553,0.35,0,0,34.4,48.812,48.593,6486,18.92,52.9,0
1783523447.3725238,2509,11,person,0,535,110,634,365,0.868,584,237,-56,-123,1464,1551,0.35,0,0,34.4,48.812,48.593,6486,18.88,53.0,0
1783523447.4124203,2510,11,person,0,534,109,634,366,0.869,584,237,-56,-123,1464,1551,0.35,0,0,34.4,48.812,48.593,6486,18.6,53.8,0
1783523447.4584641,2511,11,person,0,533,106,635,368,0.878,584,237,-56,-123,1464,1551,0.35,0,0,34.4,48.812,48.593,6486,18.57,53.9,0
1783523447.5084782,2512,11,person,0,533,104,636,369,0.886,584,236,-56,-124,1464,1552,0.35,0,0,34.4,48.812,48.593,6486,23.38,42.8,0
1783523447.5539646,2513,11,person,0,532,103,637,373,0.892,584,238,-56,-122,1464,1548,0.35,0,0,34.4,48.812,48.593,6486,18.68,53.5,0
1783523447.5992343,2514,11,person,0,532,102,637,374,0.89,584,238,-56,-122,1464,1550,0.35,0,0,34.4,48.75,48.781,6486,18.62,53.7,0
1783523447.6439037,2515,11,person,0,532,101,637,374,0.891,584,237,-56,-123,1463,1552,0.35,0,0,34.4,48.75,48.781,6486,18.78,53.2,0
1783523447.6887224,2516,11,person,0,532,101,638,377,0.882,585,239,-55,-121,1466,1548,0.35,0,0,34.4,48.75,48.781,6486,18.67,53.6,0
1783523447.7330391,2517,11,person,0,532,99,639,378,0.877,585,238,-55,-122,1464,1551,0.35,0,0,34.4,48.75,48.781,6486,18.67,53.6,0
1783523447.7780855,2518,11,person,0,532,96,640,378,0.875,586,237,-54,-123,1466,1552,0.35,0,0,34.4,48.75,48.781,6486,18.68,53.5,0
1783523447.8219478,2519,11,person,0,532,92,642,379,0.868,587,235,-53,-125,1467,1554,0.35,0,0,34.4,48.75,48.781,6486,18.53,54.0,0
1783523447.8704803,2520,11,person,0,532,88,643,380,0.867,587,234,-53,-126,1465,1553,0.35,0,0,34.4,48.75,48.781,6486,22.2,45.0,0
1783523447.9146576,2521,11,person,0,533,86,644,380,0.862,588,233,-52,-127,1467,1553,0.35,0,0,34.4,48.75,48.781,6486,18.69,53.5,0
1783523447.9552631,2522,11,person,0,534,84,646,381,0.874,590,232,-50,-128,1470,1554,0.35,0,0,34.4,48.75,48.781,6486,18.61,53.7,0
1783523448.002394,2523,11,person,0,535,83,648,381,0.874,591,232,-49,-128,1469,1553,0.35,0,0,34.4,48.75,48.781,6486,18.88,53.0,0
1783523448.0480244,2524,11,person,0,535,82,648,381,0.874,591,231,-49,-129,1467,1554,0.35,0,0,34.4,48.75,48.781,6486,18.61,53.7,0
1783523448.0927532,2525,11,person,0,535,81,648,381,0.869,591,231,-49,-129,1467,1553,0.35,0,0,34.4,48.906,48.937,6446,18.82,53.1,0
1783523448.1378236,2526,11,person,0,535,80,649,382,0.863,592,231,-48,-129,1469,1553,0.35,0,0,34.4,48.906,48.937,6446,18.98,52.7,0
1783523448.182288,2527,11,person,0,535,80,649,382,0.866,592,231,-48,-129,1468,1553,0.35,0,0,34.4,48.906,48.937,6446,18.43,54.3,0
1783523448.2265441,2528,11,person,0,534,81,648,382,0.876,591,231,-49,-129,1465,1553,0.35,0,0,34.4,48.906,48.937,6446,18.64,53.7,0
1783523448.2714424,2529,11,person,0,534,81,648,382,0.881,591,231,-49,-129,1467,1553,0.35,0,0,34.4,48.906,48.937,6446,18.71,53.5,0
1783523448.315678,2530,11,person,0,533,81,648,383,0.884,590,232,-50,-128,1465,1552,0.35,0,0,34.4,48.906,48.937,6446,18.57,53.8,0
1783523448.3604662,2531,11,person,0,531,79,647,387,0.88,589,233,-51,-127,1464,1551,0.35,0,0,34.4,48.906,48.937,6446,18.68,53.5,0
1783523448.4062734,2532,11,person,0,529,76,647,390,0.877,588,233,-52,-127,1464,1552,0.35,0,0,34.4,48.906,48.937,6446,18.8,53.2,0
1783523448.4517534,2533,11,person,0,527,71,646,392,0.879,586,231,-54,-129,1461,1555,0.35,0,0,34.4,48.906,48.937,6446,18.54,53.9,0
1783523448.4918036,2534,11,person,0,524,65,645,392,0.872,584,228,-56,-132,1459,1558,0.35,0,0,34.4,48.906,48.937,6446,18.7,53.5,0
1783523448.5387845,2535,11,person,0,524,61,645,392,0.871,584,226,-56,-134,1463,1557,0.35,0,0,34.4,48.906,48.937,6446,19.0,52.6,0
1783523448.5841987,2536,11,person,0,523,58,646,392,0.874,584,225,-56,-135,1463,1557,0.35,0,0,34.4,48.906,48.937,6446,18.6,53.8,0
1783523448.6293254,2537,11,person,0,522,58,645,393,0.887,583,225,-57,-135,1461,1556,0.35,0,0,34.4,48.687,48.75,6407,18.55,53.9,0
1783523448.674729,2538,11,person,0,522,57,645,394,0.884,583,225,-57,-135,1462,1556,0.35,0,0,34.4,48.687,48.75,6407,18.75,53.3,0
1783523448.7205236,2539,11,person,0,520,55,646,400,0.882,583,227,-57,-133,1462,1553,0.35,0,0,34.4,48.687,48.75,6407,19.77,50.6,0
1783523448.7657623,2540,11,person,0,520,53,647,403,0.882,583,228,-57,-132,1462,1553,0.35,0,0,34.4,48.687,48.75,6407,18.9,52.9,0
1783523448.810499,2541,11,person,0,520,52,647,404,0.883,583,228,-57,-132,1462,1554,0.35,0,0,34.4,48.687,48.75,6407,18.74,53.4,0
1783523448.8553083,2542,11,person,0,520,50,648,406,0.875,584,228,-56,-132,1465,1554,0.35,0,0,34.4,48.687,48.75,6407,18.67,53.6,0
1783523448.9004486,2543,11,person,0,521,47,650,408,0.881,585,227,-55,-133,1465,1556,0.35,0,0,34.4,48.687,48.75,6407,18.81,53.2,0
1783523448.9452262,2544,11,person,0,522,46,651,408,0.89,586,227,-54,-133,1466,1555,0.35,0,0,34.4,48.687,48.75,6407,18.59,53.8,0
1783523448.990118,2545,11,person,0,521,41,651,408,0.894,586,224,-54,-136,1464,1559,0.35,0,0,34.4,48.687,48.75,6407,18.74,53.4,0
1783523449.0302026,2546,11,person,0,520,39,651,409,0.889,585,224,-55,-136,1462,1556,0.35,0,0,34.4,48.687,48.75,6407,18.77,53.3,0
1783523449.0767994,2547,11,person,0,519,36,651,410,0.888,585,223,-55,-137,1464,1557,0.35,0,0,34.4,48.687,48.75,6407,18.76,53.3,0
1783523449.1232371,2548,11,person,0,518,33,651,410,0.883,584,221,-56,-139,1461,1559,0.35,0,0,34.4,48.968,48.718,6486,18.69,53.5,0
1783523449.1691191,2549,11,person,0,516,28,651,410,0.899,583,219,-57,-141,1461,1560,0.35,0,0,34.4,48.968,48.718,6486,18.88,53.0,0
1783523449.2172623,2550,11,person,0,515,25,652,410,0.904,583,217,-57,-143,1462,1561,0.35,0,0,34.4,48.968,48.718,6486,21.14,47.3,0
1783523449.2621453,2551,11,person,0,513,22,652,412,0.912,582,217,-58,-143,1460,1559,0.35,0,0,34.4,48.968,48.718,6486,18.64,53.7,0
1783523449.3104267,2552,11,person,0,511,19,652,415,0.912,581,217,-59,-143,1459,1559,0.35,0,0,34.4,48.968,48.718,6486,21.89,45.7,0
1783523449.3550851,2553,11,person,0,509,15,652,416,0.915,580,215,-60,-145,1459,1562,0.35,0,0,34.4,48.968,48.718,6486,18.67,53.6,0
1783523449.4006054,2554,11,person,0,507,14,652,419,0.919,579,216,-61,-144,1458,1558,0.35,0,0,34.4,48.968,48.718,6486,18.66,53.6,0
1783523449.4453962,2555,11,person,0,506,12,652,421,0.916,579,216,-61,-144,1460,1559,0.35,0,0,34.4,48.968,48.718,6486,18.55,53.9,0
1783523449.4902463,2556,11,person,0,502,10,649,422,0.901,575,216,-65,-144,1450,1559,0.35,0,0,34.4,48.968,48.718,6486,18.49,54.1,0
1783523449.5352874,2557,11,person,0,498,7,647,423,0.903,572,215,-68,-145,1450,1561,0.35,0,0,34.4,48.968,48.718,6486,18.88,53.0,0
1783523449.5759802,2558,11,person,0,495,2,645,424,0.904,570,213,-70,-147,1451,1563,0.35,0,0,34.4,48.968,48.718,6486,18.75,53.3,0
1783523449.6230323,2559,11,person,0,491,0,642,425,0.902,566,212,-74,-148,1445,1562,0.35,0,0,34.4,48.843,48.562,6486,18.62,53.7,0
1783523449.6702611,2560,11,person,0,488,0,641,428,0.901,564,214,-76,-146,1448,1558,0.35,0,0,34.4,48.843,48.562,6486,18.99,52.7,0
1783523449.7159765,2561,11,person,0,486,0,639,429,0.902,562,214,-78,-146,1446,1560,0.35,0,0,34.4,48.843,48.562,6486,18.56,53.9,0
1783523449.7619858,2562,11,person,0,483,1,637,429,0.915,560,215,-80,-145,1445,1558,0.35,0,0,34.4,48.843,48.562,6486,18.9,52.9,0
1783523449.8080814,2563,11,person,0,481,1,636,431,0.913,558,216,-82,-144,1444,1558,0.35,0,0,34.4,48.843,48.562,6486,18.78,53.2,0
1783523449.8538935,2564,11,person,0,478,1,634,432,0.916,556,216,-84,-144,1443,1559,0.35,0,0,34.4,48.843,48.562,6486,18.81,53.2,0
1783523449.9017518,2565,11,person,0,476,1,633,432,0.913,554,216,-86,-144,1442,1559,0.35,0,0,34.4,48.843,48.562,6486,20.19,49.5,0
1783523449.9470937,2566,11,person,0,474,1,633,432,0.908,553,216,-87,-144,1443,1559,0.35,0,0,34.4,48.843,48.562,6486,18.77,53.3,0
1783523449.9920268,2567,11,person,0,472,1,632,432,0.906,552,216,-88,-144,1442,1559,0.35,0,0,34.4,48.843,48.562,6486,18.77,53.3,0
1783523450.03697,2568,11,person,0,470,0,632,433,0.907,551,216,-89,-144,1441,1559,0.35,0,0,34.4,48.843,48.562,6486,18.74,53.4,0
1783523450.0820365,2569,11,person,0,468,0,631,434,0.901,549,217,-91,-143,1438,1558,0.35,0,0,34.4,48.843,48.562,6486,18.54,53.9,0
1783523450.1220675,2570,11,person,0,464,0,630,435,0.908,547,217,-93,-143,1437,1559,0.35,0,0,34.4,48.75,48.593,6446,18.66,53.6,0
1783523450.1692748,2571,11,person,0,461,0,628,435,0.908,544,217,-96,-143,1434,1559,0.35,0,0,34.4,48.75,48.593,6446,18.61,53.7,0
1783523450.2160697,2572,11,person,0,458,0,627,435,0.906,542,217,-98,-143,1434,1559,0.35,0,0,34.4,48.75,48.593,6446,18.62,53.7,0
1783523450.2618585,2573,11,person,0,453,0,624,434,0.908,538,217,-102,-143,1428,1559,0.35,0,0,34.4,48.75,48.593,6446,18.75,53.3,0
1783523450.3084583,2574,11,person,0,449,0,623,434,0.906,536,217,-104,-143,1431,1559,0.35,0,0,34.4,48.75,48.593,6446,18.74,53.4,0
1783523450.35403,2575,11,person,0,444,1,620,433,0.907,532,217,-108,-143,1425,1559,0.35,0,0,34.4,48.75,48.593,6446,18.8,53.2,0
1783523450.4003549,2576,11,person,0,441,2,618,432,0.9,529,217,-111,-143,1425,1559,0.35,0,0,34.4,48.75,48.593,6446,18.86,53.0,0
1783523450.4460216,2577,11,person,0,438,2,617,432,0.892,527,217,-113,-143,1425,1559,0.35,0,0,34.4,48.75,48.593,6446,18.71,53.5,0
1783523450.4913492,2578,11,person,0,426,2,608,433,0.868,517,217,-123,-143,1405,1559,0.35,0,0,34.4,48.75,48.593,6446,18.58,53.8,0
1783523450.5373273,2579,11,person,0,422,3,606,433,0.889,514,218,-126,-142,1416,1557,0.35,0,0,34.4,48.75,48.593,6446,18.9,52.9,0
1783523450.587364,2580,11,person,0,422,4,606,433,0.879,514,218,-126,-142,1421,1558,0.35,0,0,34.4,48.75,48.593,6446,22.74,44.0,0
1783523450.63263,2581,11,person,0,417,3,602,433,0.877,509,218,-131,-142,1409,1558,0.35,0,0,34.4,48.781,48.906,6486,18.69,53.5,0
1783523450.6732032,2582,11,person,0,411,2,596,432,0.878,503,217,-137,-143,1402,1560,0.35,0,0,34.4,48.781,48.906,6486,18.58,53.8,0
1783523450.7204678,2583,11,person,0,400,2,585,432,0.897,492,217,-148,-143,1389,1559,0.35,0,0,34.4,48.781,48.906,6486,18.51,54.0,0
1783523450.7681394,2584,11,person,0,390,1,576,432,0.903,483,216,-157,-144,1387,1560,0.35,0,0,34.4,48.781,48.906,6486,18.85,53.1,0
1783523450.8146732,2585,11,person,0,384,2,571,431,0.9,477,216,-163,-144,1388,1559,0.35,0,0,34.4,48.781,48.906,6486,18.88,53.0,0
1783523450.860845,2586,11,person,0,375,2,563,429,0.856,469,215,-171,-145,1380,1561,0.35,0,0,34.4,48.781,48.906,6486,18.78,53.3,0
1783523450.9088666,2587,11,person,0,360,2,553,429,0.913,456,215,-184,-145,1364,1560,0.35,0,0,34.4,48.781,48.906,6486,18.67,53.6,0
1783523450.9559057,2588,11,person,0,343,2,541,427,0.922,442,214,-198,-146,1354,1561,0.35,0,0,34.4,48.781,48.906,6486,18.71,53.5,0
1783523451.0036688,2589,11,person,0,331,1,535,428,0.908,433,214,-207,-146,1357,1560,0.35,0,0,34.4,48.781,48.906,6486,18.88,53.0,0
1783523451.050824,2590,11,person,0,319,1,530,426,0.918,424,213,-216,-147,1352,1561,0.35,0,0,34.4,48.781,48.906,6486,18.81,53.2,0
1783523451.0971942,2591,11,person,0,307,1,523,424,0.934,415,212,-225,-148,1346,1562,0.35,0,0,34.4,48.781,48.906,6486,18.67,53.6,0
1783523451.1440957,2592,11,person,0,297,1,519,423,0.924,408,212,-232,-148,1345,1561,0.35,0,0,34.4,48.843,48.906,6446,18.63,53.7,0
1783523451.1898496,2593,11,person,0,286,1,515,425,0.932,400,213,-240,-147,1339,1559,0.35,0,0,34.4,48.843,48.906,6446,18.51,54.0,0
1783523451.2303658,2594,11,person,0,279,0,514,424,0.931,396,212,-244,-148,1342,1562,0.35,0,0,34.4,48.843,48.906,6446,18.73,53.4,0
1783523451.2780437,2595,11,person,0,274,1,515,425,0.924,394,213,-246,-147,1346,1559,0.35,0,0,34.4,48.843,48.906,6446,18.64,53.6,0
1783523451.3258214,2596,11,person,0,268,2,513,426,0.937,390,214,-250,-146,1340,1559,0.35,0,0,34.4,48.843,48.906,6446,18.63,53.7,0
1783523451.3737118,2597,11,person,0,264,2,512,422,0.936,388,212,-252,-148,1342,1563,0.35,0,0,34.4,48.843,48.906,6446,18.65,53.6,0
1783523451.419854,2598,11,person,0,251,2,504,425,0.923,377,213,-263,-147,1320,1559,0.35,0,0,34.4,48.843,48.906,6446,18.44,54.2,0
1783523451.4683485,2599,11,person,0,240,2,497,426,0.928,368,214,-272,-146,1318,1559,0.35,0,0,34.4,48.843,48.906,6446,19.04,52.5,0
1783523451.516289,2600,11,person,0,231,2,492,425,0.923,361,213,-279,-147,1317,1561,0.35,0,0,34.4,48.843,48.906,6446,18.74,53.4,0
1783523451.56307,2601,11,person,0,213,2,479,423,0.931,346,212,-294,-148,1300,1562,0.35,0,0,34.4,48.843,48.906,6446,18.8,53.2,0
1783523451.6109047,2602,11,person,0,198,2,469,423,0.929,333,212,-307,-148,1300,1561,0.35,0,0,34.4,48.843,48.906,6446,18.79,53.2,0
1783523451.6570039,2603,11,person,0,181,1,459,425,0.917,320,213,-320,-147,1300,1559,0.35,0,0,34.4,48.875,48.718,6446,18.63,53.7,0
1783523451.7078953,2604,11,person,0,172,2,455,425,0.928,313,213,-327,-147,1300,1560,0.35,0,0,34.4,48.875,48.718,6446,21.55,46.4,0
1783523451.7528207,2605,11,person,0,159,2,445,426,0.917,302,214,-338,-146,1300,1559,0.35,0,0,34.4,48.875,48.718,6446,18.72,53.4,0
1783523451.7928658,2606,11,person,0,143,2,432,423,0.937,287,212,-353,-148,1300,1563,0.35,0,0,34.4,48.875,48.718,6446,18.65,53.6,0
1783523451.8416324,2607,11,person,0,129,2,421,422,0.929,275,212,-365,-148,1300,1561,0.35,0,0,34.4,48.875,48.718,6446,18.62,53.7,0
1783523451.8897004,2608,11,person,0,101,2,401,423,0.877,251,212,-389,-148,1300,1561,0.35,0,0,34.4,48.875,48.718,6446,18.55,53.9,0
1783523451.938165,2609,11,person,0,77,2,386,424,0.927,231,213,-409,-147,1300,1559,0.35,0,0,34.4,48.875,48.718,6446,18.82,53.1,0
1783523451.9877,2610,11,person,0,51,2,370,424,0.917,210,213,-430,-147,1300,1560,0.35,0,0,34.4,48.875,48.718,6446,20.94,47.8,0
1783523452.0365765,2611,11,person,0,79,3,396,423,0.862,237,213,-403,-147,1300,1560,0.35,0,0,34.4,48.875,48.718,6446,18.9,52.9,0
1783523452.0840535,2612,11,person,0,88,3,401,422,0.838,244,212,-396,-148,1300,1562,0.35,0,0,34.4,48.875,48.718,6446,18.6,53.8,0
1783523452.1308908,2613,11,person,0,80,3,389,421,0.872,234,212,-406,-148,1300,1561,0.35,0,0,34.4,48.875,48.718,6446,18.57,53.8,0
1783523452.1780326,2614,11,person,0,77,3,383,421,0.831,230,212,-410,-148,1300,1561,0.35,0,0,34.4,48.75,48.812,6407,18.52,54.0,0
1783523452.2240927,2615,11,person,0,75,3,378,422,0.876,226,212,-414,-148,1300,1561,0.35,0,0,34.4,48.75,48.812,6407,18.72,53.4,0
1783523452.2808352,2616,11,person,0,74,3,374,422,0.878,224,212,-416,-148,1300,1561,0.35,0,0,34.4,48.75,48.812,6407,18.42,54.3,0
1783523452.3312433,2617,11,person,0,76,3,373,422,0.883,224,212,-416,-148,1300,1561,0.35,0,0,34.4,48.75,48.812,6407,18.67,53.6,0
1783523452.3708854,2618,11,person,0,43,3,348,421,0.851,195,212,-445,-148,1300,1561,0.35,0,0,34.4,48.75,48.812,6407,18.62,53.7,0
1783523452.418301,2619,11,person,0,35,2,345,422,0.884,190,212,-450,-148,1300,1561,0.35,0,0,34.4,48.75,48.812,6407,18.46,54.2,0
1783523452.4667616,2620,11,person,0,60,3,367,422,0.857,213,212,-427,-148,1300,1561,0.35,0,0,34.4,48.75,48.812,6407,18.92,52.8,0
1783523452.5143383,2621,11,person,0,48,2,359,423,0.915,203,212,-437,-148,1300,1561,0.35,0,0,34.4,48.75,48.812,6407,18.58,53.8,0
1783523452.561781,2622,11,person,0,44,2,357,421,0.908,200,211,-440,-149,1300,1562,0.35,0,0,34.4,48.75,48.812,6407,18.93,52.8,0
1783523452.609175,2623,11,person,0,43,2,358,421,0.894,200,211,-440,-149,1300,1561,0.35,0,0,34.4,48.75,48.812,6407,18.68,53.5,0
1783523452.6555052,2624,11,person,0,52,2,371,422,0.886,211,212,-429,-148,1300,1560,0.35,0,0,34.4,49.187,48.781,6407,18.59,53.8,0
1783523452.703457,2625,11,person,0,60,2,381,422,0.901,220,212,-420,-148,1300,1561,0.35,0,0,34.4,49.187,48.781,6407,18.76,53.3,0
1783523452.750436,2626,11,person,0,76,2,399,421,0.898,237,211,-403,-149,1300,1562,0.35,0,0,34.4,49.187,48.781,6407,18.54,53.9,0
1783523452.7993,2627,11,person,0,102,2,423,421,0.917,262,211,-378,-149,1311,1561,0.35,0,0,34.4,49.187,48.781,6407,18.88,53.0,0
1783523452.8472447,2628,11,person,0,116,2,435,422,0.912,275,212,-365,-148,1300,1560,0.35,0,0,34.4,49.187,48.781,6407,18.81,53.1,0
1783523452.8945348,2629,11,person,0,118,2,439,421,0.943,278,211,-362,-149,1300,1562,0.35,0,0,34.4,49.187,48.781,6407,18.71,53.4,0
1783523452.9344337,2630,11,person,0,123,2,445,421,0.917,284,211,-356,-149,1300,1561,0.35,0,0,34.4,49.187,48.781,6407,18.93,52.8,0
1783523452.9830947,2631,11,person,0,130,2,451,421,0.919,290,211,-350,-149,1300,1561,0.35,0,0,34.4,49.187,48.781,6407,18.6,53.8,0
1783523453.031979,2632,11,person,0,163,2,481,423,0.908,322,212,-318,-148,1358,1560,0.35,0,0,34.4,49.187,48.781,6407,18.95,52.8,0
1783523453.0805774,2633,11,person,0,170,2,485,422,0.934,327,212,-313,-148,1317,1561,0.35,0,0,34.4,49.187,48.781,6407,18.59,53.8,0
1783523453.1279953,2634,11,person,0,187,2,497,422,0.902,342,212,-298,-148,1343,1561,0.35,0,0,34.4,49.187,48.781,6407,19.2,52.1,0
1783523453.1770678,2635,11,person,0,197,3,504,423,0.907,350,213,-290,-147,1336,1559,0.35,0,0,34.4,48.781,48.875,6446,18.66,53.6,0
1783523453.2246006,2636,11,person,0,210,3,514,425,0.927,362,214,-278,-146,1350,1559,0.35,0,0,34.4,48.781,48.875,6446,18.62,53.7,0
1783523453.2726824,2637,11,person,0,224,2,524,426,0.918,374,214,-266,-146,1357,1560,0.35,0,0,34.4,48.781,48.875,6446,18.71,53.5,0
1783523453.3200037,2638,11,person,0,239,2,537,427,0.917,388,214,-252,-146,1369,1560,0.35,0,0,34.4,48.781,48.875,6446,18.8,53.2,0
1783523453.3677979,2639,11,person,0,255,2,549,427,0.911,402,214,-238,-146,1377,1560,0.35,0,0,34.4,48.781,48.875,6446,18.97,52.7,0
1783523453.416987,2640,11,person,0,266,2,557,428,0.902,411,215,-229,-145,1374,1558,0.35,0,0,34.4,48.781,48.875,6446,20.99,47.6,0
1783523453.464499,2641,11,person,0,279,2,567,427,0.859,423,214,-217,-146,1387,1561,0.35,0,0,34.4,48.781,48.875,6446,18.81,53.2,0
1783523453.5070539,2642,11,person,0,296,2,580,427,0.874,438,214,-202,-146,1403,1560,0.35,0,0,34.4,48.781,48.875,6446,20.78,48.1,0
1783523453.556494,2643,11,person,0,320,1,600,428,0.827,460,214,-180,-146,1424,1560,0.35,0,0,34.4,48.781,48.875,6446,18.88,53.0,0
1783523453.6062648,2644,11,person,0,339,2,613,427,0.826,476,214,-164,-146,1424,1560,0.35,0,0,34.4,48.781,48.875,6446,18.76,53.3,0
1783523453.653622,2645,11,person,0,374,1,644,428,0.892,509,214,-131,-146,1474,1560,0.35,0,0,34.4,49.218,48.687,6407,18.64,53.7,0
1783523453.702423,2646,11,person,0,389,2,655,430,0.835,522,216,-118,-144,1447,1557,0.35,0,0,34.4,49.218,48.687,6407,18.83,53.1,0
1783523453.749428,2647,11,person,0,405,2,665,429,0.826,535,215,-105,-145,1456,1561,0.35,0,0,34.4,49.218,48.687,6407,18.53,54.0,0
1783523453.8038573,2648,11,person,0,429,1,689,431,0.88,559,216,-81,-144,1483,1558,0.35,0,0,34.4,49.218,48.687,6407,18.75,53.3,0
1783523453.8570063,2649,11,person,0,451,1,710,430,0.899,580,215,-60,-145,1492,1560,0.35,0,0,34.4,49.218,48.687,6407,18.58,53.8,0
1783523453.905609,2650,11,person,0,461,2,723,434,0.908,592,218,-48,-142,1487,1555,0.35,0,0,34.4,49.218,48.687,6407,18.78,53.3,0
1783523453.9535797,2651,11,person,0,480,1,743,433,0.891,611,217,-29,-143,1577,1560,0.35,0,0,34.4,49.218,48.687,6407,18.83,53.1,0
1783523454.0046115,2652,11,person,0,491,1,758,435,0.89,624,218,-16,-142,1497,1557,0.35,0,0,34.4,49.218,48.687,6407,18.73,53.4,0
1783523454.0520048,2653,11,person,0,509,2,777,435,0.9,643,218,3,-142,1497,1558,0.35,0,0,34.4,49.218,48.687,6407,18.56,53.9,0
1783523454.0923464,2654,11,person,0,531,2,798,434,0.793,664,218,24,-142,1497,1558,0.35,0,0,34.4,49.218,48.687,6407,18.65,53.6,0
1783523454.1413076,2655,11,person,0,545,2,811,435,0.519,678,218,38,-142,1497,1558,0.35,0,0,34.4,49.218,48.687,6407,18.77,53.3,0
1783523454.1894436,2656,11,person,0,578,2,837,435,0.569,707,218,67,-142,1648,1558,0.35,0,0,34.4,49.093,48.937,6407,18.5,54.1,0
1783523454.2384622,2657,11,person,0,606,2,859,436,0.841,732,219,92,-141,1593,1557,0.35,0,0,34.4,49.093,48.937,6407,18.63,53.7,0
1783523454.2855296,2658,11,person,0,647,2,895,434,0.825,771,218,131,-142,1642,1559,0.35,0,0,34.4,49.093,48.937,6407,18.51,54.0,0
1783523454.3347578,2659,11,person,0,676,2,923,435,0.905,799,218,159,-142,1638,1558,0.35,0,0,34.4,49.093,48.937,6407,18.87,53.0,0
1783523454.3830981,2660,11,person,0,693,2,940,436,0.925,816,219,176,-141,1631,1557,0.35,0,0,34.4,49.093,48.937,6407,18.58,53.8,0
1783523454.4312434,2661,11,person,0,721,2,970,438,0.917,845,220,205,-140,1669,1556,0.35,0,0,34.4,49.093,48.937,6407,18.85,53.1,0
1783523454.482859,2662,11,person,0,742,2,996,439,0.884,869,220,229,-140,1673,1558,0.35,0,0,34.4,49.093,48.937,6407,18.52,54.0,0
1783523454.5325885,2663,11,person,0,742,3,993,439,0.834,867,221,227,-139,1631,1556,0.35,0,0,34.4,49.093,48.937,6407,18.9,52.9,0
1783523454.5824013,2664,11,person,0,768,3,1023,439,0.602,895,221,255,-139,1697,1557,0.35,0,0,34.4,49.093,48.937,6407,18.54,53.9,0
1783523454.6324217,2665,11,person,0,782,2,1038,440,0.698,910,221,270,-139,1685,1557,0.35,0,0,34.4,49.093,48.937,6407,18.82,53.1,0
1783523454.6684258,2666,,,,,,,,,,,,,1500,1500,0.35,0,0,34.4,48.843,48.687,6407,15.79,63.3,1
1783523454.718825,2667,,,,,,,,,,,,,1500,1500,0.35,0,0,34.4,48.843,48.687,6407,20.74,48.2,1
1783523454.7757502,2668,,,,,,,,,,,,,1500,1500,0.35,0,0,34.4,48.843,48.687,6407,15.67,63.8,1
1783523454.8245595,2669,,,,,,,,,,,,,1500,1500,0.35,0,0,34.4,48.843,48.687,6407,15.71,63.7,1
1783523454.8761,2670,,,,,,,,,,,,,1500,1500,0.35,0,0,34.4,48.843,48.687,6407,18.23,54.9,1
1783523454.9219751,2671,,,,,,,,,,,,,1500,1500,0.35,0,0,34.4,48.843,48.687,6407,14.73,67.9,1
1783523454.9715064,2672,,,,,,,,,,,,,1500,1500,0.35,0,0,34.4,48.843,48.687,6407,15.91,62.9,1
1783523455.016349,2673,,,,,,,,,,,,,1500,1500,0.35,0,0,34.4,48.843,48.687,6407,15.6,64.1,1
1783523455.0623865,2674,,,,,,,,,,,,,1500,1500,0.35,0,0,34.4,48.843,48.687,6407,14.97,66.8,1
1783523455.1067207,2675,,,,,,,,,,,,,1500,1500,0.35,0,0,34.4,48.843,48.687,6407,15.72,63.6,1
1783523455.1502986,2676,,,,,,,,,,,,,1500,1500,0.35,0,0,34.4,48.843,48.687,6407,15.73,63.6,1
1783523455.1944497,2677,,,,,,,,,,,,,1500,1500,0.35,0,0,34.4,48.968,49.031,6407,15.68,63.8,1
1783523455.2291472,2678,,,,,,,,,,,,,1500,1500,0.35,0,0,34.4,48.968,49.031,6407,15.73,63.6,1
1783523455.2714903,2679,,,,,,,,,,,,,1500,1500,0.35,0,0,34.4,48.968,49.031,6407,15.7,63.7,1
1783523455.3188403,2680,,,,,,,,,,,,,1500,1500,0.35,0,0,34.4,48.968,49.031,6407,20.42,49.0,1
1783523455.3619602,2681,,,,,,,,,,,,,1500,1500,0.35,0,0,34.4,48.968,49.031,6407,15.72,63.6,1
1783523455.4033287,2682,,,,,,,,,,,,,1500,1500,0.35,0,0,34.4,48.968,49.031,6407,15.76,63.4,1
1783523455.4457996,2683,,,,,,,,,,,,,1500,1500,0.35,0,0,34.4,48.968,49.031,6407,15.61,64.1,1
1783523455.4951458,2684,,,,,,,,,,,,,1500,1500,0.35,0,0,34.4,48.968,49.031,6407,15.71,63.7,1
1783523455.5406868,2685,,,,,,,,,,,,,1500,1500,0.35,0,0,34.4,48.968,49.031,6407,14.74,67.8,1
1783523455.5861893,2686,,,,,,,,,,,,,1500,1500,0.35,0,0,34.4,48.968,49.031,6407,15.66,63.9,1
1783523455.6279206,2687,,,,,,,,,,,,,1500,1500,0.35,0,0,34.4,48.968,49.031,6407,14.73,67.9,1
1783523455.6696029,2688,,,,,,,,,,,,,1500,1500,0.35,0,0,34.4,48.843,48.656,6407,15.74,63.5,1
1783523455.710451,2689,,,,,,,,,,,,,1500,1500,0.35,0,0,34.4,48.843,48.656,6407,14.6,68.5,1
1783523455.743996,2690,,,,,,,,,,,,,1500,1500,0.35,0,0,34.4,48.843,48.656,6407,14.52,68.9,1
1783523455.7841194,2691,,,,,,,,,,,,,1500,1500,0.35,0,0,34.4,48.843,48.656,6407,14.59,68.6,1
1783523455.8230233,2692,,,,,,,,,,,,,1500,1500,0.35,0,0,34.4,48.843,48.656,6407,14.6,68.5,1
1783523455.8620045,2693,,,,,,,,,,,,,1500,1500,0.35,0,0,34.4,48.843,48.656,6407,14.75,67.8,1
1783523455.9011986,2694,,,,,,,,,,,,,1500,1500,0.35,0,0,34.4,48.843,48.656,6407,14.83,67.4,1
1783523455.939941,2695,,,,,,,,,,,,,1500,1500,0.35,0,0,34.4,48.843,48.656,6407,14.65,68.3,1
1783523455.979115,2696,,,,,,,,,,,,,1500,1500,0.35,0,0,34.4,48.843,48.656,6407,14.64,68.3,1
1783523456.01768,2697,,,,,,,,,,,,,1500,1500,0.35,0,0,34.4,48.843,48.656,6407,14.68,68.1,1
1783523456.0574808,2698,,,,,,,,,,,,,1500,1500,0.35,0,0,34.4,48.843,48.656,6407,15.38,65.0,1
1783523456.096457,2699,,,,,,,,,,,,,1500,1500,0.35,0,0,34.4,48.843,48.656,6407,14.43,69.3,1
1783523456.1382134,2700,,,,,,,,,,,,,1500,1500,0.35,0,0,34.4,48.843,48.656,6407,16.93,59.1,1
1783523456.1772106,2701,,,,,,,,,,,,,1500,1500,0.35,0,0,34.4,48.781,48.875,6526,14.26,70.1,1
1783523456.2104428,2702,,,,,,,,,,,,,1500,1500,0.35,0,0,34.4,48.781,48.875,6526,14.3,69.9,1
1783523456.2508848,2703,,,,,,,,,,,,,1500,1500,0.35,0,0,34.4,48.781,48.875,6526,14.27,70.1,1
1783523456.290494,2704,,,,,,,,,,,,,1500,1500,0.35,0,0,34.4,48.781,48.875,6526,14.3,69.9,1
1783523456.329555,2705,,,,,,,,,,,,,1500,1500,0.35,0,0,34.4,48.781,48.875,6526,14.38,69.5,1
1783523456.368684,2706,,,,,,,,,,,,,1500,1500,0.35,0,0,34.4,48.781,48.875,6526,14.39,69.5,1
1783523456.4068105,2707,,,,,,,,,,,,,1500,1500,0.35,0,0,34.4,48.781,48.875,6526,14.35,69.7,1
1783523456.4443958,2708,,,,,,,,,,,,,1500,1500,0.35,0,0,34.4,48.781,48.875,6526,14.19,70.5,1
1783523456.482409,2709,,,,,,,,,,,,,1500,1500,0.35,0,0,34.4,48.781,48.875,6526,14.2,70.4,1
1783523456.5226028,2710,,,,,,,,,,,,,1500,1500,0.35,0,0,34.4,48.781,48.875,6526,15.77,63.4,1
1783523456.560318,2711,,,,,,,,,,,,,1500,1500,0.35,0,0,34.4,48.781,48.875,6526,14.25,70.2,1
1783523456.5983782,2712,,,,,,,,,,,,,1500,1500,0.35,0,0,34.4,48.781,48.875,6526,14.45,69.2,1
1783523456.6363266,2713,,,,,,,,,,,,,1500,1500,0.35,0,0,34.4,48.781,48.875,6526,14.43,69.3,1
1783523456.6697598,2714,,,,,,,,,,,,,1500,1500,0.35,0,0,34.4,48.781,48.875,6526,14.44,69.2,1
1783523456.7094297,2715,,,,,,,,,,,,,1500,1500,0.35,0,0,34.4,48.781,48.687,6565,14.18,70.5,1
1783523456.7488148,2716,,,,,,,,,,,,,1500,1500,0.35,0,0,34.4,48.781,48.687,6565,14.26,70.1,1
1783523456.787363,2717,,,,,,,,,,,,,1500,1500,0.35,0,0,34.4,48.781,48.687,6565,14.22,70.3,1
1783523456.825716,2718,,,,,,,,,,,,,1500,1500,0.35,0,0,34.4,48.781,48.687,6565,14.45,69.2,1
1783523456.8641431,2719,,,,,,,,,,,,,1500,1500,0.35,0,0,34.4,48.781,48.687,6565,14.41,69.4,1
1783523456.9024296,2720,,,,,,,,,,,,,1500,1500,0.35,0,0,34.4,48.781,48.687,6565,14.38,69.5,1
1783523456.940357,2721,,,,,,,,,,,,,1500,1500,0.35,0,0,34.4,48.781,48.687,6565,14.29,70.0,1
1783523456.9776883,2722,,,,,,,,,,,,,1500,1500,0.35,0,0,34.4,48.781,48.687,6565,14.24,70.2,1
1783523457.0174768,2723,,,,,,,,,,,,,1500,1500,0.35,0,0,34.4,48.781,48.687,6565,15.47,64.6,1
1783523457.0564864,2724,,,,,,,,,,,,,1500,1500,0.35,0,0,34.4,48.781,48.687,6565,14.34,69.7,1
1783523457.0946004,2725,,,,,,,,,,,,,1500,1500,0.35,0,0,34.4,48.781,48.687,6565,14.4,69.4,1
1783523457.1288726,2726,,,,,,,,,,,,,1500,1500,0.35,0,0,34.4,48.781,48.687,6565,15.27,65.5,1
1783523457.1688588,2727,,,,,,,,,,,,,1500,1500,0.35,0,0,34.4,48.781,48.687,6565,14.37,69.6,1
1783523457.2079897,2728,,,,,,,,,,,,,1500,1500,0.35,0,0,34.4,48.968,48.781,6605,14.26,70.1,1
1783523457.247119,2729,,,,,,,,,,,,,1500,1500,0.35,0,0,34.4,48.968,48.781,6605,14.25,70.2,1
1783523457.2898877,2730,,,,,,,,,,,,,1500,1500,0.35,0,0,34.4,48.968,48.781,6605,17.1,58.5,1
1783523457.330995,2731,,,,,,,,,,,,,1500,1500,0.35,0,0,34.4,48.968,48.781,6605,15.5,64.5,1
1783523457.3711486,2732,,,,,,,,,,,,,1500,1500,0.35,0,0,34.4,48.968,48.781,6605,14.39,69.5,1
1783523457.4122767,2733,,,,,,,,,,,,,1500,1500,0.35,0,0,34.4,48.968,48.781,6605,15.29,65.4,1
1783523457.4538682,2734,,,,,,,,,,,,,1500,1500,0.35,0,0,34.4,48.968,48.781,6605,15.48,64.6,1
1783523457.494131,2735,,,,,,,,,,,,,1500,1500,0.35,0,0,34.4,48.968,48.781,6605,15.41,64.9,1
1783523457.5351558,2736,,,,,,,,,,,,,1500,1500,0.35,0,0,34.4,48.968,48.781,6605,15.37,65.1,1
1783523457.5763195,2737,,,,,,,,,,,,,1500,1500,0.35,0,0,34.4,48.968,48.781,6605,14.21,70.4,1
1783523457.6096976,2738,,,,,,,,,,,,,1500,1500,0.35,0,0,34.4,48.968,48.781,6605,14.28,70.0,1
1783523457.6522918,2739,,,,,,,,,,,,,1500,1500,0.35,0,0,34.4,48.968,48.781,6605,14.42,69.3,1
1783523457.6938093,2740,,,,,,,,,,,,,1500,1500,0.35,0,0,34.4,49.187,48.687,6842,14.44,69.2,1
1783523457.7352378,2741,,,,,,,,,,,,,1500,1500,0.35,0,0,34.4,49.187,48.687,6842,14.35,69.7,1
1783523457.7758553,2742,,,,,,,,,,,,,1500,1500,0.35,0,0,34.4,49.187,48.687,6842,14.18,70.5,1
1783523457.816816,2743,,,,,,,,,,,,,1500,1500,0.35,0,0,34.4,49.187,48.687,6842,14.24,70.2,1
1783523457.8597817,2744,,,,,,,,,,,,,1500,1500,0.35,0,0,34.4,49.187,48.687,6842,14.45,69.2,1
1783523457.9044218,2745,,,,,,,,,,,,,1500,1500,0.35,0,0,34.4,49.187,48.687,6842,14.38,69.6,1
1783523457.9589913,2746,,,,,,,,,,,,,1500,1500,0.35,0,0,34.4,49.187,48.687,6842,17.26,58.0,1
1783523458.0168617,2747,12,person,0,787,4,1070,439,0.861,928,221,288,-139,1700,1650,0.35,0,0,34.4,49.187,48.687,6842,18.48,54.1,0
1783523458.0732143,2748,12,person,0,764,3,1047,437,0.842,905,220,265,-140,1627,1557,0.35,0,0,34.4,49.187,48.687,6842,18.64,53.7,0
1783523458.1249378,2749,12,person,0,744,3,1027,440,0.362,885,221,245,-139,1617,1555,0.35,0,0,34.4,49.187,48.687,6842,18.67,53.6,0
1783523458.1653628,2750,12,person,0,687,1,974,440,0.712,830,220,190,-140,1506,1557,0.35,0,0,34.4,49.187,48.687,6842,18.73,53.4,0
1783523458.216494,2751,12,person,0,683,3,968,438,0.673,825,220,185,-140,1604,1556,0.35,0,0,34.4,48.781,48.937,6526,18.56,53.9,0
1783523458.2744098,2752,12,person,0,633,3,924,439,0.887,778,221,138,-139,1519,1555,0.35,0,0,34.4,48.781,48.937,6526,18.65,53.6,0
1783523458.3295357,2753,12,person,0,605,2,900,436,0.888,752,219,112,-141,1531,1559,0.35,0,0,34.4,48.781,48.937,6526,22.28,44.9,0
1783523458.381023,2754,12,person,0,587,1,887,434,0.839,737,217,97,-143,1537,1560,0.35,0,0,34.4,48.781,48.937,6526,18.46,54.2,0
1783523458.4303372,2755,12,person,0,570,1,875,435,0.916,722,218,82,-142,1527,1557,0.35,0,0,34.4,48.781,48.937,6526,18.76,53.3,0
1783523458.4808936,2756,12,person,0,562,1,870,434,0.915,716,217,76,-143,1538,1559,0.35,0,0,34.4,48.781,48.937,6526,18.5,54.1,0
1783523458.5295992,2757,12,person,0,551,1,860,434,0.907,705,217,65,-143,1523,1558,0.35,0,0,34.4,48.781,48.937,6526,18.64,53.7,0
1783523458.5875182,2758,12,person,0,550,2,858,435,0.922,704,218,64,-142,1539,1557,0.35,0,0,34.4,48.781,48.937,6526,18.63,53.7,0
1783523458.6397269,2759,12,person,0,549,2,855,434,0.921,702,218,62,-142,1536,1558,0.35,0,0,34.4,48.781,48.937,6526,18.74,53.3,0
1783523458.6912694,2760,12,person,0,545,3,849,437,0.902,697,220,57,-140,1529,1556,0.35,0,0,34.4,48.781,48.937,6526,20.97,47.7,0
1783523458.741507,2761,12,person,0,540,3,841,438,0.914,690,220,50,-140,1521,1558,0.35,0,0,34.4,49.281,49.062,6446,18.75,53.3,0
1783523458.782152,2762,12,person,0,538,3,836,439,0.919,687,221,47,-139,1525,1556,0.35,0,0,34.4,49.281,49.062,6446,18.49,54.1,0
1783523458.8302429,2763,12,person,0,528,3,822,437,0.899,675,220,35,-140,1424,1559,0.35,0,0,34.4,49.281,49.062,6446,18.81,53.2,0
1783523458.878478,2764,12,person,0,520,2,811,437,0.901,665,219,25,-141,1502,1559,0.35,0,0,34.4,49.281,49.062,6446,18.59,53.8,0
1783523458.9292324,2765,12,person,0,512,3,798,437,0.916,655,220,15,-140,1502,1557,0.35,0,0,34.4,49.281,49.062,6446,22.11,45.2,0
1783523458.9767842,2766,12,person,0,505,2,787,436,0.918,646,219,6,-141,1502,1559,0.35,0,0,34.4,49.281,49.062,6446,18.53,54.0,0
1783523459.0234356,2767,12,person,0,493,2,773,437,0.92,633,219,-7,-141,1502,1558,0.35,0,0,34.4,49.281,49.062,6446,18.55,53.9,0
1783523459.0710106,2768,12,person,0,484,2,762,438,0.929,623,220,-17,-140,1502,1556,0.35,0,0,34.4,49.281,49.062,6446,18.91,52.9,0
1783523459.1174812,2769,12,person,0,472,2,749,438,0.924,610,220,-30,-140,1502,1558,0.35,0,0,34.4,49.281,49.062,6446,18.46,54.2,0
1783523459.1655507,2770,12,person,0,465,2,740,436,0.931,602,219,-38,-141,1502,1559,0.35,0,0,34.4,49.281,49.062,6446,18.81,53.2,0
1783523459.2119224,2771,12,person,0,461,2,736,435,0.926,598,218,-42,-142,1405,1559,0.35,0,0,34.4,49.281,49.062,6446,18.69,53.5,0
1783523459.2579794,2772,12,person,0,456,1,731,435,0.924,593,218,-47,-142,1465,1558,0.35,0,0,34.4,49.0,48.843,6367,18.56,53.9,0
1783523459.3056777,2773,12,person,0,456,1,729,434,0.911,592,217,-48,-143,1472,1560,0.35,0,0,34.4,49.0,48.843,6367,18.94,52.8,0
1783523459.3457992,2774,12,person,0,456,2,729,435,0.91,592,218,-48,-142,1473,1557,0.35,0,0,34.4,49.0,48.843,6367,18.58,53.8,0
1783523459.3930352,2775,12,person,0,458,2,729,435,0.917,593,218,-47,-142,1476,1558,0.35,0,0,34.4,49.0,48.843,6367,18.81,53.2,0
1783523459.4403782,2776,12,person,0,460,2,729,435,0.925,594,218,-46,-142,1476,1558,0.35,0,0,34.4,49.0,48.843,6367,18.73,53.4,0
1783523459.4872031,2777,12,person,0,463,2,729,435,0.905,596,218,-44,-142,1479,1558,0.35,0,0,34.4,49.0,48.843,6367,18.57,53.9,0
1783523459.5341618,2778,12,person,0,465,2,728,436,0.904,596,219,-44,-141,1476,1557,0.35,0,0,34.4,49.0,48.843,6367,18.71,53.4,0
1783523459.5801566,2779,12,person,0,467,2,726,437,0.896,596,219,-44,-141,1475,1558,0.35,0,0,34.4,49.0,48.843,6367,18.53,54.0,0
1783523459.6261868,2780,12,person,0,472,1,725,436,0.898,598,218,-42,-142,1480,1559,0.35,0,0,34.4,49.0,48.843,6367,18.79,53.2,0
1783523459.6728673,2781,12,person,0,477,1,725,435,0.889,601,218,-39,-142,1574,1558,0.35,0,0,34.4,49.0,48.843,6367,18.65,53.6,0
1783523459.7191358,2782,12,person,0,481,0,724,434,0.899,602,217,-38,-143,1502,1560,0.35,0,0,34.4,49.218,48.843,6407,18.56,53.9,0
1783523459.7658923,2783,12,person,0,485,0,724,435,0.897,604,217,-36,-143,1502,1559,0.35,0,0,34.4,49.218,48.843,6407,18.9,52.9,0
1783523459.8115175,2784,12,person,0,488,0,723,435,0.895,605,217,-35,-143,1502,1559,0.35,0,0,34.4,49.218,48.843,6407,18.6,53.8,0
1783523459.8568885,2785,12,person,0,487,1,716,435,0.896,601,218,-39,-142,1502,1557,0.35,0,0,34.4,49.218,48.843,6407,18.62,53.7,0
1783523459.897578,2786,12,person,0,486,1,712,434,0.905,599,217,-41,-143,1397,1560,0.35,0,0,34.4,49.218,48.843,6407,18.65,53.6,0
1783523459.9443676,2787,12,person,0,488,2,708,434,0.91,598,218,-42,-142,1475,1557,0.35,0,0,34.4,49.218,48.843,6407,18.48,54.1,0
1783523459.9915435,2788,12,person,0,486,2,702,433,0.909,594,217,-46,-143,1467,1560,0.35,0,0,34.4,49.218,48.843,6407,18.94,52.8,0
1783523460.0377576,2789,12,person,0,486,2,698,431,0.913,592,216,-48,-144,1469,1560,0.35,0,0,34.4,49.218,48.843,6407,18.72,53.4,0
1783523460.087313,2790,12,person,0,483,1,692,431,0.92,587,216,-53,-144,1462,1559,0.35,0,0,34.4,49.218,48.843,6407,21.94,45.6,0
1783523460.1389394,2791,12,person,0,481,1,687,431,0.923,584,216,-56,-144,1463,1559,0.35,0,0,34.4,49.218,48.843,6407,23.47,42.6,0
1783523460.184846,2792,12,person,0,479,1,682,432,0.925,580,216,-60,-144,1458,1559,0.35,0,0,34.4,49.218,48.843,6407,18.54,53.9,0
1783523460.2321916,2793,12,person,0,479,1,679,433,0.929,579,217,-61,-143,1463,1558,0.35,0,0,34.4,49.031,49.125,6446,18.85,53.0,0
1783523460.2777693,2794,12,person,0,480,0,677,432,0.924,578,216,-62,-144,1462,1560,0.35,0,0,34.4,49.031,49.125,6446,18.64,53.7,0
1783523460.323488,2795,12,person,0,484,2,676,429,0.915,580,215,-60,-145,1469,1561,0.35,0,0,34.4,49.031,49.125,6446,18.57,53.8,0
1783523460.3699458,2796,12,person,0,487,4,675,428,0.914,581,216,-59,-144,1467,1558,0.35,0,0,34.4,49.031,49.125,6446,18.72,53.4,0
1783523460.4156098,2797,12,person,0,489,8,672,427,0.905,580,217,-60,-143,1463,1558,0.35,0,0,34.4,49.031,49.125,6446,18.47,54.1,0
1783523460.4559045,2798,12,person,0,491,11,671,428,0.915,581,219,-59,-141,1467,1555,0.35,0,0,34.4,49.031,49.125,6446,18.76,53.3,0
1783523460.503676,2799,12,person,0,493,12,671,428,0.918,582,220,-58,-140,1468,1556,0.35,0,0,34.4,49.031,49.125,6446,18.8,53.2,0
1783523460.5502317,2800,12,person,0,497,16,671,428,0.916,584,222,-56,-138,1471,1555,0.35,0,0,34.4,49.031,49.125,6446,18.77,53.3,0
1783523460.5967228,2801,12,person,0,499,20,669,429,0.92,584,224,-56,-136,1467,1554,0.35,0,0,34.4,49.031,49.125,6446,18.71,53.4,0
1783523460.6423717,2802,12,person,0,500,23,668,429,0.913,584,226,-56,-134,1467,1553,0.35,0,0,34.4,49.031,49.125,6446,18.56,53.9,0
1783523460.6875181,2803,12,person,0,503,29,665,425,0.906,584,227,-56,-133,1467,1554,0.35,0,0,34.4,49.031,49.125,6446,18.63,53.7,0
1783523460.7338855,2804,12,person,0,505,31,663,423,0.904,584,227,-56,-133,1467,1555,0.35,0,0,34.4,48.843,49.0,6407,18.77,53.3,0
1783523460.77918,2805,12,person,0,507,32,662,422,0.899,584,227,-56,-133,1467,1555,0.35,0,0,34.4,48.843,49.0,6407,18.46,54.2,0
1783523460.824853,2806,12,person,0,511,38,660,417,0.867,585,227,-55,-133,1469,1555,0.35,0,0,34.4,48.843,49.0,6407,18.62,53.7,0
1783523460.8710666,2807,12,person,0,514,40,660,413,0.888,587,226,-53,-134,1472,1556,0.35,0,0,34.4,48.843,49.0,6407,18.63,53.7,0
1783523460.9171624,2808,12,person,0,516,43,660,411,0.893,588,227,-52,-133,1471,1554,0.35,0,0,34.4,48.843,49.0,6407,18.52,54.0,0
1783523460.9638479,2809,12,person,0,516,45,659,411,0.89,587,228,-53,-132,1467,1553,0.35,0,0,34.4,48.843,49.0,6407,19.04,52.5,0
1783523461.0041614,2810,12,person,0,517,47,657,411,0.884,587,229,-53,-131,1468,1553,0.35,0,0,34.4,48.843,49.0,6407,18.88,53.0,0
1783523461.0508757,2811,12,person,0,517,50,655,408,0.888,586,229,-54,-131,1466,1554,0.35,0,0,34.4,48.843,49.0,6407,18.68,53.5,0
1783523461.0981684,2812,12,person,0,519,53,655,407,0.893,587,230,-53,-130,1470,1552,0.35,0,0,34.4,48.843,49.0,6407,18.91,52.9,0
1783523461.144234,2813,12,person,0,520,54,655,406,0.89,587,230,-53,-130,1468,1554,0.35,0,0,34.4,48.843,49.0,6407,18.92,52.8,0
1783523461.1904404,2814,12,person,0,519,57,653,406,0.888,586,231,-54,-129,1466,1552,0.35,0,0,34.4,48.843,49.0,6407,19.16,52.2,0
1783523461.238948,2815,12,person,0,519,61,651,408,0.845,585,234,-55,-126,1465,1549,0.35,0,0,34.4,48.781,48.906,6407,19.78,50.6,0
1783523461.2854602,2816,12,person,0,518,66,648,407,0.858,583,236,-57,-124,1462,1549,0.35,0,0,34.4,48.781,48.906,6407,18.82,53.1,0
1783523461.3361106,2817,12,person,0,519,68,646,406,0.864,582,237,-58,-123,1463,1550,0.35,0,0,34.4,48.781,48.906,6407,23.5,42.6,0
1783523461.3821228,2818,12,person,0,521,68,645,401,0.848,583,234,-57,-126,1467,1555,0.35,0,0,34.4,48.781,48.906,6407,18.68,53.5,0
1783523461.4277349,2819,12,person,0,522,68,644,397,0.851,583,232,-57,-128,1465,1555,0.35,0,0,34.4,48.781,48.906,6407,18.82,53.1,0
1783523461.4753678,2820,12,person,0,523,70,643,394,0.866,583,232,-57,-128,1465,1553,0.35,0,0,34.4,48.781,48.906,6407,20.96,47.7,0
1783523461.5203872,2821,12,person,0,524,72,643,393,0.873,583,232,-57,-128,1465,1553,0.35,0,0,34.4,48.781,48.906,6407,18.63,53.7,0
1783523461.5609796,2822,12,person,0,525,73,643,392,0.877,584,232,-56,-128,1467,1553,0.35,0,0,34.4,48.781,48.906,6407,18.68,53.5,0
1783523461.607663,2823,12,person,0,526,76,643,391,0.886,584,233,-56,-127,1465,1551,0.35,0,0,34.4,48.781,48.906,6407,18.64,53.7,0
1783523461.6539247,2824,12,person,0,527,79,643,390,0.879,585,234,-55,-126,1468,1551,0.35,0,0,34.4,48.781,48.906,6407,18.59,53.8,0
1783523461.699991,2825,12,person,0,529,81,643,389,0.887,586,235,-54,-125,1468,1550,0.35,0,0,34.4,48.781,48.906,6407,18.82,53.1,0
1783523461.7457738,2826,12,person,0,529,83,643,389,0.873,586,236,-54,-124,1466,1550,0.35,0,0,34.5,48.843,48.843,6446,18.55,53.9,0
1783523461.7910852,2827,12,person,0,531,84,643,387,0.885,587,235,-53,-125,1469,1553,0.35,0,0,34.5,48.843,48.843,6446,18.73,53.4,0
1783523461.8367739,2828,12,person,0,532,85,643,385,0.885,587,235,-53,-125,1467,1552,0.35,0,0,34.5,48.843,48.843,6446,18.66,53.6,0
1783523461.8817616,2829,12,person,0,533,88,643,385,0.875,588,236,-52,-124,1469,1550,0.35,0,0,34.5,48.843,48.843,6446,18.47,54.1,0
1783523461.9302347,2830,12,person,0,534,89,643,385,0.876,588,237,-52,-123,1467,1550,0.35,0,0,34.5,48.843,48.843,6446,21.4,46.7,0
1783523461.974941,2831,12,person,0,534,89,643,383,0.876,588,236,-52,-124,1467,1552,0.35,0,0,34.5,48.843,48.843,6446,18.52,54.0,0
1783523462.0193233,2832,12,person,0,535,90,642,380,0.875,588,235,-52,-125,1467,1553,0.35,0,0,34.5,48.843,48.843,6446,18.64,53.7,0
1783523462.0653276,2833,12,person,0,535,91,642,379,0.873,588,235,-52,-125,1467,1552,0.35,0,0,34.5,48.843,48.843,6446,18.8,53.2,0
1783523462.1053312,2834,12,person,0,536,93,642,379,0.877,589,236,-51,-124,1470,1550,0.35,0,0,34.5,48.843,48.843,6446,18.59,53.8,0
1783523462.15201,2835,12,person,0,536,96,642,379,0.873,589,237,-51,-123,1467,1550,0.35,0,0,34.5,48.843,48.843,6446,18.53,54.0,0
1783523462.1984136,2836,12,person,0,537,98,641,378,0.874,589,238,-51,-122,1467,1549,0.35,0,0,34.5,48.843,48.843,6446,18.95,52.8,0
1783523462.2438753,2837,12,person,0,538,100,642,378,0.851,590,239,-50,-121,1470,1549,0.35,0,0,34.5,48.843,48.843,6446,18.74,53.4,0
1783523462.2893348,2838,12,person,0,538,103,641,378,0.857,589,240,-51,-120,1466,1548,0.35,0,0,34.5,48.812,48.812,6446,18.61,53.7,0
1783523462.335082,2839,12,person,0,537,106,639,378,0.86,588,242,-52,-118,1465,1547,0.35,0,0,34.5,48.812,48.812,6446,18.7,53.5,0
1783523462.3809888,2840,12,person,0,536,108,638,377,0.861,587,242,-53,-118,1464,1549,0.35,0,0,34.5,48.812,48.812,6446,18.43,54.3,0
1783523462.4264512,2841,12,person,0,535,110,636,377,0.864,585,243,-55,-117,1461,1547,0.35,0,0,34.5,48.812,48.812,6446,18.86,53.0,0
1783523462.4717226,2842,12,person,0,535,111,636,377,0.854,585,244,-55,-116,1465,1547,0.35,0,0,34.5,48.812,48.812,6446,18.66,53.6,0
1783523462.5163324,2843,12,person,0,535,112,634,374,0.844,584,243,-56,-117,1462,1549,0.35,0,0,34.5,48.812,48.812,6446,18.62,53.7,0
1783523462.561673,2844,12,person,0,535,113,634,372,0.853,584,242,-56,-118,1464,1550,0.35,0,0,34.5,48.812,48.812,6446,18.78,53.3,0
1783523462.605991,2845,12,person,0,535,113,634,371,0.862,584,242,-56,-118,1464,1549,0.35,0,0,34.5,48.812,48.812,6446,18.69,53.5,0
1783523462.6460283,2846,12,person,0,536,114,634,369,0.858,585,241,-55,-119,1466,1550,0.35,0,0,34.5,48.812,48.812,6446,18.49,54.1,0
1783523462.6928208,2847,12,person,0,536,114,634,368,0.859,585,241,-55,-119,1464,1549,0.35,0,0,34.5,48.812,48.812,6446,18.58,53.8,0
1783523462.7396667,2848,12,person,0,536,115,633,367,0.854,584,241,-56,-119,1462,1549,0.35,0,0,34.5,48.812,48.812,6446,18.9,52.9,0
1783523462.7853096,2849,12,person,0,537,117,634,365,0.847,585,241,-55,-119,1466,1549,0.35,0,0,34.5,49.281,49.093,6486,18.65,53.6,0
1783523462.8336403,2850,12,person,0,537,118,634,366,0.85,585,242,-55,-118,1464,1548,0.35,0,0,34.5,49.281,49.093,6486,21.53,46.4,0
1783523462.878506,2851,12,person,0,537,120,634,366,0.832,585,243,-55,-117,1464,1547,0.35,0,0,34.5,49.281,49.093,6486,18.58,53.8,0
1783523462.9233634,2852,12,person,0,542,122,637,365,0.812,589,243,-51,-117,1473,1548,0.35,0,0,34.5,49.281,49.093,6486,18.7,53.5,0
1783523462.968718,2853,12,person,0,547,122,641,365,0.785,594,243,-46,-117,1478,1548,0.35,0,0,34.5,49.281,49.093,6486,18.81,53.2,0
1783523463.014311,2854,12,person,0,550,124,642,362,0.82,596,243,-44,-117,1474,1548,0.35,0,0,34.5,49.281,49.093,6486,18.62,53.7,0
1783523463.0596492,2855,12,person,0,552,124,642,361,0.835,597,242,-43,-118,1473,1550,0.35,0,0,34.5,49.281,49.093,6486,18.95,52.8,0
1783523463.105045,2856,12,person,0,553,125,643,359,0.829,598,242,-42,-118,1473,1549,0.35,0,0,34.5,49.281,49.093,6486,18.71,53.4,0
1783523463.1499984,2857,12,person,0,555,126,644,358,0.832,599,242,-41,-118,1474,1549,0.35,0,0,34.5,49.281,49.093,6486,18.47,54.1,0
1783523463.1907768,2858,12,person,0,556,126,644,358,0.851,600,242,-40,-118,1577,1549,0.35,0,0,34.5,49.281,49.093,6486,18.95,52.8,0
1783523463.2376497,2859,12,person,0,557,126,644,357,0.84,600,241,-40,-119,1497,1550,0.35,0,0,34.5,49.281,49.093,6486,18.87,53.0,0
1783523463.283635,2860,12,person,0,559,127,644,355,0.847,601,241,-39,-119,1497,1549,0.35,0,0,34.5,48.937,49.062,6486,18.8,53.2,0
1783523463.3297079,2861,12,person,0,559,128,644,357,0.837,601,242,-39,-118,1497,1548,0.35,0,0,34.5,48.937,49.062,6486,18.97,52.7,0
1783523463.3748157,2862,12,person,0,559,128,644,357,0.83,601,242,-39,-118,1497,1549,0.35,0,0,34.5,48.937,49.062,6486,18.59,53.8,0
1783523463.4195879,2863,12,person,0,560,132,643,358,0.828,601,245,-39,-115,1497,1544,0.35,0,0,34.5,48.937,49.062,6486,18.76,53.3,0
1783523463.4653013,2864,12,person,0,559,133,642,359,0.82,600,246,-40,-114,1497,1546,0.35,0,0,34.5,48.937,49.062,6486,18.85,53.0,0
1783523463.5105426,2865,12,person,0,559,134,641,358,0.831,600,246,-40,-114,1497,1547,0.35,0,0,34.5,48.937,49.062,6486,18.58,53.8,0
1783523463.5560145,2866,12,person,0,555,135,637,358,0.772,596,246,-44,-114,1393,1547,0.35,0,0,34.5,48.937,49.062,6486,18.9,52.9,0
1783523463.6010985,2867,12,person,0,554,135,636,358,0.799,595,246,-45,-114,1468,1547,0.35,0,0,34.5,48.937,49.062,6486,18.9,52.9,0
1783523463.6458774,2868,12,person,0,552,136,634,359,0.806,593,247,-47,-113,1465,1546,0.35,0,0,34.5,48.937,49.062,6486,18.52,54.0,0
1783523463.6911066,2869,12,person,0,552,136,633,357,0.789,592,246,-48,-114,1466,1548,0.35,0,0,34.5,48.937,49.062,6486,19.0,52.6,0
1783523463.7359507,2870,12,person,0,553,137,633,357,0.789,593,247,-47,-113,1470,1546,0.35,0,0,34.5,48.937,49.062,6486,23.44,42.7,0
1783523463.782509,2871,12,person,0,553,137,633,355,0.776,593,246,-47,-114,1468,1548,0.35,0,0,34.5,49.25,49.0,6446,18.68,53.5,0
1783523463.828806,2872,12,person,0,553,137,633,354,0.777,593,245,-47,-115,1468,1549,0.35,0,0,34.5,49.25,49.0,6446,18.89,52.9,0
1783523463.8739514,2873,12,person,0,554,137,634,354,0.783,594,245,-46,-115,1471,1548,0.35,0,0,34.5,49.25,49.0,6446,18.76,53.3,0
1783523463.9201665,2874,12,person,0,552,138,632,353,0.776,592,245,-48,-115,1464,1548,0.35,0,0,34.5,49.25,49.0,6446,18.9,52.9,0
1783523463.9650197,2875,12,person,0,551,139,631,353,0.775,591,246,-49,-114,1465,1546,0.35,0,0,34.5,49.25,49.0,6446,18.86,53.0,0
1783523464.010006,2876,12,person,0,550,140,630,352,0.752,590,246,-50,-114,1465,1547,0.35,0,0,34.5,49.25,49.0,6446,18.59,53.8,0
1783523464.0548928,2877,12,person,0,548,142,629,351,0.658,588,246,-52,-114,1462,1547,0.35,0,0,34.5,49.25,49.0,6446,18.75,53.3,0
1783523464.0998828,2878,12,person,0,548,142,629,351,0.739,588,246,-52,-114,1465,1547,0.35,0,0,34.5,49.25,49.0,6446,18.82,53.1,0
1783523464.1443782,2879,12,person,0,550,142,631,351,0.749,590,246,-50,-114,1470,1547,0.35,0,0,34.5,49.25,49.0,6446,18.7,53.5,0
1783523464.1911952,2880,12,person,0,552,142,633,351,0.639,592,246,-48,-114,1471,1547,0.35,0,0,34.5,49.25,49.0,6446,20.79,48.1,0
1783523464.23615,2881,12,person,0,556,143,637,353,0.659,596,248,-44,-112,1477,1544,0.35,0,0,34.5,49.25,49.0,6446,18.95,52.8,0
1783523464.2769842,2882,12,person,0,561,142,640,352,0.64,600,247,-40,-113,1583,1548,0.35,0,0,34.5,49.093,48.875,6486,18.74,53.4,0
1783523464.3185325,2883,,,,,,,,,,,,,1500,1500,0.35,0,0,34.5,49.093,48.875,6486,15.01,66.6,1
1783523464.3603308,2884,,,,,,,,,,,,,1500,1500,0.35,0,0,34.5,49.093,48.875,6486,14.97,66.8,1
1783523464.3996606,2885,,,,,,,,,,,,,1500,1500,0.35,0,0,34.5,49.093,48.875,6486,14.88,67.2,1
1783523464.4444902,2886,12,person,0,572,143,646,348,0.364,609,245,-31,-115,1500,1650,0.35,0,0,34.5,49.093,48.875,6486,18.58,53.8,0
1783523464.4909034,2887,12,person,0,573,140,647,351,0.743,610,245,-30,-115,1500,1546,0.35,0,0,34.5,49.093,48.875,6486,18.69,53.5,0
1783523464.5365248,2888,12,person,0,575,140,646,347,0.739,610,243,-30,-117,1500,1549,0.35,0,0,34.5,49.093,48.875,6486,18.82,53.1,0
1783523464.5817437,2889,12,person,0,579,139,650,347,0.722,614,243,-26,-117,1500,1547,0.35,0,0,34.5,49.093,48.875,6486,18.67,53.6,0
1783523464.6269042,2890,12,person,0,582,140,651,347,0.729,616,243,-24,-117,1500,1547,0.35,0,0,34.5,49.093,48.875,6486,18.93,52.8,0
1783523464.6712296,2891,12,person,0,583,139,653,351,0.719,618,245,-22,-115,1500,1544,0.35,0,0,34.5,49.093,48.875,6486,18.75,53.3,0
1783523464.71657,2892,12,person,0,583,138,654,354,0.716,618,246,-22,-114,1500,1545,0.35,0,0,34.5,49.093,48.875,6486,18.76,53.3,0
1783523464.7619154,2893,12,person,0,583,137,654,354,0.723,618,245,-22,-115,1500,1547,0.35,0,0,34.5,49.093,48.875,6486,18.98,52.7,0
1783523464.8020377,2894,12,person,0,583,136,655,354,0.746,619,245,-21,-115,1500,1546,0.35,0,0,34.5,48.906,48.937,6446,18.79,53.2,0
1783523464.8488207,2895,12,person,0,583,136,656,354,0.772,619,245,-21,-115,1500,1547,0.35,0,0,34.5,48.906,48.937,6446,18.62,53.7,0
1783523464.8947947,2896,12,person,0,584,135,657,355,0.779,620,245,-20,-115,1500,1547,0.35,0,0,34.5,48.906,48.937,6446,18.69,53.5,0
1783523464.9432287,2897,12,person,0,584,134,658,354,0.786,621,244,-19,-116,1500,1548,0.35,0,0,34.5,48.906,48.937,6446,21.78,45.9,0
1783523464.9885166,2898,12,person,0,585,133,658,350,0.783,621,241,-19,-119,1500,1552,0.35,0,0,34.5,48.906,48.937,6446,18.81,53.2,0
1783523465.03412,2899,12,person,0,584,131,659,351,0.785,621,241,-19,-119,1500,1549,0.35,0,0,34.5,48.906,48.937,6446,18.88,53.0,0
1783523465.079807,2900,12,person,0,583,130,658,351,0.796,620,240,-20,-120,1500,1550,0.35,0,0,34.5,48.906,48.937,6446,18.54,53.9,0
1783523465.124513,2901,12,person,0,581,128,657,352,0.785,619,240,-21,-120,1500,1549,0.35,0,0,34.5,48.906,48.937,6446,18.63,53.7,0
1783523465.1696951,2902,12,person,0,577,128,655,354,0.791,616,241,-24,-119,1500,1548,0.35,0,0,34.5,48.906,48.937,6446,18.82,53.1,0
1783523465.2144046,2903,12,person,0,574,128,651,351,0.807,612,239,-28,-121,1500,1552,0.35,0,0,34.5,48.906,48.937,6446,18.69,53.5,0
1783523465.2596972,2904,12,person,0,571,129,650,354,0.837,610,241,-30,-119,1500,1547,0.35,0,0,34.5,48.906,48.937,6446,18.87,53.0,0
1783523465.3047206,2905,12,person,0,570,130,650,357,0.831,610,243,-30,-117,1500,1546,0.35,0,0,34.5,49.093,49.062,6446,18.64,53.7,0
1783523465.344662,2906,12,person,0,568,129,648,357,0.814,608,243,-32,-117,1500,1548,0.35,0,0,34.5,49.093,49.062,6446,18.48,54.1,0
1783523465.391239,2907,12,person,0,564,128,644,359,0.821,604,243,-36,-117,1500,1548,0.35,0,0,34.5,49.093,49.062,6446,18.82,53.1,0
1783523465.4377084,2908,12,person,0,561,126,643,358,0.831,602,242,-38,-118,1500,1550,0.35,0,0,34.5,49.093,49.062,6446,18.71,53.4,0
1783523465.4831269,2909,12,person,0,559,122,642,358,0.816,600,240,-40,-120,1500,1552,0.35,0,0,34.5,49.093,49.062,6446,18.77,53.3,0
1783523465.531275,2910,12,person,0,557,121,642,359,0.83,599,240,-41,-120,1407,1550,0.35,0,0,34.5,49.093,49.062,6446,20.95,47.7,0
1783523465.5763562,2911,12,person,0,556,119,642,361,0.844,599,240,-41,-120,1475,1550,0.35,0,0,34.5,49.093,49.062,6446,18.58,53.8,0
1783523465.6209428,2912,12,person,0,554,118,640,362,0.813,597,240,-43,-120,1470,1550,0.35,0,0,34.5,49.093,49.062,6446,18.69,53.5,0
1783523465.6660469,2913,12,person,0,553,118,640,363,0.813,596,240,-44,-120,1471,1550,0.35,0,0,34.5,49.093,49.062,6446,18.93,52.8,0
1783523465.711039,2914,12,person,0,552,118,639,365,0.8,595,241,-45,-119,1470,1548,0.35,0,0,34.5,49.093,49.062,6446,18.55,53.9,0
1783523465.7560005,2915,12,person,0,551,118,639,365,0.802,595,241,-45,-119,1472,1549,0.35,0,0,34.5,49.093,49.062,6446,18.88,53.0,0
1783523465.8010683,2916,12,person,0,550,117,639,367,0.798,594,242,-46,-118,1470,1548,0.35,0,0,34.5,48.968,49.187,6446,18.94,52.8,0
1783523465.8459868,2917,12,person,0,551,117,639,368,0.797,595,242,-45,-118,1474,1549,0.35,0,0,34.5,48.968,49.187,6446,18.55,53.9,0
1783523465.886607,2918,12,person,0,553,117,641,367,0.809,597,242,-43,-118,1477,1549,0.35,0,0,34.5,48.968,49.187,6446,18.51,54.0,0
1783523465.93343,2919,12,person,0,553,115,641,367,0.807,597,241,-43,-119,1473,1550,0.35,0,0,34.5,48.968,49.187,6446,18.71,53.4,0
1783523465.979168,2920,12,person,0,551,114,640,368,0.819,595,241,-45,-119,1468,1549,0.35,0,0,34.5,48.968,49.187,6446,18.61,53.7,0
1783523466.0243657,2921,12,person,0,548,112,639,367,0.813,593,239,-47,-121,1467,1552,0.35,0,0,34.5,48.968,49.187,6446,18.68,53.5,0
1783523466.0703278,2922,12,person,0,545,110,637,367,0.82,591,238,-49,-122,1466,1551,0.35,0,0,34.5,48.968,49.187,6446,18.76,53.3,0
1783523466.1159782,2923,12,person,0,544,108,638,367,0.814,591,237,-49,-123,1469,1552,0.35,0,0,34.5,48.968,49.187,6446,18.77,53.3,0
1783523466.1617987,2924,12,person,0,541,105,638,367,0.822,589,236,-51,-124,1464,1552,0.35,0,0,34.5,48.968,49.187,6446,18.98,52.7,0
1783523466.206805,2925,12,person,0,540,103,638,368,0.844,589,235,-51,-125,1468,1553,0.35,0,0,34.5,48.968,49.187,6446,18.55,53.9,0
1783523466.252762,2926,12,person,0,538,101,639,370,0.847,588,235,-52,-125,1465,1552,0.35,0,0,34.5,48.968,49.187,6446,18.88,53.0,0
1783523466.2979758,2927,12,person,0,537,101,639,371,0.853,588,236,-52,-124,1467,1550,0.35,0,0,34.5,48.906,48.875,6446,18.82,53.1,0
1783523466.3427374,2928,12,person,0,537,100,639,371,0.858,588,235,-52,-125,1467,1553,0.35,0,0,34.5,48.906,48.875,6446,18.46,54.2,0
1783523466.3876147,2929,12,person,0,536,100,640,372,0.87,588,236,-52,-124,1467,1550,0.35,0,0,34.5,48.906,48.875,6446,18.77,53.3,0
1783523466.428011,2930,12,person,0,535,97,640,374,0.879,587,235,-53,-125,1464,1553,0.35,0,0,34.5,48.906,48.875,6446,18.86,53.0,0
1783523466.4747174,2931,12,person,0,534,97,640,374,0.875,587,235,-53,-125,1466,1552,0.35,0,0,34.5,48.906,48.875,6446,18.65,53.6,0
1783523466.5207555,2932,12,person,0,533,96,639,376,0.866,586,236,-54,-124,1464,1550,0.35,0,0,34.5,48.906,48.875,6446,18.72,53.4,0
1783523466.5670993,2933,12,person,0,532,94,639,376,0.86,585,235,-55,-125,1463,1553,0.35,0,0,34.5,48.906,48.875,6446,18.75,53.3,0
1783523466.6127937,2934,12,person,0,530,91,638,376,0.856,584,233,-56,-127,1463,1554,0.35,0,0,34.5,48.906,48.875,6446,18.4,54.4,0
1783523466.6583662,2935,12,person,0,530,88,638,376,0.859,584,232,-56,-128,1464,1554,0.35,0,0,34.5,48.906,48.875,6446,18.92,52.9,0
1783523466.7035613,2936,12,person,0,530,88,638,377,0.861,584,232,-56,-128,1464,1553,0.35,0,0,34.5,48.906,48.875,6446,18.8,53.2,0
1783523466.7482448,2937,12,person,0,529,86,637,377,0.865,583,231,-57,-129,1462,1554,0.35,0,0,34.5,48.906,48.875,6446,18.55,53.9,0
1783523466.793882,2938,12,person,0,527,83,638,379,0.875,582,231,-58,-129,1461,1553,0.35,0,0,34.5,48.906,48.875,6446,19.02,52.6,0
1783523466.8394372,2939,12,person,0,526,81,638,380,0.874,582,230,-58,-130,1463,1555,0.35,0,0,34.5,48.906,48.843,6446,18.8,53.2,0
1783523466.888746,2940,12,person,0,525,80,638,385,0.875,581,232,-59,-128,1460,1551,0.35,0,0,34.5,48.906,48.843,6446,22.36,44.7,0
1783523466.9340754,2941,12,person,0,525,80,638,390,0.869,581,235,-59,-125,1462,1548,0.35,0,0,34.5,48.906,48.843,6446,19.01,52.6,0
1783523466.9746594,2942,12,person,0,525,80,638,392,0.871,581,236,-59,-124,1462,1550,0.35,0,0,34.5,48.906,48.843,6446,18.64,53.6,0
1783523467.0211904,2943,12,person,0,525,80,639,394,0.868,582,237,-58,-123,1464,1550,0.35,0,0,34.5,48.906,48.843,6446,18.64,53.6,0
1783523467.0673027,2944,12,person,0,526,79,640,395,0.866,583,237,-57,-123,1465,1551,0.35,0,0,34.5,48.906,48.843,6446,19.03,52.6,0
1783523467.1127155,2945,12,person,0,527,78,640,396,0.869,583,237,-57,-123,1463,1551,0.35,0,0,34.5,48.906,48.843,6446,18.61,53.7,0
1783523467.1582456,2946,12,person,0,527,74,641,396,0.884,584,235,-56,-125,1465,1554,0.35,0,0,34.5,48.906,48.843,6446,18.81,53.2,0
1783523467.2056487,2947,12,person,0,528,71,642,396,0.881,585,233,-55,-127,1466,1554,0.35,0,0,34.5,48.906,48.843,6446,19.73,50.7,0
1783523467.2520437,2948,12,person,0,528,65,643,394,0.883,585,229,-55,-131,1464,1558,0.35,0,0,34.5,48.906,48.843,6446,19.15,52.2,0
1783523467.2984893,2949,12,person,0,528,62,644,393,0.888,586,227,-54,-133,1466,1557,0.35,0,0,34.5,48.906,48.843,6446,19.39,51.6,0
1783523467.3472111,2950,12,person,0,528,61,645,393,0.885,586,227,-54,-133,1464,1555,0.35,0,0,34.5,48.843,48.906,6407,21.71,46.1,0
1783523467.3938699,2951,12,person,0,529,58,647,394,0.883,588,226,-52,-134,1469,1556,0.35,0,0,34.5,48.843,48.906,6407,19.14,52.2,0
1783523467.4399035,2952,12,person,0,528,57,648,395,0.876,588,226,-52,-134,1465,1555,0.35,0,0,34.5,48.843,48.906,6407,19.13,52.3,0
1783523467.4854264,2953,12,person,0,527,54,648,397,0.876,587,225,-53,-135,1463,1557,0.35,0,0,34.5,48.843,48.906,6407,18.86,53.0,0
1783523467.526184,2954,12,person,0,526,51,649,398,0.882,587,224,-53,-136,1465,1557,0.35,0,0,34.5,48.843,48.906,6407,18.92,52.9,0
1783523467.5734835,2955,12,person,0,525,50,649,398,0.87,587,224,-53,-136,1465,1556,0.35,0,0,34.5,48.843,48.906,6407,18.89,52.9,0
1783523467.6200182,2956,12,person,0,523,50,649,402,0.865,586,226,-54,-134,1462,1553,0.35,0,0,34.5,48.843,48.906,6407,18.71,53.4,0
1783523467.6661007,2957,12,person,0,522,49,648,404,0.869,585,226,-55,-134,1462,1555,0.35,0,0,34.5,48.843,48.906,6407,19.12,52.3,0
1783523467.712416,2958,12,person,0,520,48,648,406,0.868,584,227,-56,-133,1461,1554,0.35,0,0,34.5,48.843,48.906,6407,18.54,53.9,0
1783523467.7585335,2959,12,person,0,517,42,647,406,0.893,582,224,-58,-136,1458,1559,0.35,0,0,34.5,48.843,48.906,6407,18.86,53.0,0
1783523467.8049428,2960,12,person,0,515,39,647,408,0.902,581,223,-59,-137,1459,1557,0.35,0,0,34.5,48.843,48.906,6407,19.01,52.6,0
1783523467.850596,2961,12,person,0,514,33,648,409,0.897,581,221,-59,-139,1461,1559,0.35,0,0,34.5,49.281,49.312,6407,18.94,52.8,0
1783523467.8969498,2962,12,person,0,513,31,649,409,0.898,581,220,-59,-140,1461,1559,0.35,0,0,34.5,49.281,49.312,6407,19.15,52.2,0
1783523467.9460182,2963,12,person,0,512,30,649,409,0.904,580,219,-60,-141,1459,1559,0.35,0,0,34.5,49.281,49.312,6407,22.7,44.0,0
1783523467.9916441,2964,12,person,0,511,27,650,411,0.907,580,219,-60,-141,1461,1558,0.35,0,0,34.5,49.281,49.312,6407,18.74,53.4,0
1783523468.0372105,2965,12,person,0,509,24,650,414,0.911,579,219,-61,-141,1458,1558,0.35,0,0,34.5,49.281,49.312,6407,18.97,52.7,0
1783523468.0779986,2966,12,person,0,508,22,651,417,0.906,579,219,-61,-141,1460,1558,0.35,0,0,34.5,49.281,49.312,6407,18.68,53.5,0
1783523468.1252635,2967,12,person,0,507,20,651,419,0.905,579,219,-61,-141,1460,1558,0.35,0,0,34.5,49.281,49.312,6407,18.94,52.8,0
1783523468.1722796,2968,12,person,0,507,18,652,422,0.911,579,220,-61,-140,1460,1556,0.35,0,0,34.5,49.281,49.312,6407,19.1,52.4,0
1783523468.2182553,2969,12,person,0,506,14,653,427,0.913,579,220,-61,-140,1460,1558,0.35,0,0,34.5,49.281,49.312,6407,18.81,53.2,0
1783523468.2693708,2970,12,person,0,506,13,654,430,0.917,580,221,-60,-139,1462,1556,0.35,0,0,34.5,49.281,49.312,6407,23.28,43.0,0
1783523468.3156166,2971,12,person,0,507,10,655,430,0.911,581,220,-59,-140,1463,1559,0.35,0,0,34.5,49.031,49.093,6446,18.76,53.3,0
1783523468.3624644,2972,12,person,0,507,6,656,431,0.907,581,218,-59,-142,1461,1560,0.35,0,0,34.5,49.031,49.093,6446,19.11,52.3,0
1783523468.4088213,2973,12,person,0,508,2,658,431,0.913,583,216,-57,-144,1466,1561,0.35,0,0,34.5,49.031,49.093,6446,19.01,52.6,0
1783523468.4547687,2974,12,person,0,508,0,660,431,0.92,584,215,-56,-145,1465,1561,0.35,0,0,34.5,49.031,49.093,6446,18.59,53.8,0
1783523468.501608,2975,12,person,0,508,0,661,431,0.922,584,215,-56,-145,1463,1560,0.35,0,0,34.5,49.031,49.093,6446,19.15,52.2,0
1783523468.5476205,2976,12,person,0,507,0,662,430,0.922,584,215,-56,-145,1463,1560,0.35,0,0,34.5,49.031,49.093,6446,19.48,51.3,0
1783523468.59385,2977,12,person,0,507,0,663,431,0.922,585,215,-55,-145,1465,1560,0.35,0,0,34.5,49.031,49.093,6446,19.08,52.4,0
1783523468.634391,2978,12,person,0,506,1,664,433,0.922,585,217,-55,-143,1464,1556,0.35,0,0,34.5,49.031,49.093,6446,19.13,52.3,0
1783523468.6815531,2979,12,person,0,505,0,665,432,0.921,585,216,-55,-144,1464,1560,0.35,0,0,34.5,49.031,49.093,6446,18.54,53.9,0
1783523468.7288494,2980,12,person,0,505,1,666,432,0.924,585,216,-55,-144,1464,1559,0.35,0,0,34.5,49.031,49.093,6446,19.12,52.3,0
1783523468.7747083,2981,12,person,0,505,1,667,431,0.922,586,216,-54,-144,1466,1559,0.35,0,0,34.5,49.031,49.093,6446,18.94,52.8,0
1783523468.821406,2982,12,person,0,502,1,667,433,0.925,584,217,-56,-143,1459,1558,0.35,0,0,34.5,49.281,49.125,6446,18.72,53.4,0
1783523468.8684216,2983,12,person,0,500,1,666,433,0.937,583,217,-57,-143,1461,1559,0.35,0,0,34.5,49.281,49.125,6446,19.52,51.2,0
1783523468.9142556,2984,12,person,0,495,1,662,434,0.934,578,217,-62,-143,1451,1559,0.35,0,0,34.5,49.281,49.125,6446,18.7,53.5,0
1783523468.9615588,2985,12,person,0,492,0,661,433,0.931,576,216,-64,-144,1455,1560,0.35,0,0,34.5,49.281,49.125,6446,19.05,52.5,0
1783523469.0080056,2986,12,person,0,490,0,660,433,0.932,575,216,-65,-144,1456,1559,0.35,0,0,34.5,49.281,49.125,6446,19.02,52.6,0
1783523469.053726,2987,12,person,0,487,0,659,433,0.926,573,216,-67,-144,1453,1559,0.35,0,0,34.5,49.281,49.125,6446,18.79,53.2,0
1783523469.102528,2988,12,person,0,485,1,659,434,0.928,572,217,-68,-143,1454,1558,0.35,0,0,34.5,49.281,49.125,6446,21.17,47.2,0
1783523469.1486833,2989,12,person,0,483,1,659,433,0.934,571,217,-69,-143,1453,1559,0.35,0,0,34.5,49.281,49.125,6446,19.23,52.0,0
1783523469.1899846,2990,12,person,0,481,2,659,433,0.937,570,217,-70,-143,1453,1559,0.35,0,0,34.5,49.281,49.125,6446,19.07,52.4,0
1783523469.2370005,2991,12,person,0,481,2,660,433,0.937,570,217,-70,-143,1455,1559,0.35,0,0,34.5,49.281,49.125,6446,18.97,52.7,0
1783523469.2835858,2992,12,person,0,481,3,663,435,0.94,572,219,-68,-141,1459,1556,0.35,0,0,34.5,49.281,49.125,6446,18.92,52.9,0
1783523469.3306587,2993,12,person,0,482,2,665,436,0.941,573,219,-67,-141,1458,1558,0.35,0,0,34.4,49.062,49.093,6446,19.24,52.0,0
1783523469.3768075,2994,12,person,0,483,2,668,435,0.94,575,218,-65,-142,1461,1559,0.35,0,0,34.4,49.062,49.093,6446,18.75,53.3,0
1783523469.4230905,2995,12,person,0,486,2,672,432,0.933,579,217,-61,-143,1467,1560,0.35,0,0,34.4,49.062,49.093,6446,19.02,52.6,0
1783523469.4700215,2996,12,person,0,488,2,676,432,0.929,582,217,-58,-143,1467,1559,0.35,0,0,34.4,49.062,49.093,6446,19.16,52.2,0
1783523469.516231,2997,12,person,0,493,2,683,433,0.913,588,217,-52,-143,1476,1559,0.35,0,0,34.4,49.062,49.093,6446,18.86,53.0,0
1783523469.5636368,2998,12,person,0,494,2,688,433,0.922,591,217,-49,-143,1472,1559,0.35,0,0,34.4,49.062,49.093,6446,19.31,51.8,0
1783523469.6106412,2999,12,person,0,494,2,691,434,0.927,592,218,-48,-142,1469,1557,0.35,0,0,34.4,49.062,49.093,6446,18.63,53.7,0
1783523469.6596816,3000,12,person,0,494,3,694,433,0.938,594,218,-46,-142,1472,1558,0.35,0,0,34.4,49.062,49.093,6446,21.57,46.4,0
1783523469.7064726,3001,12,person,0,495,2,700,434,0.939,597,218,-43,-142,1476,1558,0.35,0,0,34.4,49.062,49.093,6446,18.95,52.8,0
1783523469.7504032,3002,12,person,0,496,2,706,433,0.933,601,217,-39,-143,1575,1560,0.35,0,0,34.4,49.062,49.093,6446,22.48,44.5,0
1783523469.7993443,3003,12,person,0,496,1,712,433,0.927,604,217,-36,-143,1497,1559,0.35,0,0,34.4,49.062,49.093,6446,19.3,51.8,0
1783523469.846401,3004,12,person,0,495,1,717,434,0.931,606,217,-34,-143,1497,1559,0.35,0,0,34.5,49.031,49.156,6446,18.7,53.5,0
1783523469.8943691,3005,12,person,0,492,1,720,434,0.928,606,217,-34,-143,1497,1559,0.35,0,0,34.5,49.031,49.156,6446,19.3,51.8,0
1783523469.941414,3006,12,person,0,490,1,723,434,0.929,606,217,-34,-143,1497,1559,0.35,0,0,34.5,49.031,49.156,6446,18.8,53.2,0
1783523469.988523,3007,12,person,0,487,1,724,434,0.925,605,217,-35,-143,1497,1559,0.35,0,0,34.5,49.031,49.156,6446,19.37,51.6,0
1783523470.0364587,3008,12,person,0,483,1,725,434,0.931,604,217,-36,-143,1497,1559,0.35,0,0,34.5,49.031,49.156,6446,19.41,51.5,0
1783523470.0836406,3009,12,person,0,476,1,722,434,0.925,599,217,-41,-143,1402,1559,0.35,0,0,34.5,49.031,49.156,6446,18.92,52.9,0
1783523470.1325479,3010,12,person,0,466,2,717,432,0.926,591,217,-49,-143,1454,1559,0.35,0,0,34.5,49.031,49.156,6446,19.63,51.0,0
1783523470.1806457,3011,12,person,0,460,1,717,432,0.922,588,216,-52,-144,1460,1560,0.35,0,0,34.5,49.031,49.156,6446,18.76,53.3,0
1783523470.2301397,3012,12,person,0,456,1,718,431,0.929,587,216,-53,-144,1463,1559,0.35,0,0,34.5,49.031,49.156,6446,19.67,50.8,0
1783523470.2780821,3013,12,person,0,451,1,721,432,0.928,586,216,-54,-144,1462,1559,0.35,0,0,34.5,49.031,49.156,6446,18.74,53.4,0
1783523470.3209805,3014,12,person,0,451,2,729,434,0.929,590,218,-50,-142,1474,1556,0.35,0,0,34.5,49.031,49.156,6446,19.89,50.3,0
1783523470.3722882,3015,12,person,0,450,2,735,435,0.926,592,218,-48,-142,1471,1558,0.35,0,0,34.5,49.156,48.968,6486,19.56,51.1,0
1783523470.4212236,3016,12,person,0,454,2,748,436,0.932,601,219,-39,-141,1575,1557,0.35,0,0,34.5,49.156,48.968,6486,19.4,51.5,0
1783523470.4699972,3017,12,person,0,460,2,762,438,0.94,611,220,-29,-140,1497,1556,0.35,0,0,34.5,49.156,48.968,6486,19.42,51.5,0
1783523470.518791,3018,12,person,0,477,2,784,437,0.938,630,219,-10,-141,1497,1559,0.35,0,0,34.5,49.156,48.968,6486,19.36,51.6,0
1783523470.5684857,3019,12,person,0,491,2,805,438,0.939,648,220,8,-140,1497,1556,0.35,0,0,34.5,49.156,48.968,6486,19.49,51.3,0
1783523470.6169255,3020,12,person,0,508,2,825,438,0.91,666,220,26,-140,1497,1558,0.35,0,0,34.5,49.156,48.968,6486,18.74,53.4,0
1783523470.6683574,3021,12,person,0,517,1,838,439,0.914,677,220,37,-140,1497,1558,0.35,0,0,34.5,49.156,48.968,6486,19.59,51.0,0
1783523470.7173104,3022,12,person,0,533,2,855,437,0.813,694,219,54,-141,1617,1559,0.35,0,0,34.5,49.156,48.968,6486,18.77,53.3,0
1783523470.7691343,3023,12,person,0,572,2,890,435,0.729,731,218,91,-142,1608,1559,0.35,0,0,34.5,49.156,48.968,6486,19.25,52.0,0
1783523470.8203626,3024,12,person,0,618,2,933,435,0.729,775,218,135,-142,1647,1558,0.35,0,0,34.5,49.156,48.968,6486,19.46,51.4,0
1783523470.8725734,3025,12,person,0,645,2,958,437,0.832,801,219,161,-141,1634,1557,0.35,0,0,34.4,49.093,49.218,6407,19.4,51.5,0
1783523470.9141564,3026,12,person,0,693,2,1000,438,0.839,846,220,206,-140,1700,1556,0.35,0,0,34.4,49.093,49.218,6407,19.1,52.4,0
1783523470.9697986,3027,12,person,0,730,2,1031,436,0.826,880,219,240,-141,1691,1559,0.35,0,0,34.4,49.093,49.218,6407,19.77,50.6,0
1783523471.0222747,3028,12,person,0,770,2,1071,438,0.85,920,220,280,-140,1700,1557,0.35,0,0,34.4,49.093,49.218,6407,19.59,51.1,0
1783523471.0762348,3029,12,person,0,783,3,1078,438,0.805,930,220,290,-140,1688,1558,0.35,0,0,34.4,49.093,49.218,6407,19.07,52.4,0
1783523471.1297023,3030,12,person,0,807,4,1099,437,0.721,953,220,313,-140,1700,1558,0.35,0,0,34.4,49.093,49.218,6407,20.98,47.7,0
1783523471.1821146,3031,12,person,0,857,2,1165,445,0.458,1011,223,371,-137,1700,1553,0.35,0,0,34.4,49.093,49.218,6407,18.94,52.8,0
1783523471.2376797,3032,,,,,,,,,,,,,1500,1500,0.35,0,0,34.4,49.093,49.218,6407,15.99,62.5,1
1783523471.2883363,3033,,,,,,,,,,,,,1500,1500,0.35,0,0,34.4,49.093,49.218,6407,15.8,63.3,1
1783523471.3412464,3034,,,,,,,,,,,,,1500,1500,0.35,0,0,34.4,49.093,49.218,6407,17.87,56.0,1
1783523471.3932147,3035,13,person,0,1014,3,1280,214,0.59,1147,108,507,-252,1700,1650,0.35,0,0,34.4,49.312,48.937,6328,19.3,51.8,0
1783523471.4490628,3036,12,person,0,1010,4,1280,527,0.485,1145,265,505,-95,1700,1397,0.35,0,0,34.4,49.312,48.937,6328,18.89,52.9,0
1783523471.5012465,3037,13,person,0,1039,3,1280,223,0.386,1159,113,519,-247,1700,1650,0.35,0,0,34.4,49.312,48.937,6328,18.86,53.0,0
1783523471.5452657,3038,13,person,0,1044,2,1280,223,0.479,1162,112,522,-248,1700,1601,0.35,0,0,34.4,49.312,48.937,6328,21.49,46.5,0
1783523471.5904253,3039,,,,,,,,,,,,,1500,1500,0.35,0,0,34.4,49.312,48.937,6328,17.33,57.7,1
1783523471.6368046,3040,,,,,,,,,,,,,1500,1500,0.35,0,0,34.4,49.312,48.937,6328,14.82,67.5,1
1783523471.6815674,3041,,,,,,,,,,,,,1500,1500,0.35,0,0,34.4,49.312,48.937,6328,15.82,63.2,1
1783523471.7277703,3042,,,,,,,,,,,,,1500,1500,0.35,0,0,34.4,49.312,48.937,6328,15.82,63.2,1
1783523471.7706313,3043,,,,,,,,,,,,,1500,1500,0.35,0,0,34.4,49.312,48.937,6328,15.71,63.7,1
1783523471.8137095,3044,,,,,,,,,,,,,1500,1500,0.35,0,0,34.4,49.312,48.937,6328,15.75,63.5,1
1783523471.8577468,3045,,,,,,,,,,,,,1500,1500,0.35,0,0,34.4,49.218,49.0,6407,15.78,63.4,1
1783523471.8997548,3046,,,,,,,,,,,,,1500,1500,0.35,0,0,34.4,49.218,49.0,6407,15.75,63.5,1
1783523471.94106,3047,,,,,,,,,,,,,1500,1500,0.35,0,0,34.4,49.218,49.0,6407,15.68,63.8,1
1783523471.9841466,3048,,,,,,,,,,,,,1500,1500,0.35,0,0,34.4,49.218,49.0,6407,15.75,63.5,1
1783523472.0272818,3049,,,,,,,,,,,,,1500,1500,0.35,0,0,34.4,49.218,49.0,6407,15.87,63.0,1
1783523472.0613077,3050,,,,,,,,,,,,,1500,1500,0.35,0,0,34.4,49.218,49.0,6407,14.87,67.2,1
1783523472.1058838,3051,,,,,,,,,,,,,1500,1500,0.35,0,0,34.4,49.218,49.0,6407,15.7,63.7,1
1783523472.1511214,3052,,,,,,,,,,,,,1500,1500,0.35,0,0,34.4,49.218,49.0,6407,16.31,61.3,1
1783523472.1974652,3053,,,,,,,,,,,,,1500,1500,0.35,0,0,34.4,49.218,49.0,6407,15.85,63.1,1
1783523472.24007,3054,,,,,,,,,,,,,1500,1500,0.35,0,0,34.4,49.218,49.0,6407,15.61,64.1,1
1783523472.2817533,3055,,,,,,,,,,,,,1500,1500,0.35,0,0,34.4,49.218,49.0,6407,15.67,63.8,1
1783523472.3293688,3056,,,,,,,,,,,,,1500,1500,0.35,0,0,34.4,49.218,49.0,6407,15.8,63.3,1
1783523472.3765507,3057,,,,,,,,,,,,,1500,1500,0.35,0,0,34.5,49.5,48.843,6486,15.52,64.4,1
1783523472.4226224,3058,,,,,,,,,,,,,1500,1500,0.35,0,0,34.5,49.5,48.843,6486,15.9,62.9,1
1783523472.4651337,3059,,,,,,,,,,,,,1500,1500,0.35,0,0,34.5,49.5,48.843,6486,15.79,63.3,1
1783523472.5116327,3060,,,,,,,,,,,,,1500,1500,0.35,0,0,34.5,49.5,48.843,6486,18.62,53.7,1
1783523472.5540578,3061,,,,,,,,,,,,,1500,1500,0.35,0,0,34.5,49.5,48.843,6486,15.82,63.2,1
1783523472.5889301,3062,,,,,,,,,,,,,1500,1500,0.35,0,0,34.5,49.5,48.843,6486,15.95,62.7,1
1783523472.6307368,3063,,,,,,,,,,,,,1500,1500,0.35,0,0,34.5,49.5,48.843,6486,16.17,61.8,1
1783523472.6717088,3064,,,,,,,,,,,,,1500,1500,0.35,0,0,34.5,49.5,48.843,6486,15.64,63.9,1
1783523472.7136374,3065,,,,,,,,,,,,,1500,1500,0.35,0,0,34.5,49.5,48.843,6486,15.81,63.2,1
1783523472.7576442,3066,,,,,,,,,,,,,1500,1500,0.35,0,0,34.5,49.5,48.843,6486,17.14,58.3,1
1783523472.7983835,3067,,,,,,,,,,,,,1500,1500,0.35,0,0,34.5,49.5,48.843,6486,15.84,63.1,1
1783523472.8392754,3068,,,,,,,,,,,,,1500,1500,0.35,0,0,34.5,49.5,48.843,6486,15.66,63.9,1
1783523472.8801367,3069,,,,,,,,,,,,,1500,1500,0.35,0,0,34.5,49.25,49.125,6526,15.93,62.8,1
1783523472.9216409,3070,,,,,,,,,,,,,1500,1500,0.35,0,0,34.5,49.25,49.125,6526,15.89,62.9,1
1783523472.9620605,3071,,,,,,,,,,,,,1500,1500,0.35,0,0,34.5,49.25,49.125,6526,15.42,64.9,1
1783523473.0035439,3072,,,,,,,,,,,,,1500,1500,0.35,0,0,34.5,49.25,49.125,6526,15.31,65.3,1
1783523473.0440314,3073,,,,,,,,,,,,,1500,1500,0.35,0,0,34.5,49.25,49.125,6526,14.24,70.2,1
1783523473.0781267,3074,,,,,,,,,,,,,1500,1500,0.35,0,0,34.5,49.25,49.125,6526,15.28,65.4,1
1783523473.1228242,3075,,,,,,,,,,,,,1500,1500,0.35,0,0,34.5,49.25,49.125,6526,17.27,57.9,1
1783523473.1645129,3076,,,,,,,,,,,,,1500,1500,0.35,0,0,34.5,49.25,49.125,6526,14.55,68.7,1
1783523473.2105715,3077,,,,,,,,,,,,,1500,1500,0.35,0,0,34.5,49.25,49.125,6526,17.08,58.6,1
1783523473.2656624,3078,15,person,0,957,4,1274,570,0.711,1115,287,475,-73,1700,1639,0.35,0,0,34.5,49.25,49.125,6526,18.6,53.8,0
1783523473.3218467,3079,15,person,0,926,3,1237,556,0.67,1081,279,441,-81,1700,1539,0.35,0,0,34.5,49.25,49.125,6526,18.59,53.8,0
1783523473.3796098,3080,15,person,0,904,2,1224,565,0.928,1064,283,424,-77,1700,1527,0.35,0,0,34.5,49.031,49.25,6446,18.88,53.0,0
1783523473.4335992,3081,15,person,0,895,3,1222,570,0.937,1058,286,418,-74,1700,1527,0.35,0,0,34.5,49.031,49.25,6446,18.71,53.5,0
1783523473.4879878,3082,15,person,0,898,2,1216,544,0.943,1057,273,417,-87,1700,1547,0.35,0,0,34.5,49.031,49.25,6446,18.85,53.1,0
1783523473.549704,3083,15,person,0,906,2,1210,505,0.895,1058,253,418,-107,1700,1559,0.35,0,0,34.5,49.031,49.25,6446,18.58,53.8,0
1783523473.6103013,3084,15,person,0,898,2,1219,524,0.879,1058,263,418,-97,1700,1531,0.35,0,0,34.5,49.031,49.25,6446,18.52,54.0,0
1783523473.6685967,3085,15,person,0,894,2,1225,530,0.884,1059,266,419,-94,1700,1535,0.35,0,0,34.5,49.031,49.25,6446,18.7,53.5,0
1783523473.7094042,3086,15,person,0,890,2,1230,534,0.899,1060,268,420,-92,1700,1535,0.35,0,0,34.5,49.031,49.25,6446,18.48,54.1,0
1783523473.7622323,3087,15,person,0,887,2,1235,537,0.879,1061,269,421,-91,1700,1536,0.35,0,0,34.5,49.031,49.25,6446,19.24,52.0,0
1783523473.8182454,3088,15,person,0,885,3,1239,536,0.879,1062,269,422,-91,1700,1537,0.35,0,0,34.5,49.031,49.25,6446,18.65,53.6,0
1783523473.8700035,3089,15,person,0,889,4,1246,535,0.758,1067,269,427,-91,1700,1537,0.35,0,0,34.5,49.031,49.25,6446,18.61,53.7,0
1783523473.924387,3090,15,person,0,896,8,1255,536,0.557,1075,272,435,-88,1700,1533,0.35,0,0,34.5,49.125,49.093,6328,20.87,47.9,0
1783523473.980279,3091,15,person,0,934,6,1238,438,0.539,1086,222,446,-138,1700,1601,0.35,0,0,34.5,49.125,49.093,6328,21.55,46.4,0
1783523474.0323274,3092,15,person,0,950,5,1242,409,0.449,1096,207,456,-153,1700,1577,0.35,0,0,34.5,49.125,49.093,6328,19.01,52.6,0
1783523474.0869133,3093,15,person,0,925,8,1276,498,0.508,1100,253,460,-107,1700,1502,0.35,0,0,34.5,49.125,49.093,6328,18.69,53.5,0
1783523474.1403422,3094,15,person,0,918,9,1280,528,0.62,1099,268,459,-92,1700,1524,0.35,0,0,34.5,49.125,49.093,6328,18.58,53.8,0
1783523474.1921258,3095,15,person,0,914,9,1280,544,0.527,1097,276,457,-84,1700,1527,0.35,0,0,34.5,49.125,49.093,6328,18.91,52.9,0
1783523474.2443402,3096,15,person,0,913,6,1280,542,0.43,1096,274,456,-86,1700,1538,0.35,0,0,34.5,49.125,49.093,6328,18.52,54.0,0
1783523474.2961454,3097,15,person,0,912,4,1280,547,0.487,1096,275,456,-85,1700,1535,0.35,0,0,34.5,49.125,49.093,6328,18.97,52.7,0
1783523474.3373687,3098,15,person,0,914,4,1280,551,0.636,1097,277,457,-83,1700,1532,0.35,0,0,34.5,49.125,49.093,6328,18.8,53.2,0
1783523474.393839,3099,15,person,0,888,4,1273,554,0.424,1080,279,440,-81,1700,1532,0.35,0,0,34.5,49.062,48.906,6367,19.06,52.5,0
1783523474.4524055,3100,15,person,0,876,6,1265,557,0.597,1070,281,430,-79,1700,1531,0.35,0,0,34.5,49.062,48.906,6367,19.45,51.4,0
1783523474.5064476,3101,15,person,0,869,5,1264,560,0.775,1066,282,426,-78,1700,1532,0.35,0,0,34.5,49.062,48.906,6367,18.99,52.7,0
1783523474.5617664,3102,15,person,0,864,4,1265,563,0.646,1064,283,424,-77,1700,1531,0.35,0,0,34.5,49.062,48.906,6367,20.69,48.3,0
1783523474.6155362,3103,15,person,0,863,4,1267,564,0.476,1065,284,425,-76,1700,1531,0.35,0,0,34.5,49.062,48.906,6367,18.79,53.2,0
1783523474.6663265,3104,15,person,0,859,4,1270,572,0.407,1064,288,424,-72,1700,1526,0.35,0,0,34.5,49.062,48.906,6367,19.35,51.7,0
1783523474.7108126,3105,,,,,,,,,,,,,1500,1500,0.35,0,0,34.5,49.062,48.906,6367,15.8,63.3,1
1783523474.7618577,3106,15,person,0,857,4,1269,571,0.404,1063,287,423,-73,1700,1639,0.35,0,0,34.5,49.062,48.906,6367,19.57,51.1,0
1783523474.8116593,3107,15,person,0,855,5,1272,577,0.381,1063,291,423,-69,1700,1523,0.35,0,0,34.5,49.062,48.906,6367,19.1,52.3,0
1783523474.8622007,3108,15,person,0,854,5,1273,578,0.366,1063,291,423,-69,1700,1527,0.35,0,0,34.5,49.062,48.906,6367,19.52,51.2,0
1783523474.905793,3109,,,,,,,,,,,,,1500,1500,0.35,0,0,34.5,49.0,49.187,6367,16.09,62.2,1
1783523474.9461632,3110,15,person,0,848,4,1278,594,0.358,1063,299,423,-61,1700,1616,0.35,0,0,34.5,49.0,49.187,6367,18.7,53.5,0
1783523474.996267,3111,15,person,0,849,4,1277,588,0.51,1063,296,423,-64,1700,1528,0.35,0,0,34.5,49.0,49.187,6367,18.99,52.7,0
1783523475.044017,3112,15,person,0,847,3,1279,594,0.466,1063,298,423,-62,1700,1522,0.35,0,0,34.5,49.0,49.187,6367,18.57,53.9,0
1783523475.091345,3113,15,person,0,845,4,1280,599,0.492,1062,301,422,-59,1700,1520,0.35,0,0,34.5,49.0,49.187,6367,18.83,53.1,0
1783523475.138579,3114,15,person,0,848,4,1277,590,0.462,1062,297,422,-63,1700,1529,0.35,0,0,34.5,49.0,49.187,6367,18.64,53.6,0
1783523475.1813974,3115,,,,,,,,,,,,,1500,1500,0.35,0,0,34.5,49.0,49.187,6367,15.67,63.8,1
1783523475.2247386,3116,,,,,,,,,,,,,1500,1500,0.35,0,0,34.5,49.0,49.187,6367,15.79,63.3,1
1783523475.2655184,3117,,,,,,,,,,,,,1500,1500,0.35,0,0,34.5,49.0,49.187,6367,15.74,63.5,1
1783523475.3108008,3118,15,person,0,848,6,1279,595,0.355,1063,300,423,-60,1700,1614,0.35,0,0,34.5,49.0,49.187,6367,18.47,54.2,0
1783523475.3539836,3119,,,,,,,,,,,,,1500,1500,0.35,0,0,34.5,49.0,49.187,6367,16.06,62.3,1
1783523475.4005826,3120,,,,,,,,,,,,,1500,1500,0.35,0,0,34.5,49.062,49.187,6446,19.42,51.5,1
1783523475.4411438,3121,,,,,,,,,,,,,1500,1500,0.35,0,0,34.5,49.062,49.187,6446,15.58,64.2,1
1783523475.4757724,3122,,,,,,,,,,,,,1500,1500,0.35,0,0,34.5,49.062,49.187,6446,15.62,64.0,1
1783523475.517746,3123,,,,,,,,,,,,,1500,1500,0.35,0,0,34.5,49.062,49.187,6446,15.8,63.3,1
1783523475.5588586,3124,,,,,,,,,,,,,1500,1500,0.35,0,0,34.5,49.062,49.187,6446,15.81,63.2,1
1783523475.5999289,3125,,,,,,,,,,,,,1500,1500,0.35,0,0,34.5,49.062,49.187,6446,15.61,64.1,1
1783523475.6412344,3126,,,,,,,,,,,,,1500,1500,0.35,0,0,34.5,49.062,49.187,6446,15.52,64.4,1
1783523475.6815841,3127,,,,,,,,,,,,,1500,1500,0.35,0,0,34.5,49.062,49.187,6446,15.59,64.1,1
1783523475.7220974,3128,,,,,,,,,,,,,1500,1500,0.35,0,0,34.5,49.062,49.187,6446,15.76,63.4,1
1783523475.7621686,3129,,,,,,,,,,,,,1500,1500,0.35,0,0,34.5,49.062,49.187,6446,15.67,63.8,1
1783523475.802554,3130,,,,,,,,,,,,,1500,1500,0.35,0,0,34.5,49.062,49.187,6446,15.62,64.0,1
1783523475.842246,3131,,,,,,,,,,,,,1500,1500,0.35,0,0,34.5,49.062,49.187,6446,15.55,64.3,1
1783523475.8830814,3132,,,,,,,,,,,,,1500,1500,0.35,0,0,34.5,49.062,49.187,6446,16.49,60.6,1
1783523475.9230838,3133,,,,,,,,,,,,,1500,1500,0.35,0,0,34.5,49.125,49.25,6526,15.76,63.5,1
1783523475.9577649,3134,,,,,,,,,,,,,1500,1500,0.35,0,0,34.5,49.125,49.25,6526,15.68,63.8,1
1783523475.9997516,3135,,,,,,,,,,,,,1500,1500,0.35,0,0,34.5,49.125,49.25,6526,15.61,64.1,1
1783523476.0407639,3136,,,,,,,,,,,,,1500,1500,0.35,0,0,34.5,49.125,49.25,6526,15.67,63.8,1
1783523476.081565,3137,,,,,,,,,,,,,1500,1500,0.35,0,0,34.5,49.125,49.25,6526,15.83,63.2,1
1783523476.12211,3138,,,,,,,,,,,,,1500,1500,0.35,0,0,34.5,49.125,49.25,6526,15.7,63.7,1
1783523476.1627028,3139,,,,,,,,,,,,,1500,1500,0.35,0,0,34.5,49.125,49.25,6526,15.77,63.4,1
1783523476.2026136,3140,,,,,,,,,,,,,1500,1500,0.35,0,0,34.5,49.125,49.25,6526,15.64,63.9,1
1783523476.2426667,3141,,,,,,,,,,,,,1500,1500,0.35,0,0,34.5,49.125,49.25,6526,15.58,64.2,1
1783523476.2826142,3142,,,,,,,,,,,,,1500,1500,0.35,0,0,34.5,49.125,49.25,6526,15.69,63.8,1
1783523476.3225033,3143,,,,,,,,,,,,,1500,1500,0.35,0,0,34.5,49.125,49.25,6526,15.7,63.7,1
1783523476.3623877,3144,,,,,,,,,,,,,1500,1500,0.35,0,0,34.5,49.125,49.25,6526,15.81,63.2,1
1783523476.4024951,3145,,,,,,,,,,,,,1500,1500,0.35,0,0,34.5,49.406,49.031,6526,15.66,63.9,1
1783523476.4362698,3146,,,,,,,,,,,,,1500,1500,0.35,0,0,34.5,49.406,49.031,6526,14.55,68.7,1
1783523476.4781692,3147,,,,,,,,,,,,,1500,1500,0.35,0,0,34.5,49.406,49.031,6526,15.63,64.0,1
1783523476.5196588,3148,,,,,,,,,,,,,1500,1500,0.35,0,0,34.5,49.406,49.031,6526,15.76,63.5,1
1783523476.5650818,3149,15,person,0,851,5,1277,586,0.399,1064,295,424,-65,1700,1624,0.35,0,0,34.5,49.406,49.031,6526,18.8,53.2,0
1783523476.6109476,3150,,,,,,,,,,,,,1500,1500,0.35,0,0,34.5,49.406,49.031,6526,18.22,54.9,1
1783523476.6536052,3151,,,,,,,,,,,,,1500,1500,0.35,0,0,34.5,49.406,49.031,6526,15.73,63.6,1
1783523476.6939058,3152,,,,,,,,,,,,,1500,1500,0.35,0,0,34.5,49.406,49.031,6526,15.7,63.7,1
1783523476.7338376,3153,,,,,,,,,,,,,1500,1500,0.35,0,0,34.5,49.406,49.031,6526,15.67,63.8,1
1783523476.773649,3154,,,,,,,,,,,,,1500,1500,0.35,0,0,34.5,49.406,49.031,6526,15.5,64.5,1
1783523476.8136575,3155,,,,,,,,,,,,,1500,1500,0.35,0,0,34.5,49.406,49.031,6526,15.64,63.9,1
1783523476.8539383,3156,,,,,,,,,,,,,1500,1500,0.35,0,0,34.5,49.406,49.031,6526,15.63,64.0,1
1783523476.894088,3157,,,,,,,,,,,,,1500,1500,0.35,0,0,34.5,49.406,49.031,6526,15.8,63.3,1
1783523476.9287653,3158,,,,,,,,,,,,,1500,1500,0.35,0,0,34.4,49.187,49.031,6526,15.71,63.7,1
1783523476.9706604,3159,,,,,,,,,,,,,1500,1500,0.35,0,0,34.4,49.187,49.031,6526,15.5,64.5,1
1783523477.0117753,3160,,,,,,,,,,,,,1500,1500,0.35,0,0,34.4,49.187,49.031,6526,15.58,64.2,1
1783523477.0525966,3161,,,,,,,,,,,,,1500,1500,0.35,0,0,34.4,49.187,49.031,6526,15.69,63.7,1
1783523477.0934756,3162,,,,,,,,,,,,,1500,1500,0.35,0,0,34.4,49.187,49.031,6526,15.76,63.5,1
1783523477.1335502,3163,,,,,,,,,,,,,1500,1500,0.35,0,0,34.4,49.187,49.031,6526,15.64,63.9,1
1783523477.1736772,3164,,,,,,,,,,,,,1500,1500,0.35,0,0,34.4,49.187,49.031,6526,15.55,64.3,1
1783523477.2133389,3165,,,,,,,,,,,,,1500,1500,0.35,0,0,34.4,49.187,49.031,6526,15.58,64.2,1
1783523477.2534869,3166,,,,,,,,,,,,,1500,1500,0.35,0,0,34.4,49.187,49.031,6526,15.66,63.8,1
1783523477.293854,3167,,,,,,,,,,,,,1500,1500,0.35,0,0,34.4,49.187,49.031,6526,15.79,63.3,1
1783523477.3341048,3168,,,,,,,,,,,,,1500,1500,0.35,0,0,34.4,49.187,49.031,6526,15.6,64.1,1
1783523477.373827,3169,,,,,,,,,,,,,1500,1500,0.35,0,0,34.4,49.187,49.031,6526,15.59,64.1,1
1783523477.4083388,3170,,,,,,,,,,,,,1500,1500,0.35,0,0,34.4,49.187,49.031,6526,15.54,64.3,1
1783523477.450408,3171,,,,,,,,,,,,,1500,1500,0.35,0,0,34.5,49.437,48.937,6526,15.95,62.7,1
1783523477.4916961,3172,,,,,,,,,,,,,1500,1500,0.35,0,0,34.5,49.437,48.937,6526,15.84,63.2,1
1783523477.5323076,3173,,,,,,,,,,,,,1500,1500,0.35,0,0,34.5,49.437,48.937,6526,15.64,64.0,1
1783523477.577779,3174,15,person,0,850,5,1277,585,0.41,1063,295,423,-65,1700,1624,0.35,0,0,34.5,49.437,48.937,6526,18.62,53.7,0
1783523477.6217732,3175,,,,,,,,,,,,,1500,1500,0.35,0,0,34.5,49.437,48.937,6526,15.75,63.5,1
1783523477.6643105,3176,,,,,,,,,,,,,1500,1500,0.35,0,0,34.5,49.437,48.937,6526,15.68,63.8,1
1783523477.709478,3177,15,person,0,852,5,1277,580,0.378,1064,292,424,-68,1700,1630,0.35,0,0,34.5,49.437,48.937,6526,18.48,54.1,0
1783523477.7570744,3178,15,person,0,848,4,1280,598,0.426,1064,301,424,-59,1700,1514,0.35,0,0,34.5,49.437,48.937,6526,18.69,53.5,0
1783523477.8038716,3179,15,person,0,852,5,1277,583,0.412,1064,294,424,-66,1700,1534,0.35,0,0,34.5,49.437,48.937,6526,18.6,53.8,0
1783523477.8556128,3180,15,person,0,855,5,1274,571,0.482,1064,288,424,-72,1700,1534,0.35,0,0,34.5,49.437,48.937,6526,23.14,43.2,0
1783523477.9022546,3181,15,person,0,850,5,1279,586,0.353,1064,295,424,-65,1700,1518,0.35,0,0,34.5,49.437,48.937,6526,18.73,53.4,0
1783523477.9384077,3182,,,,,,,,,,,,,1500,1500,0.35,0,0,34.4,49.375,49.25,6526,15.73,63.6,1
1783523477.9877808,3183,15,person,0,851,5,1278,581,0.376,1064,293,424,-67,1700,1628,0.35,0,0,34.4,49.375,49.25,6526,18.78,53.3,0
1783523478.0362144,3184,15,person,0,852,5,1278,581,0.457,1065,293,425,-67,1700,1526,0.35,0,0,34.4,49.375,49.25,6526,18.76,53.3,0
1783523478.0821905,3185,15,person,0,852,4,1279,581,0.419,1065,292,425,-68,1700,1528,0.35,0,0,34.4,49.375,49.25,6526,18.63,53.7,0
1783523478.1281724,3186,15,person,0,855,4,1274,568,0.449,1064,286,424,-74,1700,1536,0.35,0,0,34.4,49.375,49.25,6526,18.82,53.1,0
1783523478.1751623,3187,15,person,0,856,5,1274,567,0.39,1065,286,425,-74,1700,1529,0.35,0,0,34.4,49.375,49.25,6526,18.48,54.1,0
1783523478.216389,3188,,,,,,,,,,,,,1500,1500,0.35,0,0,34.4,49.375,49.25,6526,15.78,63.4,1
1783523478.2635784,3189,15,person,0,851,5,1278,577,0.411,1064,291,424,-69,1700,1632,0.35,0,0,34.4,49.375,49.25,6526,18.76,53.3,0
1783523478.3111317,3190,15,person,0,849,4,1280,583,0.428,1064,293,424,-67,1700,1524,0.35,0,0,34.4,49.375,49.25,6526,18.58,53.8,0
1783523478.3528109,3191,,,,,,,,,,,,,1500,1500,0.35,0,0,34.4,49.375,49.25,6526,15.71,63.7,1
1783523478.4000678,3192,15,person,0,848,5,1280,585,0.416,1064,295,424,-65,1700,1624,0.35,0,0,34.4,49.375,49.25,6526,18.69,53.5,0
1783523478.4485276,3193,15,person,0,852,5,1276,573,0.382,1064,289,424,-71,1700,1534,0.35,0,0,34.5,49.281,49.187,6446,19.93,50.2,0
1783523478.4846778,3194,,,,,,,,,,,,,1500,1500,0.35,0,0,34.5,49.281,49.187,6446,15.74,63.5,1
1783523478.5287309,3195,,,,,,,,,,,,,1500,1500,0.35,0,0,34.5,49.281,49.187,6446,15.76,63.5,1
1783523478.5703158,3196,,,,,,,,,,,,,1500,1500,0.35,0,0,34.5,49.281,49.187,6446,15.52,64.4,1
1783523478.6162608,3197,15,person,0,854,4,1275,568,0.465,1064,286,424,-74,1700,1641,0.35,0,0,34.5,49.281,49.187,6446,18.65,53.6,0
1783523478.6644616,3198,15,person,0,851,5,1276,573,0.366,1063,289,423,-71,1700,1525,0.35,0,0,34.5,49.281,49.187,6446,18.61,53.7,0
1783523478.7065246,3199,,,,,,,,,,,,,1500,1500,0.35,0,0,34.5,49.281,49.187,6446,15.63,64.0,1
1783523478.7547266,3200,15,person,0,850,5,1277,576,0.433,1063,290,423,-70,1700,1634,0.35,0,0,34.5,49.281,49.187,6446,18.64,53.6,0
1783523478.8037984,3201,15,person,0,851,4,1276,569,0.506,1063,286,423,-74,1700,1533,0.35,0,0,34.5,49.281,49.187,6446,18.62,53.7,0
1783523478.8461995,3202,,,,,,,,,,,,,1500,1500,0.35,0,0,34.5,49.281,49.187,6446,15.71,63.6,1
1783523478.890507,3203,,,,,,,,,,,,,1500,1500,0.35,0,0,34.5,49.281,49.187,6446,15.71,63.6,1
1783523478.9322462,3204,,,,,,,,,,,,,1500,1500,0.35,0,0,34.4,49.218,49.156,6446,15.51,64.5,1
1783523478.9742403,3205,,,,,,,,,,,,,1500,1500,0.35,0,0,34.4,49.218,49.156,6446,15.57,64.2,1
1783523479.0087717,3206,,,,,,,,,,,,,1500,1500,0.35,0,0,34.4,49.218,49.156,6446,15.59,64.2,1
1783523479.0607243,3207,15,person,0,853,2,1275,563,0.554,1064,282,424,-78,1700,1649,0.35,0,0,34.4,49.218,49.156,6446,22.36,44.7,0
1783523479.111247,3208,15,person,0,900,3,1280,563,0.537,1090,283,450,-77,1700,1529,0.35,0,0,34.4,49.218,49.156,6446,18.88,53.0,0
1783523479.1615076,3209,15,person,0,925,4,1280,554,0.646,1102,279,462,-81,1700,1536,0.35,0,0,34.4,49.218,49.156,6446,18.73,53.4,0
1783523479.2124264,3210,15,person,0,937,4,1280,544,0.67,1108,274,468,-86,1700,1539,0.35,0,0,34.4,49.218,49.156,6446,20.84,48.0,0
1783523479.2610776,3211,15,person,0,937,4,1280,539,0.571,1108,271,468,-89,1700,1539,0.35,0,0,34.4,49.218,49.156,6446,18.63,53.7,0
1783523479.3088546,3212,15,person,0,942,4,1280,538,0.683,1111,271,471,-89,1700,1536,0.35,0,0,34.4,49.218,49.156,6446,18.48,54.1,0
1783523479.3573592,3213,15,person,0,937,3,1280,549,0.759,1108,276,468,-84,1700,1528,0.35,0,0,34.4,49.218,49.156,6446,18.6,53.8,0
1783523479.4078918,3214,15,person,0,935,3,1280,551,0.498,1107,277,467,-83,1700,1532,0.35,0,0,34.4,49.218,49.156,6446,18.51,54.0,0
1783523479.4574068,3215,15,person,0,932,3,1280,543,0.483,1106,273,466,-87,1700,1539,0.35,0,0,34.5,49.187,49.0,6446,18.7,53.5,0
1783523479.5077426,3216,15,person,0,934,2,1280,535,0.479,1107,268,467,-92,1700,1542,0.35,0,0,34.5,49.187,49.0,6446,18.61,53.7,0
1783523479.5565822,3217,15,person,0,947,2,1259,465,0.51,1103,233,463,-127,1700,1587,0.35,0,0,34.5,49.187,49.0,6446,18.67,53.6,0
1783523479.5969236,3218,15,person,0,956,2,1249,427,0.579,1102,214,462,-146,1700,1582,0.35,0,0,34.5,49.187,49.0,6446,18.72,53.4,0
1783523479.650533,3219,15,person,0,961,2,1240,393,0.604,1100,197,460,-163,1700,1582,0.35,0,0,34.5,49.187,49.0,6446,21.54,46.4,0
1783523479.7019057,3220,15,person,0,962,2,1237,375,0.687,1099,188,459,-172,1700,1578,0.35,0,0,34.5,49.187,49.0,6446,18.55,53.9,0
1783523479.7523541,3221,15,person,0,948,2,1243,391,0.779,1095,196,455,-164,1700,1559,0.35,0,0,34.5,49.187,49.0,6446,18.66,53.6,0
1783523479.8023138,3222,15,person,0,939,2,1247,401,0.838,1093,201,453,-159,1700,1560,0.35,0,0,34.5,49.187,49.0,6446,18.68,53.5,0
1783523479.8501265,3223,15,person,0,928,2,1250,411,0.74,1089,206,449,-154,1700,1558,0.35,0,0,34.5,49.187,49.0,6446,18.58,53.8,0
1783523479.9002004,3224,15,person,0,923,2,1250,412,0.689,1086,207,446,-153,1700,1562,0.35,0,0,34.5,49.187,49.0,6446,18.67,53.6,0
1783523479.9495559,3225,15,person,0,917,3,1252,415,0.642,1084,209,444,-151,1700,1560,0.35,0,0,34.5,49.062,49.218,6367,18.6,53.8,0
1783523480.0036924,3226,15,person,0,913,3,1256,421,0.646,1084,212,444,-148,1700,1558,0.35,0,0,34.5,49.062,49.218,6367,18.74,53.4,0
1783523480.0564125,3227,15,person,0,892,2,1280,479,0.521,1086,240,446,-120,1700,1523,0.35,0,0,34.5,49.062,49.218,6367,18.82,53.1,0
1783523480.1093085,3228,15,person,0,906,3,1275,454,0.568,1090,228,450,-132,1700,1566,0.35,0,0,34.5,49.062,49.218,6367,18.45,54.2,0
1783523480.16322,3229,15,person,0,911,3,1278,451,0.517,1094,227,454,-133,1700,1556,0.35,0,0,34.5,49.062,49.218,6367,18.75,53.3,0
1783523480.2033443,3230,15,person,0,914,3,1280,451,0.596,1097,227,457,-133,1700,1555,0.35,0,0,34.5,49.062,49.218,6367,18.57,53.8,0
1783523480.2547228,3231,15,person,0,917,3,1280,447,0.656,1098,225,458,-135,1700,1557,0.35,0,0,34.5,49.062,49.218,6367,21.31,46.9,0
1783523480.3041492,3232,15,person,0,913,4,1280,465,0.502,1096,234,456,-126,1700,1543,0.35,0,0,34.5,49.062,49.218,6367,18.47,54.1,0
1783523480.353895,3233,15,person,0,915,4,1280,463,0.561,1097,233,457,-127,1700,1553,0.35,0,0,34.5,49.062,49.218,6367,18.64,53.7,0
1783523480.4026768,3234,15,person,0,916,4,1280,460,0.554,1098,232,458,-128,1700,1554,0.35,0,0,34.5,49.062,49.218,6367,18.72,53.4,0
1783523480.4523005,3235,15,person,0,915,4,1280,469,0.592,1097,236,457,-124,1700,1547,0.35,0,0,34.4,49.125,49.343,6367,19.92,50.2,0
1783523480.5022533,3236,15,person,0,913,4,1280,477,0.593,1096,240,456,-120,1700,1545,0.35,0,0,34.4,49.125,49.343,6367,18.97,52.7,0
1783523480.5501235,3237,15,person,0,907,4,1280,498,0.592,1093,251,453,-109,1700,1534,0.35,0,0,34.4,49.125,49.343,6367,18.65,53.6,0
1783523480.599357,3238,15,person,0,916,4,1280,476,0.658,1098,240,458,-120,1700,1561,0.35,0,0,34.4,49.125,49.343,6367,18.72,53.4,0
1783523480.6485903,3239,15,person,0,921,4,1280,467,0.645,1100,235,460,-125,1700,1557,0.35,0,0,34.4,49.125,49.343,6367,18.55,53.9,0
1783523480.7024462,3240,15,person,0,923,4,1280,464,0.673,1101,234,461,-126,1700,1553,0.35,0,0,34.4,49.125,49.343,6367,22.33,44.8,0
1783523480.750968,3241,15,person,0,928,4,1280,461,0.49,1104,232,464,-128,1700,1555,0.35,0,0,34.4,49.125,49.343,6367,18.56,53.9,0
1783523480.7918944,3242,15,person,0,931,5,1280,463,0.467,1105,234,465,-126,1700,1549,0.35,0,0,34.4,49.125,49.343,6367,18.78,53.3,0
1783523480.840581,3243,15,person,0,932,5,1280,465,0.466,1106,235,466,-125,1700,1550,0.35,0,0,34.4,49.125,49.343,6367,18.46,54.2,0
1783523480.8887188,3244,15,person,0,940,5,1280,459,0.454,1110,232,470,-128,1700,1556,0.35,0,0,34.4,49.125,49.343,6367,18.61,53.7,0
1783523480.9371178,3245,15,person,0,941,4,1280,458,0.387,1110,231,470,-129,1700,1554,0.35,0,0,34.4,49.125,49.343,6367,18.64,53.7,0
1783523480.985309,3246,15,person,0,943,4,1280,459,0.423,1111,231,471,-129,1700,1553,0.35,0,0,34.4,49.156,49.031,6446,18.59,53.8,0
1783523481.0287724,3247,,,,,,,,,,,,,1500,1500,0.35,0,0,34.4,49.156,49.031,6446,15.84,63.1,1
1783523481.077372,3248,15,person,0,947,4,1280,455,0.459,1113,229,473,-131,1700,1650,0.35,0,0,34.4,49.156,49.031,6446,18.52,54.0,0
1783523481.1271033,3249,15,person,0,948,4,1280,455,0.394,1114,229,474,-131,1700,1552,0.35,0,0,34.4,49.156,49.031,6446,18.68,53.5,0
1783523481.1743433,3250,15,person,0,949,5,1280,454,0.44,1114,229,474,-131,1700,1552,0.35,0,0,34.4,49.156,49.031,6446,18.5,54.0,0
1783523481.2214131,3251,15,person,0,942,5,1280,459,0.48,1111,232,471,-128,1700,1548,0.35,0,0,34.4,49.156,49.031,6446,18.72,53.4,0
1783523481.269405,3252,15,person,0,942,5,1280,460,0.443,1111,232,471,-128,1700,1551,0.35,0,0,34.4,49.156,49.031,6446,18.79,53.2,0
1783523481.316502,3253,15,person,0,942,4,1280,460,0.484,1111,232,471,-128,1700,1551,0.35,0,0,34.4,49.156,49.031,6446,18.69,53.5,0
1783523481.3576736,3254,15,person,0,946,5,1280,457,0.634,1113,231,473,-129,1700,1553,0.35,0,0,34.4,49.156,49.031,6446,18.68,53.5,0
1783523481.4057984,3255,15,person,0,947,5,1280,457,0.63,1113,231,473,-129,1700,1552,0.35,0,0,34.4,49.156,49.031,6446,18.53,54.0,0
1783523481.4560697,3256,15,person,0,948,5,1280,457,0.629,1114,231,474,-129,1700,1552,0.35,0,0,34.4,49.156,49.031,6446,21.54,46.4,0
1783523481.502935,3257,15,person,0,945,7,1280,459,0.563,1112,233,472,-127,1700,1549,0.35,0,0,34.5,49.343,49.125,6367,18.57,53.9,0
1783523481.5504484,3258,15,person,0,942,7,1279,463,0.5,1110,235,470,-125,1700,1549,0.35,0,0,34.5,49.343,49.125,6367,18.57,53.9,0
1783523481.5980206,3259,15,person,0,940,7,1279,464,0.55,1109,235,469,-125,1700,1551,0.35,0,0,34.5,49.343,49.125,6367,18.69,53.5,0
1783523481.644634,3260,15,person,0,943,6,1279,461,0.515,1111,233,471,-127,1700,1554,0.35,0,0,34.5,49.343,49.125,6367,18.36,54.5,0
1783523481.692059,3261,15,person,0,942,6,1280,463,0.52,1111,234,471,-126,1700,1551,0.35,0,0,34.5,49.343,49.125,6367,18.7,53.5,0
1783523481.7390087,3262,15,person,0,944,6,1279,460,0.552,1111,233,471,-127,1700,1553,0.35,0,0,34.5,49.343,49.125,6367,18.57,53.9,0
1783523481.7856991,3263,15,person,0,945,5,1280,460,0.527,1112,232,472,-128,1700,1554,0.35,0,0,34.5,49.343,49.125,6367,18.57,53.8,0
1783523481.8327892,3264,15,person,0,939,5,1278,464,0.49,1108,234,468,-126,1700,1550,0.35,0,0,34.5,49.343,49.125,6367,18.8,53.2,0
1783523481.8804355,3265,15,person,0,938,5,1280,470,0.511,1109,237,469,-123,1700,1548,0.35,0,0,34.5,49.343,49.125,6367,18.73,53.4,0
1783523481.9209216,3266,15,person,0,937,5,1278,467,0.501,1107,236,467,-124,1700,1552,0.35,0,0,34.5,49.343,49.125,6367,18.85,53.1,0
1783523481.9690259,3267,15,person,0,940,5,1279,464,0.479,1109,234,469,-126,1700,1554,0.35,0,0,34.5,49.125,49.093,6407,18.73,53.4,0
1783523482.0162168,3268,15,person,0,948,4,1280,455,0.57,1114,229,474,-131,1700,1559,0.35,0,0,34.5,49.125,49.093,6407,18.68,53.5,0
1783523482.0676913,3269,15,person,0,950,4,1279,452,0.504,1114,228,474,-132,1700,1555,0.35,0,0,34.5,49.125,49.093,6407,22.54,44.4,0
1783523482.1169488,3270,15,person,0,946,4,1278,456,0.508,1112,230,472,-130,1700,1551,0.35,0,0,34.5,49.125,49.093,6407,21.04,47.5,0
1783523482.1640396,3271,15,person,0,945,4,1278,456,0.479,1111,230,471,-130,1700,1554,0.35,0,0,34.5,49.125,49.093,6407,18.73,53.4,0
1783523482.2107966,3272,15,person,0,941,5,1278,462,0.559,1109,233,469,-127,1700,1549,0.35,0,0,34.5,49.125,49.093,6407,18.45,54.2,0
1783523482.2580974,3273,15,person,0,933,4,1280,479,0.525,1106,241,466,-119,1700,1541,0.35,0,0,34.5,49.125,49.093,6407,18.71,53.5,0
1783523482.3055093,3274,15,person,0,938,5,1280,471,0.496,1109,238,469,-122,1700,1553,0.35,0,0,34.5,49.125,49.093,6407,18.46,54.2,0
1783523482.352656,3275,15,person,0,942,5,1280,466,0.503,1111,235,471,-125,1700,1555,0.35,0,0,34.5,49.125,49.093,6407,18.63,53.7,0
1783523482.399463,3276,15,person,0,943,5,1279,462,0.582,1111,233,471,-127,1700,1554,0.35,0,0,34.5,49.125,49.093,6407,18.66,53.6,0
1783523482.4461098,3277,15,person,0,939,5,1280,472,0.557,1109,238,469,-122,1700,1545,0.35,0,0,34.5,49.125,49.093,6407,18.46,54.2,0
1783523482.4868793,3278,15,person,0,943,4,1280,466,0.6,1111,235,471,-125,1700,1555,0.35,0,0,34.5,49.343,49.156,6446,18.61,53.7,0
1783523482.534842,3279,15,person,0,940,4,1279,468,0.57,1109,236,469,-124,1700,1550,0.35,0,0,34.5,49.343,49.156,6446,18.59,53.8,0
1783523482.5824494,3280,15,person,0,943,4,1279,464,0.625,1111,234,471,-126,1700,1554,0.35,0,0,34.5,49.343,49.156,6446,18.56,53.9,0
1783523482.6301785,3281,15,person,0,941,4,1278,465,0.533,1109,234,469,-126,1700,1552,0.35,0,0,34.5,49.343,49.156,6446,18.71,53.5,0
1783523482.6781616,3282,15,person,0,945,4,1279,461,0.56,1112,232,472,-128,1700,1555,0.35,0,0,34.5,49.343,49.156,6446,19.76,50.6,0
1783523482.7258043,3283,15,person,0,946,5,1279,460,0.621,1112,232,472,-128,1700,1553,0.35,0,0,34.5,49.343,49.156,6446,18.79,53.2,0
1783523482.7721732,3284,15,person,0,945,4,1278,461,0.633,1111,232,471,-128,1700,1553,0.35,0,0,34.5,49.343,49.156,6446,18.49,54.1,0
1783523482.8186948,3285,15,person,0,946,5,1279,461,0.623,1112,233,472,-127,1700,1551,0.35,0,0,34.5,49.343,49.156,6446,18.59,53.8,0
1783523482.8658724,3286,15,person,0,946,4,1280,461,0.571,1113,232,473,-128,1700,1554,0.35,0,0,34.5,49.343,49.156,6446,18.63,53.7,0
1783523482.9130826,3287,15,person,0,946,4,1279,460,0.499,1112,232,472,-128,1700,1553,0.35,0,0,34.5,49.343,49.156,6446,18.73,53.4,0
1783523482.9611611,3288,15,person,0,948,4,1280,459,0.584,1114,231,474,-129,1700,1554,0.35,0,0,34.5,49.343,49.156,6446,19.15,52.2,0
1783523483.0089774,3289,15,person,0,949,5,1280,460,0.56,1114,232,474,-128,1700,1552,0.35,0,0,34.5,49.312,49.062,6446,18.58,53.8,0
1783523483.0495367,3290,15,person,0,951,4,1280,459,0.618,1115,231,475,-129,1700,1554,0.35,0,0,34.5,49.312,49.062,6446,18.85,53.1,0
1783523483.0980437,3291,15,person,0,950,4,1280,459,0.644,1115,231,475,-129,1700,1553,0.35,0,0,34.5,49.312,49.062,6446,18.76,53.3,0
1783523483.1456437,3292,15,person,0,948,3,1280,462,0.605,1114,232,474,-128,1700,1552,0.35,0,0,34.5,49.312,49.062,6446,18.69,53.5,0
1783523483.1932666,3293,15,person,0,948,3,1280,463,0.703,1114,233,474,-127,1700,1551,0.35,0,0,34.5,49.312,49.062,6446,18.88,53.0,0
1783523483.2402606,3294,15,person,0,946,3,1280,464,0.632,1113,233,473,-127,1700,1552,0.35,0,0,34.5,49.312,49.062,6446,18.48,54.1,0
1783523483.2875085,3295,15,person,0,941,3,1277,467,0.723,1109,235,469,-125,1700,1549,0.35,0,0,34.5,49.312,49.062,6446,18.76,53.3,0
1783523483.3354206,3296,15,person,0,947,3,1280,463,0.742,1113,233,473,-127,1700,1554,0.35,0,0,34.5,49.312,49.062,6446,18.6,53.8,0
1783523483.3824654,3297,15,person,0,948,3,1280,463,0.621,1114,233,474,-127,1700,1552,0.35,0,0,34.5,49.312,49.062,6446,18.65,53.6,0
1783523483.4291127,3298,15,person,0,948,3,1280,464,0.679,1114,233,474,-127,1700,1552,0.35,0,0,34.5,49.312,49.062,6446,18.66,53.6,0
1783523483.4750395,3299,15,person,0,947,3,1279,464,0.681,1113,233,473,-127,1700,1552,0.35,0,0,34.5,49.312,49.062,6446,18.44,54.2,0
1783523483.524288,3300,15,person,0,945,3,1279,464,0.673,1112,233,472,-127,1700,1552,0.35,0,0,34.5,49.062,49.125,6407,20.93,47.8,0
1783523483.5706055,3301,15,person,0,948,3,1280,463,0.696,1114,233,474,-127,1700,1552,0.35,0,0,34.5,49.062,49.125,6407,18.52,54.0,0
1783523483.6107266,3302,15,person,0,947,3,1279,463,0.698,1113,233,473,-127,1700,1552,0.35,0,0,34.5,49.062,49.125,6407,18.47,54.2,0
1783523483.6593695,3303,15,person,0,945,3,1279,464,0.663,1112,233,472,-127,1700,1552,0.35,0,0,34.5,49.062,49.125,6407,18.72,53.4,0
1783523483.7066891,3304,15,person,0,945,3,1279,465,0.748,1112,234,472,-126,1700,1551,0.35,0,0,34.5,49.062,49.125,6407,18.51,54.0,0
1783523483.7538779,3305,15,person,0,941,3,1275,463,0.766,1108,233,468,-127,1700,1553,0.35,0,0,34.5,49.062,49.125,6407,18.6,53.8,0
1783523483.8030007,3306,15,person,0,939,3,1274,463,0.801,1106,233,466,-127,1700,1552,0.35,0,0,34.5,49.062,49.125,6407,18.48,54.1,0
1783523483.8526177,3307,15,person,0,926,2,1270,472,0.823,1098,237,458,-123,1700,1547,0.35,0,0,34.5,49.062,49.125,6407,18.52,54.0,0
1783523483.905344,3308,15,person,0,903,3,1275,511,0.887,1089,257,449,-103,1700,1524,0.35,0,0,34.5,49.062,49.125,6407,18.52,54.0,0
1783523483.9557643,3309,15,person,0,875,3,1269,536,0.918,1072,269,432,-91,1700,1526,0.35,0,0,34.5,49.062,49.125,6407,18.61,53.7,0
1783523484.0077055,3310,15,person,0,864,2,1264,540,0.914,1064,271,424,-89,1700,1535,0.35,0,0,34.5,49.281,49.031,6446,18.48,54.1,0
1783523484.059294,3311,15,person,0,846,2,1256,545,0.93,1051,273,411,-87,1700,1534,0.35,0,0,34.5,49.281,49.031,6446,18.67,53.6,0
1783523484.1116374,3312,15,person,0,838,2,1243,525,0.888,1040,263,400,-97,1700,1550,0.35,0,0,34.5,49.281,49.031,6446,18.55,53.9,0
1783523484.1651347,3313,15,person,0,833,2,1241,519,0.884,1037,260,397,-100,1700,1544,0.35,0,0,34.5,49.281,49.031,6446,18.6,53.8,0
1783523484.2053041,3314,15,person,0,829,2,1247,525,0.906,1038,263,398,-97,1700,1537,0.35,0,0,34.5,49.281,49.031,6446,18.52,54.0,0
1783523484.2533193,3315,15,person,0,834,3,1252,518,0.921,1043,260,403,-100,1700,1545,0.35,0,0,34.5,49.281,49.031,6446,18.55,53.9,0
1783523484.3113081,3316,15,person,0,835,3,1265,532,0.937,1050,267,410,-93,1700,1533,0.35,0,0,34.5,49.281,49.031,6446,18.53,54.0,0
1783523484.3683317,3317,15,person,0,836,3,1272,539,0.926,1054,271,414,-89,1700,1534,0.35,0,0,34.5,49.281,49.031,6446,18.63,53.7,0
1783523484.421082,3318,15,person,0,842,3,1273,532,0.938,1057,267,417,-93,1700,1542,0.35,0,0,34.5,49.281,49.031,6446,18.71,53.5,0
1783523484.4751694,3319,15,person,0,847,2,1272,522,0.934,1059,262,419,-98,1700,1545,0.35,0,0,34.5,49.281,49.031,6446,19.53,51.2,0
1783523484.5290034,3320,15,person,0,869,3,1256,469,0.791,1062,236,422,-124,1700,1575,0.35,0,0,34.5,49.218,49.093,6367,18.72,53.4,0
1783523484.5825727,3321,15,person,0,848,5,1280,537,0.431,1064,271,424,-89,1700,1504,0.35,0,0,34.5,49.218,49.093,6367,18.51,54.0,0
1783523484.6358922,3322,15,person,0,847,5,1280,552,0.402,1063,278,423,-82,1700,1528,0.35,0,0,34.5,49.218,49.093,6367,18.55,53.9,0
1783523484.6865597,3323,15,person,0,914,3,1260,414,0.435,1087,208,447,-152,1700,1631,0.35,0,0,34.5,49.218,49.093,6367,18.73,53.4,0
1783523484.739173,3324,15,person,0,878,3,1280,519,0.373,1079,261,439,-99,1700,1491,0.35,0,0,34.5,49.218,49.093,6367,18.75,53.3,0
1783523484.7914684,3325,15,person,0,880,4,1280,543,0.367,1080,273,440,-87,1700,1525,0.35,0,0,34.5,49.218,49.093,6367,18.75,53.3,0
1783523484.8276563,3326,,,,,,,,,,,,,1500,1500,0.35,0,0,34.5,49.218,49.093,6367,15.74,63.5,1
1783523484.8787823,3327,15,person,0,877,4,1280,558,0.384,1078,281,438,-79,1700,1650,0.35,0,0,34.5,49.218,49.093,6367,18.58,53.8,0
1783523484.9267182,3328,,,,,,,,,,,,,1500,1500,0.35,0,0,34.5,49.218,49.093,6367,15.84,63.2,1
1783523484.9718807,3329,,,,,,,,,,,,,1500,1500,0.35,0,0,34.5,49.218,49.093,6367,15.51,64.5,1
1783523485.032002,3330,15,person,0,967,7,1280,409,0.474,1123,208,483,-152,1700,1650,0.35,0,0,34.5,49.125,49.125,6407,21.06,47.5,0
1783523485.0872462,3331,15,person,0,980,5,1278,379,0.473,1129,192,489,-168,1700,1581,0.35,0,0,34.5,49.125,49.125,6407,20.39,49.1,0
1783523485.1393285,3332,15,person,0,984,5,1275,369,0.555,1129,187,489,-173,1700,1574,0.35,0,0,34.5,49.125,49.125,6407,18.74,53.4,0
1783523485.190672,3333,15,person,0,977,3,1269,365,0.427,1123,184,483,-176,1700,1573,0.35,0,0,34.5,49.125,49.125,6407,18.64,53.6,0
1783523485.2402914,3334,,,,,,,,,,,,,1500,1500,0.35,0,0,34.5,49.125,49.125,6407,15.56,64.3,1
1783523485.2910469,3335,15,person,0,900,4,1280,514,0.445,1090,259,450,-101,1700,1650,0.35,0,0,34.5,49.125,49.125,6407,18.73,53.4,0
1783523485.3369832,3336,,,,,,,,,,,,,1500,1500,0.35,0,0,34.5,49.125,49.125,6407,15.55,64.3,1
1783523485.3845878,3337,,,,,,,,,,,,,1500,1500,0.35,0,0,34.5,49.125,49.125,6407,15.81,63.2,1
1783523485.4200716,3338,,,,,,,,,,,,,1500,1500,0.35,0,0,34.5,49.125,49.125,6407,15.62,64.0,1
1783523485.465315,3339,,,,,,,,,,,,,1500,1500,0.35,0,0,34.5,49.125,49.125,6407,15.58,64.2,1
1783523485.5099382,3340,,,,,,,,,,,,,1500,1500,0.35,0,0,34.5,49.156,49.281,6367,15.51,64.5,1
1783523485.5540197,3341,,,,,,,,,,,,,1500,1500,0.35,0,0,34.5,49.156,49.281,6367,15.81,63.3,1
1783523485.5966268,3342,,,,,,,,,,,,,1500,1500,0.35,0,0,34.5,49.156,49.281,6367,15.68,63.8,1
1783523485.6391108,3343,,,,,,,,,,,,,1500,1500,0.35,0,0,34.5,49.156,49.281,6367,15.55,64.3,1
1783523485.6822586,3344,,,,,,,,,,,,,1500,1500,0.35,0,0,34.5,49.156,49.281,6367,15.7,63.7,1
1783523485.7247329,3345,,,,,,,,,,,,,1500,1500,0.35,0,0,34.5,49.156,49.281,6367,15.77,63.4,1
1783523485.766896,3346,,,,,,,,,,,,,1500,1500,0.35,0,0,34.5,49.156,49.281,6367,15.73,63.6,1
1783523485.8090136,3347,,,,,,,,,,,,,1500,1500,0.35,0,0,34.5,49.156,49.281,6367,15.73,63.6,1
1783523485.852569,3348,,,,,,,,,,,,,1500,1500,0.35,0,0,34.5,49.156,49.281,6367,15.94,62.7,1
1783523485.895871,3349,,,,,,,,,,,,,1500,1500,0.35,0,0,34.5,49.156,49.281,6367,15.82,63.2,1
1783523485.9306238,3350,,,,,,,,,,,,,1500,1500,0.35,0,0,34.5,49.156,49.281,6367,15.69,63.8,1
1783523485.9742725,3351,,,,,,,,,,,,,1500,1500,0.35,0,0,34.5,49.156,49.281,6367,15.58,64.2,1
1783523486.0192847,3352,,,,,,,,,,,,,1500,1500,0.35,0,0,34.5,49.656,49.0,6486,15.8,63.3,1
1783523486.0627258,3353,,,,,,,,,,,,,1500,1500,0.35,0,0,34.5,49.656,49.0,6486,15.79,63.3,1
1783523486.1060843,3354,,,,,,,,,,,,,1500,1500,0.35,0,0,34.5,49.656,49.0,6486,15.62,64.0,1
1783523486.1494186,3355,,,,,,,,,,,,,1500,1500,0.35,0,0,34.5,49.656,49.0,6486,15.82,63.2,1
1783523486.1921036,3356,,,,,,,,,,,,,1500,1500,0.35,0,0,34.5,49.656,49.0,6486,15.92,62.8,1
1783523486.2339704,3357,,,,,,,,,,,,,1500,1500,0.35,0,0,34.5,49.656,49.0,6486,15.69,63.7,1
1783523486.276133,3358,,,,,,,,,,,,,1500,1500,0.35,0,0,34.5,49.656,49.0,6486,15.64,63.9,1
1783523486.3193693,3359,,,,,,,,,,,,,1500,1500,0.35,0,0,34.5,49.656,49.0,6486,15.93,62.8,1
1783523486.3637693,3360,,,,,,,,,,,,,1500,1500,0.35,0,0,34.5,49.656,49.0,6486,17.28,57.9,1
1783523486.4082217,3361,,,,,,,,,,,,,1500,1500,0.35,0,0,34.5,49.656,49.0,6486,16.99,58.9,1
1783523486.4429939,3362,,,,,,,,,,,,,1500,1500,0.35,0,0,34.5,49.656,49.0,6486,15.68,63.8,1
1783523486.490251,3363,,,,,,,,,,,,,1500,1500,0.35,0,0,34.5,49.656,49.0,6486,17.58,56.9,1
1783523486.5414793,3364,,,,,,,,,,,,,1500,1500,0.35,0,0,34.5,49.5,49.125,6565,15.64,63.9,1
1783523486.595189,3365,,,,,,,,,,,,,1500,1500,0.35,0,0,34.5,49.5,49.125,6565,15.08,66.3,1
1783523486.6463263,3366,,,,,,,,,,,,,1500,1500,0.35,0,0,34.5,49.5,49.125,6565,14.72,67.9,1
1783523486.6958163,3367,,,,,,,,,,,,,1500,1500,0.35,0,0,34.5,49.5,49.125,6565,14.98,66.8,1
1783523486.7403991,3368,,,,,,,,,,,,,1500,1500,0.35,0,0,34.5,49.5,49.125,6565,14.21,70.4,1
1783523486.786083,3369,,,,,,,,,,,,,1500,1500,0.35,0,0,34.5,49.5,49.125,6565,15.44,64.8,1
1783523486.828972,3370,,,,,,,,,,,,,1500,1500,0.35,0,0,34.5,49.5,49.125,6565,14.58,68.6,1
1783523486.8721673,3371,,,,,,,,,,,,,1500,1500,0.35,0,0,34.5,49.5,49.125,6565,15.17,65.9,1
1783523486.9192736,3372,,,,,,,,,,,,,1500,1500,0.35,0,0,34.5,49.5,49.125,6565,15.45,64.7,1
1783523486.9641292,3373,,,,,,,,,,,,,1500,1500,0.35,0,0,34.5,49.5,49.125,6565,14.45,69.2,1
1783523486.998632,3374,,,,,,,,,,,,,1500,1500,0.35,0,0,34.5,49.5,49.125,6565,15.53,64.4,1
1783523487.0482128,3375,,,,,,,,,,,,,1500,1500,0.35,0,0,34.5,49.281,49.093,6486,15.41,64.9,1
1783523487.0997453,3376,,,,,,,,,,,,,1500,1500,0.35,0,0,34.5,49.281,49.093,6486,15.45,64.7,1
1783523487.1475294,3377,,,,,,,,,,,,,1500,1500,0.35,0,0,34.5,49.281,49.093,6486,14.32,69.8,1
1783523487.1999686,3378,,,,,,,,,,,,,1500,1500,0.35,0,0,34.5,49.281,49.093,6486,14.2,70.4,1
1783523487.2544482,3379,,,,,,,,,,,,,1500,1500,0.35,0,0,34.5,49.281,49.093,6486,14.68,68.1,1
1783523487.311635,3380,,,,,,,,,,,,,1500,1500,0.35,0,0,34.5,49.281,49.093,6486,14.31,69.9,1
1783523487.3702464,3381,,,,,,,,,,,,,1500,1500,0.35,0,0,34.5,49.281,49.093,6486,14.19,70.5,1
1783523487.4304173,3382,,,,,,,,,,,,,1500,1500,0.35,0,0,34.5,49.281,49.093,6486,17.52,57.1,1
1783523487.490342,3383,16,person,0,836,3,1263,343,0.402,1049,173,409,-187,1700,1650,0.35,0,0,34.5,49.281,49.093,6486,18.81,53.2,0
1783523487.5491295,3384,16,person,0,825,2,1269,356,0.474,1047,179,407,-181,1700,1567,0.35,0,0,34.5,49.375,49.25,6367,18.67,53.6,0
1783523487.6050174,3385,16,person,0,823,2,1271,357,0.462,1047,179,407,-181,1700,1572,0.35,0,0,34.5,49.375,49.25,6367,18.55,53.9,0
1783523487.6388373,3386,,,,,,,,,,,,,1500,1500,0.35,0,0,34.5,49.375,49.25,6367,14.67,68.1,1
1783523487.691712,3387,16,person,0,825,2,1270,355,0.4,1047,178,407,-182,1700,1650,0.35,0,0,34.5,49.375,49.25,6367,18.92,52.8,0
1783523487.7364566,3388,,,,,,,,,,,,,1500,1500,0.35,0,0,34.5,49.375,49.25,6367,14.58,68.6,1
1783523487.7873702,3389,16,person,0,820,2,1270,358,0.382,1045,180,405,-180,1700,1650,0.35,0,0,34.5,49.375,49.25,6367,18.83,53.1,0
1783523487.839998,3390,16,person,0,821,2,1270,356,0.382,1045,179,405,-181,1700,1573,0.35,0,0,34.5,49.375,49.25,6367,20.8,48.1,0
1783523487.8832166,3391,,,,,,,,,,,,,1500,1500,0.35,0,0,34.5,49.375,49.25,6367,14.8,67.6,1
1783523487.9351683,3392,16,person,0,809,3,1280,375,0.468,1044,189,404,-171,1700,1650,0.35,0,0,34.5,49.375,49.25,6367,18.87,53.0,0
1783523487.9934044,3393,16,person,0,799,3,1280,391,0.417,1039,197,399,-163,1700,1558,0.35,0,0,34.5,49.375,49.25,6367,19.03,52.5,0
1783523488.0477533,3394,16,person,0,804,3,1280,379,0.518,1042,191,402,-169,1700,1573,0.35,0,0,34.5,49.25,49.375,6367,18.72,53.4,0
1783523488.0952384,3395,,,,,,,,,,,,,1500,1500,0.35,0,0,34.5,49.25,49.375,6367,14.98,66.8,1
1783523488.1415699,3396,,,,,,,,,,,,,1500,1500,0.35,0,0,34.5,49.25,49.375,6367,14.6,68.5,1
1783523488.1918387,3397,,,,,,,,,,,,,1500,1500,0.35,0,0,34.5,49.25,49.375,6367,15.03,66.5,1
1783523488.2242937,3398,,,,,,,,,,,,,1500,1500,0.35,0,0,34.5,49.25,49.375,6367,14.87,67.2,1
1783523488.2753334,3399,,,,,,,,,,,,,1500,1500,0.35,0,0,34.5,49.25,49.375,6367,15.56,64.3,1
1783523488.3318121,3400,,,,,,,,,,,,,1500,1500,0.35,0,0,34.5,49.25,49.375,6367,14.82,67.5,1
1783523488.3785708,3401,,,,,,,,,,,,,1500,1500,0.35,0,0,34.5,49.25,49.375,6367,14.69,68.1,1
1783523488.4270775,3402,,,,,,,,,,,,,1500,1500,0.35,0,0,34.5,49.25,49.375,6367,15.03,66.6,1
1783523488.478395,3403,16,person,0,803,2,1238,335,0.443,1020,168,380,-192,1700,1650,0.35,0,0,34.5,49.25,49.375,6367,18.56,53.9,0
1783523488.5311375,3404,,,,,,,,,,,,,1500,1500,0.35,0,0,34.5,49.25,49.375,6367,15.08,66.3,1
1783523488.5846288,3405,16,person,0,795,2,1245,338,0.47,1020,170,380,-190,1700,1650,0.35,0,0,34.5,49.156,49.25,6565,18.72,53.4,0
1783523488.6322553,3406,,,,,,,,,,,,,1500,1500,0.35,0,0,34.5,49.156,49.25,6565,14.75,67.8,1
1783523488.676865,3407,,,,,,,,,,,,,1500,1500,0.35,0,0,34.5,49.156,49.25,6565,14.64,68.3,1
1783523488.7267706,3408,16,person,0,789,1,1252,341,0.353,1020,171,380,-189,1700,1650,0.35,0,0,34.5,49.156,49.25,6565,19.06,52.5,0
1783523488.7840796,3409,16,person,0,785,1,1254,339,0.398,1019,170,379,-190,1700,1577,0.35,0,0,34.5,49.156,49.25,6565,19.02,52.6,0
1783523488.8184953,3410,,,,,,,,,,,,,1500,1500,0.35,0,0,34.5,49.156,49.25,6565,14.88,67.2,1
1783523488.8700736,3411,16,person,0,782,1,1256,338,0.368,1019,169,379,-191,1700,1650,0.35,0,0,34.5,49.156,49.25,6565,18.89,52.9,0
1783523488.915082,3412,,,,,,,,,,,,,1500,1500,0.35,0,0,34.5,49.156,49.25,6565,14.77,67.7,1
1783523488.9676204,3413,,,,,,,,,,,,,1500,1500,0.35,0,0,34.5,49.156,49.25,6565,14.55,68.7,1
1783523489.0248816,3414,16,person,0,625,3,1280,602,0.458,952,302,312,-58,1700,1611,0.35,0,0,34.5,49.156,49.25,6565,18.96,52.8,0
1783523489.080925,3415,,,,,,,,,,,,,1500,1500,0.35,0,0,34.5,49.656,49.093,6486,15.76,63.5,1
1783523489.1382024,3416,,,,,,,,,,,,,1500,1500,0.35,0,0,34.5,49.656,49.093,6486,15.57,64.2,1
1783523489.1835005,3417,,,,,,,,,,,,,1500,1500,0.35,0,0,34.5,49.656,49.093,6486,14.71,68.0,1
1783523489.2279584,3418,,,,,,,,,,,,,1500,1500,0.35,0,0,34.5,49.656,49.093,6486,15.02,66.6,1
1783523489.2705514,3419,,,,,,,,,,,,,1500,1500,0.35,0,0,34.5,49.656,49.093,6486,14.58,68.6,1
1783523489.3178113,3420,,,,,,,,,,,,,1500,1500,0.35,0,0,34.5,49.656,49.093,6486,17.52,57.1,1
1783523489.3616815,3421,,,,,,,,,,,,,1500,1500,0.35,0,0,34.5,49.656,49.093,6486,16.09,62.2,1
1783523489.3954954,3422,,,,,,,,,,,,,1500,1500,0.35,0,0,34.5,49.656,49.093,6486,15.01,66.6,1
1783523489.4391367,3423,,,,,,,,,,,,,1500,1500,0.35,0,0,34.5,49.656,49.093,6486,14.62,68.4,1
1783523489.4831817,3424,,,,,,,,,,,,,1500,1500,0.35,0,0,34.5,49.656,49.093,6486,14.7,68.0,1
1783523489.5266445,3425,,,,,,,,,,,,,1500,1500,0.35,0,0,34.5,49.656,49.093,6486,15.16,66.0,1
1783523489.5684392,3426,,,,,,,,,,,,,1500,1500,0.35,0,0,34.5,49.281,49.312,6486,14.53,68.8,1
1783523489.6123965,3427,,,,,,,,,,,,,1500,1500,0.35,0,0,34.5,49.281,49.312,6486,14.75,67.8,1
1783523489.6553082,3428,,,,,,,,,,,,,1500,1500,0.35,0,0,34.5,49.281,49.312,6486,15.19,65.8,1
1783523489.6968837,3429,,,,,,,,,,,,,1500,1500,0.35,0,0,34.5,49.281,49.312,6486,14.96,66.9,1
1783523489.7382112,3430,,,,,,,,,,,,,1500,1500,0.35,0,0,34.5,49.281,49.312,6486,14.58,68.6,1
1783523489.7809823,3431,,,,,,,,,,,,,1500,1500,0.35,0,0,34.5,49.281,49.312,6486,14.71,68.0,1
1783523489.8234854,3432,,,,,,,,,,,,,1500,1500,0.35,0,0,34.5,49.281,49.312,6486,15.07,66.4,1
1783523489.865282,3433,,,,,,,,,,,,,1500,1500,0.35,0,0,34.5,49.281,49.312,6486,14.7,68.0,1
1783523489.8986447,3434,,,,,,,,,,,,,1500,1500,0.35,0,0,34.5,49.281,49.312,6486,14.64,68.3,1
1783523489.9408975,3435,,,,,,,,,,,,,1500,1500,0.35,0,0,34.5,49.281,49.312,6486,14.61,68.5,1
1783523489.9827156,3436,,,,,,,,,,,,,1500,1500,0.35,0,0,34.5,49.281,49.312,6486,14.7,68.0,1
1783523490.0245655,3437,,,,,,,,,,,,,1500,1500,0.35,0,0,34.5,49.281,49.312,6486,15.06,66.4,1
1783523490.0655696,3438,,,,,,,,,,,,,1500,1500,0.35,0,0,34.5,49.593,49.5,6486,14.7,68.0,1
1783523490.107891,3439,,,,,,,,,,,,,1500,1500,0.35,0,0,34.5,49.593,49.5,6486,14.62,68.4,1
1783523490.150314,3440,,,,,,,,,,,,,1500,1500,0.35,0,0,34.5,49.593,49.5,6486,14.7,68.0,1
1783523490.1940265,3441,,,,,,,,,,,,,1500,1500,0.35,0,0,34.5,49.593,49.5,6486,15.15,66.0,1
1783523490.2364168,3442,,,,,,,,,,,,,1500,1500,0.35,0,0,34.5,49.593,49.5,6486,14.55,68.7,1
1783523490.2792275,3443,,,,,,,,,,,,,1500,1500,0.35,0,0,34.5,49.593,49.5,6486,14.68,68.1,1
1783523490.323595,3444,,,,,,,,,,,,,1500,1500,0.35,0,0,34.5,49.593,49.5,6486,15.06,66.4,1
1783523490.36629,3445,,,,,,,,,,,,,1500,1500,0.35,0,0,34.5,49.593,49.5,6486,14.64,68.3,1
1783523490.4043527,3446,,,,,,,,,,,,,1500,1500,0.35,0,0,34.5,49.593,49.5,6486,17.53,57.0,1
1783523490.4540296,3447,17,person,0,765,3,1274,556,0.465,1019,279,379,-81,1700,1650,0.35,0,0,34.5,49.593,49.5,6486,18.66,53.6,0
1783523490.5064633,3448,17,person,0,766,3,1272,553,0.456,1019,278,379,-82,1700,1533,0.35,0,0,34.5,49.593,49.5,6486,18.54,53.9,0
1783523490.5558574,3449,17,person,0,767,3,1272,552,0.581,1019,277,379,-83,1700,1534,0.35,0,0,34.5,49.593,49.5,6486,18.91,52.9,0
1783523490.6074448,3450,17,person,0,767,4,1270,548,0.627,1018,276,378,-84,1700,1534,0.35,0,0,34.5,49.312,49.218,6446,20.7,48.3,0
1783523490.662215,3451,17,person,0,765,3,1273,553,0.562,1019,278,379,-82,1700,1531,0.35,0,0,34.5,49.312,49.218,6446,18.92,52.9,0
1783523490.7166421,3452,17,person,0,779,3,1259,519,0.494,1019,261,379,-99,1700,1555,0.35,0,0,34.5,49.312,49.218,6446,18.71,53.5,0
1783523490.7688704,3453,17,person,0,768,3,1268,540,0.481,1018,271,378,-89,1700,1526,0.35,0,0,34.5,49.312,49.218,6446,18.97,52.7,0
1783523490.8189788,3454,17,person,0,804,2,1235,456,0.375,1019,229,379,-131,1700,1595,0.35,0,0,34.5,49.312,49.218,6446,18.73,53.4,0
1783523490.8707578,3455,17,person,0,816,2,1224,422,0.387,1020,212,380,-148,1700,1576,0.35,0,0,34.5,49.312,49.218,6446,18.49,54.1,0
1783523490.9201431,3456,17,person,0,774,3,1264,508,0.469,1019,255,379,-105,1700,1499,0.35,0,0,34.5,49.312,49.218,6446,18.95,52.8,0
1783523490.9701347,3457,17,person,0,761,3,1276,535,0.514,1018,269,378,-91,1700,1523,0.35,0,0,34.5,49.312,49.218,6446,18.69,53.5,0
1783523491.0107222,3458,17,person,0,757,3,1280,545,0.541,1018,274,378,-86,1700,1529,0.35,0,0,34.5,49.312,49.218,6446,18.59,53.8,0
1783523491.0604675,3459,17,person,0,746,3,1280,569,0.529,1013,286,373,-74,1700,1518,0.35,0,0,34.5,49.312,49.218,6446,19.05,52.5,0
1783523491.1091354,3460,17,person,0,752,3,1280,558,0.706,1016,280,376,-80,1700,1539,0.35,0,0,34.5,49.531,49.281,6367,18.58,53.8,0
1783523491.1577816,3461,17,person,0,754,3,1280,554,0.673,1017,278,377,-82,1700,1536,0.35,0,0,34.5,49.531,49.281,6367,18.86,53.0,0
1783523491.2052422,3462,17,person,0,756,3,1280,549,0.641,1018,276,378,-84,1700,1537,0.35,0,0,34.5,49.531,49.281,6367,18.52,54.0,0
1783523491.252704,3463,17,person,0,757,3,1279,547,0.59,1018,275,378,-85,1700,1536,0.35,0,0,34.5,49.531,49.281,6367,18.73,53.4,0
1783523491.3003824,3464,17,person,0,759,4,1280,548,0.52,1019,276,379,-84,1700,1534,0.35,0,0,34.5,49.531,49.281,6367,18.87,53.0,0
1783523491.3475895,3465,17,person,0,786,3,1280,546,0.603,1033,274,393,-86,1700,1538,0.35,0,0,34.5,49.531,49.281,6367,18.62,53.7,0
1783523491.3959286,3466,17,person,0,781,4,1280,538,0.487,1030,271,390,-89,1700,1540,0.35,0,0,34.5,49.531,49.281,6367,18.92,52.9,0
1783523491.4431925,3467,17,person,0,795,4,1280,547,0.608,1037,275,397,-85,1700,1531,0.35,0,0,34.5,49.531,49.281,6367,18.5,54.0,0
1783523491.4935553,3468,17,person,0,806,3,1280,539,0.593,1043,271,403,-89,1700,1541,0.35,0,0,34.5,49.531,49.281,6367,21.24,47.1,0
1783523491.5419233,3469,17,person,0,804,4,1280,545,0.533,1042,274,402,-86,1700,1533,0.35,0,0,34.5,49.531,49.281,6367,19.46,51.4,0
1783523491.583811,3470,17,person,0,804,3,1280,544,0.641,1042,273,402,-87,1700,1537,0.35,0,0,34.5,49.437,49.156,6486,19.37,51.6,0
1783523491.6315746,3471,17,person,0,803,3,1280,541,0.569,1041,272,401,-88,1700,1538,0.35,0,0,34.5,49.437,49.156,6486,18.82,53.1,0
1783523491.6789062,3472,17,person,0,786,3,1279,544,0.536,1032,273,392,-87,1700,1535,0.35,0,0,34.5,49.437,49.156,6486,18.48,54.1,0
1783523491.7273426,3473,17,person,0,797,4,1280,543,0.574,1038,273,398,-87,1700,1536,0.35,0,0,34.5,49.437,49.156,6486,19.13,52.3,0
1783523491.7745612,3474,17,person,0,782,3,1276,546,0.549,1029,274,389,-86,1700,1535,0.35,0,0,34.5,49.437,49.156,6486,18.54,53.9,0
1783523491.8227172,3475,17,person,0,785,3,1277,543,0.567,1031,273,391,-87,1700,1537,0.35,0,0,34.5,49.437,49.156,6486,19.01,52.6,0
1783523491.86958,3476,17,person,0,777,3,1275,549,0.557,1026,276,386,-84,1700,1532,0.35,0,0,34.5,49.437,49.156,6486,18.95,52.8,0
1783523491.9168787,3477,17,person,0,789,3,1280,544,0.649,1034,273,394,-87,1700,1539,0.35,0,0,34.5,49.437,49.156,6486,18.73,53.4,0
1783523491.9641287,3478,17,person,0,785,2,1280,547,0.661,1032,274,392,-86,1700,1535,0.35,0,0,34.5,49.437,49.156,6486,19.04,52.5,0
1783523492.0111375,3479,17,person,0,781,3,1272,539,0.695,1026,271,386,-89,1700,1540,0.35,0,0,34.5,49.437,49.156,6486,18.59,53.8,0
1783523492.0608256,3480,17,person,0,774,3,1270,544,0.704,1022,273,382,-87,1700,1534,0.35,0,0,34.5,49.437,49.156,6486,21.2,47.2,0
1783523492.1068966,3481,17,person,0,772,3,1270,543,0.625,1021,273,381,-87,1700,1536,0.35,0,0,34.5,49.406,49.156,6526,18.39,54.4,0
1783523492.1470792,3482,17,person,0,773,2,1273,543,0.636,1023,272,383,-88,1700,1538,0.35,0,0,34.5,49.406,49.156,6526,18.53,54.0,0
1783523492.1951895,3483,17,person,0,771,2,1271,541,0.586,1021,271,381,-89,1700,1538,0.35,0,0,34.5,49.406,49.156,6526,19.08,52.4,0
1783523492.2420683,3484,17,person,0,775,3,1275,542,0.695,1025,272,385,-88,1700,1536,0.35,0,0,34.5,49.406,49.156,6526,18.61,53.7,0
1783523492.2896316,3485,17,person,0,774,3,1274,540,0.594,1024,271,384,-89,1700,1538,0.35,0,0,34.5,49.406,49.156,6526,18.89,52.9,0
1783523492.3368964,3486,17,person,0,775,3,1279,546,0.645,1027,274,387,-86,1700,1533,0.35,0,0,34.5,49.406,49.156,6526,18.82,53.1,0
1783523492.3840606,3487,17,person,0,787,3,1280,542,0.658,1033,272,393,-88,1700,1539,0.35,0,0,34.5,49.406,49.156,6526,18.86,53.0,0
1783523492.430841,3488,17,person,0,777,3,1279,545,0.635,1028,274,388,-86,1700,1534,0.35,0,0,34.5,49.406,49.156,6526,18.9,52.9,0
1783523492.4775708,3489,17,person,0,776,3,1277,544,0.695,1026,273,386,-87,1700,1537,0.35,0,0,34.5,49.406,49.156,6526,18.55,53.9,0
1783523492.524571,3490,17,person,0,776,3,1276,542,0.7,1026,272,386,-88,1700,1538,0.35,0,0,34.5,49.406,49.156,6526,18.99,52.7,0
1783523492.5702195,3491,17,person,0,776,3,1274,538,0.504,1025,270,385,-90,1700,1540,0.35,0,0,34.5,49.406,49.156,6526,18.6,53.7,0
1783523492.6166143,3492,17,person,0,784,3,1280,537,0.596,1032,270,392,-90,1700,1538,0.35,0,0,34.5,49.468,49.375,6486,18.59,53.8,0
1783523492.663573,3493,17,person,0,786,3,1280,537,0.655,1033,270,393,-90,1700,1538,0.35,0,0,34.5,49.468,49.375,6486,18.95,52.8,0
1783523492.704176,3494,17,person,0,787,2,1280,534,0.67,1033,268,393,-92,1700,1541,0.35,0,0,34.5,49.468,49.375,6486,18.62,53.7,0
1783523492.7524502,3495,17,person,0,777,2,1276,538,0.679,1026,270,386,-90,1700,1535,0.35,0,0,34.5,49.468,49.375,6486,18.74,53.4,0
1783523492.8003879,3496,17,person,0,774,3,1278,545,0.679,1026,274,386,-86,1700,1532,0.35,0,0,34.5,49.468,49.375,6486,18.99,52.7,0
1783523492.8475173,3497,17,person,0,782,2,1280,539,0.648,1031,270,391,-90,1700,1542,0.35,0,0,34.5,49.468,49.375,6486,18.42,54.3,0
1783523492.895728,3498,17,person,0,780,3,1277,537,0.585,1028,270,388,-90,1700,1538,0.35,0,0,34.5,49.468,49.375,6486,18.91,52.9,0
1783523492.9424713,3499,17,person,0,772,3,1279,548,0.602,1025,275,385,-85,1700,1530,0.35,0,0,34.5,49.468,49.375,6486,18.6,53.8,0
1783523492.989746,3500,17,person,0,772,3,1277,546,0.655,1024,274,384,-86,1700,1537,0.35,0,0,34.5,49.468,49.375,6486,19.03,52.5,0
1783523493.035825,3501,17,person,0,781,2,1280,541,0.559,1030,271,390,-89,1700,1540,0.35,0,0,34.5,49.468,49.375,6486,18.82,53.1,0
1783523493.082616,3502,17,person,0,777,2,1280,543,0.652,1028,272,388,-88,1700,1536,0.35,0,0,34.5,49.468,49.375,6486,18.78,53.3,0
1783523493.1302733,3503,17,person,0,791,2,1280,540,0.596,1035,271,395,-89,1700,1538,0.35,0,0,34.5,49.25,49.375,6446,19.38,51.6,0
1783523493.1778936,3504,17,person,0,779,3,1280,547,0.66,1029,275,389,-85,1700,1531,0.35,0,0,34.5,49.25,49.375,6446,19.74,50.7,0
1783523493.226257,3505,17,person,0,777,3,1278,544,0.664,1027,273,387,-87,1700,1538,0.35,0,0,34.5,49.25,49.375,6446,20.32,49.2,0
1783523493.2671099,3506,17,person,0,780,3,1280,550,0.612,1030,276,390,-84,1700,1531,0.35,0,0,34.5,49.25,49.375,6446,19.43,51.5,0
1783523493.315198,3507,17,person,0,779,3,1278,544,0.656,1028,273,388,-87,1700,1539,0.35,0,0,34.5,49.25,49.375,6446,18.66,53.6,0
1783523493.3623517,3508,17,person,0,775,3,1274,542,0.553,1024,272,384,-88,1700,1538,0.35,0,0,34.5,49.25,49.375,6446,18.81,53.2,0
1783523493.4088266,3509,17,person,0,774,3,1272,539,0.521,1023,271,383,-89,1700,1538,0.35,0,0,34.5,49.25,49.375,6446,18.49,54.1,0
1783523493.456795,3510,17,person,0,772,3,1274,542,0.708,1023,272,383,-88,1700,1536,0.35,0,0,34.5,49.25,49.375,6446,19.33,51.7,0
1783523493.5038822,3511,17,person,0,784,3,1280,547,0.596,1032,275,392,-85,1700,1532,0.35,0,0,34.5,49.25,49.375,6446,19.91,50.2,0
1783523493.550336,3512,17,person,0,787,2,1280,542,0.621,1033,272,393,-88,1700,1540,0.35,0,0,34.5,49.25,49.375,6446,18.55,53.9,0
1783523493.5970538,3513,17,person,0,777,2,1275,540,0.621,1026,271,386,-89,1700,1538,0.35,0,0,34.5,49.187,49.156,6486,18.87,53.0,0
1783523493.643632,3514,17,person,0,777,2,1280,548,0.63,1028,275,388,-85,1700,1531,0.35,0,0,34.5,49.187,49.156,6486,18.58,53.8,0
1783523493.690349,3515,17,person,0,786,2,1280,548,0.629,1033,275,393,-85,1700,1536,0.35,0,0,34.5,49.187,49.156,6486,19.45,51.4,0
1783523493.7363164,3516,17,person,0,787,2,1280,540,0.65,1033,271,393,-89,1700,1541,0.35,0,0,34.5,49.187,49.156,6486,18.74,53.4,0
1783523493.7840264,3517,17,person,0,781,3,1279,544,0.574,1030,273,390,-87,1700,1534,0.35,0,0,34.5,49.187,49.156,6486,19.13,52.3,0
1783523493.8251708,3518,17,person,0,776,3,1276,546,0.641,1026,274,386,-86,1700,1535,0.35,0,0,34.5,49.187,49.156,6486,19.14,52.2,0
1783523493.8732846,3519,17,person,0,786,3,1280,549,0.593,1033,276,393,-84,1700,1533,0.35,0,0,34.5,49.187,49.156,6486,18.81,53.2,0
1783523493.9214597,3520,17,person,0,799,3,1258,495,0.435,1028,249,388,-111,1700,1574,0.35,0,0,34.5,49.187,49.156,6486,18.97,52.7,0
1783523493.970014,3521,17,person,0,793,3,1280,531,0.633,1036,267,396,-93,1700,1520,0.35,0,0,34.5,49.187,49.156,6486,18.75,53.3,0
1783523494.0183513,3522,17,person,0,790,3,1280,536,0.565,1035,269,395,-91,1700,1536,0.35,0,0,34.5,49.187,49.156,6486,19.06,52.5,0
1783523494.0652728,3523,17,person,0,779,3,1275,537,0.558,1027,270,387,-90,1700,1536,0.35,0,0,34.5,49.187,49.156,6486,18.93,52.8,0
1783523494.1142113,3524,17,person,0,775,3,1275,541,0.618,1025,272,385,-88,1700,1535,0.35,0,0,34.5,49.343,49.156,6446,19.58,51.1,0
1783523494.164586,3525,17,person,0,773,2,1275,542,0.606,1024,272,384,-88,1700,1537,0.35,0,0,34.5,49.343,49.156,6446,21.25,47.1,0
1783523494.214919,3526,17,person,0,775,3,1275,538,0.423,1025,270,385,-90,1700,1539,0.35,0,0,34.5,49.343,49.156,6446,20.32,49.2,0
1783523494.2651193,3527,17,person,0,772,3,1276,542,0.608,1024,272,384,-88,1700,1535,0.35,0,0,34.5,49.343,49.156,6446,21.44,46.6,0
1783523494.314611,3528,17,person,0,772,3,1272,536,0.507,1022,269,382,-91,1700,1541,0.35,0,0,34.5,49.343,49.156,6446,20.35,49.1,0
1783523494.3646128,3529,17,person,0,771,2,1274,538,0.593,1022,270,382,-90,1700,1536,0.35,0,0,34.5,49.343,49.156,6446,20.84,48.0,0
1783523494.407997,3530,17,person,0,779,3,1280,541,0.569,1029,272,389,-88,1700,1534,0.35,0,0,34.5,49.343,49.156,6446,20.71,48.3,0
1783523494.4601636,3531,17,person,0,777,3,1280,541,0.544,1028,272,388,-88,1700,1537,0.35,0,0,34.5,49.343,49.156,6446,21.16,47.3,0
1783523494.5083842,3532,17,person,0,772,3,1280,546,0.551,1026,274,386,-86,1700,1534,0.35,0,0,34.5,49.343,49.156,6446,19.96,50.1,0
1783523494.556772,3533,17,person,0,769,3,1277,545,0.432,1023,274,383,-86,1700,1536,0.35,0,0,34.5,49.343,49.156,6446,19.35,51.7,0
1783523494.6036835,3534,17,person,0,772,3,1280,545,0.535,1026,274,386,-86,1700,1536,0.35,0,0,34.5,49.343,49.156,6446,18.7,53.5,0
1783523494.6504107,3535,17,person,0,779,3,1280,542,0.595,1029,272,389,-88,1700,1539,0.35,0,0,34.5,49.25,49.312,6486,19.14,52.2,0
1783523494.697401,3536,17,person,0,775,3,1279,542,0.647,1027,272,387,-88,1700,1537,0.35,0,0,34.5,49.25,49.312,6486,19.05,52.5,0
1783523494.7436614,3537,17,person,0,772,3,1276,542,0.475,1024,272,384,-88,1700,1537,0.35,0,0,34.5,49.25,49.312,6486,18.69,53.5,0
1783523494.7935588,3538,17,person,0,773,3,1274,537,0.545,1023,270,383,-90,1700,1540,0.35,0,0,34.5,49.25,49.312,6486,22.46,44.5,0
1783523494.842535,3539,17,person,0,774,3,1277,539,0.499,1025,271,385,-89,1700,1536,0.35,0,0,34.5,49.25,49.312,6486,19.76,50.6,0
1783523494.8952942,3540,17,person,0,783,3,1280,545,0.58,1031,274,391,-86,1700,1533,0.35,0,0,34.5,49.25,49.312,6486,23.25,43.0,0
1783523494.9482317,3541,17,person,0,786,3,1280,550,0.601,1033,276,393,-84,1700,1533,0.35,0,0,34.5,49.25,49.312,6486,21.73,46.0,0
1783523494.9900599,3542,17,person,0,781,3,1280,548,0.577,1030,275,390,-85,1700,1537,0.35,0,0,34.5,49.25,49.312,6486,19.54,51.2,0
1783523495.0386975,3543,17,person,0,774,3,1280,551,0.646,1027,277,387,-83,1700,1533,0.35,0,0,34.5,49.25,49.312,6486,18.87,53.0,0
1783523495.0877893,3544,17,person,0,776,3,1280,551,0.589,1028,277,388,-83,1700,1535,0.35,0,0,34.5,49.25,49.312,6486,19.3,51.8,0
1783523495.135828,3545,17,person,0,771,3,1279,552,0.561,1025,277,385,-83,1700,1535,0.35,0,0,34.5,49.593,49.593,6526,19.76,50.6,0
1783523495.182851,3546,17,person,0,773,3,1276,546,0.521,1024,274,384,-86,1700,1539,0.35,0,0,34.5,49.593,49.593,6526,19.04,52.5,0
1783523495.2298813,3547,17,person,0,773,3,1276,545,0.512,1024,274,384,-86,1700,1536,0.35,0,0,34.5,49.593,49.593,6526,19.02,52.6,0
1783523495.2759504,3548,17,person,0,774,3,1275,542,0.638,1024,272,384,-88,1700,1539,0.35,0,0,34.5,49.593,49.593,6526,18.94,52.8,0
1783523495.3229463,3549,17,person,0,775,3,1277,544,0.556,1026,273,386,-87,1700,1535,0.35,0,0,34.5,49.593,49.593,6526,19.31,51.8,0
1783523495.3692777,3550,17,person,0,773,3,1274,540,0.533,1023,271,383,-89,1700,1539,0.35,0,0,34.5,49.593,49.593,6526,18.74,53.4,0
1783523495.4164824,3551,17,person,0,785,3,1262,510,0.416,1023,256,383,-104,1700,1559,0.35,0,0,34.5,49.593,49.593,6526,18.87,53.0,0
1783523495.4648466,3552,17,person,0,778,3,1276,533,0.533,1027,268,387,-92,1700,1526,0.35,0,0,34.5,49.593,49.593,6526,19.52,51.2,0
1783523495.5127451,3553,17,person,0,771,3,1280,548,0.575,1025,275,385,-85,1700,1528,0.35,0,0,34.5,49.593,49.593,6526,19.18,52.1,0
1783523495.5536416,3554,17,person,0,771,3,1280,546,0.547,1025,274,385,-86,1700,1537,0.35,0,0,34.5,49.593,49.593,6526,19.13,52.3,0
1783523495.6013072,3555,17,person,0,773,3,1280,543,0.536,1026,273,386,-87,1700,1537,0.35,0,0,34.5,49.593,49.593,6526,19.05,52.5,0
1783523495.6492436,3556,17,person,0,772,3,1280,545,0.581,1026,274,386,-86,1700,1535,0.35,0,0,34.5,49.593,49.5,6565,19.28,51.9,0
1783523495.6966681,3557,17,person,0,770,3,1280,550,0.59,1025,276,385,-84,1700,1533,0.35,0,0,34.5,49.593,49.5,6565,19.17,52.2,0
1783523495.744493,3558,17,person,0,767,3,1280,553,0.584,1023,278,383,-82,1700,1532,0.35,0,0,34.5,49.593,49.5,6565,19.06,52.5,0
1783523495.7932024,3559,17,person,0,779,3,1280,547,0.498,1029,275,389,-85,1700,1539,0.35,0,0,34.5,49.593,49.5,6565,20.39,49.0,0
1783523495.8489118,3560,17,person,0,770,3,1280,551,0.589,1025,277,385,-83,1700,1533,0.35,0,0,34.5,49.593,49.5,6565,27.16,36.8,0
1783523495.9050868,3561,17,person,0,769,3,1279,550,0.52,1024,276,384,-84,1700,1536,0.35,0,0,34.5,49.593,49.5,6565,25.09,39.8,0
1783523495.9629743,3562,17,person,0,767,3,1277,550,0.585,1022,276,382,-84,1700,1535,0.35,0,0,34.5,49.593,49.5,6565,25.97,38.5,0
1783523496.0196762,3563,17,person,0,780,3,1268,523,0.441,1024,263,384,-97,1700,1552,0.35,0,0,34.5,49.593,49.5,6565,26.1,38.3,0
1783523496.079686,3564,17,person,0,773,3,1272,534,0.612,1022,268,382,-92,1700,1534,0.35,0,0,34.5,49.593,49.5,6565,27.16,36.8,0
1783523496.1351101,3565,17,person,0,789,3,1280,538,0.506,1034,270,394,-90,1700,1536,0.35,0,0,34.5,49.593,49.468,6526,24.94,40.1,0
1783523496.185365,3566,17,person,0,777,3,1280,549,0.667,1028,276,388,-84,1700,1529,0.35,0,0,34.5,49.593,49.468,6526,25.55,39.1,0
1783523496.245832,3567,17,person,0,775,3,1278,543,0.641,1026,273,386,-87,1700,1539,0.35,0,0,34.5,49.593,49.468,6526,26.69,37.5,0
1783523496.302795,3568,17,person,0,775,3,1278,543,0.644,1026,273,386,-87,1700,1536,0.35,0,0,34.5,49.593,49.468,6526,25.34,39.5,0
1783523496.358997,3569,17,person,0,773,4,1278,545,0.495,1025,274,385,-86,1700,1535,0.35,0,0,34.5,49.593,49.468,6526,24.33,41.1,0
1783523496.4141097,3570,17,person,0,772,4,1280,548,0.62,1026,276,386,-84,1700,1533,0.35,0,0,34.5,49.593,49.468,6526,24.43,40.9,0
1783523496.462309,3571,17,person,0,774,4,1279,545,0.591,1026,274,386,-86,1700,1538,0.35,0,0,34.5,49.593,49.468,6526,20.47,48.9,0
1783523496.5111341,3572,17,person,0,773,4,1278,546,0.598,1025,275,385,-85,1700,1534,0.35,0,0,34.5,49.593,49.468,6526,20.72,48.3,0
1783523496.5699492,3573,17,person,0,772,4,1280,552,0.619,1026,278,386,-82,1700,1532,0.35,0,0,34.5,49.593,49.468,6526,30.68,32.6,0
1783523496.623897,3574,17,person,0,779,3,1280,554,0.64,1029,278,389,-82,1700,1534,0.35,0,0,34.5,49.593,49.468,6526,25.71,38.9,0
1783523496.6786625,3575,17,person,0,774,3,1280,552,0.573,1027,277,387,-83,1700,1536,0.35,0,0,34.5,49.531,49.531,6802,26.81,37.3,0
1783523496.7370224,3576,17,person,0,778,3,1280,557,0.592,1029,280,389,-80,1700,1531,0.35,0,0,34.5,49.531,49.531,6802,29.95,33.4,0
1783523496.7871926,3577,17,person,0,774,3,1279,550,0.566,1026,276,386,-84,1700,1539,0.35,0,0,34.5,49.531,49.531,6802,22.12,45.2,0
1783523496.8337686,3578,17,person,0,788,3,1280,543,0.589,1034,273,394,-87,1700,1540,0.35,0,0,34.5,49.531,49.531,6802,24.83,40.3,0
1783523496.8861604,3579,17,person,0,787,3,1280,545,0.544,1033,274,393,-86,1700,1535,0.35,0,0,34.5,49.531,49.531,6802,22.48,44.5,0
1783523496.937002,3580,17,person,0,786,3,1280,543,0.525,1033,273,393,-87,1700,1537,0.35,0,0,34.5,49.531,49.531,6802,22.54,44.4,0
1783523496.9834404,3581,17,person,0,778,3,1280,556,0.533,1029,279,389,-81,1700,1527,0.35,0,0,34.5,49.531,49.531,6802,18.53,54.0,0
1783523497.0300415,3582,17,person,0,779,3,1274,543,0.458,1026,273,386,-87,1700,1543,0.35,0,0,34.5,49.531,49.531,6802,18.34,54.5,0
1783523497.0772078,3583,17,person,0,780,3,1276,542,0.582,1028,272,388,-88,1700,1538,0.35,0,0,34.5,49.531,49.531,6802,18.17,55.0,0
1783523497.122961,3584,17,person,0,774,3,1276,549,0.484,1025,276,385,-84,1700,1531,0.35,0,0,34.5,49.531,49.531,6802,18.46,54.2,0
1783523497.1687658,3585,17,person,0,773,3,1278,552,0.613,1025,277,385,-83,1700,1534,0.35,0,0,34.5,49.437,49.5,6723,18.26,54.7,0
1783523497.2144127,3586,17,person,0,773,3,1277,550,0.436,1025,276,385,-84,1700,1536,0.35,0,0,34.5,49.437,49.5,6723,18.29,54.7,0
1783523497.2612562,3587,17,person,0,786,3,1280,553,0.576,1033,278,393,-82,1700,1532,0.35,0,0,34.5,49.437,49.5,6723,19.3,51.8,0
1783523497.308987,3588,17,person,0,791,3,1280,550,0.596,1035,276,395,-84,1700,1537,0.35,0,0,34.5,49.437,49.5,6723,19.43,51.5,0
1783523497.355085,3589,17,person,0,786,4,1280,548,0.617,1033,276,393,-84,1700,1535,0.35,0,0,34.5,49.437,49.5,6723,18.57,53.8,0
1783523497.3951328,3590,17,person,0,793,3,1280,542,0.612,1036,272,396,-88,1700,1542,0.35,0,0,34.5,49.437,49.5,6723,18.21,54.9,0
1783523497.4424593,3591,17,person,0,793,3,1280,540,0.483,1036,271,396,-89,1700,1538,0.35,0,0,34.5,49.437,49.5,6723,18.11,55.2,0
1783523497.4883006,3592,17,person,0,782,3,1276,546,0.562,1029,274,389,-86,1700,1533,0.35,0,0,34.5,49.437,49.5,6723,18.27,54.7,0
1783523497.5347219,3593,17,person,0,782,4,1280,552,0.621,1031,278,391,-82,1700,1530,0.35,0,0,34.5,49.437,49.5,6723,18.27,54.7,0
1783523497.5804243,3594,17,person,0,790,3,1280,551,0.633,1035,277,395,-83,1700,1536,0.35,0,0,34.5,49.437,49.5,6723,18.22,54.9,0
1783523497.6265113,3595,17,person,0,798,3,1280,549,0.57,1039,276,399,-84,1700,1536,0.35,0,0,34.5,49.437,49.5,6723,18.27,54.7,0
1783523497.671947,3596,17,person,0,796,3,1280,539,0.615,1038,271,398,-89,1700,1543,0.35,0,0,34.5,49.531,49.375,6605,18.11,55.2,0
1783523497.7176347,3597,17,person,0,793,3,1280,544,0.614,1036,273,396,-87,1700,1534,0.35,0,0,34.5,49.531,49.375,6605,18.15,55.1,0
1783523497.7632487,3598,17,person,0,802,3,1280,543,0.609,1041,273,401,-87,1700,1536,0.35,0,0,34.5,49.531,49.375,6605,18.18,55.0,0
1783523497.808859,3599,17,person,0,795,3,1280,546,0.595,1037,274,397,-86,1700,1535,0.35,0,0,34.5,49.531,49.375,6605,18.11,55.2,0
1783523497.8564196,3600,17,person,0,796,3,1280,544,0.569,1038,273,398,-87,1700,1537,0.35,0,0,34.5,49.531,49.375,6605,19.1,52.4,0
1783523497.9021807,3601,17,person,0,792,4,1275,541,0.552,1033,272,393,-88,1700,1538,0.35,0,0,34.5,49.531,49.375,6605,18.5,54.1,0
1783523497.9422817,3602,17,person,0,786,3,1273,543,0.563,1029,273,389,-87,1700,1535,0.35,0,0,34.5,49.531,49.375,6605,18.59,53.8,0
1783523497.990186,3603,17,person,0,784,3,1273,544,0.628,1028,273,388,-87,1700,1536,0.35,0,0,34.5,49.531,49.375,6605,18.68,53.5,0
1783523498.0368388,3604,17,person,0,787,3,1275,544,0.587,1031,273,391,-87,1700,1536,0.35,0,0,34.5,49.531,49.375,6605,18.5,54.1,0
1783523498.0831947,3605,17,person,0,797,3,1280,550,0.595,1038,276,398,-84,1700,1532,0.35,0,0,34.5,49.531,49.375,6605,18.67,53.6,0
1783523498.1302502,3606,17,person,0,795,3,1280,546,0.597,1037,274,397,-86,1700,1538,0.35,0,0,34.5,49.531,49.375,6605,18.82,53.1,0
1783523498.1770399,3607,17,person,0,793,3,1279,544,0.549,1036,273,396,-87,1700,1537,0.35,0,0,34.5,49.437,49.406,6565,18.57,53.8,0
1783523498.223212,3608,17,person,0,787,3,1276,546,0.593,1031,274,391,-86,1700,1535,0.35,0,0,34.5,49.437,49.406,6565,18.69,53.5,0
1783523498.2705457,3609,17,person,0,787,4,1280,553,0.627,1033,278,393,-82,1700,1530,0.35,0,0,34.5,49.437,49.406,6565,19.86,50.3,0
1783523498.3289635,3610,17,person,0,798,3,1280,546,0.605,1039,274,399,-86,1700,1539,0.35,0,0,34.5,49.437,49.406,6565,31.17,32.1,0
1783523498.3811274,3611,17,person,0,798,3,1280,546,0.545,1039,274,399,-86,1700,1536,0.35,0,0,34.5,49.437,49.406,6565,24.19,41.3,0
1783523498.4322681,3612,17,person,0,800,3,1280,546,0.637,1040,274,400,-86,1700,1536,0.35,0,0,34.5,49.437,49.406,6565,23.77,42.1,0
1783523498.4837992,3613,17,person,0,792,3,1276,545,0.642,1034,274,394,-86,1700,1536,0.35,0,0,34.5,49.437,49.406,6565,24.1,41.5,0
1783523498.5290244,3614,17,person,0,794,3,1280,548,0.544,1037,275,397,-85,1700,1534,0.35,0,0,34.5,49.437,49.406,6565,23.79,42.0,0
1783523498.581581,3615,17,person,0,797,3,1280,548,0.569,1038,275,398,-85,1700,1536,0.35,0,0,34.5,49.437,49.406,6565,22.96,43.6,0
1783523498.6322055,3616,17,person,0,784,3,1276,554,0.472,1030,278,390,-82,1700,1531,0.35,0,0,34.5,49.437,49.406,6565,22.44,44.6,0
1783523498.6794653,3617,17,person,0,783,4,1274,553,0.614,1028,278,388,-82,1700,1534,0.35,0,0,34.5,49.281,49.281,6684,18.66,53.6,0
1783523498.7260768,3618,17,person,0,783,4,1275,553,0.612,1029,278,389,-82,1700,1534,0.35,0,0,34.5,49.281,49.281,6684,18.55,53.9,0
1783523498.7715874,3619,17,person,0,787,3,1276,548,0.41,1031,275,391,-85,1700,1539,0.35,0,0,34.5,49.281,49.281,6684,18.5,54.0,0
1783523498.8184094,3620,17,person,0,785,4,1272,544,0.578,1028,274,388,-86,1700,1537,0.35,0,0,34.5,49.281,49.281,6684,18.98,52.7,0
1783523498.865906,3621,17,person,0,787,4,1274,543,0.594,1030,273,390,-87,1700,1537,0.35,0,0,34.5,49.281,49.281,6684,20.11,49.7,0
1783523498.9156475,3622,17,person,0,791,3,1276,541,0.54,1033,272,393,-88,1700,1538,0.35,0,0,34.5,49.281,49.281,6684,22.31,44.8,0
1783523498.9641097,3623,17,person,0,792,4,1275,539,0.58,1033,271,393,-89,1700,1538,0.35,0,0,34.5,49.281,49.281,6684,20.96,47.7,0
1783523499.0171888,3624,17,person,0,800,3,1280,545,0.526,1040,274,400,-86,1700,1533,0.35,0,0,34.5,49.281,49.281,6684,24.89,40.2,0
1783523499.0748467,3625,17,person,0,788,3,1280,551,0.497,1034,277,394,-83,1700,1532,0.35,0,0,34.5,49.281,49.281,6684,29.14,34.3,0
1783523499.1208487,3626,17,person,0,788,3,1276,544,0.513,1032,273,392,-87,1700,1541,0.35,0,0,34.5,49.281,49.281,6684,24.35,41.1,0
1783523499.1735284,3627,17,person,0,786,4,1275,546,0.581,1030,275,390,-85,1700,1534,0.35,0,0,34.6,49.468,49.281,6684,23.55,42.5,0
1783523499.2219281,3628,17,person,0,784,4,1273,543,0.658,1028,273,388,-87,1700,1538,0.35,0,0,34.6,49.468,49.281,6684,20.01,50.0,0
1783523499.2688394,3629,17,person,0,800,3,1280,543,0.567,1040,273,400,-87,1700,1536,0.35,0,0,34.6,49.468,49.281,6684,18.56,53.9,0
1783523499.3209386,3630,17,person,0,800,3,1280,548,0.535,1040,275,400,-85,1700,1534,0.35,0,0,34.6,49.468,49.281,6684,23.3,42.9,0
1783523499.367157,3631,17,person,0,795,4,1279,543,0.593,1037,273,397,-87,1700,1538,0.35,0,0,34.6,49.468,49.281,6684,18.75,53.3,0
1783523499.4153183,3632,17,person,0,798,3,1280,545,0.586,1039,274,399,-86,1700,1535,0.35,0,0,34.6,49.468,49.281,6684,19.11,52.3,0
1783523499.4700682,3633,17,person,0,792,3,1280,547,0.493,1036,275,396,-85,1700,1535,0.35,0,0,34.6,49.468,49.281,6684,26.78,37.3,0
1783523499.5192869,3634,17,person,0,787,4,1275,548,0.571,1031,276,391,-84,1700,1534,0.35,0,0,34.6,49.468,49.281,6684,21.6,46.3,0
1783523499.5723555,3635,17,person,0,793,3,1278,544,0.599,1035,273,395,-87,1700,1539,0.35,0,0,34.6,49.468,49.281,6684,25.27,39.6,0
1783523499.6238678,3636,17,person,0,791,3,1275,541,0.568,1033,272,393,-88,1700,1538,0.35,0,0,34.6,49.468,49.281,6684,23.7,42.2,0
1783523499.6697905,3637,17,person,0,783,3,1273,546,0.63,1028,274,388,-86,1700,1534,0.35,0,0,34.6,49.343,49.187,6605,18.45,54.2,0
1783523499.7100482,3638,17,person,0,792,3,1280,553,0.539,1036,278,396,-82,1700,1529,0.35,0,0,34.6,49.343,49.187,6605,18.55,53.9,0
1783523499.7594688,3639,17,person,0,790,3,1280,549,0.677,1035,276,395,-84,1700,1537,0.35,0,0,34.6,49.343,49.187,6605,18.87,53.0,0
1783523499.8062215,3640,17,person,0,786,3,1277,550,0.604,1031,276,391,-84,1700,1535,0.35,0,0,34.6,49.343,49.187,6605,18.42,54.3,0
1783523499.8537686,3641,17,person,0,784,3,1277,551,0.63,1030,277,390,-83,1700,1534,0.35,0,0,34.6,49.343,49.187,6605,19.05,52.5,0
1783523499.9006271,3642,17,person,0,781,3,1275,550,0.656,1028,276,388,-84,1700,1536,0.35,0,0,34.6,49.343,49.187,6605,18.9,52.9,0
1783523499.9479356,3643,17,person,0,795,3,1280,548,0.547,1037,275,397,-85,1700,1537,0.35,0,0,34.6,49.343,49.187,6605,18.71,53.5,0
1783523499.9963436,3644,17,person,0,787,3,1270,537,0.543,1028,270,388,-90,1700,1543,0.35,0,0,34.6,49.343,49.187,6605,18.95,52.8,0
1783523500.0455732,3645,17,person,0,796,3,1275,533,0.596,1035,268,395,-92,1700,1540,0.35,0,0,34.6,49.343,49.187,6605,19.83,50.4,0
1783523500.0938823,3646,17,person,0,799,3,1278,533,0.425,1038,268,398,-92,1700,1538,0.35,0,0,34.6,49.343,49.187,6605,18.92,52.9,0
1783523500.1411564,3647,17,person,0,790,3,1280,548,0.534,1035,275,395,-85,1700,1528,0.35,0,0,34.6,49.343,49.187,6605,18.47,54.2,0
1783523500.193479,3648,17,person,0,792,3,1280,550,0.382,1036,276,396,-84,1700,1534,0.35,0,0,34.6,49.593,49.468,6486,22.4,44.6,0
1783523500.2421896,3649,17,person,0,810,3,1280,542,0.398,1045,272,405,-88,1700,1541,0.35,0,0,34.6,49.593,49.468,6486,18.8,53.2,0
1783523500.2769015,3650,,,,,,,,,,,,,1500,1500,0.35,0,0,34.6,49.593,49.468,6486,14.92,67.0,1
1783523500.3272624,3651,17,person,0,819,4,1280,539,0.414,1049,271,409,-89,1700,1650,0.35,0,0,34.6,49.593,49.468,6486,19.03,52.5,0
1783523500.3772624,3652,17,person,0,833,4,1280,512,0.437,1056,258,416,-102,1700,1553,0.35,0,0,34.6,49.593,49.468,6486,18.57,53.8,0
1783523500.4287703,3653,17,person,0,883,3,1247,398,0.638,1065,200,425,-160,1700,1620,0.35,0,0,34.6,49.593,49.468,6486,18.95,52.8,0
1783523500.4783826,3654,17,person,0,904,2,1232,345,0.524,1068,173,428,-187,1700,1602,0.35,0,0,34.6,49.593,49.468,6486,18.55,53.9,0
1783523500.5294561,3655,17,person,0,905,3,1229,330,0.493,1067,166,427,-194,1700,1585,0.35,0,0,34.6,49.593,49.468,6486,18.85,53.1,0
1783523500.5772645,3656,,,,,,,,,,,,,1500,1500,0.35,0,0,34.6,49.593,49.468,6486,18.07,55.3,1
1783523500.6279712,3657,17,person,0,897,1,1233,329,0.535,1065,165,425,-195,1700,1650,0.35,0,0,34.6,49.593,49.468,6486,19.06,52.5,0
1783523500.677993,3658,17,person,0,893,0,1240,330,0.59,1066,165,426,-195,1700,1578,0.35,0,0,34.6,49.343,49.406,6407,18.74,53.4,0
1783523500.727086,3659,17,person,0,891,0,1247,331,0.609,1069,165,429,-195,1700,1578,0.35,0,0,34.6,49.343,49.406,6407,18.95,52.8,0
1783523500.7778,3660,17,person,0,888,0,1252,333,0.521,1070,166,430,-194,1700,1577,0.35,0,0,34.6,49.343,49.406,6407,21.86,45.7,0
1783523500.8266113,3661,17,person,0,887,0,1258,336,0.474,1072,168,432,-192,1700,1575,0.35,0,0,34.6,49.343,49.406,6407,18.89,52.9,0
1783523500.8667285,3662,17,person,0,889,0,1263,335,0.54,1076,167,436,-193,1700,1579,0.35,0,0,34.6,49.343,49.406,6407,18.86,53.0,0
1783523500.9149957,3663,17,person,0,891,0,1265,334,0.47,1078,167,438,-193,1700,1578,0.35,0,0,34.6,49.343,49.406,6407,18.61,53.7,0
1783523500.9676895,3664,17,person,0,887,0,1266,335,0.523,1076,167,436,-193,1700,1578,0.35,0,0,34.6,49.343,49.406,6407,23.07,43.3,0
1783523501.01583,3665,17,person,0,885,1,1268,338,0.514,1076,169,436,-191,1700,1575,0.35,0,0,34.6,49.343,49.406,6407,18.83,53.1,0
1783523501.064075,3666,17,person,0,884,1,1271,340,0.516,1077,170,437,-190,1700,1576,0.35,0,0,34.6,49.343,49.406,6407,18.97,52.7,0
1783523501.1112092,3667,17,person,0,882,1,1271,340,0.524,1076,170,436,-190,1700,1577,0.35,0,0,34.6,49.343,49.406,6407,18.62,53.7,0
1783523501.1582093,3668,17,person,0,882,1,1272,340,0.505,1077,170,437,-190,1700,1578,0.35,0,0,34.6,49.343,49.406,6407,18.72,53.4,0
1783523501.2041879,3669,17,person,0,881,2,1275,342,0.47,1078,172,438,-188,1700,1575,0.35,0,0,34.6,49.718,49.406,6486,18.55,53.9,0
1783523501.2518315,3670,17,person,0,872,2,1279,354,0.569,1075,178,435,-182,1700,1568,0.35,0,0,34.6,49.718,49.406,6486,18.98,52.7,0
1783523501.2992465,3671,17,person,0,868,2,1279,358,0.508,1073,180,433,-180,1700,1571,0.35,0,0,34.6,49.718,49.406,6486,18.91,52.9,0
1783523501.3461807,3672,17,person,0,871,2,1278,355,0.494,1074,178,434,-182,1700,1576,0.35,0,0,34.6,49.718,49.406,6486,18.71,53.4,0
1783523501.3966577,3673,17,person,0,882,2,1275,340,0.509,1078,171,438,-189,1700,1584,0.35,0,0,34.6,49.718,49.406,6486,22.09,45.3,0
1783523501.437079,3674,17,person,0,882,2,1274,338,0.47,1078,170,438,-190,1700,1579,0.35,0,0,34.6,49.718,49.406,6486,18.61,53.7,0
1783523501.4878283,3675,17,person,0,882,2,1274,338,0.519,1078,170,438,-190,1700,1578,0.35,0,0,34.6,49.718,49.406,6486,21.26,47.0,0
1783523501.5343828,3676,17,person,0,882,2,1275,338,0.52,1078,170,438,-190,1700,1578,0.35,0,0,34.6,49.718,49.406,6486,18.68,53.5,0
1783523501.586317,3677,17,person,0,871,2,1275,347,0.514,1073,174,433,-186,1700,1572,0.35,0,0,34.6,49.718,49.406,6486,24.83,40.3,0
1783523501.6331298,3678,17,person,0,860,2,1277,357,0.51,1068,179,428,-181,1700,1569,0.35,0,0,34.6,49.718,49.406,6486,18.83,53.1,0
1783523501.6801522,3679,17,person,0,869,2,1277,350,0.459,1073,176,433,-184,1700,1578,0.35,0,0,34.6,49.718,49.406,6486,18.77,53.3,0
1783523501.7275677,3680,17,person,0,873,2,1280,352,0.533,1076,177,436,-183,1700,1574,0.35,0,0,34.6,49.343,49.437,6486,18.85,53.0,0
1783523501.774109,3681,17,person,0,871,2,1280,351,0.448,1075,176,435,-184,1700,1576,0.35,0,0,34.6,49.343,49.437,6486,18.53,54.0,0
1783523501.8213727,3682,17,person,0,873,2,1280,352,0.45,1076,177,436,-183,1700,1574,0.35,0,0,34.6,49.343,49.437,6486,18.84,53.1,0
1783523501.8676922,3683,17,person,0,848,2,1280,399,0.481,1064,200,424,-160,1700,1541,0.35,0,0,34.6,49.343,49.437,6486,18.59,53.8,0
1783523501.9164853,3684,17,person,0,811,3,1280,469,0.469,1045,236,405,-124,1700,1514,0.35,0,0,34.6,49.343,49.437,6486,18.7,53.5,0
1783523501.9649286,3685,17,person,0,836,2,1280,429,0.452,1058,215,418,-145,1700,1581,0.35,0,0,34.6,49.343,49.437,6486,18.8,53.2,0
1783523502.004964,3686,17,person,0,852,2,1280,402,0.417,1066,202,426,-158,1700,1581,0.35,0,0,34.6,49.343,49.437,6486,18.56,53.9,0
1783523502.053805,3687,17,person,0,865,2,1280,378,0.413,1072,190,432,-170,1700,1582,0.35,0,0,34.6,49.343,49.437,6486,18.99,52.7,0
1783523502.101752,3688,17,person,0,867,3,1280,379,0.445,1073,191,433,-169,1700,1568,0.35,0,0,34.6,49.343,49.437,6486,18.81,53.2,0
1783523502.154127,3689,17,person,0,833,3,1280,438,0.448,1056,220,416,-140,1700,1530,0.35,0,0,34.6,49.343,49.437,6486,23.52,42.5,0
1783523502.205267,3690,17,person,0,854,3,1280,403,0.421,1067,203,427,-157,1700,1581,0.35,0,0,34.6,49.281,49.375,6446,21.44,46.6,0
1783523502.2535312,3691,17,person,0,845,2,1280,412,0.45,1062,207,422,-153,1700,1559,0.35,0,0,34.6,49.281,49.375,6446,19.03,52.6,0
1783523502.3006043,3692,17,person,0,858,2,1280,393,0.508,1069,197,429,-163,1700,1577,0.35,0,0,34.6,49.281,49.375,6446,18.63,53.7,0
1783523502.348098,3693,17,person,0,882,2,1270,357,0.453,1076,179,436,-181,1700,1593,0.35,0,0,34.6,49.281,49.375,6446,18.7,53.5,0
1783523502.3962646,3694,17,person,0,860,2,1280,388,0.52,1070,195,430,-165,1700,1551,0.35,0,0,34.6,49.281,49.375,6446,18.89,52.9,0
1783523502.443443,3695,17,person,0,864,2,1277,380,0.442,1070,191,430,-169,1700,1573,0.35,0,0,34.6,49.281,49.375,6446,18.58,53.8,0
1783523502.4908366,3696,17,person,0,856,2,1277,386,0.513,1066,194,426,-166,1700,1565,0.35,0,0,34.6,49.281,49.375,6446,18.99,52.7,0
1783523502.5377536,3697,17,person,0,869,2,1275,373,0.433,1072,187,432,-173,1700,1578,0.35,0,0,34.6,49.281,49.375,6446,18.56,53.9,0
1783523502.5779138,3698,17,person,0,822,3,1280,457,0.435,1051,230,411,-130,1700,1500,0.35,0,0,34.6,49.281,49.375,6446,18.6,53.8,0
1783523502.627164,3699,17,person,0,857,2,1280,403,0.419,1068,202,428,-158,1700,1593,0.35,0,0,34.6,49.281,49.375,6446,18.92,52.9,0
1783523502.675466,3700,17,person,0,870,2,1280,384,0.434,1075,193,435,-167,1700,1578,0.35,0,0,34.6,49.281,49.375,6446,18.55,53.9,0
1783523502.7236788,3701,17,person,0,852,2,1280,405,0.473,1066,203,426,-157,1700,1554,0.35,0,0,34.6,49.5,49.5,6486,18.97,52.7,0
1783523502.7716272,3702,17,person,0,859,2,1278,391,0.395,1068,196,428,-164,1700,1574,0.35,0,0,34.6,49.5,49.5,6486,18.51,54.0,0
1783523502.8189392,3703,17,person,0,865,2,1270,374,0.426,1067,188,427,-172,1700,1579,0.35,0,0,34.6,49.5,49.5,6486,18.86,53.0,0
1783523502.8712978,3704,17,person,0,816,3,1280,466,0.38,1048,234,408,-126,1700,1508,0.35,0,0,34.6,49.5,49.5,6486,23.71,42.2,0
1783523502.920008,3705,17,person,0,806,3,1280,490,0.443,1043,246,403,-114,1700,1535,0.35,0,0,34.6,49.5,49.5,6486,19.15,52.2,0
1783523502.9676738,3706,17,person,0,806,2,1280,494,0.49,1043,248,403,-112,1700,1544,0.35,0,0,34.6,49.5,49.5,6486,18.69,53.5,0
1783523503.0146976,3707,17,person,0,811,2,1280,492,0.526,1045,247,405,-113,1700,1548,0.35,0,0,34.6,49.5,49.5,6486,18.95,52.8,0
1783523503.0615098,3708,17,person,0,812,2,1280,498,0.462,1046,250,406,-110,1700,1542,0.35,0,0,34.6,49.5,49.5,6486,18.94,52.8,0
1783523503.108289,3709,17,person,0,816,2,1280,495,0.501,1048,248,408,-112,1700,1548,0.35,0,0,34.6,49.5,49.5,6486,18.88,53.0,0
1783523503.1491826,3710,17,person,0,817,3,1280,497,0.494,1048,250,408,-110,1700,1543,0.35,0,0,34.6,49.5,49.5,6486,18.68,53.5,0
1783523503.197318,3711,17,person,0,820,3,1280,499,0.523,1050,251,410,-109,1700,1544,0.35,0,0,34.6,49.5,49.5,6486,18.91,52.9,0
1783523503.2445438,3712,17,person,0,830,2,1280,482,0.489,1055,242,415,-118,1700,1558,0.35,0,0,34.6,49.281,49.656,6407,18.64,53.6,0
1783523503.2923627,3713,17,person,0,839,2,1280,473,0.521,1059,237,419,-123,1700,1556,0.35,0,0,34.6,49.281,49.656,6407,18.84,53.1,0
1783523503.339337,3714,17,person,0,872,2,1265,401,0.453,1068,201,428,-159,1700,1603,0.35,0,0,34.6,49.281,49.656,6407,18.56,53.9,0
1783523503.3875768,3715,17,person,0,877,2,1260,387,0.477,1068,194,428,-166,1700,1575,0.35,0,0,34.6,49.281,49.656,6407,19.03,52.6,0
1783523503.4347005,3716,17,person,0,864,2,1270,410,0.486,1067,206,427,-154,1700,1550,0.35,0,0,34.6,49.281,49.656,6407,18.52,54.0,0
1783523503.4819405,3717,17,person,0,844,2,1280,446,0.524,1062,224,422,-136,1700,1537,0.35,0,0,34.6,49.281,49.656,6407,18.68,53.5,0
1783523503.5292087,3718,17,person,0,836,2,1280,464,0.515,1058,233,418,-127,1700,1543,0.35,0,0,34.6,49.281,49.656,6407,18.84,53.1,0
1783523503.5762112,3719,17,person,0,857,2,1271,418,0.471,1064,210,424,-150,1700,1586,0.35,0,0,34.6,49.281,49.656,6407,18.67,53.6,0
1783523503.6291072,3720,17,person,0,834,2,1280,469,0.461,1057,235,417,-125,1700,1528,0.35,0,0,34.6,49.281,49.656,6407,24.19,41.3,0
1783523503.6768486,3721,17,person,0,841,2,1280,466,0.469,1060,234,420,-126,1700,1553,0.35,0,0,34.6,49.281,49.656,6407,18.81,53.1,0
1783523503.717852,3722,17,person,0,842,2,1280,462,0.466,1061,232,421,-128,1700,1555,0.35,0,0,34.6,49.781,49.343,6486,18.95,52.8,0
1783523503.7668555,3723,17,person,0,835,3,1280,483,0.447,1057,243,417,-117,1700,1537,0.35,0,0,34.6,49.781,49.343,6486,20.08,49.8,0
1783523503.8151603,3724,17,person,0,834,3,1280,481,0.537,1057,242,417,-118,1700,1550,0.35,0,0,34.6,49.781,49.343,6486,18.82,53.1,0
1783523503.8625867,3725,17,person,0,865,3,1266,414,0.486,1065,208,425,-152,1700,1598,0.35,0,0,34.6,49.781,49.343,6486,18.95,52.8,0
1783523503.9125524,3726,17,person,0,841,3,1280,463,0.552,1060,233,420,-127,1700,1527,0.35,0,0,34.6,49.781,49.343,6486,20.15,49.6,0
1783523503.9606593,3727,17,person,0,883,3,1259,382,0.448,1071,192,431,-168,1700,1611,0.35,0,0,34.6,49.781,49.343,6486,18.91,52.9,0
1783523504.0090241,3728,17,person,0,881,3,1251,369,0.489,1066,186,426,-174,1700,1577,0.35,0,0,34.6,49.781,49.343,6486,18.67,53.6,0
1783523504.0582206,3729,17,person,0,847,3,1277,432,0.452,1062,217,422,-143,1700,1527,0.35,0,0,34.6,49.781,49.343,6486,19.83,50.4,0
1783523504.1058185,3730,17,person,0,853,2,1275,421,0.499,1064,211,424,-149,1700,1567,0.35,0,0,34.6,49.781,49.343,6486,18.44,54.2,0
1783523504.1534336,3731,17,person,0,839,3,1280,452,0.557,1059,227,419,-133,1700,1538,0.35,0,0,34.6,49.781,49.343,6486,18.97,52.7,0
1783523504.2011395,3732,17,person,0,880,3,1264,379,0.402,1072,191,432,-169,1700,1607,0.35,0,0,34.6,49.781,49.343,6486,18.7,53.5,0
1783523504.2492867,3733,17,person,0,835,3,1280,462,0.451,1057,232,417,-128,1700,1510,0.35,0,0,34.6,49.5,49.375,6526,18.78,53.3,0
1783523504.2900765,3734,17,person,0,824,3,1280,484,0.423,1052,243,412,-117,1700,1535,0.35,0,0,34.6,49.5,49.375,6526,18.99,52.7,0
1783523504.3383248,3735,17,person,0,821,3,1280,494,0.51,1050,248,410,-112,1700,1541,0.35,0,0,34.6,49.5,49.375,6526,18.55,53.9,0
1783523504.386257,3736,17,person,0,820,3,1280,500,0.468,1050,251,410,-109,1700,1542,0.35,0,0,34.6,49.5,49.375,6526,18.86,53.0,0
1783523504.43269,3737,17,person,0,827,3,1280,493,0.446,1053,248,413,-112,1700,1550,0.35,0,0,34.6,49.5,49.375,6526,18.75,53.3,0
1783523504.4790962,3738,17,person,0,829,3,1280,498,0.444,1054,250,414,-110,1700,1543,0.35,0,0,34.6,49.5,49.375,6526,18.69,53.5,0
1783523504.525529,3739,17,person,0,832,3,1280,500,0.506,1056,251,416,-109,1700,1544,0.35,0,0,34.6,49.5,49.375,6526,18.96,52.7,0
1783523504.5718162,3740,17,person,0,832,3,1280,493,0.504,1056,248,416,-112,1700,1550,0.35,0,0,34.6,49.5,49.375,6526,18.65,53.6,0
1783523504.61954,3741,17,person,0,840,3,1280,473,0.53,1060,238,420,-122,1700,1561,0.35,0,0,34.6,49.5,49.375,6526,18.99,52.7,0
1783523504.6668255,3742,17,person,0,843,3,1276,460,0.546,1059,231,419,-129,1700,1560,0.35,0,0,34.6,49.5,49.375,6526,18.59,53.8,0
1783523504.7172809,3743,17,person,0,841,3,1277,463,0.501,1059,233,419,-127,1700,1550,0.35,0,0,34.6,49.5,49.375,6526,20.4,49.0,0
1783523504.764498,3744,17,person,0,842,3,1280,466,0.451,1061,234,421,-126,1700,1551,0.35,0,0,34.6,49.687,49.562,6446,18.9,52.9,0
1783523504.8116596,3745,17,person,0,843,3,1280,467,0.456,1061,235,421,-125,1700,1550,0.35,0,0,34.6,49.687,49.562,6446,18.7,53.5,0
1783523504.852233,3746,17,person,0,839,3,1280,478,0.473,1059,240,419,-120,1700,1543,0.35,0,0,34.6,49.687,49.562,6446,19.07,52.4,0
1783523504.9001994,3747,17,person,0,841,3,1280,469,0.506,1060,236,420,-124,1700,1555,0.35,0,0,34.6,49.687,49.562,6446,18.83,53.1,0
1783523504.9478633,3748,17,person,0,845,3,1280,473,0.517,1062,238,422,-122,1700,1548,0.35,0,0,34.6,49.687,49.562,6446,18.85,53.1,0
1783523504.9953008,3749,17,person,0,846,3,1280,466,0.498,1063,234,423,-126,1700,1556,0.35,0,0,34.6,49.687,49.562,6446,18.82,53.1,0
1783523505.0454278,3750,17,person,0,871,3,1257,406,0.462,1064,204,424,-156,1700,1594,0.35,0,0,34.6,49.687,49.562,6446,21.63,46.2,0
1783523505.094185,3751,17,person,0,875,2,1258,398,0.467,1066,200,426,-160,1700,1570,0.35,0,0,34.6,49.687,49.562,6446,18.97,52.7,0
1783523505.1419418,3752,17,person,0,851,3,1276,443,0.428,1063,223,423,-137,1700,1532,0.35,0,0,34.6,49.687,49.562,6446,18.61,53.7,0
1783523505.1905594,3753,17,person,0,868,2,1262,404,0.464,1065,203,425,-157,1700,1585,0.35,0,0,34.6,49.687,49.562,6446,18.91,52.9,0
1783523505.24162,3754,17,person,0,848,3,1280,446,0.451,1064,224,424,-136,1700,1535,0.35,0,0,34.6,49.593,49.5,6446,22.11,45.2,0
1783523505.289898,3755,17,person,0,834,3,1280,472,0.459,1057,237,417,-123,1700,1537,0.35,0,0,34.6,49.593,49.5,6446,19.21,52.1,0
1783523505.3378024,3756,17,person,0,836,3,1280,473,0.486,1058,238,418,-122,1700,1549,0.35,0,0,34.6,49.593,49.5,6446,18.75,53.3,0
1783523505.388136,3757,17,person,0,832,3,1280,485,0.586,1056,244,416,-116,1700,1542,0.35,0,0,34.6,49.593,49.5,6446,21.9,45.7,0
1783523505.428662,3758,17,person,0,835,3,1280,476,0.549,1057,239,417,-121,1700,1556,0.35,0,0,34.6,49.593,49.5,6446,19.01,52.6,0
1783523505.4768434,3759,17,person,0,837,3,1280,473,0.448,1058,238,418,-122,1700,1551,0.35,0,0,34.6,49.593,49.5,6446,18.83,53.1,0
1783523505.5243998,3760,17,person,0,834,3,1280,488,0.541,1057,245,417,-115,1700,1540,0.35,0,0,34.6,49.593,49.5,6446,19.19,52.1,0
1783523505.571115,3761,17,person,0,833,3,1280,485,0.483,1056,244,416,-116,1700,1549,0.35,0,0,34.6,49.593,49.5,6446,18.63,53.7,0
1783523505.6180675,3762,17,person,0,840,3,1280,472,0.445,1060,237,420,-123,1700,1558,0.35,0,0,34.6,49.593,49.5,6446,19.09,52.4,0
1783523505.6654372,3763,17,person,0,843,3,1280,470,0.415,1061,236,421,-124,1700,1552,0.35,0,0,34.6,49.593,49.5,6446,18.91,52.9,0
1783523505.7118921,3764,17,person,0,835,3,1280,483,0.442,1057,243,417,-117,1700,1541,0.35,0,0,34.6,49.593,49.5,6446,18.78,53.2,0
1783523505.7588358,3765,17,person,0,834,3,1280,486,0.482,1057,244,417,-116,1700,1547,0.35,0,0,34.6,49.75,49.406,6486,18.87,53.0,0
1783523505.8053465,3766,17,person,0,836,3,1280,490,0.498,1058,246,418,-114,1700,1545,0.35,0,0,34.6,49.75,49.406,6486,18.8,53.2,0
1783523505.8521183,3767,17,person,0,836,3,1280,489,0.465,1058,246,418,-114,1700,1547,0.35,0,0,34.6,49.75,49.406,6486,18.98,52.7,0
1783523505.8973897,3768,17,person,0,836,3,1280,490,0.485,1058,246,418,-114,1700,1547,0.35,0,0,34.6,49.75,49.406,6486,18.91,52.9,0
1783523505.9427495,3769,17,person,0,834,3,1280,500,0.374,1057,251,417,-109,1700,1540,0.35,0,0,34.6,49.75,49.406,6486,18.61,53.7,0
1783523505.9833326,3770,17,person,0,837,3,1280,501,0.416,1058,252,418,-108,1700,1543,0.35,0,0,34.6,49.75,49.406,6486,18.95,52.8,0
1783523506.0315151,3771,17,person,0,839,3,1280,491,0.426,1059,247,419,-113,1700,1552,0.35,0,0,34.6,49.75,49.406,6486,18.83,53.1,0
1783523506.0791006,3772,17,person,0,833,3,1280,504,0.358,1056,253,416,-107,1700,1538,0.35,0,0,34.6,49.75,49.406,6486,18.76,53.3,0
1783523506.1265428,3773,17,person,0,837,3,1280,503,0.411,1058,253,418,-107,1700,1544,0.35,0,0,34.6,49.75,49.406,6486,18.96,52.7,0
1783523506.1729338,3774,17,person,0,839,3,1280,501,0.375,1059,252,419,-108,1700,1546,0.35,0,0,34.6,49.75,49.406,6486,18.52,54.0,0
1783523506.2200892,3775,17,person,0,848,3,1278,480,0.405,1063,241,423,-119,1700,1561,0.35,0,0,34.6,49.75,49.406,6486,19.54,51.2,0
1783523506.2624712,3776,,,,,,,,,,,,,1500,1500,0.35,0,0,34.6,49.625,49.375,6486,15.83,63.2,1
1783523506.3103034,3777,17,person,0,846,3,1279,483,0.494,1062,243,422,-117,1700,1650,0.35,0,0,34.6,49.625,49.375,6486,18.7,53.5,0
1783523506.3589993,3778,17,person,0,847,3,1275,475,0.49,1061,239,421,-121,1700,1552,0.35,0,0,34.6,49.625,49.375,6486,18.94,52.8,0
1783523506.4060946,3779,17,person,0,850,3,1271,465,0.379,1060,234,420,-126,1700,1556,0.35,0,0,34.6,49.625,49.375,6486,18.55,53.9,0
1783523506.4573474,3780,17,person,0,844,3,1278,480,0.506,1061,241,421,-119,1700,1541,0.35,0,0,34.6,49.625,49.375,6486,21.99,45.5,0
1783523506.5042725,3781,17,person,0,839,3,1280,496,0.607,1059,249,419,-111,1700,1536,0.35,0,0,34.6,49.625,49.375,6486,18.76,53.3,0
1783523506.54461,3782,17,person,0,847,3,1276,476,0.489,1061,239,421,-121,1700,1561,0.35,0,0,34.6,49.625,49.375,6486,18.69,53.5,0
1783523506.5933006,3783,17,person,0,846,3,1274,472,0.465,1060,237,420,-123,1700,1552,0.35,0,0,34.6,49.625,49.375,6486,19.04,52.5,0
1783523506.6406226,3784,17,person,0,841,3,1277,482,0.599,1059,242,419,-118,1700,1542,0.35,0,0,34.6,49.625,49.375,6486,18.63,53.7,0
1783523506.6881032,3785,17,person,0,849,3,1275,469,0.437,1062,236,422,-124,1700,1556,0.35,0,0,34.6,49.625,49.375,6486,19.17,52.2,0
1783523506.735385,3786,17,person,0,849,3,1272,463,0.448,1060,233,420,-127,1700,1555,0.35,0,0,34.6,49.625,49.375,6486,18.51,54.0,0
1783523506.782105,3787,17,person,0,846,3,1275,469,0.545,1060,236,420,-124,1700,1547,0.35,0,0,34.6,49.343,49.25,6446,18.92,52.9,0
1783523506.8286953,3788,17,person,0,846,3,1276,471,0.483,1061,237,421,-123,1700,1549,0.35,0,0,34.6,49.343,49.25,6446,19.0,52.6,0
1783523506.8745234,3789,17,person,0,839,3,1280,484,0.527,1059,243,419,-117,1700,1541,0.35,0,0,34.6,49.343,49.25,6446,18.65,53.6,0
1783523506.921736,3790,17,person,0,837,3,1280,487,0.443,1058,245,418,-115,1700,1545,0.35,0,0,34.6,49.343,49.25,6446,19.1,52.3,0
1783523506.9672012,3791,17,person,0,833,3,1280,496,0.555,1056,249,416,-111,1700,1541,0.35,0,0,34.6,49.343,49.25,6446,18.61,53.7,0
1783523507.0138774,3792,17,person,0,840,3,1278,480,0.577,1059,241,419,-119,1700,1557,0.35,0,0,34.6,49.343,49.25,6446,18.92,52.8,0
1783523507.061044,3793,17,person,0,846,3,1275,469,0.463,1060,236,420,-124,1700,1556,0.35,0,0,34.6,49.343,49.25,6446,19.06,52.5,0
1783523507.1015844,3794,17,person,0,846,3,1276,469,0.573,1061,236,421,-124,1700,1551,0.35,0,0,34.6,49.343,49.25,6446,18.45,54.2,0
1783523507.1492221,3795,17,person,0,847,3,1276,468,0.511,1061,235,421,-125,1700,1553,0.35,0,0,34.6,49.343,49.25,6446,19.03,52.6,0
1783523507.1962283,3796,17,person,0,848,3,1278,468,0.49,1063,235,423,-125,1700,1552,0.35,0,0,34.6,49.343,49.25,6446,18.92,52.8,0
1783523507.2425442,3797,17,person,0,849,3,1280,470,0.501,1064,236,424,-124,1700,1550,0.35,0,0,34.6,49.343,49.25,6446,18.75,53.3,0
1783523507.2892816,3798,17,person,0,839,3,1280,489,0.476,1059,246,419,-114,1700,1536,0.35,0,0,34.6,49.343,49.562,6446,19.04,52.5,0
1783523507.336076,3799,17,person,0,847,3,1280,480,0.542,1063,241,423,-119,1700,1554,0.35,0,0,34.6,49.343,49.562,6446,18.53,54.0,0
1783523507.3833592,3800,17,person,0,847,3,1276,469,0.465,1061,236,421,-124,1700,1556,0.35,0,0,34.6,49.343,49.562,6446,18.89,52.9,0
1783523507.4299622,3801,17,person,0,850,3,1277,466,0.412,1063,234,423,-126,1700,1554,0.35,0,0,34.6,49.343,49.562,6446,18.92,52.9,0
1783523507.476564,3802,17,person,0,851,3,1279,468,0.473,1065,235,425,-125,1700,1550,0.35,0,0,34.6,49.343,49.562,6446,18.85,53.1,0
1783523507.5240428,3803,17,person,0,844,3,1280,478,0.511,1062,240,422,-120,1700,1544,0.35,0,0,34.6,49.343,49.562,6446,19.01,52.6,0
1783523507.5728922,3804,17,person,0,845,3,1280,475,0.514,1062,239,422,-121,1700,1551,0.35,0,0,34.6,49.343,49.562,6446,20.92,47.8,0
1783523507.6198683,3805,17,person,0,845,3,1276,470,0.448,1060,236,420,-124,1700,1554,0.35,0,0,34.6,49.343,49.562,6446,19.15,52.2,0
1783523507.6634665,3806,17,person,0,846,3,1277,470,0.537,1061,236,421,-124,1700,1551,0.35,0,0,34.6,49.343,49.562,6446,22.05,45.3,0
1783523507.7113342,3807,17,person,0,851,3,1279,467,0.489,1065,235,425,-125,1700,1553,0.35,0,0,34.6,49.343,49.562,6446,18.99,52.7,0
1783523507.759218,3808,17,person,0,850,3,1278,466,0.427,1064,234,424,-126,1700,1553,0.35,0,0,34.6,49.437,49.531,6486,19.33,51.7,0
1783523507.8059456,3809,17,person,0,849,3,1277,465,0.48,1063,234,423,-126,1700,1552,0.35,0,0,34.6,49.437,49.531,6486,18.79,53.2,0
1783523507.8569772,3810,17,person,0,851,3,1275,460,0.445,1063,231,423,-129,1700,1556,0.35,0,0,34.6,49.437,49.531,6486,21.82,45.8,0
1783523507.9042187,3811,17,person,0,847,3,1277,466,0.546,1062,234,422,-126,1700,1549,0.35,0,0,34.6,49.437,49.531,6486,18.54,53.9,0
1783523507.9516058,3812,17,person,0,834,3,1280,492,0.53,1057,247,417,-113,1700,1533,0.35,0,0,34.6,49.437,49.531,6486,19.11,52.3,0
1783523507.998873,3813,17,person,0,842,3,1278,474,0.448,1060,238,420,-122,1700,1560,0.35,0,0,34.6,49.437,49.531,6486,18.95,52.8,0
1783523508.0461845,3814,17,person,0,843,3,1279,473,0.567,1061,238,421,-122,1700,1550,0.35,0,0,34.6,49.437,49.531,6486,18.67,53.6,0
1783523508.0926523,3815,17,person,0,835,3,1280,490,0.57,1057,246,417,-114,1700,1538,0.35,0,0,34.6,49.437,49.531,6486,19.0,52.6,0
1783523508.1398013,3816,17,person,0,843,3,1280,476,0.513,1061,239,421,-121,1700,1557,0.35,0,0,34.6,49.437,49.531,6486,18.69,53.5,0
1783523508.186541,3817,17,person,0,844,3,1277,472,0.5,1060,237,420,-123,1700,1553,0.35,0,0,34.6,49.437,49.531,6486,18.95,52.8,0
1783523508.2274594,3818,17,person,0,844,3,1279,473,0.491,1061,238,421,-122,1700,1549,0.35,0,0,34.6,49.437,49.531,6486,18.98,52.7,0
1783523508.274967,3819,17,person,0,843,3,1280,482,0.418,1061,242,421,-118,1700,1544,0.35,0,0,34.6,49.406,49.343,6446,18.63,53.7,0
1783523508.32279,3820,17,person,0,842,3,1280,486,0.465,1061,244,421,-116,1700,1546,0.35,0,0,34.6,49.406,49.343,6446,19.06,52.5,0
1783523508.3688414,3821,17,person,0,838,3,1280,497,0.358,1059,250,419,-110,1700,1539,0.35,0,0,34.6,49.406,49.343,6446,18.45,54.2,0
1783523508.4162621,3822,17,person,0,839,3,1280,498,0.429,1059,250,419,-110,1700,1546,0.35,0,0,34.6,49.406,49.343,6446,19.2,52.1,0
1783523508.4567535,3823,,,,,,,,,,,,,1500,1500,0.35,0,0,34.6,49.406,49.343,6446,15.17,65.9,1
1783523508.5043473,3824,17,person,0,837,3,1280,500,0.481,1058,251,418,-109,1700,1650,0.35,0,0,34.6,49.406,49.343,6446,19.0,52.6,0
1783523508.5535386,3825,17,person,0,888,3,1255,395,0.383,1071,199,431,-161,1700,1617,0.35,0,0,34.6,49.406,49.343,6446,18.93,52.8,0
1783523508.6011922,3826,17,person,0,852,3,1280,468,0.39,1066,235,426,-125,1700,1512,0.35,0,0,34.6,49.406,49.343,6446,18.49,54.1,0
1783523508.6495664,3827,17,person,0,860,3,1271,444,0.429,1065,223,425,-137,1700,1567,0.35,0,0,34.6,49.406,49.343,6446,19.11,52.3,0
1783523508.6963844,3828,17,person,0,844,3,1280,475,0.441,1062,239,422,-121,1700,1531,0.35,0,0,34.6,49.406,49.343,6446,18.82,53.1,0
1783523508.743462,3829,17,person,0,838,3,1280,487,0.454,1059,245,419,-115,1700,1540,0.35,0,0,34.6,49.406,49.343,6446,18.88,53.0,0
1783523508.7845726,3830,17,person,0,840,3,1280,486,0.523,1060,244,420,-116,1700,1548,0.35,0,0,34.6,49.812,49.468,6446,18.94,52.8,0
1783523508.832159,3831,17,person,0,839,3,1280,493,0.478,1059,248,419,-112,1700,1541,0.35,0,0,34.6,49.812,49.468,6446,18.91,52.9,0
1783523508.8799047,3832,17,person,0,844,3,1280,481,0.445,1062,242,422,-118,1700,1554,0.35,0,0,34.6,49.812,49.468,6446,18.95,52.8,0
1783523508.9268687,3833,17,person,0,882,2,1252,394,0.461,1067,198,427,-162,1700,1612,0.35,0,0,34.6,49.812,49.468,6446,18.9,52.9,0
1783523508.9750824,3834,17,person,0,854,3,1272,445,0.468,1063,224,423,-136,1700,1528,0.35,0,0,34.6,49.812,49.468,6446,18.68,53.5,0
1783523509.0233388,3835,17,person,0,847,3,1276,457,0.481,1061,230,421,-130,1700,1547,0.35,0,0,34.6,49.812,49.468,6446,18.99,52.7,0
1783523509.0700102,3836,17,person,0,849,3,1272,448,0.412,1060,225,420,-135,1700,1560,0.35,0,0,34.6,49.812,49.468,6446,18.48,54.1,0
1783523509.11726,3837,17,person,0,845,3,1279,461,0.495,1062,232,422,-128,1700,1545,0.35,0,0,34.6,49.812,49.468,6446,19.0,52.6,0
1783523509.1643708,3838,17,person,0,841,3,1280,465,0.477,1060,234,420,-126,1700,1550,0.35,0,0,34.6,49.812,49.468,6446,18.9,52.9,0
1783523509.2105134,3839,17,person,0,839,3,1280,471,0.572,1059,237,419,-123,1700,1547,0.35,0,0,34.6,49.812,49.468,6446,18.89,52.9,0
1783523509.26009,3840,17,person,0,844,3,1280,464,0.445,1062,233,422,-127,1700,1556,0.35,0,0,34.6,49.812,49.468,6446,22.17,45.1,0
1783523509.3060434,3841,17,person,0,842,3,1280,466,0.53,1061,234,421,-126,1700,1551,0.35,0,0,34.6,49.5,49.5,6486,18.5,54.1,0
1783523509.3467543,3842,17,person,0,844,3,1280,465,0.53,1062,234,422,-126,1700,1552,0.35,0,0,34.6,49.5,49.5,6486,18.91,52.9,0
1783523509.3939636,3843,17,person,0,840,3,1280,469,0.567,1060,236,420,-124,1700,1549,0.35,0,0,34.6,49.5,49.5,6486,18.83,53.1,0
1783523509.4409351,3844,17,person,0,843,3,1280,474,0.5,1061,238,421,-122,1700,1548,0.35,0,0,34.6,49.5,49.5,6486,18.91,52.9,0
1783523509.487893,3845,17,person,0,847,3,1280,468,0.504,1063,235,423,-125,1700,1555,0.35,0,0,34.6,49.5,49.5,6486,19.14,52.3,0
1783523509.5345132,3846,17,person,0,886,2,1257,388,0.451,1071,195,431,-165,1700,1610,0.35,0,0,34.6,49.5,49.5,6486,18.52,54.0,0
1783523509.5830603,3847,17,person,0,896,2,1251,364,0.447,1073,183,433,-177,1700,1585,0.35,0,0,34.6,49.5,49.5,6486,19.01,52.6,0
1783523509.6303377,3848,17,person,0,850,3,1280,453,0.522,1065,228,425,-132,1700,1507,0.35,0,0,34.6,49.5,49.5,6486,18.92,52.8,0
1783523509.6783972,3849,17,person,0,842,3,1280,478,0.474,1061,240,421,-120,1700,1537,0.35,0,0,34.6,49.5,49.5,6486,18.93,52.8,0
1783523509.725495,3850,17,person,0,834,3,1280,487,0.522,1057,245,417,-115,1700,1542,0.35,0,0,34.6,49.5,49.5,6486,18.97,52.7,0
1783523509.7719622,3851,17,person,0,838,2,1280,471,0.535,1059,236,419,-124,1700,1561,0.35,0,0,34.6,49.5,49.5,6486,18.64,53.6,0
1783523509.8192482,3852,17,person,0,833,3,1280,486,0.497,1056,244,416,-116,1700,1539,0.35,0,0,34.6,49.656,49.531,6407,19.04,52.5,0
1783523509.8666523,3853,17,person,0,831,3,1280,486,0.68,1055,244,415,-116,1700,1548,0.35,0,0,34.6,49.656,49.531,6407,18.44,54.2,0
1783523509.9077005,3854,17,person,0,837,3,1280,477,0.583,1058,240,418,-120,1700,1554,0.35,0,0,34.6,49.656,49.531,6407,19.05,52.5,0
1783523509.9563708,3855,17,person,0,839,3,1280,470,0.516,1059,236,419,-124,1700,1555,0.35,0,0,34.6,49.656,49.531,6407,19.07,52.4,0
1783523510.0038588,3856,17,person,0,833,3,1280,483,0.548,1056,243,416,-117,1700,1541,0.35,0,0,34.6,49.656,49.531,6407,18.66,53.6,0
1783523510.0523787,3857,17,person,0,825,3,1280,504,0.603,1052,253,412,-107,1700,1534,0.35,0,0,34.6,49.656,49.531,6407,19.09,52.4,0
1783523510.0998862,3858,17,person,0,822,3,1280,514,0.567,1051,258,411,-102,1700,1537,0.35,0,0,34.6,49.656,49.531,6407,18.49,54.1,0
1783523510.1480372,3859,17,person,0,821,3,1280,520,0.623,1050,261,410,-99,1700,1538,0.35,0,0,34.6,49.656,49.531,6407,19.04,52.5,0
1783523510.1964953,3860,17,person,0,818,3,1280,530,0.718,1049,266,409,-94,1700,1534,0.35,0,0,34.6,49.656,49.531,6407,18.77,53.3,0
1783523510.2443464,3861,17,person,0,816,3,1280,540,0.793,1048,271,408,-89,1700,1532,0.35,0,0,34.6,49.656,49.531,6407,18.7,53.5,0
1783523510.292638,3862,17,person,0,813,3,1280,547,0.69,1046,275,406,-85,1700,1531,0.35,0,0,34.6,49.593,49.75,6407,18.96,52.8,0
1783523510.3403807,3863,17,person,0,814,4,1280,551,0.664,1047,277,407,-83,1700,1533,0.35,0,0,34.6,49.593,49.75,6407,18.76,53.3,0
1783523510.3881347,3864,17,person,0,815,4,1280,556,0.747,1047,280,407,-80,1700,1530,0.35,0,0,34.6,49.593,49.75,6407,18.86,53.0,0
1783523510.4354343,3865,17,person,0,817,4,1280,557,0.712,1048,280,408,-80,1700,1534,0.35,0,0,34.6,49.593,49.75,6407,18.74,53.4,0
1783523510.475727,3866,17,person,0,818,4,1280,561,0.699,1049,282,409,-78,1700,1530,0.35,0,0,34.6,49.593,49.75,6407,18.8,53.2,0
1783523510.5239267,3867,17,person,0,816,4,1280,567,0.673,1048,285,408,-75,1700,1528,0.35,0,0,34.6,49.593,49.75,6407,18.85,53.1,0
1783523510.570627,3868,17,person,0,820,4,1280,561,0.694,1050,282,410,-78,1700,1536,0.35,0,0,34.6,49.593,49.75,6407,18.51,54.0,0
1783523510.6181548,3869,17,person,0,821,4,1280,560,0.633,1050,282,410,-78,1700,1533,0.35,0,0,34.6,49.593,49.75,6407,18.77,53.3,0
1783523510.6678987,3870,17,person,0,823,4,1280,557,0.692,1051,280,411,-80,1700,1536,0.35,0,0,34.6,49.593,49.75,6407,21.65,46.2,0
1783523510.714623,3871,17,person,0,826,4,1280,555,0.634,1053,279,413,-81,1700,1535,0.35,0,0,34.6,49.593,49.75,6407,18.86,53.0,0
1783523510.760926,3872,17,person,0,827,4,1280,554,0.753,1053,279,413,-81,1700,1534,0.35,0,0,34.6,49.593,49.75,6407,18.59,53.8,0
1783523510.807338,3873,17,person,0,828,4,1280,550,0.694,1054,277,414,-83,1700,1537,0.35,0,0,34.6,49.468,49.437,6446,18.85,53.0,0
1783523510.853816,3874,17,person,0,827,4,1280,549,0.667,1053,276,413,-84,1700,1536,0.35,0,0,34.6,49.468,49.437,6446,18.81,53.2,0
1783523510.8999815,3875,17,person,0,828,4,1280,549,0.66,1054,276,414,-84,1700,1535,0.35,0,0,34.6,49.468,49.437,6446,18.56,53.9,0
1783523510.9462442,3876,17,person,0,829,4,1280,551,0.693,1054,277,414,-83,1700,1534,0.35,0,0,34.6,49.468,49.437,6446,18.94,52.8,0
1783523510.9926114,3877,17,person,0,831,3,1280,549,0.724,1055,276,415,-84,1700,1536,0.35,0,0,34.6,49.468,49.437,6446,18.72,53.4,0
1783523511.0331852,3878,17,person,0,831,4,1280,549,0.724,1055,276,415,-84,1700,1535,0.35,0,0,34.6,49.468,49.437,6446,18.45,54.2,0
1783523511.0802598,3879,17,person,0,832,4,1280,550,0.756,1056,277,416,-83,1700,1534,0.35,0,0,34.6,49.468,49.437,6446,18.66,53.6,0
1783523511.127429,3880,17,person,0,833,4,1280,549,0.756,1056,276,416,-84,1700,1536,0.35,0,0,34.6,49.468,49.437,6446,18.74,53.4,0
1783523511.1741457,3881,17,person,0,833,4,1280,549,0.711,1056,276,416,-84,1700,1535,0.35,0,0,34.6,49.468,49.437,6446,18.96,52.7,0
1783523511.219874,3882,17,person,0,833,4,1280,547,0.697,1056,275,416,-85,1700,1537,0.35,0,0,34.6,49.468,49.437,6446,18.92,52.8,0
1783523511.265409,3883,17,person,0,833,4,1280,550,0.71,1056,277,416,-83,1700,1533,0.35,0,0,34.6,49.468,49.437,6446,18.7,53.5,0
1783523511.311031,3884,17,person,0,834,4,1280,549,0.69,1057,276,417,-84,1700,1536,0.35,0,0,34.6,49.531,49.281,6446,18.76,53.3,0
1783523511.3575382,3885,17,person,0,835,4,1280,547,0.733,1057,275,417,-85,1700,1537,0.35,0,0,34.6,49.531,49.281,6446,18.79,53.2,0
1783523511.4039268,3886,17,person,0,834,4,1280,549,0.722,1057,276,417,-84,1700,1534,0.35,0,0,34.6,49.531,49.281,6446,18.79,53.2,0
1783523511.4512894,3887,17,person,0,835,4,1280,549,0.758,1057,276,417,-84,1700,1535,0.35,0,0,34.6,49.531,49.281,6446,18.99,52.6,0
1783523511.4972286,3888,17,person,0,833,4,1280,552,0.675,1056,278,416,-82,1700,1532,0.35,0,0,34.6,49.531,49.281,6446,18.57,53.9,0
1783523511.5435598,3889,17,person,0,832,4,1280,558,0.642,1056,281,416,-79,1700,1530,0.35,0,0,34.6,49.531,49.281,6446,18.62,53.7,0
1783523511.5840473,3890,17,person,0,822,4,1280,587,0.591,1051,295,411,-65,1700,1510,0.35,0,0,34.6,49.531,49.281,6446,18.85,53.1,0
1783523511.632114,3891,17,person,0,827,4,1280,576,0.597,1053,290,413,-70,1700,1535,0.35,0,0,34.6,49.531,49.281,6446,18.47,54.1,0
1783523511.6797464,3892,17,person,0,831,3,1280,564,0.441,1055,283,415,-77,1700,1540,0.35,0,0,34.6,49.531,49.281,6446,18.76,53.3,0
1783523511.7273874,3893,17,person,0,831,3,1280,562,0.424,1055,282,415,-78,1700,1534,0.35,0,0,34.6,49.531,49.281,6446,18.71,53.5,0
1783523511.7761962,3894,17,person,0,821,3,1280,582,0.351,1050,292,410,-68,1700,1518,0.35,0,0,34.6,49.531,49.281,6446,20.37,49.1,0
1783523511.8241649,3895,17,person,0,831,3,1277,558,0.397,1054,280,414,-80,1700,1546,0.35,0,0,34.6,49.593,49.562,6486,18.66,53.6,0
1783523511.8718224,3896,17,person,0,839,3,1271,538,0.407,1055,270,415,-90,1700,1548,0.35,0,0,34.6,49.593,49.562,6486,18.76,53.3,0
1783523511.9203799,3897,17,person,0,838,3,1272,540,0.465,1055,271,415,-89,1700,1536,0.35,0,0,34.6,49.593,49.562,6486,19.2,52.1,0
1783523511.9667382,3898,17,person,0,838,3,1274,541,0.424,1056,272,416,-88,1700,1536,0.35,0,0,34.6,49.593,49.562,6486,18.64,53.7,0
1783523512.013217,3899,17,person,0,837,4,1279,550,0.735,1058,277,418,-83,1700,1529,0.35,0,0,34.6,49.593,49.562,6486,18.62,53.7,0
1783523512.063683,3900,17,person,0,836,4,1280,552,0.757,1058,278,418,-82,1700,1533,0.35,0,0,34.6,49.593,49.562,6486,21.33,46.9,0
1783523512.110878,3901,17,person,0,838,4,1277,546,0.785,1057,275,417,-85,1700,1539,0.35,0,0,34.6,49.593,49.562,6486,18.86,53.0,0
1783523512.1515763,3902,17,person,0,841,4,1275,538,0.719,1058,271,418,-89,1700,1542,0.35,0,0,34.6,49.593,49.562,6486,18.75,53.3,0
1783523512.2000825,3903,17,person,0,847,3,1269,520,0.613,1058,261,418,-99,1700,1551,0.35,0,0,34.6,49.593,49.562,6486,18.44,54.2,0
1783523512.2494833,3904,17,person,0,847,3,1269,518,0.639,1058,260,418,-100,1700,1543,0.35,0,0,34.6,49.593,49.562,6486,18.71,53.5,0
1783523512.2965195,3905,17,person,0,850,3,1267,507,0.577,1058,255,418,-105,1700,1549,0.35,0,0,34.6,49.593,49.562,6486,18.59,53.8,0
1783523512.3469098,3906,17,person,0,853,3,1263,496,0.638,1058,249,418,-111,1700,1552,0.35,0,0,34.6,49.312,49.375,6407,21.56,46.4,0
1783523512.395243,3907,17,person,0,849,3,1266,500,0.539,1057,251,417,-109,1700,1543,0.35,0,0,34.6,49.312,49.375,6407,18.73,53.4,0
1783523512.442369,3908,17,person,0,858,3,1259,475,0.582,1058,239,418,-121,1700,1563,0.35,0,0,34.6,49.312,49.375,6407,18.62,53.7,0
1783523512.4904304,3909,17,person,0,858,3,1260,473,0.569,1059,238,419,-122,1700,1551,0.35,0,0,34.6,49.312,49.375,6407,18.73,53.4,0
1783523512.5374682,3910,17,person,0,856,3,1263,474,0.612,1059,238,419,-122,1700,1550,0.35,0,0,34.6,49.312,49.375,6407,18.46,54.2,0
1783523512.5839837,3911,17,person,0,856,3,1264,472,0.575,1060,237,420,-123,1700,1552,0.35,0,0,34.6,49.312,49.375,6407,18.91,52.9,0
1783523512.629971,3912,17,person,0,857,3,1262,464,0.532,1059,233,419,-127,1700,1557,0.35,0,0,34.6,49.312,49.375,6407,18.59,53.8,0
1783523512.6768973,3913,17,person,0,856,3,1264,465,0.555,1060,234,420,-126,1700,1551,0.35,0,0,34.6,49.312,49.375,6407,18.81,53.2,0
1783523512.717268,3914,17,person,0,855,3,1267,465,0.574,1061,234,421,-126,1700,1552,0.35,0,0,34.6,49.312,49.375,6407,18.74,53.4,0
1783523512.7643673,3915,17,person,0,853,3,1271,472,0.509,1062,237,422,-123,1700,1548,0.35,0,0,34.6,49.312,49.375,6407,18.64,53.6,0
1783523512.8129613,3916,17,person,0,854,3,1271,468,0.636,1062,235,422,-125,1700,1554,0.35,0,0,34.6,49.437,49.5,6446,20.19,49.5,0
1783523512.86021,3917,17,person,0,850,3,1271,471,0.607,1060,237,420,-123,1700,1549,0.35,0,0,34.6,49.437,49.5,6446,18.71,53.5,0
1783523512.9066508,3918,17,person,0,846,3,1272,475,0.59,1059,239,419,-121,1700,1548,0.35,0,0,34.6,49.437,49.5,6446,18.68,53.5,0
1783523512.9536712,3919,17,person,0,841,3,1276,485,0.652,1058,244,418,-116,1700,1543,0.35,0,0,34.6,49.437,49.5,6446,18.71,53.4,0
1783523513.0006914,3920,17,person,0,844,3,1274,478,0.608,1059,240,419,-120,1700,1554,0.35,0,0,34.6,49.437,49.5,6446,18.49,54.1,0
1783523513.0504532,3921,17,person,0,838,3,1280,492,0.625,1059,247,419,-113,1700,1540,0.35,0,0,34.6,49.437,49.5,6446,20.71,48.3,0
1783523513.0975993,3922,17,person,0,834,3,1280,502,0.67,1057,252,417,-108,1700,1539,0.35,0,0,34.6,49.437,49.5,6446,18.83,53.1,0
1783523513.1460235,3923,17,person,0,836,3,1280,496,0.572,1058,249,418,-111,1700,1549,0.35,0,0,34.6,49.437,49.5,6446,20.09,49.8,0
1783523513.1931581,3924,17,person,0,838,3,1279,492,0.537,1058,247,418,-113,1700,1549,0.35,0,0,34.6,49.437,49.5,6446,18.67,53.6,0
1783523513.2399573,3925,17,person,0,834,4,1280,504,0.634,1057,254,417,-106,1700,1536,0.35,0,0,34.6,49.437,49.5,6446,18.62,53.7,0
1783523513.280992,3926,17,person,0,835,3,1280,503,0.648,1057,253,417,-107,1700,1546,0.35,0,0,34.6,49.437,49.5,6446,18.58,53.8,0
1783523513.329017,3927,17,person,0,837,3,1279,496,0.636,1058,249,418,-111,1700,1550,0.35,0,0,34.6,49.375,49.406,6446,18.76,53.3,0
1783523513.376807,3928,17,person,0,842,3,1277,487,0.559,1059,245,419,-115,1700,1552,0.35,0,0,34.6,49.375,49.406,6446,18.73,53.4,0
1783523513.425325,3929,17,person,0,845,4,1276,483,0.535,1060,243,420,-117,1700,1550,0.35,0,0,34.6,49.375,49.406,6446,18.58,53.8,0
1783523513.4763634,3930,17,person,0,896,4,1250,385,0.506,1073,194,433,-166,1700,1616,0.35,0,0,34.6,49.375,49.406,6446,21.65,46.2,0
1783523513.5271268,3931,17,person,0,906,5,1235,347,0.516,1070,176,430,-184,1700,1593,0.35,0,0,34.6,49.375,49.406,6446,18.63,53.7,0
1783523513.5765944,3932,17,person,0,899,4,1228,336,0.569,1063,170,423,-190,1700,1584,0.35,0,0,34.6,49.375,49.406,6446,18.74,53.4,0
1783523513.6279078,3933,17,person,0,835,4,1280,461,0.487,1057,232,417,-128,1700,1492,0.35,0,0,34.6,49.375,49.406,6446,18.77,53.3,0
1783523513.6781356,3934,17,person,0,805,3,1280,523,0.685,1042,263,402,-97,1700,1509,0.35,0,0,34.6,49.375,49.406,6446,18.72,53.4,0
1783523513.7297182,3935,17,person,0,795,3,1280,548,0.735,1037,275,397,-85,1700,1524,0.35,0,0,34.6,49.375,49.406,6446,19.75,50.6,0
1783523513.7838104,3936,17,person,0,792,3,1280,558,0.746,1036,280,396,-80,1700,1529,0.35,0,0,34.6,49.375,49.406,6446,24.12,41.5,0
1783523513.8320441,3937,17,person,0,793,3,1280,563,0.724,1036,283,396,-77,1700,1529,0.35,0,0,34.6,49.718,49.312,6644,18.66,53.6,0
1783523513.8728037,3938,17,person,0,797,3,1280,563,0.676,1038,283,398,-77,1700,1532,0.35,0,0,34.6,49.718,49.312,6644,18.79,53.2,0
1783523513.9216037,3939,17,person,0,801,3,1280,562,0.771,1040,282,400,-78,1700,1534,0.35,0,0,34.6,49.718,49.312,6644,18.84,53.1,0
1783523513.9697444,3940,17,person,0,815,3,1280,534,0.593,1047,268,407,-92,1700,1553,0.35,0,0,34.6,49.718,49.312,6644,18.73,53.4,0
1783523514.0195763,3941,17,person,0,820,3,1280,529,0.501,1050,266,410,-94,1700,1541,0.35,0,0,34.6,49.718,49.312,6644,18.85,53.1,0
1783523514.067896,3942,17,person,0,829,3,1280,517,0.501,1054,260,414,-100,1700,1548,0.35,0,0,34.6,49.718,49.312,6644,18.63,53.7,0
1783523514.1177547,3943,17,person,0,875,4,1245,401,0.604,1060,202,420,-158,1700,1623,0.35,0,0,34.6,49.718,49.312,6644,18.89,52.9,0
1783523514.1670153,3944,17,person,0,896,4,1233,354,0.636,1064,179,424,-181,1700,1597,0.35,0,0,34.6,49.718,49.312,6644,18.81,53.2,0
1783523514.218007,3945,17,person,0,899,4,1234,342,0.589,1066,173,426,-187,1700,1582,0.35,0,0,34.6,49.718,49.312,6644,18.83,53.1,0
1783523514.2665079,3946,17,person,0,888,3,1245,359,0.538,1066,181,426,-179,1700,1565,0.35,0,0,34.6,49.718,49.312,6644,18.63,53.7,0
1783523514.3153605,3947,17,person,0,883,3,1247,358,0.468,1065,180,425,-180,1700,1575,0.35,0,0,34.6,49.718,49.312,6644,18.92,52.8,0
1783523514.364182,3948,17,person,0,848,3,1274,421,0.476,1061,212,421,-148,1700,1528,0.35,0,0,34.6,49.406,49.281,6526,18.54,53.9,0
1783523514.413154,3949,17,person,0,822,3,1280,474,0.476,1051,238,411,-122,1700,1524,0.35,0,0,34.6,49.406,49.281,6526,18.7,53.5,0
1783523514.4533727,3950,17,person,0,829,3,1280,455,0.487,1054,229,414,-131,1700,1565,0.35,0,0,34.6,49.406,49.281,6526,18.75,53.3,0
1783523514.5020041,3951,17,person,0,816,3,1280,491,0.423,1048,247,408,-113,1700,1528,0.35,0,0,34.6,49.406,49.281,6526,18.58,53.8,0
1783523514.5504987,3952,17,person,0,815,3,1280,500,0.553,1047,251,407,-109,1700,1541,0.35,0,0,34.6,49.406,49.281,6526,18.81,53.2,0
1783523514.597326,3953,17,person,0,815,3,1280,505,0.535,1047,254,407,-106,1700,1541,0.35,0,0,34.6,49.406,49.281,6526,18.58,53.8,0
1783523514.6436605,3954,17,person,0,819,3,1280,500,0.442,1049,251,409,-109,1700,1548,0.35,0,0,34.6,49.406,49.281,6526,18.73,53.4,0
1783523514.6903532,3955,17,person,0,856,3,1270,424,0.466,1063,213,423,-147,1700,1601,0.35,0,0,34.6,49.406,49.281,6526,18.69,53.5,0
1783523514.7380655,3956,17,person,0,828,3,1280,479,0.458,1054,241,414,-119,1700,1520,0.35,0,0,34.6,49.406,49.281,6526,18.54,53.9,0
1783523514.7861755,3957,17,person,0,849,3,1272,432,0.449,1060,217,420,-143,1700,1584,0.35,0,0,34.6,49.406,49.281,6526,18.72,53.4,0
1783523514.8344455,3958,17,person,0,826,3,1280,483,0.489,1053,243,413,-117,1700,1521,0.35,0,0,34.6,49.562,49.5,6446,18.51,54.0,0
1783523514.882661,3959,17,person,0,828,3,1280,479,0.53,1054,241,414,-119,1700,1551,0.35,0,0,34.6,49.562,49.5,6446,18.88,53.0,0
1783523514.9335642,3960,17,person,0,823,3,1280,493,0.519,1051,248,411,-112,1700,1539,0.35,0,0,34.6,49.562,49.5,6446,22.73,44.0,0
1783523514.9799871,3961,17,person,0,861,3,1262,409,0.401,1061,206,421,-154,1700,1608,0.35,0,0,34.6,49.562,49.5,6446,18.67,53.6,0
1783523515.0202215,3962,17,person,0,841,3,1278,448,0.535,1059,225,419,-135,1700,1532,0.35,0,0,34.6,49.562,49.5,6446,18.71,53.4,0
1783523515.0686877,3963,17,person,0,862,3,1261,402,0.436,1061,202,421,-158,1700,1588,0.35,0,0,34.6,49.562,49.5,6446,18.49,54.1,0
1783523515.1171124,3964,17,person,0,837,3,1280,450,0.518,1058,226,418,-134,1700,1530,0.35,0,0,34.6,49.562,49.5,6446,18.72,53.4,0
1783523515.1639526,3965,17,person,0,834,3,1280,457,0.52,1057,230,417,-130,1700,1549,0.35,0,0,34.6,49.562,49.5,6446,18.45,54.2,0
1783523515.2103167,3966,17,person,0,822,3,1280,487,0.546,1051,245,411,-115,1700,1531,0.35,0,0,34.6,49.562,49.5,6446,18.55,53.9,0
1783523515.2573743,3967,17,person,0,819,4,1280,502,0.469,1049,253,409,-107,1700,1536,0.35,0,0,34.6,49.562,49.5,6446,18.63,53.7,0
1783523515.3041537,3968,17,person,0,826,3,1280,483,0.528,1053,243,413,-117,1700,1559,0.35,0,0,34.6,49.562,49.5,6446,18.56,53.9,0
1783523515.3504162,3969,17,person,0,833,3,1280,474,0.448,1056,238,416,-122,1700,1556,0.35,0,0,34.6,49.593,49.531,6446,18.65,53.6,0
1783523515.396725,3970,17,person,0,867,3,1258,398,0.42,1062,200,422,-160,1700,1607,0.35,0,0,34.6,49.593,49.531,6446,18.55,53.9,0
1783523515.44497,3971,17,person,0,833,3,1280,468,0.505,1056,235,416,-125,1700,1515,0.35,0,0,34.6,49.593,49.531,6446,18.67,53.6,0
1783523515.4926543,3972,17,person,0,827,3,1280,485,0.511,1053,244,413,-116,1700,1538,0.35,0,0,34.6,49.593,49.531,6446,18.65,53.6,0
1783523515.542932,3973,17,person,0,826,4,1280,489,0.513,1053,246,413,-114,1700,1545,0.35,0,0,34.6,49.593,49.531,6446,22.34,44.8,0
1783523515.583105,3974,17,person,0,824,4,1280,498,0.621,1052,251,412,-109,1700,1539,0.35,0,0,34.6,49.593,49.531,6446,18.69,53.5,0
1783523515.6305914,3975,17,person,0,832,3,1280,481,0.548,1056,242,416,-118,1700,1558,0.35,0,0,34.6,49.593,49.531,6446,18.55,53.9,0
1783523515.6780992,3976,17,person,0,839,3,1280,475,0.53,1059,239,419,-121,1700,1553,0.35,0,0,34.6,49.593,49.531,6446,18.63,53.7,0
1783523515.7259295,3977,17,person,0,830,3,1280,494,0.512,1055,248,415,-112,1700,1537,0.35,0,0,34.6,49.593,49.531,6446,18.64,53.6,0
1783523515.7729623,3978,17,person,0,837,3,1280,481,0.58,1058,242,418,-118,1700,1555,0.35,0,0,34.6,49.593,49.531,6446,18.42,54.3,0
1783523515.8253984,3979,17,person,0,831,3,1280,496,0.452,1055,249,415,-111,1700,1539,0.35,0,0,34.6,49.593,49.531,6446,24.08,41.5,0
1783523515.8717842,3980,17,person,0,827,4,1280,504,0.504,1053,254,413,-106,1700,1539,0.35,0,0,34.6,49.5,49.406,6486,18.59,53.8,0
1783523515.9179175,3981,17,person,0,866,3,1260,417,0.456,1063,210,423,-150,1700,1609,0.35,0,0,34.6,49.5,49.406,6486,18.69,53.5,0
1783523515.9655929,3982,17,person,0,875,3,1248,387,0.408,1061,195,421,-165,1700,1583,0.35,0,0,34.6,49.5,49.406,6486,18.46,54.2,0
1783523516.0136142,3983,17,person,0,847,3,1272,441,0.526,1059,222,419,-138,1700,1529,0.35,0,0,34.6,49.5,49.406,6486,19.62,51.0,0
1783523516.0617151,3984,17,person,0,830,4,1280,482,0.508,1055,243,415,-117,1700,1526,0.35,0,0,34.6,49.5,49.406,6486,18.96,52.8,0
1783523516.1093948,3985,17,person,0,826,4,1280,493,0.541,1053,248,413,-112,1700,1541,0.35,0,0,34.6,49.5,49.406,6486,18.62,53.7,0
1783523516.1500852,3986,17,person,0,826,3,1280,498,0.515,1053,250,413,-110,1700,1543,0.35,0,0,34.6,49.5,49.406,6486,19.32,51.8,0
1783523516.1974483,3987,17,person,0,834,3,1280,478,0.483,1057,240,417,-120,1700,1560,0.35,0,0,34.6,49.5,49.406,6486,18.39,54.4,0
1783523516.2452223,3988,17,person,0,831,3,1280,486,0.581,1055,244,415,-116,1700,1544,0.35,0,0,34.6,49.5,49.406,6486,18.76,53.3,0
1783523516.2922423,3989,17,person,0,829,3,1280,491,0.573,1054,247,414,-113,1700,1544,0.35,0,0,34.6,49.5,49.406,6486,18.71,53.4,0
1783523516.3414986,3990,17,person,0,837,3,1280,477,0.508,1058,240,418,-120,1700,1557,0.35,0,0,34.6,49.5,49.406,6486,21.58,46.3,0
1783523516.38883,3991,17,person,0,840,3,1280,473,0.539,1060,238,420,-122,1700,1552,0.35,0,0,34.6,49.656,49.25,6526,18.62,53.7,0
1783523516.4347398,3992,17,person,0,831,4,1280,495,0.502,1055,249,415,-111,1700,1534,0.35,0,0,34.6,49.656,49.25,6526,18.56,53.9,0
1783523516.4819937,3993,17,person,0,834,4,1280,491,0.599,1057,247,417,-113,1700,1549,0.35,0,0,34.6,49.656,49.25,6526,18.71,53.5,0
1783523516.5281835,3994,17,person,0,841,3,1279,473,0.53,1060,238,420,-122,1700,1560,0.35,0,0,34.6,49.656,49.25,6526,18.65,53.6,0
1783523516.5750277,3995,17,person,0,833,4,1280,494,0.537,1056,249,416,-111,1700,1534,0.35,0,0,34.6,49.656,49.25,6526,18.75,53.3,0
1783523516.6219795,3996,17,person,0,831,4,1280,502,0.521,1055,253,415,-107,1700,1540,0.35,0,0,34.6,49.656,49.25,6526,18.62,53.7,0
1783523516.6678221,3997,17,person,0,833,4,1280,503,0.574,1056,253,416,-107,1700,1544,0.35,0,0,34.6,49.656,49.25,6526,18.55,53.9,0
1783523516.708562,3998,17,person,0,832,4,1280,501,0.53,1056,252,416,-108,1700,1546,0.35,0,0,34.6,49.656,49.25,6526,18.66,53.6,0
1783523516.7569897,3999,17,person,0,832,4,1280,504,0.5,1056,254,416,-106,1700,1542,0.35,0,0,34.6,49.656,49.25,6526,19.76,50.6,0
1783523516.8039193,4000,17,person,0,840,4,1277,482,0.556,1058,243,418,-117,1700,1560,0.35,0,0,34.6,49.656,49.25,6526,18.87,53.0,0
1783523516.8520465,4001,17,person,0,836,4,1280,493,0.462,1058,248,418,-112,1700,1541,0.35,0,0,34.6,49.656,49.25,6526,18.73,53.4,0
1783523516.9029763,4002,17,person,0,884,3,1251,393,0.427,1067,198,427,-162,1700,1615,0.35,0,0,34.6,49.406,49.5,6446,22.29,44.9,0
1783523516.9522634,4003,17,person,0,842,3,1280,473,0.413,1061,238,421,-122,1700,1510,0.35,0,0,34.6,49.406,49.5,6446,18.67,53.6,0
1783523517.0007536,4004,17,person,0,872,3,1254,400,0.441,1063,201,423,-159,1700,1603,0.35,0,0,34.6,49.406,49.5,6446,18.71,53.4,0
1783523517.0500531,4005,17,person,0,884,3,1244,368,0.423,1064,185,424,-175,1700,1588,0.35,0,0,34.6,49.406,49.5,6446,18.91,52.9,0
1783523517.0974617,4006,17,person,0,881,3,1241,360,0.448,1061,181,421,-179,1700,1577,0.35,0,0,34.6,49.406,49.5,6446,18.42,54.3,0
1783523517.1444163,4007,17,person,0,887,3,1243,349,0.388,1065,176,425,-184,1700,1580,0.35,0,0,34.6,49.406,49.5,6446,18.64,53.7,0
1783523517.192878,4008,17,person,0,872,3,1250,365,0.481,1061,184,421,-176,1700,1564,0.35,0,0,34.6,49.406,49.5,6446,19.94,50.2,0
1783523517.2396746,4009,17,person,0,882,2,1251,351,0.436,1066,176,426,-184,1700,1584,0.35,0,0,34.6,49.406,49.5,6446,18.52,54.0,0
1783523517.280457,4010,17,person,0,882,2,1255,351,0.396,1068,176,428,-184,1700,1575,0.35,0,0,34.6,49.406,49.5,6446,19.27,51.9,0
1783523517.3279986,4011,17,person,0,869,3,1258,361,0.459,1063,182,423,-178,1700,1566,0.35,0,0,34.6,49.406,49.5,6446,18.61,53.7,0
1783523517.375621,4012,17,person,0,861,2,1262,369,0.468,1061,185,421,-175,1700,1568,0.35,0,0,34.6,49.375,49.656,6526,18.62,53.7,0
1783523517.4226851,4013,17,person,0,852,3,1269,384,0.452,1060,193,420,-167,1700,1560,0.35,0,0,34.6,49.375,49.656,6526,18.62,53.7,0
1783523517.4703388,4014,17,person,0,856,3,1273,382,0.411,1064,192,424,-168,1700,1570,0.35,0,0,34.6,49.375,49.656,6526,18.81,53.2,0
1783523517.516953,4015,17,person,0,863,3,1270,372,0.418,1066,187,426,-173,1700,1576,0.35,0,0,34.6,49.375,49.656,6526,18.98,52.7,0
1783523517.563262,4016,17,person,0,836,3,1280,415,0.458,1058,209,418,-151,1700,1538,0.35,0,0,34.6,49.375,49.656,6526,18.6,53.8,0
1783523517.611135,4017,17,person,0,809,3,1280,470,0.51,1044,236,404,-124,1700,1523,0.35,0,0,34.6,49.375,49.656,6526,18.87,53.0,0
1783523517.6585178,4018,17,person,0,820,3,1280,451,0.498,1050,227,410,-133,1700,1564,0.35,0,0,34.6,49.375,49.656,6526,18.58,53.8,0
1783523517.7063906,4019,17,person,0,801,3,1280,493,0.447,1040,248,400,-112,1700,1524,0.35,0,0,34.6,49.375,49.656,6526,18.77,53.3,0
1783523517.7592306,4020,17,person,0,834,3,1280,431,0.486,1057,217,417,-143,1700,1588,0.35,0,0,34.6,49.375,49.656,6526,23.57,42.4,0
1783523517.807471,4021,17,person,0,866,3,1266,375,0.417,1066,189,426,-171,1700,1599,0.35,0,0,34.6,49.375,49.656,6526,18.91,52.9,0
1783523517.8478923,4022,17,person,0,870,2,1263,365,0.436,1066,183,426,-177,1700,1580,0.35,0,0,34.6,49.375,49.656,6526,18.83,53.1,0
1783523517.8958993,4023,17,person,0,821,3,1280,459,0.465,1050,231,410,-129,1700,1503,0.35,0,0,34.6,49.406,49.437,6526,18.59,53.8,0
1783523517.9449136,4024,17,person,0,848,3,1280,406,0.435,1064,204,424,-156,1700,1591,0.35,0,0,34.6,49.406,49.437,6526,18.83,53.1,0
1783523517.9928997,4025,17,person,0,827,3,1280,442,0.504,1053,222,413,-138,1700,1538,0.35,0,0,34.6,49.406,49.437,6526,18.56,53.9,0
1783523518.0411303,4026,17,person,0,809,4,1280,484,0.486,1044,244,404,-116,1700,1525,0.35,0,0,34.6,49.406,49.437,6526,18.75,53.3,0
1783523518.088733,4027,17,person,0,807,4,1280,494,0.465,1043,249,403,-111,1700,1541,0.35,0,0,34.6,49.406,49.437,6526,18.88,53.0,0
1783523518.1360555,4028,17,person,0,846,3,1275,412,0.439,1060,207,420,-153,1700,1607,0.35,0,0,34.6,49.406,49.437,6526,19.11,52.3,0
1783523518.1841,4029,17,person,0,816,4,1280,475,0.543,1048,239,408,-121,1700,1517,0.35,0,0,34.6,49.406,49.437,6526,18.9,52.9,0
1783523518.2312627,4030,17,person,0,810,4,1280,495,0.54,1045,249,405,-111,1700,1535,0.35,0,0,34.6,49.406,49.437,6526,18.56,53.9,0
1783523518.2781248,4031,17,person,0,807,4,1280,504,0.507,1043,254,403,-106,1700,1539,0.35,0,0,34.6,49.406,49.437,6526,18.8,53.2,0
1783523518.3251579,4032,17,person,0,810,4,1280,504,0.458,1045,254,405,-106,1700,1544,0.35,0,0,34.6,49.406,49.437,6526,18.61,53.7,0
1783523518.3712394,4033,17,person,0,814,4,1280,502,0.594,1047,253,407,-107,1700,1545,0.35,0,0,34.6,49.406,49.437,6526,19.16,52.2,0
1783523518.4115558,4034,17,person,0,819,4,1280,492,0.527,1049,248,409,-112,1700,1553,0.35,0,0,34.6,49.781,49.5,6446,18.7,53.5,0
1783523518.459838,4035,17,person,0,820,4,1280,496,0.51,1050,250,410,-110,1700,1543,0.35,0,0,34.6,49.781,49.5,6446,18.89,52.9,0
1783523518.5069373,4036,17,person,0,829,4,1280,479,0.56,1054,241,414,-119,1700,1559,0.35,0,0,34.6,49.781,49.5,6446,18.89,52.9,0
1783523518.5537407,4037,17,person,0,831,4,1280,476,0.536,1055,240,415,-120,1700,1551,0.35,0,0,34.6,49.781,49.5,6446,18.69,53.5,0
1783523518.6004515,4038,17,person,0,819,4,1280,504,0.563,1049,254,409,-106,1700,1529,0.35,0,0,34.6,49.781,49.5,6446,18.73,53.4,0
1783523518.650217,4039,17,person,0,823,4,1280,501,0.457,1051,252,411,-108,1700,1547,0.35,0,0,34.6,49.781,49.5,6446,22.04,45.4,0
1783523518.6967745,4040,17,person,0,825,4,1280,501,0.561,1052,252,412,-108,1700,1545,0.35,0,0,34.6,49.781,49.5,6446,19.0,52.6,0
1783523518.7427123,4041,17,person,0,825,4,1280,504,0.411,1052,254,412,-106,1700,1542,0.35,0,0,34.6,49.781,49.5,6446,18.81,53.2,0
1783523518.7906358,4042,17,person,0,841,3,1280,472,0.476,1060,237,420,-123,1700,1568,0.35,0,0,34.6,49.781,49.5,6446,20.59,48.6,0
1783523518.8377435,4043,17,person,0,834,4,1280,488,0.523,1057,246,417,-114,1700,1538,0.35,0,0,34.6,49.781,49.5,6446,18.87,53.0,0
1783523518.8846247,4044,17,person,0,833,4,1280,488,0.485,1056,246,416,-114,1700,1547,0.35,0,0,34.6,49.656,49.281,6526,18.77,53.3,0
1783523518.930641,4045,17,person,0,831,4,1280,496,0.588,1055,250,415,-110,1700,1541,0.35,0,0,34.6,49.656,49.281,6526,18.51,54.0,0
1783523518.9712477,4046,17,person,0,831,4,1280,498,0.537,1055,251,415,-109,1700,1544,0.35,0,0,34.6,49.656,49.281,6526,18.62,53.7,0
1783523519.018573,4047,17,person,0,830,4,1280,501,0.525,1055,252,415,-108,1700,1544,0.35,0,0,34.6,49.656,49.281,6526,18.82,53.1,0
1783523519.0652883,4048,17,person,0,834,4,1280,495,0.503,1057,249,417,-111,1700,1549,0.35,0,0,34.6,49.656,49.281,6526,18.52,54.0,0
1783523519.1121912,4049,17,person,0,833,4,1280,498,0.586,1056,251,416,-109,1700,1543,0.35,0,0,34.6,49.656,49.281,6526,18.81,53.2,0
1783523519.161012,4050,17,person,0,832,4,1280,499,0.533,1056,251,416,-109,1700,1545,0.35,0,0,34.6,49.656,49.281,6526,21.36,46.8,0
1783523519.2068126,4051,17,person,0,836,4,1280,494,0.556,1058,249,418,-111,1700,1548,0.35,0,0,34.6,49.656,49.281,6526,18.66,53.6,0
1783523519.253316,4052,17,person,0,835,4,1280,495,0.546,1057,249,417,-111,1700,1546,0.35,0,0,34.6,49.656,49.281,6526,18.71,53.4,0
1783523519.299511,4053,17,person,0,833,4,1280,500,0.495,1056,252,416,-108,1700,1541,0.35,0,0,34.6,49.656,49.281,6526,18.64,53.6,0
1783523519.3456688,4054,17,person,0,836,4,1280,497,0.532,1058,250,418,-110,1700,1548,0.35,0,0,34.6,49.656,49.281,6526,18.67,53.6,0
1783523519.3929355,4055,17,person,0,841,3,1276,481,0.574,1058,242,418,-118,1700,1557,0.35,0,0,34.6,49.562,49.281,6446,19.89,50.3,0
1783523519.4405162,4056,17,person,0,837,4,1280,491,0.462,1058,247,418,-113,1700,1541,0.35,0,0,34.6,49.562,49.281,6446,18.62,53.7,0
1783523519.4873846,4057,17,person,0,835,4,1280,499,0.469,1057,251,417,-109,1700,1541,0.35,0,0,34.6,49.562,49.281,6446,18.58,53.8,0
1783523519.527308,4058,17,person,0,838,4,1280,499,0.506,1059,251,419,-109,1700,1545,0.35,0,0,34.6,49.562,49.281,6446,18.58,53.8,0
1783523519.5744534,4059,17,person,0,837,4,1280,499,0.549,1058,251,418,-109,1700,1545,0.35,0,0,34.6,49.562,49.281,6446,18.66,53.6,0
1783523519.6211581,4060,17,person,0,835,4,1280,503,0.469,1057,253,417,-107,1700,1542,0.35,0,0,34.6,49.562,49.281,6446,18.68,53.5,0
1783523519.667175,4061,17,person,0,835,4,1280,503,0.417,1057,253,417,-107,1700,1544,0.35,0,0,34.6,49.562,49.281,6446,18.5,54.1,0
1783523519.71302,4062,17,person,0,834,4,1280,505,0.46,1057,254,417,-106,1700,1543,0.35,0,0,34.6,49.562,49.281,6446,18.92,52.9,0
1783523519.7587104,4063,17,person,0,835,4,1280,508,0.462,1057,256,417,-104,1700,1541,0.35,0,0,34.6,49.562,49.281,6446,18.5,54.1,0
1783523519.8053517,4064,17,person,0,837,4,1280,503,0.484,1058,253,418,-107,1700,1548,0.35,0,0,34.6,49.562,49.281,6446,18.62,53.7,0
1783523519.8510923,4065,17,person,0,837,4,1280,502,0.511,1058,253,418,-107,1700,1544,0.35,0,0,34.6,49.562,49.281,6446,18.62,53.7,0
1783523519.8959887,4066,17,person,0,836,3,1280,504,0.5,1058,253,418,-107,1700,1544,0.35,0,0,34.6,49.625,49.406,6446,18.51,54.0,0
1783523519.9407945,4067,17,person,0,837,3,1280,503,0.517,1058,253,418,-107,1700,1544,0.35,0,0,34.6,49.625,49.406,6446,18.61,53.7,0
1783523519.988024,4068,17,person,0,839,4,1280,500,0.428,1059,252,419,-108,1700,1546,0.35,0,0,34.6,49.625,49.406,6446,21.06,47.5,0
1783523520.0334258,4069,17,person,0,837,4,1280,504,0.474,1058,254,418,-106,1700,1542,0.35,0,0,34.6,49.625,49.406,6446,18.55,53.9,0
1783523520.0736299,4070,17,person,0,845,3,1273,483,0.482,1059,243,419,-117,1700,1562,0.35,0,0,34.6,49.625,49.406,6446,18.71,53.4,0
1783523520.1215563,4071,17,person,0,843,3,1279,493,0.435,1061,248,421,-112,1700,1541,0.35,0,0,34.6,49.625,49.406,6446,18.74,53.4,0
1783523520.169228,4072,17,person,0,842,3,1279,494,0.495,1060,248,420,-112,1700,1546,0.35,0,0,34.6,49.625,49.406,6446,18.54,53.9,0
1783523520.2157383,4073,17,person,0,839,3,1280,499,0.474,1059,251,419,-109,1700,1542,0.35,0,0,34.6,49.625,49.406,6446,18.96,52.8,0
1783523520.262068,4074,17,person,0,838,3,1280,502,0.463,1059,252,419,-108,1700,1544,0.35,0,0,34.6,49.625,49.406,6446,18.55,53.9,0
1783523520.3079085,4075,17,person,0,877,2,1248,406,0.472,1062,204,422,-156,1700,1616,0.35,0,0,34.6,49.625,49.406,6446,18.7,53.5,0
1783523520.3556228,4076,17,person,0,893,2,1237,365,0.465,1065,183,425,-177,1700,1594,0.35,0,0,34.6,49.625,49.406,6446,18.79,53.2,0
1783523520.4030857,4077,17,person,0,854,2,1268,440,0.546,1061,221,421,-139,1700,1517,0.35,0,0,34.6,49.5,49.531,6407,18.64,53.7,0
1783523520.4531066,4078,17,person,0,873,2,1254,396,0.466,1063,199,423,-161,1700,1588,0.35,0,0,34.6,49.5,49.531,6407,20.79,48.1,0
1783523520.5003257,4079,17,person,0,890,2,1245,361,0.434,1067,181,427,-179,1700,1592,0.35,0,0,34.6,49.5,49.531,6407,18.49,54.1,0
1783523520.5510657,4080,17,person,0,849,2,1277,437,0.474,1063,219,423,-141,1700,1520,0.35,0,0,34.6,49.5,49.531,6407,21.93,45.6,0
1783523520.598955,4081,17,person,0,828,3,1280,482,0.484,1054,242,414,-118,1700,1525,0.35,0,0,34.6,49.5,49.531,6407,18.67,53.5,0
1783523520.6390603,4082,17,person,0,821,3,1280,499,0.505,1050,251,410,-109,1700,1534,0.35,0,0,34.6,49.5,49.531,6407,18.6,53.7,0
1783523520.6872573,4083,17,person,0,828,2,1280,483,0.558,1054,242,414,-118,1700,1558,0.35,0,0,34.6,49.5,49.531,6407,18.77,53.3,0
1783523520.7403312,4084,17,person,0,866,2,1259,401,0.463,1062,201,422,-159,1700,1604,0.35,0,0,34.6,49.5,49.531,6407,23.92,41.8,0
1783523520.7893083,4085,17,person,0,867,2,1254,389,0.409,1060,195,420,-165,1700,1574,0.35,0,0,34.6,49.5,49.531,6407,18.77,53.3,0
1783523520.8371465,4086,17,person,0,881,2,1248,361,0.401,1064,181,424,-179,1700,1588,0.35,0,0,34.6,49.5,49.531,6407,18.82,53.1,0
1783523520.885227,4087,17,person,0,885,2,1247,350,0.375,1066,176,426,-184,1700,1580,0.35,0,0,34.6,49.5,49.531,6407,19.09,52.4,0
1783523520.9319875,4088,17,person,0,827,3,1280,460,0.406,1053,231,413,-129,1700,1494,0.35,0,0,34.8,49.531,49.468,6526,18.6,53.8,0
1783523520.9801784,4089,17,person,0,850,2,1273,409,0.408,1061,205,421,-155,1700,1590,0.35,0,0,34.8,49.531,49.468,6526,19.06,52.5,0
1783523521.0276573,4090,17,person,0,856,2,1266,393,0.461,1061,197,421,-163,1700,1575,0.35,0,0,34.8,49.531,49.468,6526,18.71,53.4,0
1783523521.0744202,4091,17,person,0,829,2,1280,446,0.516,1054,224,414,-136,1700,1527,0.35,0,0,34.8,49.531,49.468,6526,18.89,52.9,0
1783523521.123741,4092,17,person,0,814,3,1280,482,0.467,1047,242,407,-118,1700,1530,0.35,0,0,34.8,49.531,49.468,6526,19.66,50.9,0
1783523521.1710246,4093,17,person,0,811,3,1280,494,0.539,1045,248,405,-112,1700,1540,0.35,0,0,34.8,49.531,49.468,6526,18.51,54.0,0
1783523521.211172,4094,17,person,0,809,4,1280,506,0.479,1044,255,404,-105,1700,1535,0.35,0,0,34.8,49.531,49.468,6526,18.65,53.6,0
1783523521.2591224,4095,17,person,0,812,4,1280,502,0.52,1046,253,406,-107,1700,1546,0.35,0,0,34.8,49.531,49.468,6526,18.7,53.5,0
1783523521.3059473,4096,17,person,0,814,4,1280,502,0.519,1047,253,407,-107,1700,1544,0.35,0,0,34.8,49.531,49.468,6526,18.55,53.9,0
1783523521.3522577,4097,17,person,0,817,4,1280,501,0.573,1048,252,408,-108,1700,1546,0.35,0,0,34.8,49.531,49.468,6526,18.68,53.5,0
1783523521.3986907,4098,17,person,0,820,4,1280,497,0.538,1050,250,410,-110,1700,1548,0.35,0,0,34.8,49.531,49.468,6526,18.43,54.3,0
1783523521.4446547,4099,17,person,0,826,3,1280,486,0.506,1053,244,413,-116,1700,1554,0.35,0,0,34.8,49.5,49.5,6407,18.64,53.7,0
1783523521.4910746,4100,17,person,0,824,3,1280,495,0.57,1052,249,412,-111,1700,1541,0.35,0,0,34.8,49.5,49.5,6407,18.57,53.9,0
1783523521.5372012,4101,17,person,0,823,3,1280,502,0.473,1051,252,411,-108,1700,1541,0.35,0,0,34.8,49.5,49.5,6407,18.5,54.1,0
1783523521.583733,4102,17,person,0,831,3,1280,486,0.563,1055,244,415,-116,1700,1557,0.35,0,0,34.8,49.5,49.5,6407,18.82,53.1,0
1783523521.6301477,4103,17,person,0,830,3,1280,496,0.435,1055,249,415,-111,1700,1541,0.35,0,0,34.8,49.5,49.5,6407,18.41,54.3,0
1783523521.679998,4104,17,person,0,835,3,1280,482,0.526,1057,242,417,-118,1700,1556,0.35,0,0,34.8,49.5,49.5,6407,21.96,45.5,0
1783523521.7264276,4105,17,person,0,839,2,1280,473,0.527,1059,237,419,-123,1700,1556,0.35,0,0,34.8,49.5,49.5,6407,18.52,54.0,0
1783523521.7667546,4106,17,person,0,840,2,1278,468,0.487,1059,235,419,-125,1700,1554,0.35,0,0,34.8,49.5,49.5,6407,18.41,54.3,0
1783523521.8143766,4107,17,person,0,834,3,1280,485,0.425,1057,244,417,-116,1700,1538,0.35,0,0,34.8,49.5,49.5,6407,18.67,53.6,0
1783523521.8609388,4108,17,person,0,842,2,1279,469,0.438,1060,235,420,-125,1700,1561,0.35,0,0,34.8,49.5,49.5,6407,18.51,54.0,0
1783523521.9120052,4109,17,person,0,843,2,1279,468,0.436,1061,235,421,-125,1700,1552,0.35,0,0,34.8,49.5,49.5,6407,22.64,44.2,0
1783523521.9598615,4110,17,person,0,841,2,1278,467,0.514,1059,234,419,-126,1700,1553,0.35,0,0,34.8,49.437,49.687,6446,20.57,48.6,0
1783523522.0059268,4111,17,person,0,871,2,1255,401,0.407,1063,201,423,-159,1700,1601,0.35,0,0,34.8,49.437,49.687,6446,18.54,53.9,0
1783523522.0536215,4112,17,person,0,838,3,1280,469,0.468,1059,236,419,-124,1700,1514,0.35,0,0,34.8,49.437,49.687,6446,18.57,53.9,0
1783523522.101712,4113,17,person,0,831,3,1280,485,0.576,1055,244,415,-116,1700,1540,0.35,0,0,34.8,49.437,49.687,6446,18.42,54.3,0
1783523522.1485348,4114,17,person,0,836,2,1280,477,0.516,1058,239,418,-121,1700,1555,0.35,0,0,34.8,49.437,49.687,6446,18.72,53.4,0
1783523522.1949933,4115,17,person,0,832,3,1280,487,0.531,1056,245,416,-115,1700,1541,0.35,0,0,34.8,49.437,49.687,6446,18.76,53.3,0
1783523522.2415135,4116,17,person,0,836,2,1280,476,0.561,1058,239,418,-121,1700,1556,0.35,0,0,34.8,49.437,49.687,6446,18.73,53.4,0
1783523522.2879703,4117,17,person,0,835,2,1280,475,0.521,1057,238,417,-122,1700,1551,0.35,0,0,34.8,49.437,49.687,6446,18.63,53.7,0
1783523522.3292847,4118,17,person,0,836,2,1280,478,0.579,1058,240,418,-120,1700,1547,0.35,0,0,34.8,49.437,49.687,6446,19.85,50.4,0
1783523522.3765292,4119,17,person,0,841,2,1279,467,0.482,1060,234,420,-126,1700,1558,0.35,0,0,34.8,49.437,49.687,6446,18.66,53.6,0
1783523522.427864,4120,17,person,0,834,3,1280,486,0.468,1057,244,417,-116,1700,1538,0.35,0,0,34.8,49.812,49.781,6486,21.95,45.6,0
1783523522.4748783,4121,17,person,0,832,3,1280,493,0.522,1056,248,416,-112,1700,1542,0.35,0,0,34.8,49.812,49.781,6486,18.59,53.8,0
1783523522.5216098,4122,17,person,0,833,3,1280,489,0.536,1056,246,416,-114,1700,1549,0.35,0,0,34.8,49.812,49.781,6486,18.6,53.8,0
1783523522.5682373,4123,17,person,0,834,3,1280,485,0.559,1057,244,417,-116,1700,1550,0.35,0,0,34.8,49.812,49.781,6486,18.57,53.9,0
1783523522.6147463,4124,17,person,0,842,3,1279,473,0.511,1060,238,420,-122,1700,1557,0.35,0,0,34.8,49.812,49.781,6486,18.61,53.7,0
1783523522.6615896,4125,17,person,0,845,3,1274,462,0.431,1059,232,419,-128,1700,1559,0.35,0,0,34.8,49.812,49.781,6486,18.48,54.1,0
1783523522.7143977,4126,17,person,0,837,3,1280,482,0.544,1058,242,418,-118,1700,1539,0.35,0,0,34.8,49.812,49.781,6486,24.1,41.5,0
1783523522.761914,4127,17,person,0,878,3,1254,396,0.439,1066,199,426,-161,1700,1611,0.35,0,0,34.8,49.812,49.781,6486,18.75,53.3,0
1783523522.8106058,4128,17,person,0,848,3,1275,450,0.463,1061,226,421,-134,1700,1527,0.35,0,0,34.8,49.812,49.781,6486,18.81,53.2,0
1783523522.8588006,4129,17,person,0,859,3,1260,416,0.498,1059,209,419,-151,1700,1580,0.35,0,0,34.8,49.812,49.781,6486,18.59,53.8,0
1783523522.9003763,4130,17,person,0,838,3,1280,461,0.577,1059,232,419,-128,1700,1525,0.35,0,0,34.8,49.812,49.781,6486,19.98,50.1,0
1783523522.9498007,4131,17,person,0,830,3,1280,479,0.604,1055,241,415,-119,1700,1540,0.35,0,0,34.8,49.437,49.593,6565,18.93,52.8,0
1783523522.997482,4132,17,person,0,833,3,1280,476,0.479,1056,239,416,-121,1700,1552,0.35,0,0,34.8,49.437,49.593,6565,18.58,53.8,0
1783523523.0451553,4133,17,person,0,826,3,1280,493,0.478,1053,248,413,-112,1700,1537,0.35,0,0,34.8,49.437,49.593,6565,18.78,53.2,0
1783523523.092264,4134,17,person,0,832,3,1280,479,0.447,1056,241,416,-119,1700,1557,0.35,0,0,34.8,49.437,49.593,6565,18.63,53.7,0
1783523523.1393301,4135,17,person,0,834,3,1280,475,0.438,1057,239,417,-121,1700,1552,0.35,0,0,34.8,49.437,49.593,6565,18.75,53.3,0
1783523523.1859758,4136,17,person,0,836,3,1280,474,0.425,1058,238,418,-122,1700,1551,0.35,0,0,34.8,49.437,49.593,6565,18.63,53.7,0
1783523523.2319832,4137,17,person,0,836,3,1280,472,0.456,1058,237,418,-123,1700,1552,0.35,0,0,34.8,49.437,49.593,6565,18.46,54.2,0
1783523523.2781403,4138,17,person,0,835,3,1280,477,0.516,1057,240,417,-120,1700,1546,0.35,0,0,34.8,49.437,49.593,6565,18.61,53.7,0
1783523523.3244908,4139,17,person,0,837,2,1280,470,0.405,1058,236,418,-124,1700,1555,0.35,0,0,34.8,49.437,49.593,6565,18.63,53.7,0
1783523523.3694537,4140,,,,,,,,,,,,,1500,1500,0.35,0,0,34.8,49.437,49.593,6565,19.0,52.6,1
1783523523.4170783,4141,17,person,0,826,3,1280,498,0.398,1053,250,413,-110,1700,1650,0.35,0,0,34.8,49.437,49.593,6565,18.91,52.9,0
1783523523.4576435,4142,17,person,0,837,3,1280,475,0.423,1058,239,418,-121,1700,1562,0.35,0,0,34.8,49.843,49.375,6486,18.59,53.8,0
1783523523.5072622,4143,17,person,0,830,3,1280,496,0.539,1055,249,415,-111,1700,1534,0.35,0,0,34.8,49.843,49.375,6486,20.13,49.7,0
1783523523.5557117,4144,17,person,0,843,3,1277,465,0.405,1060,234,420,-126,1700,1566,0.35,0,0,34.8,49.843,49.375,6486,19.35,51.7,0
1783523523.6035068,4145,17,person,0,843,3,1276,462,0.352,1059,232,419,-128,1700,1553,0.35,0,0,34.8,49.843,49.375,6486,18.51,54.0,0
1783523523.650242,4146,17,person,0,841,3,1275,463,0.43,1058,233,418,-127,1700,1550,0.35,0,0,34.8,49.843,49.375,6486,18.76,53.3,0
1783523523.696363,4147,17,person,0,836,3,1279,473,0.514,1057,238,417,-122,1700,1544,0.35,0,0,34.8,49.843,49.375,6486,18.59,53.8,0
1783523523.7427719,4148,17,person,0,830,3,1280,490,0.462,1055,246,415,-114,1700,1537,0.35,0,0,34.8,49.843,49.375,6486,18.6,53.8,0
1783523523.789496,4149,17,person,0,827,3,1280,501,0.388,1053,252,413,-108,1700,1537,0.35,0,0,34.8,49.843,49.375,6486,18.62,53.7,0
1783523523.836674,4150,17,person,0,827,3,1280,503,0.435,1053,253,413,-107,1700,1542,0.35,0,0,34.8,49.843,49.375,6486,18.52,54.0,0
1783523523.8821445,4151,17,person,0,857,3,1261,429,0.36,1059,216,419,-144,1700,1599,0.35,0,0,34.8,49.843,49.375,6486,18.65,53.6,0
1783523523.9294367,4152,17,person,0,835,3,1280,480,0.433,1057,241,417,-119,1700,1522,0.35,0,0,34.8,49.843,49.375,6486,18.45,54.2,0
1783523523.9798481,4153,17,person,0,874,3,1254,396,0.41,1064,199,424,-161,1700,1607,0.35,0,0,34.8,49.656,49.531,6446,21.86,45.8,0
1783523524.0216475,4154,17,person,0,854,2,1267,428,0.397,1060,215,420,-145,1700,1540,0.35,0,0,34.8,49.656,49.531,6446,20.39,49.0,0
1783523524.0706186,4155,17,person,0,839,3,1279,457,0.476,1059,230,419,-130,1700,1538,0.35,0,0,34.8,49.656,49.531,6446,18.63,53.7,0
1783523524.1185243,4156,17,person,0,836,3,1280,463,0.408,1058,233,418,-127,1700,1549,0.35,0,0,34.8,49.656,49.531,6446,18.73,53.4,0
1783523524.1653192,4157,17,person,0,833,3,1280,472,0.504,1056,237,416,-123,1700,1546,0.35,0,0,34.8,49.656,49.531,6446,18.61,53.7,0
1783523524.2118838,4158,17,person,0,826,3,1280,489,0.516,1053,246,413,-114,1700,1537,0.35,0,0,34.8,49.656,49.531,6446,18.93,52.8,0
1783523524.2628748,4159,17,person,0,833,3,1280,476,0.493,1056,239,416,-121,1700,1557,0.35,0,0,34.8,49.656,49.531,6446,23.0,43.5,0
1783523524.309634,4160,17,person,0,827,3,1280,490,0.487,1053,246,413,-114,1700,1540,0.35,0,0,34.8,49.656,49.531,6446,18.64,53.6,0
1783523524.3604622,4161,17,person,0,824,3,1280,500,0.551,1052,251,412,-109,1700,1540,0.35,0,0,34.8,49.656,49.531,6446,22.99,43.5,0
1783523524.406568,4162,17,person,0,824,3,1280,504,0.491,1052,253,412,-107,1700,1542,0.35,0,0,34.8,49.656,49.531,6446,18.82,53.1,0
1783523524.4523413,4163,17,person,0,844,2,1272,454,0.382,1058,228,418,-132,1700,1582,0.35,0,0,34.8,49.5,49.5,6446,18.81,53.2,0
1783523524.500771,4164,17,person,0,829,2,1280,486,0.554,1054,244,414,-116,1700,1531,0.35,0,0,34.8,49.5,49.5,6446,19.28,51.9,0
1783523524.5479548,4165,17,person,0,827,3,1280,496,0.418,1053,249,413,-111,1700,1541,0.35,0,0,34.8,49.5,49.5,6446,18.78,53.3,0
1783523524.58444,4166,,,,,,,,,,,,,1500,1500,0.35,0,0,34.8,49.5,49.5,6446,16.73,59.8,1
1783523524.6337745,4167,17,person,0,826,3,1280,499,0.5,1053,251,413,-109,1700,1650,0.35,0,0,34.8,49.5,49.5,6446,19.58,51.1,0
1783523524.6823936,4168,17,person,0,827,3,1280,502,0.465,1053,252,413,-108,1700,1542,0.35,0,0,34.8,49.5,49.5,6446,18.67,53.5,0
1783523524.7289684,4169,17,person,0,829,4,1280,500,0.406,1054,252,414,-108,1700,1543,0.35,0,0,34.8,49.5,49.5,6446,18.56,53.9,0
1783523524.7782784,4170,17,person,0,831,4,1280,498,0.386,1055,251,415,-109,1700,1544,0.35,0,0,34.8,49.5,49.5,6446,21.65,46.2,0
1783523524.8243806,4171,17,person,0,832,4,1280,499,0.408,1056,251,416,-109,1700,1544,0.35,0,0,34.8,49.5,49.5,6446,18.53,54.0,0
1783523524.8702781,4172,17,person,0,829,4,1280,506,0.449,1054,255,414,-105,1700,1538,0.35,0,0,34.8,49.5,49.5,6446,18.79,53.2,0
1783523524.9165027,4173,17,person,0,833,4,1280,502,0.384,1056,253,416,-107,1700,1545,0.35,0,0,34.8,49.5,49.5,6446,18.71,53.5,0
1783523524.9624548,4174,17,person,0,854,3,1266,450,0.357,1060,226,420,-134,1700,1583,0.35,0,0,34.8,49.625,49.656,6486,18.41,54.3,0
1783523525.0098543,4175,17,person,0,838,4,1280,487,0.454,1059,245,419,-115,1700,1526,0.35,0,0,34.8,49.625,49.656,6486,18.59,53.8,0
1783523525.0570135,4176,17,person,0,834,4,1280,494,0.451,1057,249,417,-111,1700,1541,0.35,0,0,34.8,49.625,49.656,6486,18.55,53.9,0
1783523525.1033442,4177,17,person,0,832,4,1280,501,0.493,1056,252,416,-108,1700,1541,0.35,0,0,34.8,49.625,49.656,6486,18.94,52.8,0
1783523525.144398,4178,17,person,0,833,4,1280,502,0.434,1056,253,416,-107,1700,1542,0.35,0,0,34.8,49.625,49.656,6486,18.68,53.5,0
1783523525.1916387,4179,17,person,0,833,4,1280,506,0.455,1056,255,416,-105,1700,1541,0.35,0,0,34.8,49.625,49.656,6486,18.65,53.6,0
1783523525.2390077,4180,17,person,0,833,3,1280,505,0.433,1056,254,416,-106,1700,1544,0.35,0,0,34.8,49.625,49.656,6486,19.77,50.6,0
1783523525.2849047,4181,17,person,0,834,3,1280,504,0.401,1057,253,417,-107,1700,1545,0.35,0,0,34.8,49.625,49.656,6486,18.79,53.2,0
1783523525.3308423,4182,17,person,0,835,4,1280,504,0.536,1057,254,417,-106,1700,1542,0.35,0,0,34.8,49.625,49.656,6486,18.64,53.7,0
1783523525.3767686,4183,17,person,0,838,3,1280,496,0.511,1059,249,419,-111,1700,1551,0.35,0,0,34.8,49.625,49.656,6486,18.57,53.8,0
1783523525.4227643,4184,17,person,0,872,3,1253,416,0.44,1062,209,422,-151,1700,1605,0.35,0,0,34.8,49.625,49.656,6486,18.54,53.9,0
1783523525.4705472,4185,17,person,0,843,3,1278,478,0.536,1060,240,420,-120,1700,1517,0.35,0,0,34.8,49.468,49.5,6446,18.61,53.7,0
1783523525.5181944,4186,17,person,0,835,3,1280,493,0.489,1057,248,417,-112,1700,1538,0.35,0,0,34.8,49.468,49.5,6446,18.79,53.2,0
1783523525.5643308,4187,17,person,0,833,3,1280,500,0.401,1056,251,416,-109,1700,1542,0.35,0,0,34.8,49.468,49.5,6446,18.58,53.8,0
1783523525.6104326,4188,17,person,0,831,4,1280,509,0.484,1055,256,415,-104,1700,1538,0.35,0,0,34.8,49.468,49.5,6446,18.6,53.8,0
1783523525.6566892,4189,17,person,0,833,4,1280,504,0.456,1056,254,416,-106,1700,1546,0.35,0,0,34.8,49.468,49.5,6446,18.48,54.1,0
1783523525.6967638,4190,17,person,0,834,4,1280,503,0.473,1057,253,417,-107,1700,1546,0.35,0,0,34.8,49.468,49.5,6446,18.63,53.7,0
1783523525.7443848,4191,17,person,0,835,4,1280,502,0.501,1057,253,417,-107,1700,1544,0.35,0,0,34.8,49.468,49.5,6446,19.12,52.3,0
1783523525.7910118,4192,17,person,0,833,4,1280,508,0.541,1056,256,416,-104,1700,1540,0.35,0,0,34.8,49.468,49.5,6446,18.62,53.7,0
1783523525.8383477,4193,17,person,0,834,3,1280,506,0.479,1057,254,417,-106,1700,1546,0.35,0,0,34.8,49.468,49.5,6446,19.8,50.5,0
1783523525.8843884,4194,17,person,0,835,3,1280,503,0.409,1057,253,417,-107,1700,1545,0.35,0,0,34.8,49.468,49.5,6446,18.61,53.7,0
1783523525.9300067,4195,17,person,0,839,3,1279,495,0.39,1059,249,419,-111,1700,1550,0.35,0,0,34.8,49.468,49.5,6446,18.61,53.7,0
1783523525.9762406,4196,17,person,0,836,3,1280,503,0.481,1058,253,418,-107,1700,1540,0.35,0,0,34.8,49.406,49.437,6486,18.89,52.9,0
1783523526.0223384,4197,17,person,0,839,3,1280,499,0.469,1059,251,419,-109,1700,1547,0.35,0,0,34.8,49.406,49.437,6486,18.66,53.6,0
1783523526.0679834,4198,17,person,0,837,4,1280,502,0.484,1058,253,418,-107,1700,1542,0.35,0,0,34.8,49.406,49.437,6486,18.45,54.2,0
1783523526.1137857,4199,17,person,0,836,4,1280,507,0.481,1058,255,418,-105,1700,1541,0.35,0,0,34.8,49.406,49.437,6486,18.81,53.2,0
1783523526.1624138,4200,17,person,0,840,4,1279,497,0.512,1059,250,419,-110,1700,1551,0.35,0,0,34.8,49.406,49.437,6486,21.41,46.7,0
1783523526.2087939,4201,17,person,0,841,4,1277,494,0.526,1059,249,419,-111,1700,1547,0.35,0,0,34.8,49.406,49.437,6486,19.01,52.6,0
1783523526.249596,4202,17,person,0,839,4,1280,500,0.449,1059,252,419,-108,1700,1541,0.35,0,0,34.8,49.406,49.437,6486,18.84,53.1,0
1783523526.2971785,4203,17,person,0,837,4,1280,506,0.479,1058,255,418,-105,1700,1540,0.35,0,0,34.8,49.406,49.437,6486,18.55,53.9,0
1783523526.3439794,4204,17,person,0,836,4,1280,507,0.457,1058,255,418,-105,1700,1544,0.35,0,0,34.8,49.406,49.437,6486,18.88,53.0,0
1783523526.3898945,4205,17,person,0,839,4,1280,503,0.423,1059,253,419,-107,1700,1546,0.35,0,0,34.8,49.406,49.437,6486,18.75,53.3,0
1783523526.43727,4206,17,person,0,839,4,1280,503,0.496,1059,253,419,-107,1700,1544,0.35,0,0,34.8,49.406,49.437,6486,20.01,50.0,0
1783523526.4823203,4207,17,person,0,838,4,1280,506,0.398,1059,255,419,-105,1700,1541,0.35,0,0,34.8,49.593,49.312,6486,18.83,53.1,0
1783523526.5280693,4208,17,person,0,844,3,1277,492,0.446,1060,247,420,-113,1700,1555,0.35,0,0,34.8,49.593,49.312,6486,18.53,54.0,0
1783523526.5747988,4209,17,person,0,839,3,1280,503,0.479,1059,253,419,-107,1700,1538,0.35,0,0,34.8,49.593,49.312,6486,18.81,53.2,0
1783523526.6217673,4210,17,person,0,839,4,1279,502,0.518,1059,253,419,-107,1700,1544,0.35,0,0,34.8,49.593,49.312,6486,18.88,53.0,0
1783523526.668154,4211,17,person,0,839,3,1280,503,0.545,1059,253,419,-107,1700,1544,0.35,0,0,34.8,49.593,49.312,6486,18.65,53.6,0
1783523526.7138786,4212,17,person,0,839,3,1280,503,0.46,1059,253,419,-107,1700,1544,0.35,0,0,34.8,49.593,49.312,6486,18.77,53.3,0
1783523526.7591195,4213,17,person,0,838,3,1280,505,0.404,1059,254,419,-106,1700,1543,0.35,0,0,34.8,49.593,49.312,6486,18.62,53.7,0
1783523526.7994385,4214,17,person,0,838,4,1280,506,0.386,1059,255,419,-105,1700,1542,0.35,0,0,34.8,49.593,49.312,6486,18.77,53.3,0
1783523526.8468938,4215,17,person,0,873,3,1251,419,0.472,1062,211,422,-149,1700,1607,0.35,0,0,34.8,49.593,49.312,6486,18.93,52.8,0
1783523526.8951092,4216,17,person,0,890,3,1240,378,0.421,1065,190,425,-170,1700,1591,0.35,0,0,34.8,49.593,49.312,6486,18.55,53.9,0
1783523526.9427683,4217,17,person,0,885,2,1241,376,0.486,1063,189,423,-171,1700,1571,0.35,0,0,34.8,49.593,49.312,6486,18.69,53.5,0
1783523526.9896452,4218,17,person,0,889,2,1239,361,0.415,1064,181,424,-179,1700,1582,0.35,0,0,34.8,49.531,49.531,6446,18.56,53.9,0
1783523527.0390513,4219,17,person,0,842,3,1280,455,0.462,1061,229,421,-131,1700,1505,0.35,0,0,34.8,49.531,49.531,6446,21.36,46.8,0
1783523527.0868583,4220,17,person,0,829,3,1280,486,0.497,1054,244,414,-116,1700,1532,0.35,0,0,34.8,49.531,49.531,6446,18.84,53.1,0
1783523527.134235,4221,17,person,0,866,2,1261,405,0.425,1063,203,423,-157,1700,1608,0.35,0,0,34.8,49.531,49.531,6446,18.88,53.0,0
1783523527.1824825,4222,17,person,0,834,3,1280,468,0.525,1057,235,417,-125,1700,1518,0.35,0,0,34.8,49.531,49.531,6446,19.35,51.7,0
1783523527.2300725,4223,17,person,0,824,3,1280,491,0.516,1052,247,412,-113,1700,1534,0.35,0,0,34.8,49.531,49.531,6446,18.79,53.2,0
1783523527.2779117,4224,17,person,0,824,3,1280,495,0.558,1052,249,412,-111,1700,1544,0.35,0,0,34.8,49.531,49.531,6446,19.01,52.6,0
1783523527.3245645,4225,17,person,0,823,4,1280,500,0.514,1051,252,411,-108,1700,1541,0.35,0,0,34.8,49.531,49.531,6446,18.77,53.3,0
1783523527.3647282,4226,17,person,0,859,3,1266,423,0.485,1062,213,422,-147,1700,1609,0.35,0,0,34.8,49.531,49.531,6446,18.58,53.8,0
1783523527.4141188,4227,17,person,0,833,3,1280,477,0.515,1056,240,416,-120,1700,1522,0.35,0,0,34.8,49.531,49.531,6446,18.72,53.4,0
1783523527.4626136,4228,17,person,0,874,3,1263,399,0.481,1068,201,428,-159,1700,1605,0.35,0,0,34.8,49.531,49.531,6446,18.64,53.7,0
1783523527.511528,4229,17,person,0,894,3,1252,361,0.506,1073,182,433,-178,1700,1592,0.35,0,0,34.8,49.718,49.687,6446,18.75,53.3,0
1783523527.5625834,4230,17,person,0,881,3,1254,370,0.533,1067,186,427,-174,1700,1567,0.35,0,0,34.8,49.718,49.687,6446,21.46,46.6,0
1783523527.6116772,4231,17,person,0,866,3,1259,386,0.583,1062,194,422,-166,1700,1560,0.35,0,0,34.8,49.718,49.687,6446,20.16,49.6,0
1783523527.6585836,4232,17,person,0,883,3,1254,359,0.546,1068,181,428,-179,1700,1587,0.35,0,0,34.8,49.718,49.687,6446,18.56,53.9,0
1783523527.70602,4233,17,person,0,880,3,1253,356,0.569,1066,179,426,-181,1700,1576,0.35,0,0,34.8,49.718,49.687,6446,18.77,53.3,0
1783523527.7527478,4234,17,person,0,881,3,1255,351,0.515,1068,177,428,-183,1700,1577,0.35,0,0,34.8,49.718,49.687,6446,18.77,53.3,0
1783523527.7986493,4235,17,person,0,869,3,1261,366,0.557,1065,184,425,-176,1700,1564,0.35,0,0,34.8,49.718,49.687,6446,18.56,53.9,0
1783523527.8452864,4236,17,person,0,865,3,1263,368,0.581,1064,185,424,-175,1700,1570,0.35,0,0,34.8,49.718,49.687,6446,18.69,53.5,0
1783523527.8911674,4237,17,person,0,820,3,1280,453,0.519,1050,228,410,-132,1700,1507,0.35,0,0,34.8,49.718,49.687,6446,18.57,53.9,0
1783523527.9320884,4238,17,person,0,844,3,1280,410,0.505,1062,206,422,-154,1700,1590,0.35,0,0,34.8,49.718,49.687,6446,18.56,53.9,0
1783523527.9808197,4239,17,person,0,866,3,1272,377,0.474,1069,190,429,-170,1700,1586,0.35,0,0,34.8,49.718,49.687,6446,18.99,52.7,0
1783523528.029356,4240,17,person,0,871,2,1262,359,0.522,1066,180,426,-180,1700,1584,0.35,0,0,34.8,49.375,49.468,6446,18.54,53.9,0
1783523528.0773299,4241,17,person,0,870,3,1261,355,0.491,1065,179,425,-181,1700,1575,0.35,0,0,34.8,49.375,49.468,6446,18.93,52.8,0
1783523528.1287203,4242,17,person,0,873,3,1264,353,0.5,1068,178,428,-182,1700,1575,0.35,0,0,34.8,49.375,49.468,6446,23.03,43.4,0
1783523528.1753309,4243,17,person,0,882,3,1265,342,0.428,1073,172,433,-188,1700,1583,0.35,0,0,34.8,49.375,49.468,6446,18.69,53.5,0
1783523528.222477,4244,17,person,0,878,3,1265,344,0.461,1071,173,431,-187,1700,1575,0.35,0,0,34.8,49.375,49.468,6446,18.55,53.9,0
1783523528.26847,4245,17,person,0,866,3,1264,351,0.521,1065,177,425,-183,1700,1570,0.35,0,0,34.8,49.375,49.468,6446,18.53,54.0,0
1783523528.3153832,4246,17,person,0,855,3,1269,364,0.591,1062,183,422,-177,1700,1566,0.35,0,0,34.8,49.375,49.468,6446,18.84,53.1,0
1783523528.362061,4247,17,person,0,856,3,1270,362,0.508,1063,182,423,-178,1700,1574,0.35,0,0,34.8,49.375,49.468,6446,18.38,54.4,0
1783523528.4083362,4248,17,person,0,870,3,1270,349,0.48,1070,176,430,-184,1700,1582,0.35,0,0,34.8,49.375,49.468,6446,18.67,53.6,0
1783523528.4553044,4249,17,person,0,868,3,1267,346,0.515,1067,174,427,-186,1700,1578,0.35,0,0,34.8,49.375,49.468,6446,18.74,53.4,0
1783523528.495308,4250,17,person,0,865,3,1269,348,0.446,1067,175,427,-185,1700,1574,0.35,0,0,34.8,49.75,49.406,6486,18.49,54.1,0
1783523528.5435936,4251,17,person,0,870,3,1269,342,0.367,1069,172,429,-188,1700,1580,0.35,0,0,34.8,49.75,49.406,6486,18.61,53.7,0
1783523528.5916603,4252,17,person,0,810,4,1280,447,0.444,1045,225,405,-135,1700,1500,0.35,0,0,34.8,49.75,49.406,6486,18.51,54.0,0
1783523528.6406672,4253,17,person,0,793,4,1280,482,0.44,1036,243,396,-117,1700,1530,0.35,0,0,34.8,49.75,49.406,6486,18.81,53.2,0
1783523528.689861,4254,17,person,0,790,4,1280,495,0.545,1035,249,395,-111,1700,1540,0.35,0,0,34.8,49.75,49.406,6486,18.65,53.6,0
1783523528.7381215,4255,17,person,0,832,4,1280,421,0.401,1056,212,416,-148,1700,1599,0.35,0,0,34.8,49.75,49.406,6486,18.71,53.4,0
1783523528.7875469,4256,17,person,0,836,4,1280,408,0.459,1058,206,418,-154,1700,1569,0.35,0,0,34.8,49.75,49.406,6486,18.66,53.6,0
1783523528.8353794,4257,17,person,0,856,4,1275,380,0.441,1065,192,425,-168,1700,1583,0.35,0,0,34.8,49.75,49.406,6486,18.64,53.7,0
1783523528.8847501,4258,17,person,0,837,5,1280,409,0.454,1058,207,418,-153,1700,1548,0.35,0,0,34.8,49.75,49.406,6486,18.77,53.3,0
1783523528.9335856,4259,17,person,0,840,5,1280,401,0.523,1060,203,420,-157,1700,1568,0.35,0,0,34.8,49.75,49.406,6486,18.56,53.9,0
